ID,Description,GeneRatio,BgRatio,RichFactor,FoldEnrichment,zScore,pvalue,p.adjust,qvalue,geneID,Count
GO:0006954,inflammatory response,14/15,29/483,0.4827586206896552,15.544827586206898,14.448603461838541,3.1645061338602753e-18,2.044270962473738e-15,3.764096769749591e-16,Il6/Cxcl10/Ccl2/Ccl5/Tnf/Nfkbia/Socs3/Icam1/Jun/Stat3/Ptgs2/Cxcl1/Il1b/Tlr2,14
GO:1901701,cellular response to oxygen-containing compound,13/15,33/483,0.3939393939393939,12.684848484848484,12.437125608948397,5.2255961311655564e-15,1.6878675503664747e-12,3.1078545411668836e-13,Il6/Cxcl10/Ccl2/Tnf/Nfkbia/Socs3/Icam1/Jun/Fos/Stat3/Cxcl1/Il1b/Tlr2,13
GO:1901700,response to oxygen-containing compound,14/15,48/483,0.2916666666666667,9.391666666666667,10.95646452302417,1.891236722373772e-14,3.886563293186197e-12,7.156292197002449e-13,Il6/Cxcl10/Ccl2/Tnf/Nfkbia/Socs3/Icam1/Jun/Fos/Stat3/Ptgs2/Cxcl1/Il1b/Tlr2,14
GO:0070887,cellular response to chemical stimulus,15/15,66/483,0.22727272727272727,7.3181818181818175,9.879666434541647,2.4065407388149828e-14,3.886563293186197e-12,7.156292197002449e-13,Il6/Cxcl10/Ccl2/Ccl5/Tnf/Nfkbia/Socs3/Icam1/Jun/Fos/Stat3/Ptgs2/Cxcl1/Il1b/Tlr2,15
GO:0006952,defense response,14/15,61/483,0.22950819672131148,7.390163934426229,9.549198340694113,8.582575403598691e-13,1.1088687421449509e-10,2.0417495170666363e-11,Il6/Cxcl10/Ccl2/Ccl5/Tnf/Nfkbia/Socs3/Icam1/Jun/Stat3/Ptgs2/Cxcl1/Il1b/Tlr2,14
GO:0034097,response to cytokine,13/15,47/483,0.2765957446808511,8.906382978723403,10.20304386620472,1.2097027248042598e-12,1.3024466003725865e-10,2.3981825947873926e-11,Il6/Cxcl10/Ccl2/Ccl5/Tnf/Nfkbia/Socs3/Icam1/Stat3/Ptgs2/Cxcl1/Il1b/Tlr2,13
GO:0050793,regulation of developmental process,14/15,63/483,0.2222222222222222,7.155555555555555,9.370421072349119,1.419062290005012e-12,1.3095917704903396e-10,2.411338928880697e-11,Il6/Cxcl10/Ccl2/Ccl5/Tnf/Nfkbia/Socs3/Icam1/Jun/Fos/Stat3/Ptgs2/Il1b/Tlr2,14
GO:0002684,positive regulation of immune system process,12/15,37/483,0.32432432432432434,10.443243243243243,10.690569257105144,2.4716919621237906e-12,1.9958912594149608e-10,3.675015680526162e-11,Il6/Cxcl10/Ccl2/Ccl5/Tnf/Nfkbia/Icam1/Jun/Fos/Cxcl1/Il1b/Tlr2,12
GO:0002682,regulation of immune system process,13/15,51/483,0.2549019607843137,8.207843137254901,9.734076686736243,4.026296189348958e-12,2.8899859314660297e-10,5.3213037356307866e-11,Il6/Cxcl10/Ccl2/Ccl5/Tnf/Nfkbia/Icam1/Jun/Fos/Stat3/Cxcl1/Il1b/Tlr2,13
GO:0002237,response to molecule of bacterial origin,9/15,15/483,0.6,19.32,12.891231111853676,6.3916951161823035e-12,3.7536682227761526e-10,6.911593761996175e-11,Il6/Cxcl10/Ccl2/Tnf/Nfkbia/Ptgs2/Cxcl1/Il1b/Tlr2,9
GO:0050727,regulation of inflammatory response,9/15,15/483,0.6,19.32,12.891231111853676,6.3916951161823035e-12,3.7536682227761526e-10,6.911593761996175e-11,Il6/Ccl5/Tnf/Nfkbia/Socs3/Stat3/Ptgs2/Il1b/Tlr2,9
GO:0040011,locomotion,11/15,30/483,0.36666666666666664,11.806666666666667,10.930738490265291,8.60227583732493e-12,4.6308918257599213e-10,8.526817277348397e-11,Cxcl10/Ccl2/Ccl5/Tnf/Icam1/Jun/Stat3/Ptgs2/Cxcl1/Il1b/Tlr2,11
GO:0007166,cell surface receptor signaling pathway,14/15,72/483,0.19444444444444445,6.261111111111111,8.655039082131838,1.1117014483568637e-11,5.05199887000062e-10,9.302197691218348e-11,Il6/Cxcl10/Ccl2/Ccl5/Tnf/Nfkbia/Socs3/Icam1/Jun/Fos/Stat3/Cxcl1/Il1b/Tlr2,14
GO:0030154,cell differentiation,15/15,96/483,0.15625,5.03125,7.891618606519782,1.1730647530961191e-11,5.05199887000062e-10,9.302197691218348e-11,Il6/Cxcl10/Ccl2/Ccl5/Tnf/Nfkbia/Socs3/Icam1/Jun/Fos/Stat3/Ptgs2/Cxcl1/Il1b/Tlr2,15
GO:0048869,cellular developmental process,15/15,96/483,0.15625,5.03125,7.891618606519782,1.1730647530961191e-11,5.05199887000062e-10,9.302197691218348e-11,Il6/Cxcl10/Ccl2/Ccl5/Tnf/Nfkbia/Socs3/Icam1/Jun/Fos/Stat3/Ptgs2/Cxcl1/Il1b/Tlr2,15
GO:0071345,cellular response to cytokine stimulus,12/15,42/483,0.2857142857142857,9.2,9.946388647677466,1.4302388707614748e-11,5.774589440699455e-10,1.0632696868160964e-10,Il6/Cxcl10/Ccl2/Ccl5/Tnf/Nfkbia/Socs3/Icam1/Stat3/Cxcl1/Il1b/Tlr2,12
GO:0071310,cellular response to organic substance,13/15,56/483,0.23214285714285715,7.475,9.216500921671743,1.5637637343300666e-11,5.942302190454253e-10,1.094150476651997e-10,Il6/Cxcl10/Ccl2/Ccl5/Tnf/Nfkbia/Socs3/Icam1/Jun/Stat3/Cxcl1/Il1b/Tlr2,13
GO:0045595,regulation of cell differentiation,12/15,43/483,0.27906976744186046,8.986046511627906,9.812641827656888,1.9714970515061245e-11,7.04382856347588e-10,1.296973484883126e-10,Il6/Cxcl10/Ccl5/Tnf/Nfkbia/Socs3/Jun/Fos/Stat3/Ptgs2/Il1b/Tlr2,12
GO:0010033,response to organic substance,14/15,75/483,0.18666666666666668,6.010666666666667,8.443884509167342,2.0717142833752587e-11,7.04382856347588e-10,1.296973484883126e-10,Il6/Cxcl10/Ccl2/Ccl5/Tnf/Nfkbia/Socs3/Icam1/Jun/Stat3/Ptgs2/Cxcl1/Il1b/Tlr2,14
GO:0042221,response to chemical,15/15,102/483,0.14705882352941177,4.735294117647059,7.596413974964417,3.128013908885403e-11,1.0103484925699853e-9,1.8603451142318452e-10,Il6/Cxcl10/Ccl2/Ccl5/Tnf/Nfkbia/Socs3/Icam1/Jun/Fos/Stat3/Ptgs2/Cxcl1/Il1b/Tlr2,15
GO:0006950,response to stress,15/15,103/483,0.14563106796116504,4.689320388349515,7.549521183629213,3.661198097899953e-11,1.1262542720206522e-9,2.0737613286350612e-10,Il6/Cxcl10/Ccl2/Ccl5/Tnf/Nfkbia/Socs3/Icam1/Jun/Fos/Stat3/Ptgs2/Cxcl1/Il1b/Tlr2,15
GO:0050900,leukocyte migration,8/15,12/483,0.6666666666666666,21.466666666666665,12.840250841179014,4.359520548550168e-11,1.2801137610742767e-9,2.35706134921612e-10,Cxcl10/Ccl2/Ccl5/Tnf/Icam1/Cxcl1/Il1b/Tlr2,8
GO:0033993,response to lipid,10/15,25/483,0.4,12.88,10.909376446777678,4.888992101004607e-11,1.3731690857604243e-9,2.528403237590483e-10,Il6/Cxcl10/Ccl2/Tnf/Nfkbia/Stat3/Ptgs2/Cxcl1/Il1b/Tlr2,10
GO:0030335,positive regulation of cell migration,9/15,18/483,0.5,16.1,11.677044775534016,5.996630624506327e-11,1.549529353372435e-9,2.8531337287124843e-10,Cxcl10/Ccl2/Ccl5/Icam1/Jun/Stat3/Ptgs2/Il1b/Tlr2,9
GO:2000147,positive regulation of cell motility,9/15,18/483,0.5,16.1,11.677044775534016,5.996630624506327e-11,1.549529353372435e-9,2.8531337287124843e-10,Cxcl10/Ccl2/Ccl5/Icam1/Jun/Stat3/Ptgs2/Il1b/Tlr2,9
GO:0035556,intracellular signal transduction,13/15,63/483,0.20634920634920634,6.644444444444444,8.592371669229879,8.401881371065004e-11,2.087544371426151e-9,3.8437756879771066e-10,Il6/Ccl2/Ccl5/Tnf/Nfkbia/Socs3/Icam1/Jun/Fos/Stat3/Ptgs2/Il1b/Tlr2,13
GO:0040017,positive regulation of locomotion,9/15,19/483,0.47368421052631576,15.252631578947367,11.335980531241285,1.1261662991820895e-10,2.6343890591447627e-9,4.85067563440375e-10,Cxcl10/Ccl2/Ccl5/Icam1/Jun/Stat3/Ptgs2/Il1b/Tlr2,9
GO:0032101,regulation of response to external stimulus,12/15,49/483,0.24489795918367346,7.885714285714285,9.09386275639845,1.1418404590720333e-10,2.6343890591447627e-9,4.85067563440375e-10,Il6/Cxcl10/Ccl2/Ccl5/Tnf/Nfkbia/Socs3/Stat3/Ptgs2/Cxcl1/Il1b/Tlr2,12
GO:0030334,regulation of cell migration,10/15,27/483,0.37037037037037035,11.925925925925926,10.449702699505643,1.2369462841304206e-10,2.663557665160839e-9,4.904383512517106e-10,Cxcl10/Ccl2/Ccl5/Tnf/Icam1/Jun/Stat3/Ptgs2/Il1b/Tlr2,10
GO:2000145,regulation of cell motility,10/15,27/483,0.37037037037037035,11.925925925925926,10.449702699505643,1.2369462841304206e-10,2.663557665160839e-9,4.904383512517106e-10,Cxcl10/Ccl2/Ccl5/Tnf/Icam1/Jun/Stat3/Ptgs2/Il1b/Tlr2,10
GO:0016477,cell migration,11/15,38/483,0.2894736842105263,9.321052631578947,9.55732344457811,1.775317233428398e-10,3.5839216649835784e-9,6.599041032151611e-10,Cxcl10/Ccl2/Ccl5/Tnf/Icam1/Jun/Stat3/Ptgs2/Cxcl1/Il1b/Tlr2,11
GO:0141124,intracellular signaling cassette,11/15,38/483,0.2894736842105263,9.321052631578947,9.55732344457811,1.775317233428398e-10,3.5839216649835784e-9,6.599041032151611e-10,Il6/Ccl2/Ccl5/Tnf/Nfkbia/Icam1/Jun/Fos/Stat3/Il1b/Tlr2,11
GO:0001775,cell activation,10/15,28/483,0.35714285714285715,11.5,10.237851799447753,1.9050464939439556e-10,3.6195883384935155e-9,6.664713740423127e-10,Il6/Cxcl10/Ccl2/Ccl5/Tnf/Icam1/Jun/Stat3/Il1b/Tlr2,10
GO:0040012,regulation of locomotion,10/15,28/483,0.35714285714285715,11.5,10.237851799447753,1.9050464939439556e-10,3.6195883384935155e-9,6.664713740423127e-10,Cxcl10/Ccl2/Ccl5/Tnf/Icam1/Jun/Stat3/Ptgs2/Il1b/Tlr2,10
GO:0048584,positive regulation of response to stimulus,13/15,67/483,0.19402985074626866,6.2477611940298505,8.27772552491081,2.0007458013685294e-10,3.692805107668771e-9,6.799527084350191e-10,Il6/Cxcl10/Ccl2/Ccl5/Tnf/Nfkbia/Icam1/Jun/Stat3/Ptgs2/Cxcl1/Il1b/Tlr2,13
GO:0048870,cell motility,11/15,39/483,0.28205128205128205,9.082051282051282,9.414746751310018,2.4525167138185893e-10,4.265926474589126e-9,7.85481003142531e-10,Cxcl10/Ccl2/Ccl5/Tnf/Icam1/Jun/Stat3/Ptgs2/Cxcl1/Il1b/Tlr2,11
GO:0032496,response to lipopolysaccharide,8/15,14/483,0.5714285714285714,18.4,11.816070319511356,2.575404528002723e-10,4.265926474589126e-9,7.85481003142531e-10,Il6/Cxcl10/Ccl2/Tnf/Nfkbia/Ptgs2/Cxcl1/Il1b,8
GO:0071216,cellular response to biotic stimulus,8/15,14/483,0.5714285714285714,18.4,11.816070319511356,2.575404528002723e-10,4.265926474589126e-9,7.85481003142531e-10,Il6/Cxcl10/Ccl2/Tnf/Nfkbia/Cxcl1/Il1b/Tlr2,8
GO:0071219,cellular response to molecule of bacterial origin,8/15,14/483,0.5714285714285714,18.4,11.816070319511356,2.575404528002723e-10,4.265926474589126e-9,7.85481003142531e-10,Il6/Cxcl10/Ccl2/Tnf/Nfkbia/Cxcl1/Il1b/Tlr2,8
GO:0045597,positive regulation of cell differentiation,10/15,29/483,0.3448275862068966,11.10344827586207,10.036606956658826,2.878795787599289e-10,4.649255196972852e-9,8.560629578913675e-10,Il6/Ccl5/Tnf/Socs3/Jun/Fos/Stat3/Ptgs2/Il1b/Tlr2,10
GO:0042127,regulation of cell population proliferation,12/15,53/483,0.22641509433962265,7.290566037735849,8.680398335573644,3.218565027730823e-10,4.96254947375201e-9,9.137495364738098e-10,Il6/Cxcl10/Ccl2/Ccl5/Tnf/Nfkbia/Jun/Stat3/Ptgs2/Cxcl1/Il1b/Tlr2,12
GO:0009605,response to external stimulus,14/15,90/483,0.15555555555555556,5.008888888888889,7.54041452052959,3.226425354451771e-10,4.96254947375201e-9,9.137495364738098e-10,Il6/Cxcl10/Ccl2/Ccl5/Tnf/Nfkbia/Socs3/Jun/Fos/Stat3/Ptgs2/Cxcl1/Il1b/Tlr2,14
GO:0001568,blood vessel development,9/15,21/483,0.42857142857142855,13.8,10.726174334347537,3.500525192730559e-10,5.139407442054411e-9,9.463142267429501e-10,Cxcl10/Ccl2/Ccl5/Tnf/Socs3/Jun/Stat3/Ptgs2/Il1b,9
GO:0001944,vasculature development,9/15,21/483,0.42857142857142855,13.8,10.726174334347537,3.500525192730559e-10,5.139407442054411e-9,9.463142267429501e-10,Cxcl10/Ccl2/Ccl5/Tnf/Socs3/Jun/Stat3/Ptgs2/Il1b,9
GO:0032103,positive regulation of response to external stimulus,10/15,30/483,0.3333333333333333,10.733333333333333,9.845082168900262,4.275182302212312e-10,6.003842972237291e-9,1.1054819225400258e-9,Il6/Cxcl10/Ccl2/Ccl5/Tnf/Nfkbia/Ptgs2/Cxcl1/Il1b/Tlr2,10
GO:0071495,cellular response to endogenous stimulus,10/15,30/483,0.3333333333333333,10.733333333333333,9.845082168900262,4.275182302212312e-10,6.003842972237291e-9,1.1054819225400258e-9,Il6/Ccl2/Tnf/Socs3/Icam1/Jun/Fos/Stat3/Il1b/Tlr2,10
GO:0002376,immune system process,13/15,71/483,0.18309859154929578,5.895774647887324,7.988186715769678,4.501234146115591e-10,6.186802677426961e-9,1.139170119845603e-9,Il6/Cxcl10/Ccl2/Ccl5/Tnf/Nfkbia/Icam1/Jun/Fos/Stat3/Cxcl1/Il1b/Tlr2,13
GO:0008284,positive regulation of cell population proliferation,10/15,31/483,0.3225806451612903,10.387096774193548,9.662491987054839,6.248002102107133e-10,8.237161955022873e-9,1.516700832520099e-9,Il6/Cxcl10/Ccl2/Ccl5/Tnf/Jun/Stat3/Ptgs2/Cxcl1/Il1b,10
GO:0051050,positive regulation of transport,10/15,31/483,0.3225806451612903,10.387096774193548,9.662491987054839,6.248002102107133e-10,8.237161955022873e-9,1.516700832520099e-9,Il6/Cxcl10/Ccl2/Ccl5/Tnf/Nfkbia/Ptgs2/Cxcl1/Il1b/Tlr2,10
GO:2000026,regulation of multicellular organismal development,11/15,43/483,0.2558139534883721,8.237209302325581,8.892528062803795,8.143073513254472e-10,1.0520850979124778e-8,1.9371943305215904e-9,Il6/Cxcl10/Ccl2/Ccl5/Tnf/Nfkbia/Jun/Fos/Stat3/Il1b/Tlr2,11
GO:0048583,regulation of response to stimulus,14/15,97/483,0.14432989690721648,4.647422680412371,7.18661750993757,9.818876015406254e-10,1.2437242952847921e-8,2.2900577703630686e-9,Il6/Cxcl10/Ccl2/Ccl5/Tnf/Nfkbia/Socs3/Icam1/Jun/Stat3/Ptgs2/Cxcl1/Il1b/Tlr2,14
GO:0044419,biological process involved in interspecies interaction between organisms,12/15,58/483,0.20689655172413793,6.662068965517241,8.22130781061109,1.0418354222156809e-9,1.2942801591371729e-8,2.383145803853683e-9,Il6/Cxcl10/Ccl2/Ccl5/Tnf/Nfkbia/Icam1/Jun/Ptgs2/Cxcl1/Il1b/Tlr2,12
GO:0008283,cell population proliferation,12/15,59/483,0.2033898305084746,6.549152542372882,8.136094103468936,1.2993960240883012e-9,1.583792135020835e-8,2.916221464190229e-9,Il6/Cxcl10/Ccl2/Ccl5/Tnf/Nfkbia/Jun/Stat3/Ptgs2/Cxcl1/Il1b/Tlr2,12
GO:0080134,regulation of response to stress,11/15,45/483,0.24444444444444444,7.8711111111111105,8.656501232862903,1.4133181603816166e-9,1.690747280752823e-8,3.113156961464379e-9,Il6/Ccl2/Ccl5/Tnf/Nfkbia/Socs3/Stat3/Ptgs2/Cxcl1/Il1b/Tlr2,11
GO:0045321,leukocyte activation,9/15,24/483,0.375,12.075,9.953807444281885,1.5032977047137885e-9,1.7656914859001953e-8,3.2511510168929776e-9,Il6/Ccl2/Ccl5/Tnf/Icam1/Jun/Stat3/Il1b/Tlr2,9
GO:0070374,positive regulation of ERK1 and ERK2 cascade,7/15,11/483,0.6363636363636364,20.490909090909092,11.695092502975543,1.7180302164479459e-9,1.9818705711167376e-8,3.6491995198988326e-9,Il6/Ccl2/Ccl5/Icam1/Jun/Il1b/Tlr2,7
GO:0030097,hemopoiesis,10/15,34/483,0.29411764705882354,9.470588235294118,9.161700298563634,1.7922722143542138e-9,2.0312418429347757e-8,3.740106375291342e-9,Il6/Ccl5/Tnf/Nfkbia/Jun/Fos/Stat3/Cxcl1/Il1b/Tlr2,10
GO:0009653,anatomical structure morphogenesis,12/15,61/483,0.19672131147540983,6.334426229508197,7.971547306469637,1.9959232152573494e-9,2.1931305453979707e-8,4.038190510509544e-9,Il6/Cxcl10/Ccl2/Ccl5/Tnf/Socs3/Icam1/Jun/Stat3/Ptgs2/Il1b/Tlr2,12
GO:0043410,positive regulation of MAPK cascade,8/15,17/483,0.47058823529411764,15.152941176470588,10.624889598926531,2.00301396561115e-9,2.1931305453979707e-8,4.038190510509544e-9,Il6/Ccl2/Ccl5/Tnf/Icam1/Jun/Il1b/Tlr2,8
GO:0009719,response to endogenous stimulus,10/15,35/483,0.2857142857142857,9.2,9.008554072344738,2.48394662916025e-9,2.6743825373958692e-8,4.924315247282601e-9,Il6/Ccl2/Tnf/Socs3/Icam1/Jun/Fos/Stat3/Il1b/Tlr2,10
GO:0007165,signal transduction,15/15,135/483,0.1111111111111111,3.5777777777777775,6.310575395584926,2.758028950943037e-9,2.873688229530971e-8,5.291294931350818e-9,Il6/Cxcl10/Ccl2/Ccl5/Tnf/Nfkbia/Socs3/Icam1/Jun/Fos/Stat3/Ptgs2/Cxcl1/Il1b/Tlr2,15
GO:0048856,anatomical structure development,15/15,135/483,0.1111111111111111,3.5777777777777775,6.310575395584926,2.758028950943037e-9,2.873688229530971e-8,5.291294931350818e-9,Il6/Cxcl10/Ccl2/Ccl5/Tnf/Nfkbia/Socs3/Icam1/Jun/Fos/Stat3/Ptgs2/Cxcl1/Il1b/Tlr2,15
GO:0019221,cytokine-mediated signaling pathway,9/15,26/483,0.34615384615384615,11.146153846153846,9.512096319517806,3.508735691468237e-9,3.5908032064768695e-8,6.6117119493545095e-9,Il6/Cxcl10/Ccl2/Ccl5/Tnf/Nfkbia/Stat3/Cxcl1/Il1b,9
GO:0002252,immune effector process,8/15,18/483,0.4444444444444444,14.31111111111111,10.293671553414093,3.557452093104019e-9,3.5908032064768695e-8,6.6117119493545095e-9,Il6/Ccl2/Tnf/Icam1/Stat3/Cxcl1/Il1b/Tlr2,8
GO:0051049,regulation of transport,11/15,49/483,0.22448979591836735,7.228571428571429,8.225983738152953,3.923261200435935e-9,3.899118054587099e-8,7.179409160311915e-9,Il6/Cxcl10/Ccl2/Ccl5/Tnf/Nfkbia/Icam1/Ptgs2/Cxcl1/Il1b/Tlr2,11
GO:0031347,regulation of defense response,10/15,37/483,0.2702702702702703,8.702702702702704,8.720126612120682,4.618534631585978e-9,4.5205657151583965e-8,8.323674854373453e-9,Il6/Ccl5/Tnf/Nfkbia/Socs3/Stat3/Ptgs2/Cxcl1/Il1b/Tlr2,10
GO:0000165,MAPK cascade,8/15,19/483,0.42105263157894735,13.557894736842105,9.988053747245829,6.0627869754209636e-9,5.516282233974567e-8,1.015707825385573e-8,Il6/Ccl2/Ccl5/Tnf/Icam1/Jun/Il1b/Tlr2,8
GO:0001525,angiogenesis,8/15,19/483,0.42105263157894735,13.557894736842105,9.988053747245829,6.0627869754209636e-9,5.516282233974567e-8,1.015707825385573e-8,Cxcl10/Ccl2/Ccl5/Tnf/Jun/Stat3/Ptgs2/Il1b,8
GO:0002521,leukocyte differentiation,8/15,19/483,0.42105263157894735,13.557894736842105,9.988053747245829,6.0627869754209636e-9,5.516282233974567e-8,1.015707825385573e-8,Il6/Ccl5/Tnf/Jun/Fos/Stat3/Il1b/Tlr2,8
GO:0043408,regulation of MAPK cascade,8/15,19/483,0.42105263157894735,13.557894736842105,9.988053747245829,6.0627869754209636e-9,5.516282233974567e-8,1.015707825385573e-8,Il6/Ccl2/Ccl5/Tnf/Icam1/Jun/Il1b/Tlr2,8
GO:0048514,blood vessel morphogenesis,8/15,19/483,0.42105263157894735,13.557894736842105,9.988053747245829,6.0627869754209636e-9,5.516282233974567e-8,1.015707825385573e-8,Cxcl10/Ccl2/Ccl5/Tnf/Jun/Stat3/Ptgs2/Il1b,8
GO:0007275,multicellular organism development,14/15,110/483,0.12727272727272726,4.098181818181818,6.612947117122424,6.2502826486701885e-9,5.607892487556863e-8,1.0325759346487301e-8,Il6/Cxcl10/Ccl2/Ccl5/Tnf/Nfkbia/Socs3/Icam1/Jun/Fos/Stat3/Ptgs2/Il1b/Tlr2,14
GO:0032502,developmental process,15/15,143/483,0.1048951048951049,3.377622377622378,6.060628474048567,6.85421095362658e-9,6.065507227455851e-8,1.1168361034748429e-8,Il6/Cxcl10/Ccl2/Ccl5/Tnf/Nfkbia/Socs3/Icam1/Jun/Fos/Stat3/Ptgs2/Cxcl1/Il1b/Tlr2,15
GO:0006955,immune response,11/15,52/483,0.21153846153846154,6.811538461538461,7.934149422599578,7.930611281644723e-9,6.830899850589989e-8,1.2577671225626019e-8,Il6/Cxcl10/Ccl2/Ccl5/Tnf/Nfkbia/Icam1/Stat3/Cxcl1/Il1b/Tlr2,11
GO:0051240,positive regulation of multicellular organismal process,11/15,52/483,0.21153846153846154,6.811538461538461,7.934149422599578,7.930611281644723e-9,6.830899850589989e-8,1.2577671225626019e-8,Il6/Ccl2/Ccl5/Tnf/Icam1/Jun/Fos/Stat3/Ptgs2/Il1b/Tlr2,11
GO:0051239,regulation of multicellular organismal process,13/15,88/483,0.14772727272727273,4.756818181818182,6.9696214036632576,8.60863170794944e-9,7.090482781709324e-8,1.3055638819181255e-8,Il6/Cxcl10/Ccl2/Ccl5/Tnf/Nfkbia/Icam1/Jun/Fos/Stat3/Ptgs2/Il1b/Tlr2,13
GO:0002526,acute inflammatory response,7/15,13/483,0.5384615384615384,17.338461538461537,10.680218294707796,8.671023835217285e-9,7.090482781709324e-8,1.3055638819181255e-8,Il6/Ccl5/Tnf/Icam1/Stat3/Ptgs2/Il1b,7
GO:0071222,cellular response to lipopolysaccharide,7/15,13/483,0.5384615384615384,17.338461538461537,10.680218294707796,8.671023835217285e-9,7.090482781709324e-8,1.3055638819181255e-8,Il6/Cxcl10/Ccl2/Tnf/Nfkbia/Cxcl1/Il1b,7
GO:0071417,cellular response to organonitrogen compound,7/15,13/483,0.5384615384615384,17.338461538461537,10.680218294707796,8.671023835217285e-9,7.090482781709324e-8,1.3055638819181255e-8,Tnf/Socs3/Icam1/Jun/Stat3/Il1b/Tlr2,7
GO:0023052,signaling,15/15,147/483,0.10204081632653061,3.2857142857142856,5.942335846395364,1.0592046094791741e-8,8.55307722154433e-8,1.5748700114624563e-8,Il6/Cxcl10/Ccl2/Ccl5/Tnf/Nfkbia/Socs3/Icam1/Jun/Fos/Stat3/Ptgs2/Cxcl1/Il1b/Tlr2,15
GO:0060284,regulation of cell development,9/15,29/483,0.3103448275862069,9.993103448275862,8.933607830363895,1.0853870872665088e-8,8.656297016964996e-8,1.5938757746733655e-8,Il6/Ccl5/Tnf/Nfkbia/Jun/Fos/Stat3/Il1b/Tlr2,9
GO:0048522,positive regulation of cellular process,15/15,148/483,0.10135135135135136,3.263513513513514,5.913406957362382,1.1786637759617875e-8,9.285570722820912e-8,1.709743346388729e-8,Il6/Cxcl10/Ccl2/Ccl5/Tnf/Nfkbia/Socs3/Icam1/Jun/Fos/Stat3/Ptgs2/Cxcl1/Il1b/Tlr2,15
GO:0007154,cell communication,15/15,149/483,0.10067114093959731,3.241610738255033,5.88472701542896,1.3106037508828856e-8,1.0200602687594508e-7,1.878227315786507e-8,Il6/Cxcl10/Ccl2/Ccl5/Tnf/Nfkbia/Socs3/Icam1/Jun/Fos/Stat3/Ptgs2/Cxcl1/Il1b/Tlr2,15
GO:0051094,positive regulation of developmental process,10/15,41/483,0.24390243902439024,7.853658536585366,8.204450119476608,1.4270636925886435e-8,1.0974799350145997e-7,2.0207794143172522e-8,Il6/Ccl5/Tnf/Socs3/Jun/Fos/Stat3/Ptgs2/Il1b/Tlr2,10
GO:0022603,regulation of anatomical structure morphogenesis,8/15,21/483,0.38095238095238093,12.266666666666667,9.44126803387882,1.588952108877441e-8,1.2076036027468552e-7,2.2235490811535707e-8,Il6/Cxcl10/Ccl2/Ccl5/Tnf/Icam1/Stat3/Il1b,8
GO:0030099,myeloid cell differentiation,7/15,14/483,0.5,16.1,10.25417596693227,1.7084507217634245e-8,1.254158143476332e-7,2.3092695162591742e-8,Ccl5/Tnf/Nfkbia/Jun/Fos/Stat3/Tlr2,7
GO:0070371,ERK1 and ERK2 cascade,7/15,14/483,0.5,16.1,10.25417596693227,1.7084507217634245e-8,1.254158143476332e-7,2.3092695162591742e-8,Il6/Ccl2/Ccl5/Icam1/Jun/Il1b/Tlr2,7
GO:0070372,regulation of ERK1 and ERK2 cascade,7/15,14/483,0.5,16.1,10.25417596693227,1.7084507217634245e-8,1.254158143476332e-7,2.3092695162591742e-8,Il6/Ccl2/Ccl5/Icam1/Jun/Il1b/Tlr2,7
GO:0048731,system development,13/15,93/483,0.13978494623655913,4.501075268817204,6.719807629800259,1.818153857107405e-8,1.3196936985296445e-7,2.4299395133428354e-8,Il6/Cxcl10/Ccl2/Ccl5/Tnf/Socs3/Icam1/Jun/Fos/Stat3/Ptgs2/Il1b/Tlr2,13
GO:0009966,regulation of signal transduction,12/15,73/483,0.1643835616438356,5.293150684931506,7.1201944761447065,1.9462322150490374e-8,1.3969622343574202e-7,2.5722133368484352e-8,Il6/Ccl2/Ccl5/Tnf/Nfkbia/Socs3/Icam1/Jun/Stat3/Ptgs2/Il1b/Tlr2,12
GO:0009617,response to bacterium,9/15,31/483,0.2903225806451613,9.348387096774195,8.593309024913376,2.1334924427742514e-8,1.4819743204646952e-7,2.7287452861741985e-8,Il6/Cxcl10/Ccl2/Tnf/Nfkbia/Ptgs2/Cxcl1/Il1b/Tlr2,9
GO:0019220,regulation of phosphate metabolic process,9/15,31/483,0.2903225806451613,9.348387096774195,8.593309024913376,2.1334924427742514e-8,1.4819743204646952e-7,2.7287452861741985e-8,Il6/Ccl5/Tnf/Socs3/Icam1/Jun/Stat3/Ptgs2/Il1b,9
GO:0051174,regulation of phosphorus metabolic process,9/15,31/483,0.2903225806451613,9.348387096774195,8.593309024913376,2.1334924427742514e-8,1.4819743204646952e-7,2.7287452861741985e-8,Il6/Ccl5/Tnf/Socs3/Icam1/Jun/Stat3/Ptgs2/Il1b,9
GO:0001819,positive regulation of cytokine production,8/15,22/483,0.36363636363636365,11.70909090909091,9.195168777256626,2.4634676560788117e-8,1.692978835986077e-7,3.117265902988866e-8,Il6/Ccl2/Ccl5/Tnf/Stat3/Ptgs2/Il1b/Tlr2,8
GO:0048518,positive regulation of biological process,15/15,156/483,0.09615384615384616,3.0961538461538463,5.690596589668879,2.6990900239370096e-8,1.8353812162771664e-7,3.379470057671824e-8,Il6/Cxcl10/Ccl2/Ccl5/Tnf/Nfkbia/Socs3/Icam1/Jun/Fos/Stat3/Ptgs2/Cxcl1/Il1b/Tlr2,15
GO:0031325,positive regulation of cellular metabolic process,13/15,96/483,0.13541666666666666,4.360416666666667,6.578388016700986,2.787662909514852e-8,1.875864832861036e-7,3.454012157622569e-8,Il6/Ccl2/Ccl5/Tnf/Nfkbia/Icam1/Jun/Fos/Stat3/Ptgs2/Cxcl1/Il1b/Tlr2,13
GO:0032879,regulation of localization,11/15,58/483,0.1896551724137931,6.106896551724137,7.415199066696117,2.840764937118137e-8,1.891890875647749e-7,3.4835207584845304e-8,Il6/Cxcl10/Ccl2/Ccl5/Tnf/Nfkbia/Icam1/Ptgs2/Cxcl1/Il1b/Tlr2,11
GO:0048646,anatomical structure formation involved in morphogenesis,9/15,32/483,0.28125,9.05625,8.43462686893493,2.9331311365908422e-8,1.9139421355936203e-7,3.524123534659917e-8,Cxcl10/Ccl2/Ccl5/Tnf/Jun/Stat3/Ptgs2/Il1b/Tlr2,9
GO:0072359,circulatory system development,9/15,32/483,0.28125,9.05625,8.43462686893493,2.9331311365908422e-8,1.9139421355936203e-7,3.524123534659917e-8,Cxcl10/Ccl2/Ccl5/Tnf/Socs3/Jun/Stat3/Ptgs2/Il1b,9
GO:0016310,phosphorylation,10/15,44/483,0.22727272727272727,7.3181818181818175,7.861988779454646,3.0626252043052594e-8,1.958867209882374e-7,3.606843648634646e-8,Il6/Ccl5/Tnf/Socs3/Icam1/Jun/Stat3/Ptgs2/Il1b/Tlr2,10
GO:1902531,regulation of intracellular signal transduction,10/15,44/483,0.22727272727272727,7.3181818181818175,7.861988779454646,3.0626252043052594e-8,1.958867209882374e-7,3.606843648634646e-8,Il6/Ccl2/Ccl5/Tnf/Nfkbia/Icam1/Jun/Ptgs2/Il1b/Tlr2,10
GO:1901699,cellular response to nitrogen compound,7/15,15/483,0.4666666666666667,15.026666666666667,9.870142015771519,3.155695437917984e-8,1.9792031581505025e-7,3.644288037656946e-8,Tnf/Socs3/Icam1/Jun/Stat3/Il1b/Tlr2,7
GO:1903706,regulation of hemopoiesis,7/15,15/483,0.4666666666666667,15.026666666666667,9.870142015771519,3.155695437917984e-8,1.9792031581505025e-7,3.644288037656946e-8,Il6/Ccl5/Tnf/Nfkbia/Jun/Fos/Stat3,7
GO:0031349,positive regulation of defense response,8/15,23/483,0.34782608695652173,11.2,8.964609906138179,3.726614624328588e-8,2.314801007034873e-7,4.262221179647069e-8,Il6/Ccl5/Tnf/Nfkbia/Ptgs2/Cxcl1/Il1b/Tlr2,8
GO:0009891,positive regulation of biosynthetic process,12/15,79/483,0.1518987341772152,4.891139240506329,6.763100748587841,5.2065170034393685e-8,3.1730282870017284e-7,5.8424669452695984e-8,Il6/Ccl2/Ccl5/Tnf/Nfkbia/Icam1/Jun/Fos/Stat3/Ptgs2/Il1b/Tlr2,12
GO:0031328,positive regulation of cellular biosynthetic process,12/15,79/483,0.1518987341772152,4.891139240506329,6.763100748587841,5.2065170034393685e-8,3.1730282870017284e-7,5.8424669452695984e-8,Il6/Ccl2/Ccl5/Tnf/Nfkbia/Icam1/Jun/Fos/Stat3/Ptgs2/Il1b/Tlr2,12
GO:0009893,positive regulation of metabolic process,13/15,101/483,0.12871287128712872,4.144554455445545,6.355274997128066,5.503926564420426e-8,3.238666413738316e-7,5.963325806622612e-8,Il6/Ccl2/Ccl5/Tnf/Nfkbia/Icam1/Jun/Fos/Stat3/Ptgs2/Cxcl1/Il1b/Tlr2,13
GO:0010243,response to organonitrogen compound,8/15,24/483,0.3333333333333333,10.733333333333333,8.74796621137791,5.5147570512571937e-8,3.238666413738316e-7,5.963325806622612e-8,Tnf/Nfkbia/Socs3/Icam1/Jun/Stat3/Il1b/Tlr2,8
GO:0035239,tube morphogenesis,8/15,24/483,0.3333333333333333,10.733333333333333,8.74796621137791,5.5147570512571937e-8,3.238666413738316e-7,5.963325806622612e-8,Cxcl10/Ccl2/Ccl5/Tnf/Jun/Stat3/Ptgs2/Il1b,8
GO:0060429,epithelium development,8/15,24/483,0.3333333333333333,10.733333333333333,8.74796621137791,5.5147570512571937e-8,3.238666413738316e-7,5.963325806622612e-8,Il6/Cxcl10/Tnf/Socs3/Icam1/Jun/Ptgs2/Il1b,8
GO:0002685,regulation of leukocyte migration,6/15,10/483,0.6,19.32,10.469865945409095,5.7600184521699674e-8,3.3522269550466656e-7,6.17242375623714e-8,Cxcl10/Ccl2/Ccl5/Icam1/Il1b/Tlr2,6
GO:0051716,cellular response to stimulus,15/15,165/483,0.09090909090909091,2.9272727272727277,5.45654586472915,6.510033059417555e-8,3.7548940681997686e-7,6.913850899569395e-8,Il6/Cxcl10/Ccl2/Ccl5/Tnf/Nfkbia/Socs3/Icam1/Jun/Fos/Stat3/Ptgs2/Cxcl1/Il1b/Tlr2,15
GO:0045184,establishment of protein localization,9/15,35/483,0.2571428571428571,8.28,7.997838249593865,7.123017612638823e-8,4.072096794482017e-7,7.49791327646192e-8,Il6/Ccl2/Ccl5/Tnf/Nfkbia/Stat3/Ptgs2/Il1b/Tlr2,9
GO:0015031,protein transport,8/15,25/483,0.32,10.304,8.543841621281103,8.000694389117195e-8,4.494303109017138e-7,8.275317766318014e-8,Il6/Ccl5/Tnf/Nfkbia/Stat3/Ptgs2/Il1b/Tlr2,8
GO:0051093,negative regulation of developmental process,8/15,25/483,0.32,10.304,8.543841621281103,8.000694389117195e-8,4.494303109017138e-7,8.275317766318014e-8,Il6/Cxcl10/Ccl2/Tnf/Nfkbia/Stat3/Il1b/Tlr2,8
GO:0002443,leukocyte mediated immunity,7/15,17/483,0.4117647058823529,13.258823529411764,9.202938455595548,9.254903489207039e-8,5.066667503413344e-7,9.329206907050807e-8,Il6/Ccl2/Tnf/Icam1/Cxcl1/Il1b/Tlr2,7
GO:0010720,positive regulation of cell development,7/15,17/483,0.4117647058823529,13.258823529411764,9.202938455595548,9.254903489207039e-8,5.066667503413344e-7,9.329206907050807e-8,Il6/Ccl5/Tnf/Jun/Fos/Il1b/Tlr2,7
GO:0070201,regulation of establishment of protein localization,7/15,17/483,0.4117647058823529,13.258823529411764,9.202938455595548,9.254903489207039e-8,5.066667503413344e-7,9.329206907050807e-8,Il6/Ccl2/Ccl5/Tnf/Ptgs2/Il1b/Tlr2,7
GO:0001932,regulation of protein phosphorylation,8/15,26/483,0.3076923076923077,9.907692307692308,8.35102921759031,1.1400614753548458e-7,6.188905151926306e-7,1.13955724648472e-7,Il6/Ccl5/Tnf/Socs3/Icam1/Jun/Ptgs2/Il1b,8
GO:0002699,positive regulation of immune effector process,6/15,11/483,0.5454545454545454,17.563636363636363,9.93864670728612,1.246587696880011e-7,6.600784034299074e-7,1.2153961151634274e-7,Il6/Ccl2/Tnf/Cxcl1/Il1b/Tlr2,6
GO:0002703,regulation of leukocyte mediated immunity,6/15,11/483,0.5454545454545454,17.563636363636363,9.93864670728612,1.246587696880011e-7,6.600784034299074e-7,1.2153961151634274e-7,Il6/Ccl2/Tnf/Cxcl1/Il1b/Tlr2,6
GO:1903039,positive regulation of leukocyte cell-cell adhesion,6/15,11/483,0.5454545454545454,17.563636363636363,9.93864670728612,1.246587696880011e-7,6.600784034299074e-7,1.2153961151634274e-7,Il6/Ccl2/Ccl5/Tnf/Icam1/Il1b,6
GO:0071396,cellular response to lipid,7/15,18/483,0.3888888888888889,12.522222222222222,8.910298331294168,1.4918004212777657e-7,7.834984326385664e-7,1.4426482465073814e-7,Il6/Cxcl10/Ccl2/Tnf/Nfkbia/Cxcl1/Il1b,7
GO:0035295,tube development,8/15,27/483,0.2962962962962963,9.540740740740741,8.168479466122038,1.5981873335126945e-7,8.193881090866672e-7,1.5087315679777315e-7,Cxcl10/Ccl2/Ccl5/Tnf/Jun/Stat3/Ptgs2/Il1b,8
GO:0042325,regulation of phosphorylation,8/15,27/483,0.2962962962962963,9.540740740740741,8.168479466122038,1.5981873335126945e-7,8.193881090866672e-7,1.5087315679777315e-7,Il6/Ccl5/Tnf/Socs3/Icam1/Jun/Ptgs2/Il1b,8
GO:1901698,response to nitrogen compound,8/15,27/483,0.2962962962962963,9.540740740740741,8.168479466122038,1.5981873335126945e-7,8.193881090866672e-7,1.5087315679777315e-7,Tnf/Nfkbia/Socs3/Icam1/Jun/Stat3/Il1b/Tlr2,8
GO:0023051,regulation of signaling,12/15,87/483,0.13793103448275862,4.441379310344828,6.340022495624379,1.7074118392048884e-7,8.684945260837463e-7,1.5991507486958342e-7,Il6/Ccl2/Ccl5/Tnf/Nfkbia/Socs3/Icam1/Jun/Stat3/Ptgs2/Il1b/Tlr2,12
GO:0010646,regulation of cell communication,12/15,88/483,0.13636363636363635,4.390909090909091,6.290789554909607,1.963410605856271e-7,9.909087901430868e-7,1.824550974192094e-7,Il6/Ccl2/Ccl5/Tnf/Nfkbia/Socs3/Icam1/Jun/Stat3/Ptgs2/Il1b/Tlr2,12
GO:0048468,cell development,11/15,70/483,0.15714285714285714,5.06,6.569710763948971,2.4330928839057847e-7,1.2090600023101053e-6,2.2262307358814063e-7,Il6/Ccl5/Tnf/Nfkbia/Icam1/Jun/Fos/Stat3/Cxcl1/Il1b/Tlr2,11
GO:0051173,positive regulation of nitrogen compound metabolic process,11/15,70/483,0.15714285714285714,5.06,6.569710763948971,2.4330928839057847e-7,1.2090600023101053e-6,2.2262307358814063e-7,Il6/Ccl5/Tnf/Nfkbia/Icam1/Jun/Fos/Stat3/Ptgs2/Il1b/Tlr2,11
GO:0022409,positive regulation of cell-cell adhesion,6/15,12/483,0.5,16.1,9.473344675983865,2.4525530014420753e-7,1.2094268999477715e-6,2.22690630102816e-7,Il6/Ccl2/Ccl5/Tnf/Icam1/Il1b,6
GO:0009607,response to biotic stimulus,10/15,54/483,0.18518518518518517,5.962962962962963,6.920787110009999,2.661999445085124e-7,1.2738160307592519e-6,2.3454653980087255e-7,Il6/Cxcl10/Ccl2/Ccl5/Tnf/Nfkbia/Ptgs2/Cxcl1/Il1b/Tlr2,10
GO:0023056,positive regulation of signaling,10/15,54/483,0.18518518518518517,5.962962962962963,6.920787110009999,2.661999445085124e-7,1.2738160307592519e-6,2.3454653980087255e-7,Il6/Ccl2/Ccl5/Tnf/Icam1/Jun/Stat3/Ptgs2/Il1b/Tlr2,10
GO:0043207,response to external biotic stimulus,10/15,54/483,0.18518518518518517,5.962962962962963,6.920787110009999,2.661999445085124e-7,1.2738160307592519e-6,2.3454653980087255e-7,Il6/Cxcl10/Ccl2/Ccl5/Tnf/Nfkbia/Ptgs2/Cxcl1/Il1b/Tlr2,10
GO:0051707,response to other organism,10/15,54/483,0.18518518518518517,5.962962962962963,6.920787110009999,2.661999445085124e-7,1.2738160307592519e-6,2.3454653980087255e-7,Il6/Cxcl10/Ccl2/Ccl5/Tnf/Nfkbia/Ptgs2/Cxcl1/Il1b/Tlr2,10
GO:0006468,protein phosphorylation,9/15,41/483,0.21951219512195122,7.068292682926829,7.264296048846191,3.2872595190845245e-7,1.5614482715651491e-6,2.8750799199423476e-7,Il6/Ccl5/Tnf/Socs3/Icam1/Jun/Ptgs2/Il1b/Tlr2,9
GO:0010604,positive regulation of macromolecule metabolic process,12/15,92/483,0.13043478260869565,4.2,6.101009979934794,3.3737846055998396e-7,1.590850259282844e-6,2.9292175215734294e-7,Il6/Ccl2/Ccl5/Tnf/Nfkbia/Icam1/Jun/Fos/Stat3/Ptgs2/Il1b/Tlr2,12
GO:0031323,regulation of cellular metabolic process,14/15,146/483,0.0958904109589041,3.0876712328767124,5.400945643469755,3.7374791220193675e-7,1.749573560017762e-6,3.2214732325567397e-7,Il6/Ccl2/Ccl5/Tnf/Nfkbia/Socs3/Icam1/Jun/Fos/Stat3/Ptgs2/Cxcl1/Il1b/Tlr2,14
GO:0010647,positive regulation of cell communication,10/15,56/483,0.17857142857142858,5.75,6.761139672268847,3.878335277146821e-7,1.7895747064548903e-6,3.2951269647939156e-7,Il6/Ccl2/Ccl5/Tnf/Icam1/Jun/Stat3/Ptgs2/Il1b/Tlr2,10
GO:0051246,regulation of protein metabolic process,10/15,56/483,0.17857142857142858,5.75,6.761139672268847,3.878335277146821e-7,1.7895747064548903e-6,3.2951269647939156e-7,Il6/Ccl5/Tnf/Nfkbia/Socs3/Icam1/Jun/Stat3/Ptgs2/Il1b,10
GO:0140546,defense response to symbiont,9/15,42/483,0.21428571428571427,6.9,7.156547929426469,4.133223221258927e-7,1.8936611354136643e-6,3.4867803210321666e-7,Il6/Cxcl10/Ccl2/Ccl5/Tnf/Nfkbia/Cxcl1/Il1b/Tlr2,9
GO:0002697,regulation of immune effector process,6/15,13/483,0.46153846153846156,14.861538461538462,9.061089155867915,4.4804182269477017e-7,1.9824316264439834e-6,3.650232585761285e-7,Il6/Ccl2/Tnf/Cxcl1/Il1b/Tlr2,6
GO:0045765,regulation of angiogenesis,6/15,13/483,0.46153846153846156,14.861538461538462,9.061089155867915,4.4804182269477017e-7,1.9824316264439834e-6,3.650232585761285e-7,Cxcl10/Ccl2/Ccl5/Tnf/Stat3/Il1b,6
GO:0050678,regulation of epithelial cell proliferation,6/15,13/483,0.46153846153846156,14.861538461538462,9.061089155867915,4.4804182269477017e-7,1.9824316264439834e-6,3.650232585761285e-7,Il6/Ccl2/Ccl5/Tnf/Jun/Stat3,6
GO:1901342,regulation of vasculature development,6/15,13/483,0.46153846153846156,14.861538461538462,9.061089155867915,4.4804182269477017e-7,1.9824316264439834e-6,3.650232585761285e-7,Cxcl10/Ccl2/Ccl5/Tnf/Stat3/Il1b,6
GO:1901652,response to peptide,6/15,13/483,0.46153846153846156,14.861538461538462,9.061089155867915,4.4804182269477017e-7,1.9824316264439834e-6,3.650232585761285e-7,Tnf/Nfkbia/Socs3/Icam1/Stat3/Il1b,6
GO:0009888,tissue development,9/15,43/483,0.20930232558139536,6.739534883720931,7.052300533097611,5.164019328950409e-7,2.269358154082969e-6,4.1785476847217776e-7,Il6/Cxcl10/Tnf/Socs3/Icam1/Jun/Fos/Ptgs2/Il1b,9
GO:0001816,cytokine production,8/15,31/483,0.25806451612903225,8.309677419354838,7.524126062771914,5.37673052435028e-7,2.3311194085438126e-6,4.2922680978564583e-7,Il6/Ccl2/Ccl5/Tnf/Stat3/Ptgs2/Il1b/Tlr2,8
GO:0001817,regulation of cytokine production,8/15,31/483,0.25806451612903225,8.309677419354838,7.524126062771914,5.37673052435028e-7,2.3311194085438126e-6,4.2922680978564583e-7,Il6/Ccl2/Ccl5/Tnf/Stat3/Ptgs2/Il1b/Tlr2,8
GO:0006810,transport,12/15,96/483,0.125,4.025,5.921772721791588,5.648109324853918e-7,2.4324524159037544e-6,4.4788516049718795e-7,Il6/Cxcl10/Ccl2/Ccl5/Tnf/Nfkbia/Icam1/Stat3/Ptgs2/Cxcl1/Il1b/Tlr2,12
GO:0010557,positive regulation of macromolecule biosynthetic process,11/15,76/483,0.14473684210526316,4.660526315789474,6.217264544917136,6.107455456744579e-7,2.612858427190065e-6,4.81103148561964e-7,Il6/Ccl2/Ccl5/Tnf/Nfkbia/Jun/Fos/Stat3/Ptgs2/Il1b/Tlr2,11
GO:0048585,negative regulation of response to stimulus,9/15,44/483,0.20454545454545456,6.586363636363637,6.951355546726446,6.41315679399839e-7,2.7077773130215425e-6,4.985804731488256e-7,Il6/Ccl5/Tnf/Nfkbia/Socs3/Icam1/Stat3/Ptgs2/Il1b,9
GO:0098542,defense response to other organism,9/15,44/483,0.20454545454545456,6.586363636363637,6.951355546726446,6.41315679399839e-7,2.7077773130215425e-6,4.985804731488256e-7,Il6/Cxcl10/Ccl2/Ccl5/Tnf/Nfkbia/Cxcl1/Il1b/Tlr2,9
GO:0045944,positive regulation of transcription by RNA polymerase II,8/15,32/483,0.25,8.05,7.381116453187434,7.071202994580649e-7,2.9662319055188954e-6,5.461694725821007e-7,Il6/Tnf/Nfkbia/Jun/Fos/Stat3/Il1b/Tlr2,8
GO:0033002,muscle cell proliferation,6/15,14/483,0.42857142857142855,13.8,8.692281614353181,7.712598093026219e-7,3.1938066462147038e-6,5.880725941376267e-7,Il6/Ccl5/Tnf/Jun/Stat3/Ptgs2,6
GO:0051223,regulation of protein transport,6/15,14/483,0.42857142857142855,13.8,8.692281614353181,7.712598093026219e-7,3.1938066462147038e-6,5.880725941376267e-7,Il6/Ccl5/Tnf/Ptgs2/Il1b/Tlr2,6
GO:0019222,regulation of metabolic process,14/15,155/483,0.09032258064516129,2.9083870967741934,5.156340885594285,8.756470904580289e-7,3.6029810218846286e-6,6.634134845575412e-7,Il6/Ccl2/Ccl5/Tnf/Nfkbia/Socs3/Icam1/Jun/Fos/Stat3/Ptgs2/Cxcl1/Il1b/Tlr2,14
GO:1902533,positive regulation of intracellular signal transduction,8/15,33/483,0.24242424242424243,7.806060606060607,7.244238619734985,9.206463735780997e-7,3.7641617552623564e-6,6.930915404019005e-7,Il6/Ccl2/Ccl5/Tnf/Icam1/Jun/Il1b/Tlr2,8
GO:0007167,enzyme-linked receptor protein signaling pathway,7/15,23/483,0.30434782608695654,9.8,7.734173252354506,1.065448041727242e-6,4.275027546309306e-6,7.871567748622317e-7,Ccl2/Tnf/Socs3/Jun/Fos/Stat3/Il1b,7
GO:0010562,positive regulation of phosphorus metabolic process,7/15,23/483,0.30434782608695654,9.8,7.734173252354506,1.065448041727242e-6,4.275027546309306e-6,7.871567748622317e-7,Il6/Ccl5/Tnf/Icam1/Stat3/Ptgs2/Il1b,7
GO:0045937,positive regulation of phosphate metabolic process,7/15,23/483,0.30434782608695654,9.8,7.734173252354506,1.065448041727242e-6,4.275027546309306e-6,7.871567748622317e-7,Il6/Ccl5/Tnf/Icam1/Stat3/Ptgs2/Il1b,7
GO:0006793,phosphorus metabolic process,10/15,62/483,0.16129032258064516,5.193548387096774,6.32532256207259,1.0988598544619167e-6,4.328435768185355e-6,7.969907801938163e-7,Il6/Ccl5/Tnf/Socs3/Icam1/Jun/Stat3/Ptgs2/Il1b/Tlr2,10
GO:0006796,phosphate-containing compound metabolic process,10/15,62/483,0.16129032258064516,5.193548387096774,6.32532256207259,1.0988598544619167e-6,4.328435768185355e-6,7.969907801938163e-7,Il6/Ccl5/Tnf/Socs3/Icam1/Jun/Stat3/Ptgs2/Il1b/Tlr2,10
GO:0065009,regulation of molecular function,10/15,62/483,0.16129032258064516,5.193548387096774,6.32532256207259,1.0988598544619167e-6,4.328435768185355e-6,7.969907801938163e-7,Il6/Ccl2/Ccl5/Tnf/Nfkbia/Jun/Stat3/Ptgs2/Il1b/Tlr2,10
GO:0071705,nitrogen compound transport,8/15,34/483,0.23529411764705882,7.576470588235294,7.113042315134822,1.187444465677301e-6,4.623957798867721e-6,8.514049719277373e-7,Il6/Ccl5/Tnf/Nfkbia/Stat3/Ptgs2/Il1b/Tlr2,8
GO:0009967,positive regulation of signal transduction,9/15,47/483,0.19148936170212766,6.16595744680851,6.666574409888337,1.188199682061984e-6,4.623957798867721e-6,8.514049719277373e-7,Il6/Ccl2/Ccl5/Tnf/Icam1/Jun/Stat3/Il1b/Tlr2,9
GO:0045785,positive regulation of cell adhesion,6/15,15/483,0.4,12.88,8.35959746773044,1.2643950459182526e-6,4.833131358953794e-6,8.899199015182967e-7,Il6/Ccl2/Ccl5/Tnf/Icam1/Il1b,6
GO:0050673,epithelial cell proliferation,6/15,15/483,0.4,12.88,8.35959746773044,1.2643950459182526e-6,4.833131358953794e-6,8.899199015182967e-7,Il6/Ccl2/Ccl5/Tnf/Jun/Stat3,6
GO:1903037,regulation of leukocyte cell-cell adhesion,6/15,15/483,0.4,12.88,8.35959746773044,1.2643950459182526e-6,4.833131358953794e-6,8.899199015182967e-7,Il6/Ccl2/Ccl5/Tnf/Icam1/Il1b,6
GO:0008285,negative regulation of cell population proliferation,7/15,24/483,0.2916666666666667,9.391666666666667,7.542124978473934,1.4814541181097477e-6,5.59660444619238e-6,1.030497478278864e-6,Il6/Tnf/Jun/Stat3/Ptgs2/Il1b/Tlr2,7
GO:0043068,positive regulation of programmed cell death,7/15,24/483,0.2916666666666667,9.391666666666667,7.542124978473934,1.4814541181097477e-6,5.59660444619238e-6,1.030497478278864e-6,Il6/Ccl5/Tnf/Jun/Ptgs2/Cxcl1/Il1b,7
GO:0009968,negative regulation of signal transduction,8/15,35/483,0.22857142857142856,7.359999999999999,6.987122426842992,1.5181746255442459e-6,5.6364414258711655e-6,1.0378326236327875e-6,Il6/Ccl5/Tnf/Nfkbia/Socs3/Icam1/Ptgs2/Il1b,8
GO:0031399,regulation of protein modification process,8/15,35/483,0.22857142857142856,7.359999999999999,6.987122426842992,1.5181746255442459e-6,5.6364414258711655e-6,1.0378326236327875e-6,Il6/Ccl5/Tnf/Socs3/Icam1/Jun/Ptgs2/Il1b,8
GO:0051247,positive regulation of protein metabolic process,8/15,35/483,0.22857142857142856,7.359999999999999,6.987122426842992,1.5181746255442459e-6,5.6364414258711655e-6,1.0378326236327875e-6,Il6/Ccl5/Tnf/Nfkbia/Icam1/Stat3/Ptgs2/Il1b,8
GO:0043067,regulation of programmed cell death,9/15,49/483,0.1836734693877551,5.914285714285715,6.490225701661964,1.747870168943418e-6,6.452137880785417e-6,1.1880260396427443e-6,Il6/Cxcl10/Ccl5/Tnf/Icam1/Jun/Ptgs2/Cxcl1/Il1b,9
GO:0050896,response to stimulus,15/15,204/483,0.07352941176470588,2.3676470588235294,4.596563244986234,1.7848022973421168e-6,6.551035705017088e-6,1.2062360023903061e-6,Il6/Cxcl10/Ccl2/Ccl5/Tnf/Nfkbia/Socs3/Icam1/Jun/Fos/Stat3/Ptgs2/Cxcl1/Il1b/Tlr2,15
GO:0023057,negative regulation of signaling,8/15,36/483,0.2222222222222222,7.155555555555555,6.866113309986238,1.9251277519430005e-6,7.026172473193097e-6,1.2937224856946718e-6,Il6/Ccl5/Tnf/Nfkbia/Socs3/Icam1/Ptgs2/Il1b,8
GO:0007159,leukocyte cell-cell adhesion,6/15,16/483,0.375,12.075,8.057336620750343,1.9898728459393247e-6,7.141432547093354e-6,1.3149452139832965e-6,Il6/Ccl2/Ccl5/Tnf/Icam1/Il1b,6
GO:0022407,regulation of cell-cell adhesion,6/15,16/483,0.375,12.075,8.057336620750343,1.9898728459393247e-6,7.141432547093354e-6,1.3149452139832965e-6,Il6/Ccl2/Ccl5/Tnf/Icam1/Il1b,6
GO:0051051,negative regulation of transport,6/15,16/483,0.375,12.075,8.057336620750343,1.9898728459393247e-6,7.141432547093354e-6,1.3149452139832965e-6,Il6/Tnf/Icam1/Ptgs2/Il1b/Tlr2,6
GO:0051234,establishment of localization,12/15,108/483,0.1111111111111111,3.5777777777777775,5.437358165291653,2.31456688587737e-6,8.260829879982215e-6,1.5210587851360443e-6,Il6/Cxcl10/Ccl2/Ccl5/Tnf/Nfkbia/Icam1/Stat3/Ptgs2/Cxcl1/Il1b/Tlr2,12
GO:0045893,positive regulation of DNA-templated transcription,8/15,37/483,0.21621621621621623,6.962162162162162,6.749683967136218,2.422399797160673e-6,8.59818829102085e-6,1.583176269977768e-6,Il6/Tnf/Nfkbia/Jun/Fos/Stat3/Il1b/Tlr2,8
GO:0042063,gliogenesis,6/15,17/483,0.35294117647058826,11.364705882352942,7.780987312264567,3.024776742874179e-6,1.0566730832321862e-5,1.945642144455549e-6,Il6/Ccl2/Tnf/Stat3/Il1b/Tlr2,6
GO:0010648,negative regulation of cell communication,8/15,38/483,0.21052631578947367,6.778947368421052,6.637533929251591,3.0260761671509978e-6,1.0566730832321862e-5,1.945642144455549e-6,Il6/Ccl5/Tnf/Nfkbia/Socs3/Icam1/Ptgs2/Il1b,8
GO:1902680,positive regulation of RNA biosynthetic process,8/15,38/483,0.21052631578947367,6.778947368421052,6.637533929251591,3.0260761671509978e-6,1.0566730832321862e-5,1.945642144455549e-6,Il6/Tnf/Nfkbia/Jun/Fos/Stat3/Il1b/Tlr2,8
GO:0050708,regulation of protein secretion,5/15,10/483,0.5,16.1,8.629638415702912,3.229471262887774e-6,1.098020229381843e-5,2.0217742532206008e-6,Il6/Ccl5/Tnf/Il1b/Tlr2,5
GO:0050730,regulation of peptidyl-tyrosine phosphorylation,5/15,10/483,0.5,16.1,8.629638415702912,3.229471262887774e-6,1.098020229381843e-5,2.0217742532206008e-6,Il6/Ccl5/Tnf/Socs3/Icam1,5
GO:0060326,cell chemotaxis,5/15,10/483,0.5,16.1,8.629638415702912,3.229471262887774e-6,1.098020229381843e-5,2.0217742532206008e-6,Cxcl10/Ccl2/Ccl5/Cxcl1/Il1b,5
GO:1902107,positive regulation of leukocyte differentiation,5/15,10/483,0.5,16.1,8.629638415702912,3.229471262887774e-6,1.098020229381843e-5,2.0217742532206008e-6,Il6/Ccl5/Tnf/Jun/Fos,5
GO:1903708,positive regulation of hemopoiesis,5/15,10/483,0.5,16.1,8.629638415702912,3.229471262887774e-6,1.098020229381843e-5,2.0217742532206008e-6,Il6/Ccl5/Tnf/Jun/Fos,5
GO:0008104,protein localization,9/15,53/483,0.16981132075471697,5.467924528301887,6.165321913208875,3.588098725553292e-6,1.2028788652785309e-5,2.214849466783021e-6,Il6/Ccl2/Ccl5/Tnf/Nfkbia/Stat3/Ptgs2/Il1b/Tlr2,9
GO:0070727,cellular macromolecule localization,9/15,53/483,0.16981132075471697,5.467924528301887,6.165321913208875,3.588098725553292e-6,1.2028788652785309e-5,2.214849466783021e-6,Il6/Ccl2/Ccl5/Tnf/Nfkbia/Stat3/Ptgs2/Il1b/Tlr2,9
GO:0032880,regulation of protein localization,7/15,27/483,0.25925925925925924,8.348148148148148,7.027867849430236,3.630981094881014e-6,1.2028788652785309e-5,2.214849466783021e-6,Il6/Ccl2/Ccl5/Tnf/Ptgs2/Il1b/Tlr2,7
GO:0043066,negative regulation of apoptotic process,7/15,27/483,0.25925925925925924,8.348148148148148,7.027867849430236,3.630981094881014e-6,1.2028788652785309e-5,2.214849466783021e-6,Il6/Ccl5/Tnf/Icam1/Jun/Ptgs2/Il1b,7
GO:0043069,negative regulation of programmed cell death,7/15,27/483,0.25925925925925924,8.348148148148148,7.027867849430236,3.630981094881014e-6,1.2028788652785309e-5,2.214849466783021e-6,Il6/Ccl5/Tnf/Icam1/Jun/Ptgs2/Il1b,7
GO:0048519,negative regulation of biological process,13/15,140/483,0.09285714285714286,2.99,4.99707947148879,3.979400346765353e-6,1.3115778693930706e-5,2.4149959139875668e-6,Il6/Cxcl10/Ccl2/Ccl5/Tnf/Nfkbia/Socs3/Icam1/Jun/Stat3/Ptgs2/Il1b/Tlr2,13
GO:0008219,cell death,9/15,54/483,0.16666666666666666,5.366666666666666,6.089259703508798,4.252478481762257e-6,1.3874247975850597e-5,2.554652144811989e-6,Il6/Cxcl10/Ccl5/Tnf/Icam1/Jun/Ptgs2/Cxcl1/Il1b,9
GO:0012501,programmed cell death,9/15,54/483,0.16666666666666666,5.366666666666666,6.089259703508798,4.252478481762257e-6,1.3874247975850597e-5,2.554652144811989e-6,Il6/Cxcl10/Ccl5/Tnf/Icam1/Jun/Ptgs2/Cxcl1/Il1b,9
GO:0001934,positive regulation of protein phosphorylation,6/15,18/483,0.3333333333333333,10.733333333333333,7.526925109174245,4.462575093247384e-6,1.4486550302702563e-5,2.6673947925784416e-6,Il6/Ccl5/Tnf/Icam1/Ptgs2/Il1b,6
GO:0051254,positive regulation of RNA metabolic process,8/15,41/483,0.1951219512195122,6.282926829268293,6.324141978215775,5.670382471352545e-6,1.7893630926974873e-5,3.2947373223857922e-6,Il6/Tnf/Nfkbia/Jun/Fos/Stat3/Il1b/Tlr2,8
GO:0071702,organic substance transport,8/15,41/483,0.1951219512195122,6.282926829268293,6.324141978215775,5.670382471352545e-6,1.7893630926974873e-5,3.2947373223857922e-6,Il6/Ccl5/Tnf/Nfkbia/Stat3/Ptgs2/Il1b/Tlr2,8
GO:0009306,protein secretion,5/15,11/483,0.45454545454545453,14.636363636363635,8.182200911596695,5.816815007220934e-6,1.7893630926974873e-5,3.2947373223857922e-6,Il6/Ccl5/Tnf/Il1b/Tlr2,5
GO:0034612,response to tumor necrosis factor,5/15,11/483,0.45454545454545453,14.636363636363635,8.182200911596695,5.816815007220934e-6,1.7893630926974873e-5,3.2947373223857922e-6,Il6/Ccl2/Ccl5/Tnf/Nfkbia,5
GO:0035592,establishment of protein localization to extracellular region,5/15,11/483,0.45454545454545453,14.636363636363635,8.182200911596695,5.816815007220934e-6,1.7893630926974873e-5,3.2947373223857922e-6,Il6/Ccl5/Tnf/Il1b/Tlr2,5
GO:0048659,smooth muscle cell proliferation,5/15,11/483,0.45454545454545453,14.636363636363635,8.182200911596695,5.816815007220934e-6,1.7893630926974873e-5,3.2947373223857922e-6,Il6/Ccl5/Tnf/Jun/Ptgs2,5
GO:0048660,regulation of smooth muscle cell proliferation,5/15,11/483,0.45454545454545453,14.636363636363635,8.182200911596695,5.816815007220934e-6,1.7893630926974873e-5,3.2947373223857922e-6,Il6/Ccl5/Tnf/Jun/Ptgs2,5
GO:0062012,regulation of small molecule metabolic process,5/15,11/483,0.45454545454545453,14.636363636363635,8.182200911596695,5.816815007220934e-6,1.7893630926974873e-5,3.2947373223857922e-6,Il6/Tnf/Stat3/Ptgs2/Il1b,5
GO:0071356,cellular response to tumor necrosis factor,5/15,11/483,0.45454545454545453,14.636363636363635,8.182200911596695,5.816815007220934e-6,1.7893630926974873e-5,3.2947373223857922e-6,Il6/Ccl2/Ccl5/Tnf/Nfkbia,5
GO:0071692,protein localization to extracellular region,5/15,11/483,0.45454545454545453,14.636363636363635,8.182200911596695,5.816815007220934e-6,1.7893630926974873e-5,3.2947373223857922e-6,Il6/Ccl5/Tnf/Il1b/Tlr2,5
GO:1902105,regulation of leukocyte differentiation,5/15,11/483,0.45454545454545453,14.636363636363635,8.182200911596695,5.816815007220934e-6,1.7893630926974873e-5,3.2947373223857922e-6,Il6/Ccl5/Tnf/Jun/Fos,5
GO:0048871,multicellular organismal-level homeostasis,7/15,29/483,0.2413793103448276,7.772413793103449,6.727609577774039,6.189077143817981e-6,1.8948548980599124e-5,3.4889783848911544e-6,Il6/Ccl2/Ccl5/Tnf/Stat3/Ptgs2/Il1b,7
GO:0060255,regulation of macromolecule metabolic process,13/15,145/483,0.0896551724137931,2.8868965517241376,4.85758002381715,6.241451255672875e-6,1.90187618451164e-5,3.501906613163033e-6,Il6/Ccl2/Ccl5/Tnf/Nfkbia/Socs3/Icam1/Jun/Fos/Stat3/Ptgs2/Il1b/Tlr2,13
GO:0042110,T cell activation,6/15,19/483,0.3157894736842105,10.168421052631578,7.292200179254918,6.414841240453866e-6,1.936442729594952e-5,3.5655536653777023e-6,Il6/Ccl2/Ccl5/Icam1/Stat3/Il1b,6
GO:0042327,positive regulation of phosphorylation,6/15,19/483,0.3157894736842105,10.168421052631578,7.292200179254918,6.414841240453866e-6,1.936442729594952e-5,3.5655536653777023e-6,Il6/Ccl5/Tnf/Icam1/Ptgs2/Il1b,6
GO:0033036,macromolecule localization,9/15,57/483,0.15789473684210525,5.084210526315789,5.872012490407255,6.929425032519604e-6,2.0724113754665115e-5,3.8159114457832125e-6,Il6/Ccl2/Ccl5/Tnf/Nfkbia/Stat3/Ptgs2/Il1b/Tlr2,9
GO:0042592,homeostatic process,9/15,57/483,0.15789473684210525,5.084210526315789,5.872012490407255,6.929425032519604e-6,2.0724113754665115e-5,3.8159114457832125e-6,Il6/Cxcl10/Ccl2/Ccl5/Tnf/Icam1/Stat3/Ptgs2/Il1b,9
GO:0060341,regulation of cellular localization,7/15,30/483,0.23333333333333334,7.513333333333334,6.5881132048051745,7.949623599636349e-6,2.366569974822618e-5,4.357542889929213e-6,Il6/Ccl2/Ccl5/Tnf/Ptgs2/Il1b/Tlr2,7
GO:0051179,localization,12/15,120/483,0.1,3.22,5.01691227480062,8.01295096953836e-6,2.3744799662026515e-5,4.372107482172065e-6,Il6/Cxcl10/Ccl2/Ccl5/Tnf/Nfkbia/Icam1/Stat3/Ptgs2/Cxcl1/Il1b/Tlr2,12
GO:0065008,regulation of biological quality,10/15,76/483,0.13157894736842105,4.2368421052631575,5.497653048345132,8.382738770283794e-6,2.4727165505038042e-5,4.5529895748236895e-6,Il6/Ccl5/Tnf/Icam1/Jun/Stat3/Ptgs2/Cxcl1/Il1b/Tlr2,10
GO:0046649,lymphocyte activation,6/15,20/483,0.3,9.66,7.074383782992392,9.012954054893568e-6,2.6465310543005663e-5,4.873032575133843e-6,Il6/Ccl2/Ccl5/Icam1/Stat3/Il1b,6
GO:0051641,cellular localization,10/15,77/483,0.12987012987012986,4.181818181818182,5.4463296845854545,9.528487157204122e-6,2.763554292982589e-5,5.088506356640582e-6,Il6/Cxcl10/Ccl2/Ccl5/Tnf/Nfkbia/Stat3/Ptgs2/Il1b/Tlr2,10
GO:0002696,positive regulation of leukocyte activation,5/15,12/483,0.4166666666666667,13.416666666666666,7.78989159338629,9.79650051227574e-6,2.763554292982589e-5,5.088506356640582e-6,Il6/Ccl2/Ccl5/Tnf/Il1b,5
GO:0006935,chemotaxis,5/15,12/483,0.4166666666666667,13.416666666666666,7.78989159338629,9.79650051227574e-6,2.763554292982589e-5,5.088506356640582e-6,Cxcl10/Ccl2/Ccl5/Cxcl1/Il1b,5
GO:0007259,receptor signaling pathway via JAK-STAT,5/15,12/483,0.4166666666666667,13.416666666666666,7.78989159338629,9.79650051227574e-6,2.763554292982589e-5,5.088506356640582e-6,Il6/Ccl5/Tnf/Socs3/Stat3,5
GO:0034660,ncRNA metabolic process,5/15,12/483,0.4166666666666667,13.416666666666666,7.78989159338629,9.79650051227574e-6,2.763554292982589e-5,5.088506356640582e-6,Il6/Tnf/Jun/Fos/Stat3,5
GO:0042330,taxis,5/15,12/483,0.4166666666666667,13.416666666666666,7.78989159338629,9.79650051227574e-6,2.763554292982589e-5,5.088506356640582e-6,Cxcl10/Ccl2/Ccl5/Cxcl1/Il1b,5
GO:0050867,positive regulation of cell activation,5/15,12/483,0.4166666666666667,13.416666666666666,7.78989159338629,9.79650051227574e-6,2.763554292982589e-5,5.088506356640582e-6,Il6/Ccl2/Ccl5/Tnf/Il1b,5
GO:0097696,receptor signaling pathway via STAT,5/15,12/483,0.4166666666666667,13.416666666666666,7.78989159338629,9.79650051227574e-6,2.763554292982589e-5,5.088506356640582e-6,Il6/Ccl5/Tnf/Socs3/Stat3,5
GO:1904951,positive regulation of establishment of protein localization,5/15,12/483,0.4166666666666667,13.416666666666666,7.78989159338629,9.79650051227574e-6,2.763554292982589e-5,5.088506356640582e-6,Il6/Ccl2/Tnf/Ptgs2/Tlr2,5
GO:0007399,nervous system development,9/15,60/483,0.15,4.83,5.669574123347764,1.0965369635017953e-5,3.079838601835477e-5,5.6708776602152345e-6,Il6/Ccl2/Ccl5/Tnf/Jun/Fos/Stat3/Il1b/Tlr2,9
GO:0030155,regulation of cell adhesion,6/15,21/483,0.2857142857142857,9.2,6.87145543294139,1.2409766777011942e-5,3.4704369428353744e-5,6.3900826876388666e-6,Il6/Ccl2/Ccl5/Tnf/Icam1/Il1b,6
GO:0048523,negative regulation of cellular process,12/15,126/483,0.09523809523809523,3.066666666666667,4.825783357921984,1.4146813155142357e-5,3.9222494842154345e-5,7.222000842697476e-6,Il6/Cxcl10/Ccl5/Tnf/Nfkbia/Socs3/Icam1/Jun/Stat3/Ptgs2/Il1b/Tlr2,12
GO:0051171,regulation of nitrogen compound metabolic process,12/15,126/483,0.09523809523809523,3.066666666666667,4.825783357921984,1.4146813155142357e-5,3.9222494842154345e-5,7.222000842697476e-6,Il6/Ccl5/Tnf/Nfkbia/Socs3/Icam1/Jun/Fos/Stat3/Ptgs2/Il1b/Tlr2,12
GO:0010628,positive regulation of gene expression,8/15,46/483,0.17391304347826086,5.6,5.866002600129269,1.4436028139101874e-5,3.968371990578643e-5,7.306925777014611e-6,Il6/Ccl2/Ccl5/Tnf/Stat3/Ptgs2/Il1b/Tlr2,8
GO:0022008,neurogenesis,8/15,46/483,0.17391304347826086,5.6,5.866002600129269,1.4436028139101874e-5,3.968371990578643e-5,7.306925777014611e-6,Il6/Ccl2/Ccl5/Tnf/Jun/Stat3/Il1b/Tlr2,8
GO:0007169,transmembrane receptor protein tyrosine kinase signaling pathway,5/15,13/483,0.38461538461538464,12.384615384615385,7.441960017028031,1.5639287193263793e-5,4.26286055985165e-5,7.84916479164472e-6,Ccl2/Tnf/Socs3/Stat3/Il1b,5
GO:0030855,epithelial cell differentiation,5/15,13/483,0.38461538461538464,12.384615384615385,7.441960017028031,1.5639287193263793e-5,4.26286055985165e-5,7.84916479164472e-6,Tnf/Icam1/Jun/Ptgs2/Il1b,5
GO:0007610,behavior,6/15,22/483,0.2727272727272727,8.781818181818181,6.68171856819327,1.6781233149510902e-5,4.535847955892905e-5,8.351813899558388e-6,Il6/Jun/Stat3/Ptgs2/Il1b/Tlr2,6
GO:0098609,cell-cell adhesion,6/15,22/483,0.2727272727272727,8.781818181818181,6.68171856819327,1.6781233149510902e-5,4.535847955892905e-5,8.351813899558388e-6,Il6/Ccl2/Ccl5/Tnf/Icam1/Il1b,6
GO:0042981,regulation of apoptotic process,8/15,47/483,0.1702127659574468,5.480851063829787,5.782457045809241,1.7153531412340818e-5,4.6171588718217373e-05,8.501530919274179e-6,Il6/Cxcl10/Ccl5/Tnf/Icam1/Jun/Ptgs2/Il1b,8
GO:0032501,multicellular organismal process,14/15,193/483,0.07253886010362694,2.335751295336787,4.283033602608469,1.9065544673147254e-5,5.110515294129927e-5,9.40994342898292e-6,Il6/Cxcl10/Ccl2/Ccl5/Tnf/Nfkbia/Socs3/Icam1/Jun/Fos/Stat3/Ptgs2/Il1b/Tlr2,14
GO:0044093,positive regulation of molecular function,7/15,34/483,0.20588235294117646,6.629411764705882,6.088713323420416,1.97496746882092e-5,5.272020598588077e-5,9.707321617084122e-6,Il6/Ccl2/Ccl5/Tnf/Stat3/Il1b/Tlr2,7
GO:0031326,regulation of cellular biosynthetic process,12/15,131/483,0.0916030534351145,2.949618320610687,4.674768785246976,2.219208556352344e-5,5.8633640728287436e-5,1.0796156757856412e-5,Il6/Ccl2/Ccl5/Tnf/Nfkbia/Icam1/Jun/Fos/Stat3/Ptgs2/Il1b/Tlr2,12
GO:0080090,regulation of primary metabolic process,12/15,131/483,0.0916030534351145,2.949618320610687,4.674768785246976,2.219208556352344e-5,5.8633640728287436e-5,1.0796156757856412e-5,Il6/Ccl5/Tnf/Nfkbia/Socs3/Icam1/Jun/Fos/Stat3/Ptgs2/Il1b/Tlr2,12
GO:0032940,secretion by cell,6/15,23/483,0.2608695652173913,8.4,6.5037365985708355,2.2327980834611005e-5,5.8633640728287436e-5,1.0796156757856412e-5,Il6/Ccl5/Tnf/Ptgs2/Il1b/Tlr2,6
GO:0043065,positive regulation of apoptotic process,6/15,23/483,0.2608695652173913,8.4,6.5037365985708355,2.2327980834611005e-5,5.8633640728287436e-5,1.0796156757856412e-5,Il6/Ccl5/Tnf/Jun/Ptgs2/Il1b,6
GO:0018108,peptidyl-tyrosine phosphorylation,5/15,14/483,0.35714285714285715,11.5,7.130387261774095,2.389930240657566e-5,6.225382804293499e-5,1.1462738420810907e-5,Il6/Ccl5/Tnf/Socs3/Icam1,5
GO:0018212,peptidyl-tyrosine modification,5/15,14/483,0.35714285714285715,11.5,7.130387261774095,2.389930240657566e-5,6.225382804293499e-5,1.1462738420810907e-5,Il6/Ccl5/Tnf/Socs3/Icam1,5
GO:0009889,regulation of biosynthetic process,12/15,133/483,0.09022556390977443,2.9052631578947365,4.616289002710425,2.6423855791198117e-5,6.855345719322885e-5,1.2622683172290795e-5,Il6/Ccl2/Ccl5/Tnf/Nfkbia/Icam1/Jun/Fos/Stat3/Ptgs2/Il1b/Tlr2,12
GO:0045935,positive regulation of nucleobase-containing compound metabolic process,8/15,50/483,0.16,5.152,5.545549943726235,2.8068436916777432e-5,7.252884099295288e-5,1.3354666827771999e-5,Il6/Tnf/Nfkbia/Jun/Fos/Stat3/Il1b/Tlr2,8
GO:0046903,secretion,6/15,24/483,0.25,8.05,6.3362837455699585,2.9276823073444848e-5,7.534991117707319e-5,1.3874107810019995e-5,Il6/Ccl5/Tnf/Ptgs2/Il1b/Tlr2,6
GO:0007267,cell-cell signaling,8/15,51/483,0.1568627450980392,5.050980392156863,5.4707841226325025,3.2820681942318953e-5,8.413555767753193e-5,1.549180058263175e-5,Il6/Ccl2/Ccl5/Tnf/Stat3/Ptgs2/Il1b/Tlr2,8
GO:0002460,adaptive immune response based on somatic recombination of immune receptors built from immunoglobulin superfamily domains,5/15,15/483,0.3333333333333333,10.733333333333333,6.849052919689362,3.5216756086904284e-5,8.886728293804753e-5,1.636304867524747e-5,Il6/Tnf/Icam1/Stat3/Il1b,5
GO:0009611,response to wounding,5/15,15/483,0.3333333333333333,10.733333333333333,6.849052919689362,3.5216756086904284e-5,8.886728293804753e-5,1.636304867524747e-5,Il6/Ccl2/Tnf/Jun/Stat3,5
GO:0009725,response to hormone,5/15,15/483,0.3333333333333333,10.733333333333333,6.849052919689362,3.5216756086904284e-5,8.886728293804753e-5,1.636304867524747e-5,Il6/Tnf/Socs3/Stat3/Il1b,5
GO:0051090,regulation of DNA-binding transcription factor activity,5/15,15/483,0.3333333333333333,10.733333333333333,6.849052919689362,3.5216756086904284e-5,8.886728293804753e-5,1.636304867524747e-5,Il6/Tnf/Nfkbia/Il1b/Tlr2,5
GO:0033554,cellular response to stress,7/15,37/483,0.1891891891891892,6.091891891891892,5.764462644643987,3.607735742412086e-5,9.03332282790003e-5,1.6632971803042256e-5,Il6/Tnf/Jun/Fos/Stat3/Ptgs2/Il1b,7
GO:0051241,negative regulation of multicellular organismal process,7/15,37/483,0.1891891891891892,6.091891891891892,5.764462644643987,3.607735742412086e-5,9.03332282790003e-5,1.6632971803042256e-5,Il6/Cxcl10/Ccl2/Tnf/Ptgs2/Il1b/Tlr2,7
GO:0048513,animal organ development,9/15,69/483,0.13043478260869565,4.2,5.1347650351123155,3.749183371657963e-5,9.351245011934533e-5,1.7218358910682784e-5,Il6/Tnf/Socs3/Icam1/Jun/Fos/Stat3/Ptgs2/Il1b,9
GO:0031401,positive regulation of protein modification process,6/15,25/483,0.24,7.728,6.17830679578453,3.7882200458997296e-5,9.376207469928067e-5,1.7264322048262528e-5,Il6/Ccl5/Tnf/Icam1/Ptgs2/Il1b,6
GO:0140352,export from cell,6/15,25/483,0.24,7.728,6.17830679578453,3.7882200458997296e-5,9.376207469928067e-5,1.7264322048262528e-5,Il6/Ccl5/Tnf/Ptgs2/Il1b/Tlr2,6
GO:0006915,apoptotic process,8/15,52/483,0.15384615384615385,4.953846153846154,5.397952088969137,3.8239711347233414e-5,9.428570049737705e-5,1.7360736770740764e-5,Il6/Cxcl10/Ccl5/Tnf/Icam1/Jun/Ptgs2/Il1b,8
GO:0050794,regulation of cellular process,15/15,251/483,0.05976095617529881,1.9243027888446216,3.7787951894848657,4.4257811429171643e-5,1.0870930107697674e-4,2.0016540690399825e-5,Il6/Cxcl10/Ccl2/Ccl5/Tnf/Nfkbia/Socs3/Icam1/Jun/Fos/Stat3/Ptgs2/Cxcl1/Il1b/Tlr2,15
GO:0002694,regulation of leukocyte activation,5/15,16/483,0.3125,10.0625,6.593193058740405,5.031988483279748e-5,1.2174773633703063e-4,2.2417295431129968e-5,Il6/Ccl2/Ccl5/Tnf/Il1b,5
GO:0031329,regulation of cellular catabolic process,5/15,16/483,0.3125,10.0625,6.593193058740405,5.031988483279748e-5,1.2174773633703063e-4,2.2417295431129968e-5,Il6/Tnf/Stat3/Il1b/Tlr2,5
GO:0050865,regulation of cell activation,5/15,16/483,0.3125,10.0625,6.593193058740405,5.031988483279748e-5,1.2174773633703063e-4,2.2417295431129968e-5,Il6/Ccl2/Ccl5/Tnf/Il1b,5
GO:1903829,positive regulation of protein localization,5/15,16/483,0.3125,10.0625,6.593193058740405,5.031988483279748e-5,1.2174773633703063e-4,2.2417295431129968e-5,Il6/Ccl2/Tnf/Ptgs2/Tlr2,5
GO:0006357,regulation of transcription by RNA polymerase II,8/15,54/483,0.14814814814814814,4.770370370370371,5.257732297007596,5.138217534923111e-5,1.238540495358332e-4,2.2805128886343736e-5,Il6/Tnf/Nfkbia/Jun/Fos/Stat3/Il1b/Tlr2,8
GO:0019538,protein metabolic process,11/15,115/483,0.09565217391304348,3.08,4.570193285482209,5.282889799749668e-5,1.2686791117614443e-4,2.3360068376901292e-5,Il6/Ccl5/Tnf/Nfkbia/Socs3/Icam1/Jun/Stat3/Ptgs2/Il1b/Tlr2,11
GO:0006366,transcription by RNA polymerase II,8/15,55/483,0.14545454545454545,4.683636363636364,5.190180167994287,5.927335506577016e-5,1.418169902684723e-4,2.6112628157629736e-5,Il6/Tnf/Nfkbia/Jun/Fos/Stat3/Il1b/Tlr2,8
GO:0002831,regulation of response to biotic stimulus,6/15,27/483,0.2222222222222222,7.155555555555555,5.887256232738434,6.122656398248569e-5,1.4594966912430168e-4,2.6873574402877776e-5,Ccl5/Tnf/Nfkbia/Cxcl1/Il1b/Tlr2,6
GO:0044249,cellular biosynthetic process,13/15,174/483,0.07471264367816093,2.405747126436782,4.146186287285638,6.248850245609763e-5,1.4841019333323188e-4,2.732662839604889e-5,Il6/Ccl2/Ccl5/Tnf/Nfkbia/Socs3/Icam1/Jun/Fos/Stat3/Ptgs2/Il1b/Tlr2,13
GO:0002250,adaptive immune response,5/15,17/483,0.29411764705882354,9.470588235294118,6.359036168933584,7.002617987026569e-5,1.6390185578330304e-4,3.017909353676592e-5,Il6/Tnf/Icam1/Stat3/Il1b,5
GO:0010959,regulation of metal ion transport,5/15,17/483,0.29411764705882354,9.470588235294118,6.359036168933584,7.002617987026569e-5,1.6390185578330304e-4,3.017909353676592e-5,Cxcl10/Ccl5/Icam1/Ptgs2/Cxcl1,5
GO:0070848,response to growth factor,5/15,17/483,0.29411764705882354,9.470588235294118,6.359036168933584,7.002617987026569e-5,1.6390185578330304e-4,3.017909353676592e-5,Il6/Ccl2/Jun/Fos/Stat3,5
GO:0071363,cellular response to growth factor stimulus,5/15,17/483,0.29411764705882354,9.470588235294118,6.359036168933584,7.002617987026569e-5,1.6390185578330304e-4,3.017909353676592e-5,Il6/Ccl2/Jun/Fos/Stat3,5
GO:0050789,regulation of biological process,15/15,259/483,0.05791505791505792,1.8648648648648651,3.6552774670404116,7.181488965735041e-5,1.674816560240013e-4,3.0838238766029245e-5,Il6/Cxcl10/Ccl2/Ccl5/Tnf/Nfkbia/Socs3/Icam1/Jun/Fos/Stat3/Ptgs2/Cxcl1/Il1b/Tlr2,15
GO:0018193,peptidyl-amino acid modification,6/15,28/483,0.21428571428571427,6.9,5.752697677784928,7.662442615399232e-5,1.7805532120675915e-4,3.2785157725865706e-5,Il6/Ccl5/Tnf/Socs3/Icam1/Ptgs2,6
GO:0009058,biosynthetic process,13/15,177/483,0.07344632768361582,2.3649717514124293,4.080334859336956,7.730575504275977e-5,1.7899468730330756e-4,3.295812231590965e-5,Il6/Ccl2/Ccl5/Tnf/Nfkbia/Socs3/Icam1/Jun/Fos/Stat3/Ptgs2/Il1b/Tlr2,13
GO:0044237,cellular metabolic process,14/15,216/483,0.06481481481481481,2.087037037037037,3.8429241128230953,9.027906263237428e-5,2.0828669450183494e-4,3.835163187014396e-5,Il6/Ccl2/Ccl5/Tnf/Nfkbia/Socs3/Icam1/Jun/Fos/Stat3/Ptgs2/Cxcl1/Il1b/Tlr2,14
GO:0023061,signal release,5/15,18/483,0.2777777777777778,8.944444444444446,6.143551887054321,9.524295093834947e-5,2.1664417713441463e-4,3.989048723511301e-5,Il6/Ccl5/Tnf/Ptgs2/Il1b,5
GO:0045596,negative regulation of cell differentiation,5/15,18/483,0.2777777777777778,8.944444444444446,6.143551887054321,9.524295093834947e-5,2.1664417713441463e-4,3.989048723511301e-5,Cxcl10/Tnf/Nfkbia/Stat3/Il1b,5
GO:0051336,regulation of hydrolase activity,5/15,18/483,0.2777777777777778,8.944444444444446,6.143551887054321,9.524295093834947e-5,2.1664417713441463e-4,3.989048723511301e-5,Ccl2/Ccl5/Tnf/Stat3/Ptgs2,5
GO:0097190,apoptotic signaling pathway,5/15,18/483,0.2777777777777778,8.944444444444446,6.143551887054321,9.524295093834947e-5,2.1664417713441463e-4,3.989048723511301e-5,Tnf/Icam1/Jun/Ptgs2/Il1b,5
GO:0010468,regulation of gene expression,11/15,122/483,0.09016393442622951,2.90327868852459,4.348854936013369,9.729476393405448e-5,2.2053479825052347e-4,4.060686361790639e-5,Il6/Ccl2/Ccl5/Tnf/Nfkbia/Jun/Fos/Stat3/Ptgs2/Il1b/Tlr2,11
GO:0036211,protein modification process,9/15,78/483,0.11538461538461539,3.7153846153846155,4.6837894596408445,1.0738021840100464e-4,2.425441296749965e-4,4.465942097649439e-5,Il6/Ccl5/Tnf/Socs3/Icam1/Jun/Ptgs2/Il1b/Tlr2,9
GO:0006913,nucleocytoplasmic transport,4/15,10/483,0.4,12.88,6.789410885996729,1.1448525226921288e-4,2.4734940791274753e-4,4.554421230917464e-5,Il6/Nfkbia/Stat3/Ptgs2,4
GO:0031400,negative regulation of protein modification process,4/15,10/483,0.4,12.88,6.789410885996729,1.1448525226921288e-4,2.4734940791274753e-4,4.554421230917464e-5,Tnf/Socs3/Jun/Il1b,4
GO:0032760,positive regulation of tumor necrosis factor production,4/15,10/483,0.4,12.88,6.789410885996729,1.1448525226921288e-4,2.4734940791274753e-4,4.554421230917464e-5,Il6/Ccl2/Stat3/Tlr2,4
GO:0046879,hormone secretion,4/15,10/483,0.4,12.88,6.789410885996729,1.1448525226921288e-4,2.4734940791274753e-4,4.554421230917464e-5,Il6/Ccl5/Tnf/Il1b,4
GO:0046883,regulation of hormone secretion,4/15,10/483,0.4,12.88,6.789410885996729,1.1448525226921288e-4,2.4734940791274753e-4,4.554421230917464e-5,Il6/Ccl5/Tnf/Il1b,4
GO:0050920,regulation of chemotaxis,4/15,10/483,0.4,12.88,6.789410885996729,1.1448525226921288e-4,2.4734940791274753e-4,4.554421230917464e-5,Cxcl10/Ccl2/Ccl5/Il1b,4
GO:0051091,positive regulation of DNA-binding transcription factor activity,4/15,10/483,0.4,12.88,6.789410885996729,1.1448525226921288e-4,2.4734940791274753e-4,4.554421230917464e-5,Il6/Tnf/Il1b/Tlr2,4
GO:0051169,nuclear transport,4/15,10/483,0.4,12.88,6.789410885996729,1.1448525226921288e-4,2.4734940791274753e-4,4.554421230917464e-5,Il6/Nfkbia/Stat3/Ptgs2,4
GO:0051251,positive regulation of lymphocyte activation,4/15,10/483,0.4,12.88,6.789410885996729,1.1448525226921288e-4,2.4734940791274753e-4,4.554421230917464e-5,Il6/Ccl2/Ccl5/Il1b,4
GO:0062197,cellular response to chemical stress,4/15,10/483,0.4,12.88,6.789410885996729,1.1448525226921288e-4,2.4734940791274753e-4,4.554421230917464e-5,Il6/Jun/Fos/Ptgs2,4
GO:0072594,establishment of protein localization to organelle,4/15,10/483,0.4,12.88,6.789410885996729,1.1448525226921288e-4,2.4734940791274753e-4,4.554421230917464e-5,Il6/Nfkbia/Stat3/Ptgs2,4
GO:0141091,transforming growth factor beta receptor superfamily signaling pathway,4/15,10/483,0.4,12.88,6.789410885996729,1.1448525226921288e-4,2.4734940791274753e-4,4.554421230917464e-5,Ccl2/Jun/Fos/Stat3,4
GO:1903557,positive regulation of tumor necrosis factor superfamily cytokine production,4/15,10/483,0.4,12.88,6.789410885996729,1.1448525226921288e-4,2.4734940791274753e-4,4.554421230917464e-5,Il6/Ccl2/Stat3/Tlr2,4
GO:0043269,regulation of monoatomic ion transport,5/15,19/483,0.2631578947368421,8.473684210526315,5.944273395259462,1.2696727583045471e-4,2.7340286728824584e-4,5.034141111874169e-5,Cxcl10/Ccl5/Icam1/Ptgs2/Cxcl1,5
GO:0065007,biological regulation,15/15,269/483,0.055762081784386616,1.795539033457249,3.5057179214929337,1.287648967953886e-4,2.7635256920206325e-4,5.088453693960101e-5,Il6/Cxcl10/Ccl2/Ccl5/Tnf/Nfkbia/Socs3/Icam1/Jun/Fos/Stat3/Ptgs2/Cxcl1/Il1b/Tlr2,15
GO:0010556,regulation of macromolecule biosynthetic process,11/15,126/483,0.0873015873015873,2.811111111111111,4.229046706135932,1.353888374862757e-4,2.896065861461394e-4,5.332498653171542e-5,Il6/Ccl2/Ccl5/Tnf/Nfkbia/Jun/Fos/Stat3/Ptgs2/Il1b/Tlr2,11
GO:1903530,regulation of secretion by cell,5/15,20/483,0.25,8.05,5.759169245969557,1.6628538308897462e-4,3.545226319322693e-4,6.527791658521497e-5,Il6/Ccl5/Tnf/Il1b/Tlr2,5
GO:0007155,cell adhesion,6/15,32/483,0.1875,6.0375,5.27409562169244,1.722676786289591e-4,3.5647390743141473e-4,6.563720309556766e-5,Il6/Ccl2/Ccl5/Tnf/Icam1/Il1b,6
GO:0002440,production of molecular mediator of immune response,4/15,11/483,0.36363636363636365,11.70909090909091,6.425755115907272,1.7658150213320856e-4,3.5647390743141473e-4,6.563720309556766e-5,Il6/Tnf/Il1b/Tlr2,4
GO:0006886,intracellular protein transport,4/15,11/483,0.36363636363636365,11.70909090909091,6.425755115907272,1.7658150213320856e-4,3.5647390743141473e-4,6.563720309556766e-5,Il6/Nfkbia/Stat3/Ptgs2,4
GO:0007178,transmembrane receptor protein serine/threonine kinase signaling pathway,4/15,11/483,0.36363636363636365,11.70909090909091,6.425755115907272,1.7658150213320856e-4,3.5647390743141473e-4,6.563720309556766e-5,Ccl2/Jun/Fos/Stat3,4
GO:0007249,canonical NF-kappaB signal transduction,4/15,11/483,0.36363636363636365,11.70909090909091,6.425755115907272,1.7658150213320856e-4,3.5647390743141473e-4,6.563720309556766e-5,Tnf/Nfkbia/Il1b/Tlr2,4
GO:0009612,response to mechanical stimulus,4/15,11/483,0.36363636363636365,11.70909090909091,6.425755115907272,1.7658150213320856e-4,3.5647390743141473e-4,6.563720309556766e-5,Tnf/Nfkbia/Jun/Fos,4
GO:0009896,positive regulation of catabolic process,4/15,11/483,0.36363636363636365,11.70909090909091,6.425755115907272,1.7658150213320856e-4,3.5647390743141473e-4,6.563720309556766e-5,Il6/Tnf/Il1b/Tlr2,4
GO:0009914,hormone transport,4/15,11/483,0.36363636363636365,11.70909090909091,6.425755115907272,1.7658150213320856e-4,3.5647390743141473e-4,6.563720309556766e-5,Il6/Ccl5/Tnf/Il1b,4
GO:0032640,tumor necrosis factor production,4/15,11/483,0.36363636363636365,11.70909090909091,6.425755115907272,1.7658150213320856e-4,3.5647390743141473e-4,6.563720309556766e-5,Il6/Ccl2/Stat3/Tlr2,4
GO:0032680,regulation of tumor necrosis factor production,4/15,11/483,0.36363636363636365,11.70909090909091,6.425755115907272,1.7658150213320856e-4,3.5647390743141473e-4,6.563720309556766e-5,Il6/Ccl2/Stat3/Tlr2,4
GO:0034504,protein localization to nucleus,4/15,11/483,0.36363636363636365,11.70909090909091,6.425755115907272,1.7658150213320856e-4,3.5647390743141473e-4,6.563720309556766e-5,Il6/Nfkbia/Stat3/Ptgs2,4
GO:0043434,response to peptide hormone,4/15,11/483,0.36363636363636365,11.70909090909091,6.425755115907272,1.7658150213320856e-4,3.5647390743141473e-4,6.563720309556766e-5,Tnf/Socs3/Stat3/Il1b,4
GO:0050890,cognition,4/15,11/483,0.36363636363636365,11.70909090909091,6.425755115907272,1.7658150213320856e-4,3.5647390743141473e-4,6.563720309556766e-5,Jun/Ptgs2/Il1b/Tlr2,4
GO:0051924,regulation of calcium ion transport,4/15,11/483,0.36363636363636365,11.70909090909091,6.425755115907272,1.7658150213320856e-4,3.5647390743141473e-4,6.563720309556766e-5,Cxcl10/Ccl5/Icam1/Ptgs2,4
GO:0051962,positive regulation of nervous system development,4/15,11/483,0.36363636363636365,11.70909090909091,6.425755115907272,1.7658150213320856e-4,3.5647390743141473e-4,6.563720309556766e-5,Il6/Tnf/Il1b/Tlr2,4
GO:0071706,tumor necrosis factor superfamily cytokine production,4/15,11/483,0.36363636363636365,11.70909090909091,6.425755115907272,1.7658150213320856e-4,3.5647390743141473e-4,6.563720309556766e-5,Il6/Ccl2/Stat3/Tlr2,4
GO:1903555,regulation of tumor necrosis factor superfamily cytokine production,4/15,11/483,0.36363636363636365,11.70909090909091,6.425755115907272,1.7658150213320856e-4,3.5647390743141473e-4,6.563720309556766e-5,Il6/Ccl2/Stat3/Tlr2,4
GO:0043412,macromolecule modification,9/15,84/483,0.10714285714285714,3.45,4.418404796379499,2.0033596646500706e-4,4.031683312660267e-4,7.423500314984686e-5,Il6/Ccl5/Tnf/Socs3/Icam1/Jun/Ptgs2/Il1b/Tlr2,9
GO:0051046,regulation of secretion,5/15,21/483,0.23809523809523808,7.666666666666667,5.586549132472675,2.1437151318646323e-4,4.3007452645482994e-4,7.918921539741859e-5,Il6/Ccl5/Tnf/Il1b/Tlr2,5
GO:0044271,cellular nitrogen compound biosynthetic process,10/15,107/483,0.09345794392523364,3.009345794392523,4.213071898923549,2.169738408173231e-4,4.339476816346462e-4,7.99023757938977e-5,Il6/Tnf/Nfkbia/Icam1/Jun/Fos/Stat3/Ptgs2/Il1b/Tlr2,10
GO:0044092,negative regulation of molecular function,5/15,22/483,0.22727272727272727,7.3181818181818175,5.424993463661592,2.7248630143262686e-4,5.432905886588794e-4,1.0003558174752057e-4,Tnf/Nfkbia/Jun/Ptgs2/Il1b,5
GO:0048878,chemical homeostasis,6/15,35/483,0.17142857142857143,5.52,4.965690781341245,2.9323963875084783e-4,5.828701742555313e-4,1.0732333337277995e-4,Il6/Cxcl10/Ccl2/Ccl5/Icam1/Stat3,6
GO:0051607,defense response to virus,5/15,23/483,0.21739130434782608,7,5.273299944787164,3.419747238209646e-4,6.77655434320071e-4,1.24776053573681e-4,Il6/Cxcl10/Ccl5/Tnf/Il1b,5
GO:0009628,response to abiotic stimulus,6/15,36/483,0.16666666666666666,5.366666666666666,4.870726589936085,3.4594552584532167e-4,6.834275525873939e-4,1.2583886824568276e-4,Tnf/Nfkbia/Jun/Fos/Stat3/Ptgs2,6
GO:1901564,organonitrogen compound metabolic process,11/15,139/483,0.07913669064748201,2.5482014388489205,3.86813718129283,3.6499829108863996e-4,7.188685854977482e-4,1.3236459208285084e-4,Il6/Ccl5/Tnf/Nfkbia/Socs3/Icam1/Jun/Stat3/Ptgs2/Il1b/Tlr2,11
GO:0002009,morphogenesis of an epithelium,4/15,13/483,0.3076923076923077,9.907692307692308,5.8228308781881495,3.6856720994385764e-4,7.190996474043565e-4,1.3240713729296448e-4,Il6/Cxcl10/Tnf/Socs3,4
GO:0002449,lymphocyte mediated immunity,4/15,13/483,0.3076923076923077,9.907692307692308,5.8228308781881495,3.6856720994385764e-4,7.190996474043565e-4,1.3240713729296448e-4,Il6/Tnf/Icam1/Il1b,4
GO:0061061,muscle structure development,4/15,13/483,0.3076923076923077,9.907692307692308,5.8228308781881495,3.6856720994385764e-4,7.190996474043565e-4,1.3240713729296448e-4,Il6/Cxcl10/Tnf/Fos,4
GO:0003008,system process,8/15,70/483,0.11428571428571428,3.6799999999999997,4.336656366350553,3.6956823984248666e-4,7.190996474043565e-4,1.3240713729296448e-4,Il6/Ccl2/Tnf/Icam1/Jun/Ptgs2/Il1b/Tlr2,8
GO:0008152,metabolic process,14/15,241/483,0.058091286307053944,1.870539419087137,3.4145659221243867,4.013423395746164e-4,7.785800341297363e-4,1.4335920458963697e-4,Il6/Ccl2/Ccl5/Tnf/Nfkbia/Socs3/Icam1/Jun/Fos/Stat3/Ptgs2/Cxcl1/Il1b/Tlr2,14
GO:0010605,negative regulation of macromolecule metabolic process,8/15,71/483,0.11267605633802817,3.628169014084507,4.288249830732514,4.103999468239525e-4,7.937675618211776e-4,1.461556696851769e-4,Il6/Tnf/Socs3/Jun/Stat3/Ptgs2/Il1b/Tlr2,8
GO:0009894,regulation of catabolic process,5/15,24/483,0.20833333333333334,6.708333333333333,5.130442512665983,4.2426364507031116e-4,8.061009256335912e-4,1.4842660028775592e-4,Il6/Tnf/Stat3/Il1b/Tlr2,5
GO:0043085,positive regulation of catalytic activity,5/15,24/483,0.20833333333333334,6.708333333333333,5.130442512665983,4.2426364507031116e-4,8.061009256335912e-4,1.4842660028775592e-4,Ccl2/Ccl5/Tnf/Stat3/Il1b,5
GO:0050778,positive regulation of immune response,5/15,24/483,0.20833333333333334,6.708333333333333,5.130442512665983,4.2426364507031116e-4,8.061009256335912e-4,1.4842660028775592e-4,Il6/Tnf/Nfkbia/Il1b/Tlr2,5
GO:0050804,modulation of chemical synaptic transmission,5/15,24/483,0.20833333333333334,6.708333333333333,5.130442512665983,4.2426364507031116e-4,8.061009256335912e-4,1.4842660028775592e-4,Ccl2/Tnf/Stat3/Ptgs2/Il1b,5
GO:0051248,negative regulation of protein metabolic process,5/15,24/483,0.20833333333333334,6.708333333333333,5.130442512665983,4.2426364507031116e-4,8.061009256335912e-4,1.4842660028775592e-4,Tnf/Socs3/Jun/Ptgs2/Il1b,5
GO:0099177,regulation of trans-synaptic signaling,5/15,24/483,0.20833333333333334,6.708333333333333,5.130442512665983,4.2426364507031116e-4,8.061009256335912e-4,1.4842660028775592e-4,Ccl2/Tnf/Stat3/Ptgs2/Il1b,5
GO:0043170,macromolecule metabolic process,13/15,205/483,0.06341463414634146,2.041951219512195,3.516803815947879,4.6855853211303527e-4,8.876504743255742e-4,1.6344224148409625e-4,Il6/Ccl2/Ccl5/Tnf/Nfkbia/Socs3/Icam1/Jun/Fos/Stat3/Ptgs2/Il1b/Tlr2,13
GO:0051172,negative regulation of nitrogen compound metabolic process,7/15,54/483,0.12962962962962962,4.174074074074074,4.426204890506395,4.74546687648632e-4,8.963659655585271e-4,1.6504701663371934e-4,Il6/Tnf/Socs3/Jun/Stat3/Ptgs2/Il1b,7
GO:0010467,gene expression,11/15,143/483,0.07692307692307693,2.476923076923077,3.764719805056051,4.8411024656691613e-4,9.117644877032881e-4,1.678823319381971e-4,Il6/Ccl2/Ccl5/Tnf/Nfkbia/Jun/Fos/Stat3/Ptgs2/Il1b/Tlr2,11
GO:0050767,regulation of neurogenesis,4/15,14/483,0.2857142857142857,9.2,5.568492909195007,5.064343729587712e-4,9.401051865843856e-4,1.7310067799256246e-4,Il6/Tnf/Il1b/Tlr2,4
GO:0050863,regulation of T cell activation,4/15,14/483,0.2857142857142857,9.2,5.568492909195007,5.064343729587712e-4,9.401051865843856e-4,1.7310067799256246e-4,Il6/Ccl2/Ccl5/Il1b,4
GO:0051249,regulation of lymphocyte activation,4/15,14/483,0.2857142857142857,9.2,5.568492909195007,5.064343729587712e-4,9.401051865843856e-4,1.7310067799256246e-4,Il6/Ccl2/Ccl5/Il1b,4
GO:1903131,mononuclear cell differentiation,4/15,14/483,0.2857142857142857,9.2,5.568492909195007,5.064343729587712e-4,9.401051865843856e-4,1.7310067799256246e-4,Il6/Jun/Stat3/Il1b,4
GO:2001233,regulation of apoptotic signaling pathway,4/15,14/483,0.2857142857142857,9.2,5.568492909195007,5.064343729587712e-4,9.401051865843856e-4,1.7310067799256246e-4,Tnf/Icam1/Ptgs2/Il1b,4
GO:0009615,response to virus,5/15,25/483,0.2,6.44,4.995539383036243,5.208590062231397e-4,9.641115129517141e-4,1.7752094013939008e-4,Il6/Cxcl10/Ccl5/Tnf/Il1b,5
GO:1901576,organic substance biosynthetic process,12/15,174/483,0.06896551724137931,2.220689655172414,3.6003678144704394,5.38840309838032e-4,9.945452575867676e-4,1.831246767269101e-4,Il6/Ccl2/Ccl5/Tnf/Nfkbia/Socs3/Jun/Fos/Stat3/Ptgs2/Il1b/Tlr2,12
GO:0006355,regulation of DNA-templated transcription,8/15,74/483,0.10810810810810811,3.481081081081081,4.1480251901056615,5.561212657795375e-4,0.0010235166316056444,1.8845914839732414e-4,Il6/Tnf/Nfkbia/Jun/Fos/Stat3/Il1b/Tlr2,8
GO:0050877,nervous system process,7/15,56/483,0.125,4.025,4.30577842286595,6.018130866917443e-4,0.0011044637897808715,2.0336387199810735e-4,Il6/Ccl2/Tnf/Jun/Ptgs2/Il1b/Tlr2,7
GO:0014070,response to organic cyclic compound,5/15,26/483,0.19230769230769232,6.1923076923076925,4.867827911807823,6.333426873326918e-4,0.001159035059538014,2.13412028234961e-4,Il6/Tnf/Nfkbia/Stat3/Il1b,5
GO:0050790,regulation of catalytic activity,6/15,40/483,0.15,4.83,4.5234847303222026,6.366743149087454e-4,0.001161840698957767,2.1392862796517463e-4,Ccl2/Ccl5/Tnf/Stat3/Ptgs2/Il1b,6
GO:0006351,DNA-templated transcription,8/15,76/483,0.10526315789473684,3.389473684210526,4.058430055201121,6.753699724368623e-4,0.001219637623763467,2.2457072101233797e-4,Il6/Tnf/Nfkbia/Jun/Fos/Stat3/Il1b/Tlr2,8
GO:0009892,negative regulation of metabolic process,8/15,76/483,0.10526315789473684,3.389473684210526,4.058430055201121,6.753699724368623e-4,0.001219637623763467,2.2457072101233797e-4,Il6/Tnf/Socs3/Jun/Stat3/Ptgs2/Il1b/Tlr2,8
GO:2001141,regulation of RNA biosynthetic process,8/15,76/483,0.10526315789473684,3.389473684210526,4.058430055201121,6.753699724368623e-4,0.001219637623763467,2.2457072101233797e-4,Il6/Tnf/Nfkbia/Jun/Fos/Stat3/Il1b/Tlr2,8
GO:0044255,cellular lipid metabolic process,4/15,15/483,0.26666666666666666,8.586666666666668,5.338508371648284,6.7778623363945e-4,0.001219637623763467,2.2457072101233797e-4,Tnf/Socs3/Ptgs2/Il1b,4
GO:0048729,tissue morphogenesis,4/15,15/483,0.26666666666666666,8.586666666666668,5.338508371648284,6.7778623363945e-4,0.001219637623763467,2.2457072101233797e-4,Il6/Cxcl10/Tnf/Socs3,4
GO:0032774,RNA biosynthetic process,8/15,78/483,0.10256410256410256,3.302564102564103,3.971711930838034,8.151026874679523e-4,0.0014626564891786033,2.69317554631224e-4,Il6/Tnf/Nfkbia/Jun/Fos/Stat3/Il1b/Tlr2,8
GO:0009059,macromolecule biosynthetic process,11/15,152/483,0.07236842105263158,2.330263157894737,3.5431666744666406,8.828555320909803e-4,0.0015740778224563657,2.8983345924322854e-4,Il6/Ccl2/Ccl5/Tnf/Nfkbia/Jun/Fos/Stat3/Ptgs2/Il1b/Tlr2,11
GO:0010817,regulation of hormone levels,4/15,16/483,0.25,8.05,5.129049496730467,8.869416832416674e-4,0.0015740778224563657,2.8983345924322854e-4,Il6/Ccl5/Tnf/Il1b,4
GO:0044283,small molecule biosynthetic process,4/15,16/483,0.25,8.05,5.129049496730467,8.869416832416674e-4,0.0015740778224563657,2.8983345924322854e-4,Il6/Tnf/Ptgs2/Il1b,4
GO:0051960,regulation of nervous system development,4/15,16/483,0.25,8.05,5.129049496730467,8.869416832416674e-4,0.0015740778224563657,2.8983345924322854e-4,Il6/Tnf/Il1b/Tlr2,4
GO:0050776,regulation of immune response,5/15,28/483,0.17857142857142858,5.75,4.631409147369221,9.126613948399763e-4,0.001615285646757876,2.9742101691973273e-4,Il6/Tnf/Nfkbia/Il1b/Tlr2,5
GO:0044281,small molecule metabolic process,6/15,43/483,0.13953488372093023,4.493023255813953,4.291959238538336,9.604128984599825e-4,0.0016951550065714446,3.121272865285534e-4,Il6/Tnf/Stat3/Ptgs2/Il1b/Tlr2,6
GO:0007268,chemical synaptic transmission,5/15,29/483,0.1724137931034483,5.551724137931035,4.521611325184181,0.0010830077552178468,0.0018908729996506188,3.481646553047416e-4,Ccl2/Tnf/Stat3/Ptgs2/Il1b,5
GO:0019725,cellular homeostasis,5/15,29/483,0.1724137931034483,5.551724137931035,4.521611325184181,0.0010830077552178468,0.0018908729996506188,3.481646553047416e-4,Il6/Cxcl10/Ccl2/Ccl5/Icam1,5
GO:0098916,anterograde trans-synaptic signaling,5/15,29/483,0.1724137931034483,5.551724137931035,4.521611325184181,0.0010830077552178468,0.0018908729996506188,3.481646553047416e-4,Ccl2/Tnf/Stat3/Ptgs2/Il1b,5
GO:0099537,trans-synaptic signaling,5/15,29/483,0.1724137931034483,5.551724137931035,4.521611325184181,0.0010830077552178468,0.0018908729996506188,3.481646553047416e-4,Ccl2/Tnf/Stat3/Ptgs2/Il1b,5
GO:0006816,calcium ion transport,4/15,17/483,0.23529411764705882,7.576470588235294,4.937085025602603,0.0011383002996636388,0.001971426256253916,3.6299685018199856e-4,Cxcl10/Ccl5/Icam1/Ptgs2,4
GO:0008610,lipid biosynthetic process,4/15,17/483,0.23529411764705882,7.576470588235294,4.937085025602603,0.0011383002996636388,0.001971426256253916,3.6299685018199856e-4,Tnf/Socs3/Ptgs2/Il1b,4
GO:0090066,regulation of anatomical structure size,4/15,17/483,0.23529411764705882,7.576470588235294,4.937085025602603,0.0011383002996636388,0.001971426256253916,3.6299685018199856e-4,Tnf/Icam1/Ptgs2/Tlr2,4
GO:0051128,regulation of cellular component organization,7/15,62/483,0.11290322580645161,3.6354838709677417,3.9752219486256197,0.0011583412327085822,0.0020007712201330057,3.6840011059968984e-4,Il6/Cxcl10/Ccl2/Tnf/Icam1/Il1b/Tlr2,7
GO:0016043,cellular component organization,10/15,132/483,0.07575757575757576,2.4393939393939394,3.4694393446303673,0.0014245067393825037,0.0024539502763762594,4.5184354119360816e-4,Il6/Cxcl10/Ccl2/Ccl5/Tnf/Icam1/Jun/Stat3/Il1b/Tlr2,10
GO:0002833,positive regulation of response to biotic stimulus,4/15,18/483,0.2222222222222222,7.155555555555555,4.760178664934397,0.0014363166850137176,0.0024677143045714403,4.543778986745523e-4,Tnf/Nfkbia/Cxcl1/Tlr2,4
GO:0099536,synaptic signaling,5/15,31/483,0.16129032258064516,5.193548387096774,4.316577176347524,0.0014943147557833643,0.002560549952880778,4.7147163870869796e-4,Ccl2/Tnf/Stat3/Ptgs2/Il1b,5
GO:0071840,cellular component organization or biogenesis,10/15,134/483,0.07462686567164178,2.4029850746268653,3.4169526346865284,0.0016235652245946584,0.002774664378540078,5.108963251996559e-4,Il6/Cxcl10/Ccl2/Ccl5/Tnf/Icam1/Jun/Stat3/Il1b/Tlr2,10
GO:0034654,nucleobase-containing compound biosynthetic process,8/15,86/483,0.09302325581395349,2.9953488372093022,3.650219884837367,0.001635061205630881,0.0027869380971966996,5.131562733961659e-4,Il6/Tnf/Nfkbia/Jun/Fos/Stat3/Il1b/Tlr2,8
GO:0030001,metal ion transport,5/15,32/483,0.15625,5.03125,4.220585205944942,0.0017391382885897384,0.002956535090602555,5.443840072316909e-4,Cxcl10/Ccl5/Icam1/Ptgs2/Cxcl1,5
GO:0051252,regulation of RNA metabolic process,8/15,87/483,0.09195402298850575,2.9609195402298853,3.612584628435268,0.001773473514782284,0.003006991838712219,5.536745604928805e-4,Il6/Tnf/Nfkbia/Jun/Fos/Stat3/Il1b/Tlr2,8
GO:0002253,activation of immune response,4/15,19/483,0.21052631578947367,6.778947368421052,4.596346611264007,0.0017854765274625943,0.003011534821777639,5.545110556637986e-4,Tnf/Nfkbia/Il1b/Tlr2,4
GO:0030162,regulation of proteolysis,4/15,19/483,0.21052631578947367,6.778947368421052,4.596346611264007,0.0017854765274625943,0.003011534821777639,5.545110556637986e-4,Tnf/Stat3/Ptgs2/Il1b,4
GO:0031324,negative regulation of cellular metabolic process,7/15,67/483,0.1044776119402985,3.364179104477612,3.729214229652652,0.0018879985273090134,0.0031761641891708925,5.848241052245573e-4,Il6/Tnf/Socs3/Jun/Stat3/Il1b/Tlr2,7
GO:0018130,heterocycle biosynthetic process,8/15,88/483,0.09090909090909091,2.9272727272727277,3.5754621598950043,0.001921336134056614,0.0032238523184430455,5.936048753202936e-4,Il6/Tnf/Nfkbia/Jun/Fos/Stat3/Il1b/Tlr2,8
GO:0044248,cellular catabolic process,5/15,33/483,0.15151515151515152,4.878787878787879,4.128506426206937,0.0020127326578456405,0.003351096126206917,6.170341571800254e-4,Il6/Tnf/Stat3/Il1b/Tlr2,5
GO:0051130,positive regulation of cellular component organization,5/15,33/483,0.15151515151515152,4.878787878787879,4.128506426206937,0.0020127326578456405,0.003351096126206917,6.170341571800254e-4,Il6/Ccl2/Tnf/Icam1/Il1b,5
GO:0051726,regulation of cell cycle,5/15,33/483,0.15151515151515152,4.878787878787879,4.128506426206937,0.0020127326578456405,0.003351096126206917,6.170341571800254e-4,Tnf/Jun/Stat3/Ptgs2/Il1b,5
GO:0019438,aromatic compound biosynthetic process,8/15,89/483,0.0898876404494382,2.89438202247191,3.5388379681417788,0.0020791302041457817,0.0034527457888899097,6.357508133364182e-4,Il6/Tnf/Nfkbia/Jun/Fos/Stat3/Il1b/Tlr2,8
GO:0033365,protein localization to organelle,4/15,20/483,0.2,6.44,4.443954708946722,0.0021902743135559914,0.0036187140832664205,6.663103982550196e-4,Il6/Nfkbia/Stat3/Ptgs2,4
GO:0044057,regulation of system process,4/15,20/483,0.2,6.44,4.443954708946722,0.0021902743135559914,0.0036187140832664205,6.663103982550196e-4,Il6/Tnf/Icam1/Ptgs2,4
GO:0071704,organic substance metabolic process,13/15,236/483,0.05508474576271186,1.773728813559322,2.9726413676404353,0.0025035706806511545,0.0041257822951547085,7.596763880600979e-4,Il6/Ccl2/Ccl5/Tnf/Nfkbia/Socs3/Icam1/Jun/Fos/Stat3/Ptgs2/Il1b/Tlr2,13
GO:0001667,ameboidal-type cell migration,3/15,10/483,0.3,9.66,4.949183356290544,0.002562112434408368,0.004169079679163239,7.676486943872348e-4,Tnf/Jun/Ptgs2,3
GO:0015711,organic anion transport,3/15,10/483,0.3,9.66,4.949183356290544,0.002562112434408368,0.004169079679163239,7.676486943872348e-4,Tnf/Ptgs2/Il1b,3
GO:0015849,organic acid transport,3/15,10/483,0.3,9.66,4.949183356290544,0.002562112434408368,0.004169079679163239,7.676486943872348e-4,Tnf/Ptgs2/Il1b,3
GO:0046890,regulation of lipid biosynthetic process,3/15,10/483,0.3,9.66,4.949183356290544,0.002562112434408368,0.004169079679163239,7.676486943872348e-4,Tnf/Ptgs2/Il1b,3
GO:0070663,regulation of leukocyte proliferation,3/15,10/483,0.3,9.66,4.949183356290544,0.002562112434408368,0.004169079679163239,7.676486943872348e-4,Il6/Ccl5/Il1b,3
GO:0006812,monoatomic cation transport,5/15,35/483,0.14285714285714285,4.6,3.9549749585903733,0.002654463380583267,0.004288136080533345,7.895704368588366e-4,Cxcl10/Ccl5/Icam1/Ptgs2/Cxcl1,5
GO:0051253,negative regulation of RNA metabolic process,5/15,35/483,0.14285714285714285,4.6,3.9549749585903733,0.002654463380583267,0.004288136080533345,7.895704368588366e-4,Il6/Tnf/Jun/Stat3/Il1b,5
GO:0044087,regulation of cellular component biogenesis,4/15,21/483,0.19047619047619047,6.133333333333334,4.30164283200396,0.002655192619525291,0.004288136080533345,7.895704368588366e-4,Tnf/Icam1/Il1b/Tlr2,4
GO:0034641,cellular nitrogen compound metabolic process,10/15,142/483,0.07042253521126761,2.267605633802817,3.2151213215223065,0.002673701077319212,0.0043072590921401765,7.930915388819292e-4,Il6/Tnf/Nfkbia/Icam1/Jun/Fos/Stat3/Ptgs2/Il1b/Tlr2,10
GO:0019219,regulation of nucleobase-containing compound metabolic process,8/15,93/483,0.08602150537634409,2.76989247311828,3.3970526285783866,0.002819764244803539,0.0045312629406544435,8.343371554406911e-4,Il6/Tnf/Nfkbia/Jun/Fos/Stat3/Il1b/Tlr2,8
GO:0045087,innate immune response,5/15,36/483,0.1388888888888889,4.472222222222223,3.8730332299110097,0.0030268049700571324,0.0048398911154873955,8.911645690892548e-4,Ccl2/Ccl5/Tnf/Nfkbia/Tlr2,5
GO:0045934,negative regulation of nucleobase-containing compound metabolic process,5/15,36/483,0.1388888888888889,4.472222222222223,3.8730332299110097,0.0030268049700571324,0.0048398911154873955,8.911645690892548e-4,Il6/Tnf/Jun/Stat3/Il1b,5
GO:0016032,viral process,4/15,22/483,0.18181818181818182,5.854545454545455,4.168268359129915,0.0031846829124347804,0.005054803836444393,9.307362449376185e-4,Ccl5/Tnf/Icam1/Jun,4
GO:0019752,carboxylic acid metabolic process,4/15,22/483,0.18181818181818182,5.854545454545455,4.168268359129915,0.0031846829124347804,0.005054803836444393,9.307362449376185e-4,Stat3/Ptgs2/Il1b/Tlr2,4
GO:0046907,intracellular transport,4/15,22/483,0.18181818181818182,5.854545454545455,4.168268359129915,0.0031846829124347804,0.005054803836444393,9.307362449376185e-4,Il6/Nfkbia/Stat3/Ptgs2,4
GO:1901362,organic cyclic compound biosynthetic process,8/15,95/483,0.08421052631578947,2.7115789473684213,3.328810693563449,0.0032632719130513163,0.005166847195664584,9.5136668259752e-4,Il6/Tnf/Nfkbia/Jun/Fos/Stat3/Il1b/Tlr2,8
GO:0010001,glial cell differentiation,3/15,11/483,0.2727272727272727,8.781818181818181,4.669309320217848,0.0034566865340115538,0.005316713097551104,9.789613492313424e-4,Stat3/Il1b/Tlr2,3
GO:0019216,regulation of lipid metabolic process,3/15,11/483,0.2727272727272727,8.781818181818181,4.669309320217848,0.0034566865340115538,0.005316713097551104,9.789613492313424e-4,Tnf/Ptgs2/Il1b,3
GO:0030217,T cell differentiation,3/15,11/483,0.2727272727272727,8.781818181818181,4.669309320217848,0.0034566865340115538,0.005316713097551104,9.789613492313424e-4,Il6/Stat3/Il1b,3
GO:0034329,cell junction assembly,3/15,11/483,0.2727272727272727,8.781818181818181,4.669309320217848,0.0034566865340115538,0.005316713097551104,9.789613492313424e-4,Tnf/Il1b/Tlr2,3
GO:0042060,wound healing,3/15,11/483,0.2727272727272727,8.781818181818181,4.669309320217848,0.0034566865340115538,0.005316713097551104,9.789613492313424e-4,Il6/Ccl2/Tnf,3
GO:0045862,positive regulation of proteolysis,3/15,11/483,0.2727272727272727,8.781818181818181,4.669309320217848,0.0034566865340115538,0.005316713097551104,9.789613492313424e-4,Tnf/Stat3/Il1b,3
GO:0050806,positive regulation of synaptic transmission,3/15,11/483,0.2727272727272727,8.781818181818181,4.669309320217848,0.0034566865340115538,0.005316713097551104,9.789613492313424e-4,Ccl2/Tnf/Ptgs2,3
GO:0052547,regulation of peptidase activity,3/15,11/483,0.2727272727272727,8.781818181818181,4.669309320217848,0.0034566865340115538,0.005316713097551104,9.789613492313424e-4,Tnf/Stat3/Ptgs2,3
GO:0052548,regulation of endopeptidase activity,3/15,11/483,0.2727272727272727,8.781818181818181,4.669309320217848,0.0034566865340115538,0.005316713097551104,9.789613492313424e-4,Tnf/Stat3/Ptgs2,3
GO:0070661,leukocyte proliferation,3/15,11/483,0.2727272727272727,8.781818181818181,4.669309320217848,0.0034566865340115538,0.005316713097551104,9.789613492313424e-4,Il6/Ccl5/Il1b,3
GO:0080135,regulation of cellular response to stress,3/15,11/483,0.2727272727272727,8.781818181818181,4.669309320217848,0.0034566865340115538,0.005316713097551104,9.789613492313424e-4,Stat3/Ptgs2/Il1b,3
GO:1903522,regulation of blood circulation,3/15,11/483,0.2727272727272727,8.781818181818181,4.669309320217848,0.0034566865340115538,0.005316713097551104,9.789613492313424e-4,Tnf/Icam1/Ptgs2,3
GO:0006629,lipid metabolic process,4/15,23/483,0.17391304347826086,5.6,4.042863291003492,0.0037831477942482134,0.005771648552762907,0.0010627281839045274,Tnf/Socs3/Ptgs2/Il1b,4
GO:0009887,animal organ morphogenesis,4/15,23/483,0.17391304347826086,5.6,4.042863291003492,0.0037831477942482134,0.005771648552762907,0.0010627281839045274,Il6/Tnf/Jun/Stat3,4
GO:0043436,oxoacid metabolic process,4/15,23/483,0.17391304347826086,5.6,4.042863291003492,0.0037831477942482134,0.005771648552762907,0.0010627281839045274,Stat3/Ptgs2/Il1b/Tlr2,4
GO:0006807,nitrogen compound metabolic process,12/15,209/483,0.05741626794258373,1.8488038277511962,2.9137441403054303,0.0037882027652809173,0.005771648552762907,0.0010627281839045274,Il6/Ccl5/Tnf/Nfkbia/Socs3/Icam1/Jun/Fos/Stat3/Ptgs2/Il1b/Tlr2,12
GO:0010629,negative regulation of gene expression,5/15,38/483,0.13157894736842105,4.2368421052631575,3.7177444139250717,0.003885174621759541,0.005877805165472279,0.001082274700502473,Il6/Tnf/Stat3/Il1b/Tlr2,5
GO:0030182,neuron differentiation,5/15,38/483,0.13157894736842105,4.2368421052631575,3.7177444139250717,0.003885174621759541,0.005877805165472279,0.001082274700502473,Il6/Ccl5/Jun/Stat3/Il1b,5
GO:0048699,generation of neurons,5/15,38/483,0.13157894736842105,4.2368421052631575,3.7177444139250717,0.003885174621759541,0.005877805165472279,0.001082274700502473,Il6/Ccl5/Jun/Stat3/Il1b,5
GO:0016070,RNA metabolic process,8/15,98/483,0.08163265306122448,2.628571428571428,3.2295031056944827,0.004032929584816692,0.006087085307924259,0.0011208092550031633,Il6/Tnf/Nfkbia/Jun/Fos/Stat3/Il1b/Tlr2,8
GO:0006082,organic acid metabolic process,4/15,24/483,0.16666666666666666,5.366666666666666,3.9246012797620073,0.004454924624083792,0.0066698133926820806,0.0012281064255712485,Stat3/Ptgs2/Il1b/Tlr2,4
GO:0055082,intracellular chemical homeostasis,4/15,24/483,0.16666666666666666,5.366666666666666,3.9246012797620073,0.004454924624083792,0.0066698133926820806,0.0012281064255712485,Cxcl10/Ccl2/Ccl5/Icam1,4
GO:0001818,negative regulation of cytokine production,3/15,12/483,0.25,8.05,4.422985428191143,0.004522257377700853,0.0066698133926820806,0.0012281064255712485,Il6/Tnf/Tlr2,3
GO:0002221,pattern recognition receptor signaling pathway,3/15,12/483,0.25,8.05,4.422985428191143,0.004522257377700853,0.0066698133926820806,0.0012281064255712485,Tnf/Nfkbia/Tlr2,3
GO:0002758,innate immune response-activating signaling pathway,3/15,12/483,0.25,8.05,4.422985428191143,0.004522257377700853,0.0066698133926820806,0.0012281064255712485,Tnf/Nfkbia/Tlr2,3
GO:0030098,lymphocyte differentiation,3/15,12/483,0.25,8.05,4.422985428191143,0.004522257377700853,0.0066698133926820806,0.0012281064255712485,Il6/Stat3/Il1b,3
GO:0030522,intracellular receptor signaling pathway,3/15,12/483,0.25,8.05,4.422985428191143,0.004522257377700853,0.0066698133926820806,0.0012281064255712485,Tnf/Nfkbia/Stat3,3
GO:0034762,regulation of transmembrane transport,3/15,12/483,0.25,8.05,4.422985428191143,0.004522257377700853,0.0066698133926820806,0.0012281064255712485,Cxcl10/Tnf/Il1b,3
GO:0042742,defense response to bacterium,3/15,12/483,0.25,8.05,4.422985428191143,0.004522257377700853,0.0066698133926820806,0.0012281064255712485,Tnf/Il1b/Tlr2,3
GO:0043270,positive regulation of monoatomic ion transport,3/15,12/483,0.25,8.05,4.422985428191143,0.004522257377700853,0.0066698133926820806,0.0012281064255712485,Cxcl10/Ccl5/Cxcl1,3
GO:0010558,negative regulation of macromolecule biosynthetic process,6/15,59/483,0.1016949152542373,3.274576271186441,3.3349536612264243,0.005370784713301761,0.00790325039816159,0.0014552180136748567,Il6/Tnf/Jun/Stat3/Il1b/Tlr2,6
GO:0006811,monoatomic ion transport,5/15,41/483,0.12195121951219512,3.926829268292683,3.503679766324529,0.005489769330127906,0.008041702918962874,0.0014807111452546924,Cxcl10/Ccl5/Icam1/Ptgs2/Cxcl1,5
GO:0007049,cell cycle,5/15,41/483,0.12195121951219512,3.926829268292683,3.503679766324529,0.005489769330127906,0.008041702918962874,0.0014807111452546924,Tnf/Jun/Stat3/Ptgs2/Il1b,5
GO:0044238,primary metabolic process,12/15,217/483,0.055299539170506916,1.7806451612903227,2.7713344654568215,0.005572934547625755,0.008145058184991488,0.0014997418525403915,Il6/Ccl5/Tnf/Nfkbia/Socs3/Icam1/Jun/Fos/Stat3/Ptgs2/Il1b/Tlr2,12
GO:0001503,ossification,3/15,13/483,0.23076923076923078,7.430769230769231,4.203701739348267,0.005768364428027946,0.008336383491064997,0.0015349704000168559,Il6/Tnf/Ptgs2,3
GO:0002218,activation of innate immune response,3/15,13/483,0.23076923076923078,7.430769230769231,4.203701739348267,0.005768364428027946,0.008336383491064997,0.0015349704000168559,Tnf/Nfkbia/Tlr2,3
GO:0043086,negative regulation of catalytic activity,3/15,13/483,0.23076923076923078,7.430769230769231,4.203701739348267,0.005768364428027946,0.008336383491064997,0.0015349704000168559,Tnf/Ptgs2/Il1b,3
GO:0048872,homeostasis of number of cells,3/15,13/483,0.23076923076923078,7.430769230769231,4.203701739348267,0.005768364428027946,0.008336383491064997,0.0015349704000168559,Il6/Ccl2/Stat3,3
GO:0051054,positive regulation of DNA metabolic process,3/15,13/483,0.23076923076923078,7.430769230769231,4.203701739348267,0.005768364428027946,0.008336383491064997,0.0015349704000168559,Il6/Tnf/Jun,3
GO:0051129,negative regulation of cellular component organization,4/15,26/483,0.15384615384615385,4.953846153846154,3.7067608098803273,0.006035348232188982,0.008702756602665363,0.0016024303342043115,Cxcl10/Tnf/Il1b/Tlr2,4
GO:0009890,negative regulation of biosynthetic process,6/15,61/483,0.09836065573770492,3.1672131147540985,3.238594203796208,0.0063888230678612575,0.009171510448529716,0.0016887415360662505,Il6/Tnf/Jun/Stat3/Il1b/Tlr2,6
GO:0031327,negative regulation of cellular biosynthetic process,6/15,61/483,0.09836065573770492,3.1672131147540985,3.238594203796208,0.0063888230678612575,0.009171510448529716,0.0016887415360662505,Il6/Tnf/Jun/Stat3/Il1b/Tlr2,6
GO:0005975,carbohydrate metabolic process,3/15,14/483,0.21428571428571427,6.9,4.00659855661592,0.007203436261228626,0.010272449944268637,0.0018914564831389211,Il6/Tnf/Stat3,3
GO:0009895,negative regulation of catabolic process,3/15,14/483,0.21428571428571427,6.9,4.00659855661592,0.007203436261228626,0.010272449944268637,0.0018914564831389211,Tnf/Stat3/Il1b,3
GO:0030036,actin cytoskeleton organization,3/15,14/483,0.21428571428571427,6.9,4.00659855661592,0.007203436261228626,0.010272449944268637,0.0018914564831389211,Tnf/Icam1/Tlr2,3
GO:0009987,cellular process,15/15,351/483,0.042735042735042736,1.376068376068376,2.4103473341642556,0.007656439258743186,0.010894404760238102,0.0020059764345884074,Il6/Cxcl10/Ccl2/Ccl5/Tnf/Nfkbia/Socs3/Icam1/Jun/Fos/Stat3/Ptgs2/Cxcl1/Il1b/Tlr2,15
GO:0002757,immune response-activating signaling pathway,3/15,15/483,0.2,6.44,3.8279638236072047,0.00883484876812592,0.012353489835950962,0.0022746363882393,Tnf/Nfkbia/Tlr2,3
GO:0002764,immune response-regulating signaling pathway,3/15,15/483,0.2,6.44,3.8279638236072047,0.00883484876812592,0.012353489835950962,0.0022746363882393,Tnf/Nfkbia/Tlr2,3
GO:0003013,circulatory system process,3/15,15/483,0.2,6.44,3.8279638236072047,0.00883484876812592,0.012353489835950962,0.0022746363882393,Tnf/Icam1/Ptgs2,3
GO:0006874,intracellular calcium ion homeostasis,3/15,15/483,0.2,6.44,3.8279638236072047,0.00883484876812592,0.012353489835950962,0.0022746363882393,Cxcl10/Ccl2/Ccl5,3
GO:0008015,blood circulation,3/15,15/483,0.2,6.44,3.8279638236072047,0.00883484876812592,0.012353489835950962,0.0022746363882393,Tnf/Icam1/Ptgs2,3
GO:0019058,viral life cycle,3/15,15/483,0.2,6.44,3.8279638236072047,0.00883484876812592,0.012353489835950962,0.0022746363882393,Ccl5/Tnf/Icam1,3
GO:0055074,calcium ion homeostasis,3/15,15/483,0.2,6.44,3.8279638236072047,0.00883484876812592,0.012353489835950962,0.0022746363882393,Cxcl10/Ccl2/Ccl5,3
GO:1902532,negative regulation of intracellular signal transduction,3/15,15/483,0.2,6.44,3.8279638236072047,0.00883484876812592,0.012353489835950962,0.0022746363882393,Nfkbia/Ptgs2/Il1b,3
GO:0033043,regulation of organelle organization,4/15,29/483,0.13793103448275862,4.441379310344828,3.4186121988892517,0.009058934068764832,0.012639463085144884,0.0023272923718777446,Tnf/Icam1/Il1b/Tlr2,4
GO:0090304,nucleic acid metabolic process,8/15,111/483,0.07207207207207207,2.3207207207207206,2.8356147913183665,0.009222110271995541,0.01283940352523517,0.0023641072158246284,Il6/Tnf/Nfkbia/Jun/Fos/Stat3/Il1b/Tlr2,8
GO:0006996,organelle organization,6/15,67/483,0.08955223880597014,2.883582089552239,2.9711290137762925,0.010321552963089412,0.014339189707861848,0.0026402614257591476,Tnf/Icam1/Jun/Stat3/Il1b/Tlr2,6
GO:0010638,positive regulation of organelle organization,3/15,16/483,0.1875,6.0375,3.664905934720528,0.01066898117233,0.014695441017750917,0.00270585764217998,Tnf/Icam1/Il1b,3
GO:0032787,monocarboxylic acid metabolic process,3/15,16/483,0.1875,6.0375,3.664905934720528,0.01066898117233,0.014695441017750917,0.00270585764217998,Stat3/Ptgs2/Il1b,3
GO:0048732,gland development,3/15,16/483,0.1875,6.0375,3.664905934720528,0.01066898117233,0.014695441017750917,0.00270585764217998,Il6/Tnf/Jun,3
GO:0051052,regulation of DNA metabolic process,3/15,16/483,0.1875,6.0375,3.664905934720528,0.01066898117233,0.014695441017750917,0.00270585764217998,Il6/Tnf/Jun,3
GO:0120036,plasma membrane bounded cell projection organization,4/15,31/483,0.12903225806451613,4.154838709677419,3.2473942142060594,0.011554336285645197,0.01588106646920595,0.0029241657341050552,Il6/Ccl5/Icam1/Jun,4
GO:0010035,response to inorganic substance,3/15,17/483,0.17647058823529413,5.682352941176471,3.5151338822716207,0.012711269930758502,0.01739720418489405,0.003203330736341906,Il6/Jun/Fos,3
GO:0045089,positive regulation of innate immune response,3/15,17/483,0.17647058823529413,5.682352941176471,3.5151338822716207,0.012711269930758502,0.01739720418489405,0.003203330736341906,Tnf/Nfkbia/Tlr2,3
GO:0000003,reproduction,4/15,32/483,0.125,4.025,3.167074790197445,0.012956507428081654,0.017695356867950842,0.0032582293076070475,Icam1/Stat3/Ptgs2/Il1b,4
GO:0003006,developmental process involved in reproduction,3/15,18/483,0.16666666666666666,5.366666666666666,3.3768054428144727,0.014966260579907431,0.020268772189979457,0.0037320698345570777,Icam1/Ptgs2/Il1b,3
GO:0030029,actin filament-based process,3/15,18/483,0.16666666666666666,5.366666666666666,3.3768054428144727,0.014966260579907431,0.020268772189979457,0.0037320698345570777,Tnf/Icam1/Tlr2,3
GO:0034330,cell junction organization,3/15,18/483,0.16666666666666666,5.366666666666666,3.3768054428144727,0.014966260579907431,0.020268772189979457,0.0037320698345570777,Tnf/Il1b/Tlr2,3
GO:0042391,regulation of membrane potential,3/15,18/483,0.16666666666666666,5.366666666666666,3.3768054428144727,0.014966260579907431,0.020268772189979457,0.0037320698345570777,Il6/Tnf/Jun,3
GO:0030030,cell projection organization,4/15,34/483,0.11764705882352941,3.788235294117647,3.0157263482771968,0.016085839989967713,0.02173944065589779,0.004002862626880316,Il6/Ccl5/Icam1/Jun,4
GO:0032102,negative regulation of response to external stimulus,3/15,19/483,0.15789473684210525,5.084210526315789,3.2484198272685516,0.017437657589740856,0.023468180839526235,0.004321173920264729,Tnf/Socs3/Stat3,3
GO:0098771,inorganic ion homeostasis,3/15,19/483,0.15789473684210525,5.084210526315789,3.2484198272685516,0.017437657589740856,0.023468180839526235,0.004321173920264729,Cxcl10/Ccl2/Ccl5,3
GO:0006139,nucleobase-containing compound metabolic process,8/15,123/483,0.06504065040650407,2.0943089430894313,2.5141285271329856,0.017727234934065264,0.023808303050740456,0.004383800301016249,Il6/Tnf/Nfkbia/Jun/Fos/Stat3/Il1b/Tlr2,8
GO:0010608,post-transcriptional regulation of gene expression,3/15,20/483,0.15,4.83,3.128740171923887,0.020128372285538168,0.026921177011299497,0.004956970836364417,Il6/Tnf/Stat3,3
GO:0098657,import into cell,3/15,20/483,0.15,4.83,3.128740171923887,0.020128372285538168,0.026921177011299497,0.004956970836364417,Ccl2/Tnf/Tlr2,3
GO:0009056,catabolic process,5/15,56/483,0.08928571428571429,2.875,2.668870923264019,0.021184476501106896,0.028275148387841027,0.005206276304099781,Il6/Tnf/Stat3/Il1b/Tlr2,5
GO:0046483,heterocycle metabolic process,8/15,127/483,0.06299212598425197,2.0283464566929132,2.414140487129832,0.02160869714294075,0.028781893514102524,0.005299582804454269,Il6/Tnf/Nfkbia/Jun/Fos/Stat3/Il1b/Tlr2,8
GO:0022607,cellular component assembly,5/15,57/483,0.08771929824561403,2.824561403508772,2.6232358204568493,0.022790621351117386,0.030293706569592245,0.00557795151110302,Ccl5/Tnf/Icam1/Il1b/Tlr2,5
GO:0000122,negative regulation of transcription by RNA polymerase II,3/15,21/483,0.14285714285714285,4.6,3.0167365315352446,0.023040568896540346,0.030314068242698704,0.005581700686695378,Tnf/Jun/Il1b,3
GO:0006873,intracellular monoatomic ion homeostasis,3/15,21/483,0.14285714285714285,4.6,3.0167365315352446,0.023040568896540346,0.030314068242698704,0.005581700686695378,Cxcl10/Ccl2/Ccl5,3
GO:0030003,intracellular monoatomic cation homeostasis,3/15,21/483,0.14285714285714285,4.6,3.0167365315352446,0.023040568896540346,0.030314068242698704,0.005581700686695378,Cxcl10/Ccl2/Ccl5,3
GO:0045088,regulation of innate immune response,3/15,21/483,0.14285714285714285,4.6,3.0167365315352446,0.023040568896540346,0.030314068242698704,0.005581700686695378,Tnf/Nfkbia/Tlr2,3
GO:0055080,monoatomic cation homeostasis,3/15,21/483,0.14285714285714285,4.6,3.0167365315352446,0.023040568896540346,0.030314068242698704,0.005581700686695378,Cxcl10/Ccl2/Ccl5,3
GO:1901566,organonitrogen compound biosynthetic process,4/15,38/483,0.10526315789473684,3.389473684210526,2.7444812421495652,0.023723666351405485,0.03114936679473159,0.005735503418290158,Il6/Tnf/Stat3/Il1b,4
GO:0006725,cellular aromatic compound metabolic process,8/15,130/483,0.06153846153846154,1.9815384615384617,2.341196507866116,0.024920926539689806,0.03265500718993836,0.006012735558844771,Il6/Tnf/Nfkbia/Jun/Fos/Stat3/Il1b/Tlr2,8
GO:0050801,monoatomic ion homeostasis,3/15,22/483,0.13636363636363635,4.390909090909091,2.911543254598236,0.026175708788767533,0.03422977303146524,0.006302695702388092,Cxcl10/Ccl2/Ccl5,3
GO:0006508,proteolysis,4/15,40/483,0.1,3.22,2.621967650473966,0.028271009854684215,0.03689509568914344,0.006793459040041076,Tnf/Stat3/Ptgs2/Il1b,4
GO:0044085,cellular component biogenesis,5/15,62/483,0.08064516129032258,2.596774193548387,2.40848820632764,0.032063410030864437,0.04176000580632747,0.0076892303342268285,Ccl5/Tnf/Icam1/Il1b/Tlr2,5
GO:0008544,epidermis development,2/15,10/483,0.2,6.44,3.1089558265843604,0.035110846981508896,0.04491407356446485,0.008269985844524241,Tnf/Ptgs2,2
GO:0016053,organic acid biosynthetic process,2/15,10/483,0.2,6.44,3.1089558265843604,0.035110846981508896,0.04491407356446485,0.008269985844524241,Ptgs2/Il1b,2
GO:0032970,regulation of actin filament-based process,2/15,10/483,0.2,6.44,3.1089558265843604,0.035110846981508896,0.04491407356446485,0.008269985844524241,Icam1/Tlr2,2
GO:0040013,negative regulation of locomotion,2/15,10/483,0.2,6.44,3.1089558265843604,0.035110846981508896,0.04491407356446485,0.008269985844524241,Tnf/Stat3,2
GO:0043010,camera-type eye development,2/15,10/483,0.2,6.44,3.1089558265843604,0.035110846981508896,0.04491407356446485,0.008269985844524241,Jun/Stat3,2
GO:0051047,positive regulation of secretion,2/15,10/483,0.2,6.44,3.1089558265843604,0.035110846981508896,0.04491407356446485,0.008269985844524241,Il1b/Tlr2,2
GO:0051493,regulation of cytoskeleton organization,2/15,10/483,0.2,6.44,3.1089558265843604,0.035110846981508896,0.04491407356446485,0.008269985844524241,Icam1/Tlr2,2
GO:0060759,regulation of response to cytokine stimulus,2/15,10/483,0.2,6.44,3.1089558265843604,0.035110846981508896,0.04491407356446485,0.008269985844524241,Il6/Tlr2,2
GO:0090068,positive regulation of cell cycle process,2/15,10/483,0.2,6.44,3.1089558265843604,0.035110846981508896,0.04491407356446485,0.008269985844524241,Tnf/Il1b,2
GO:1901360,organic cyclic compound metabolic process,8/15,138/483,0.057971014492753624,1.8666666666666667,2.1544097756651315,0.03562696260250369,0.045484224982643054,0.008374967285381563,Il6/Tnf/Nfkbia/Jun/Fos/Stat3/Il1b/Tlr2,8
GO:0007186,G protein-coupled receptor signaling pathway,4/15,43/483,0.09302325581395349,2.9953488372093022,2.4517317088321517,0.036045842088183254,0.0459282327198548,0.00845672200968485,Cxcl10/Ccl2/Ccl5/Cxcl1,4
GO:0007417,central nervous system development,3/15,25/483,0.12,3.864,2.630004557539669,0.03692373891175187,0.04695420341927502,0.008645633023265565,Stat3/Il1b/Tlr2,3
GO:0051649,establishment of localization in cell,4/15,44/483,0.09090909090909091,2.9272727272727277,2.398189383085446,0.038897638557316976,0.04936714048728245,0.009089924841230107,Il6/Nfkbia/Stat3/Ptgs2,4
