Gene,baseMean,log2FoldChange,lfcSE,stat,pvalue,padj,model_id,contrast_name,comparison_label,padj_plot,log_padj,significant,direction
Stat1,453.97425946976114,1.400674149712323,0.6408939734683315,2.185500578406569,0.02885216358762072,0.24289495857485352,Brain,Treatment vs Control,Brain | Treatment vs Control,0.24289495857485352,0.6145814991341189,FALSE,NS
Stat2,634.4741871939548,2.522437513935233,0.5632329918295134,4.4784974433790925,7.517027064512798e-6,9.070545991178777e-4,Brain,Treatment vs Control,Brain | Treatment vs Control,9.070545991178777e-4,3.042366570291685,TRUE,Up
Irf7,738.5418253718844,2.6732079432545315,0.4353463620496564,6.140416404696223,8.230543970043951e-10,2.9794569171559104e-7,Brain,Treatment vs Control,Brain | Treatment vs Control,2.9794569171559104e-7,6.525862890076996,TRUE,Up
Isg15,436.1698301163651,2.52429706510756,0.5724980227622423,4.409267743717427,1.0372072815163123e-5,0.001072768674025443,Brain,Treatment vs Control,Brain | Treatment vs Control,0.001072768674025443,2.969493916827341,TRUE,Up
Ifit1,573.8797658793652,2.546731748262848,0.5424010831423646,4.695292519529141,2.662254699171164e-6,4.036377896940954e-4,Brain,Treatment vs Control,Brain | Treatment vs Control,4.036377896940954e-4,3.3940081806726576,TRUE,Up
Ifit3,338.30943444651035,1.0394561555966304,0.6647873627018197,1.56359193016559,0.11791343122575465,0.4758380118533526,Brain,Treatment vs Control,Brain | Treatment vs Control,0.4758380118533526,0.3225408677237963,FALSE,NS
Mx1,739.0488447450449,2.270300751853152,0.458852349266404,4.947780599756815,7.506444881502999e-7,1.8115553647360573e-4,Brain,Treatment vs Control,Brain | Treatment vs Control,1.8115553647360573e-4,3.741948388523216,TRUE,Up
Oas1a,671.772510718328,3.147700435366999,0.4788364932829564,6.573643570451394,4.909868504015097e-11,3.5547447969069306e-8,Brain,Treatment vs Control,Brain | Treatment vs Control,3.5547447969069306e-8,7.449191572788919,TRUE,Up
Mki67,131.34984219497383,0.20001064774246533,0.48057994771459567,0.4161860033770003,0.677273900919267,0.8851016322482839,Brain,Treatment vs Control,Brain | Treatment vs Control,0.8851016322482839,0.053006858352555086,FALSE,NS
Top2a,177.10108271648411,-0.4421514016534288,0.5216136879835633,-0.8476606573778438,0.39662698278683023,0.7478071237960029,Brain,Treatment vs Control,Brain | Treatment vs Control,0.7478071237960029,0.12621040196521996,FALSE,NS
Cdk1,194.51830787719746,-0.26452497421809656,0.5439767136500661,-0.4862799593812437,0.6267686861817477,0.8781638421500993,Brain,Treatment vs Control,Brain | Treatment vs Control,0.8781638421500993,0.05642444866862568,FALSE,NS
Ccnb1,144.60201225542653,-0.8866309088070771,0.6229674572485722,-1.4232379211636728,0.15466719610398583,0.5435876212586687,Brain,Treatment vs Control,Brain | Treatment vs Control,0.5435876212586687,0.2647304417119215,FALSE,NS
Ccnb2,143.17535984707482,-1.0017021747425705,0.5481914005171694,-1.8272854586875211,0.06765686043345562,0.3767966688755528,Brain,Treatment vs Control,Brain | Treatment vs Control,0.3767966688755528,0.42389294530421534,FALSE,NS
Aurkb,179.18317149819785,0.25206768375558886,0.5192415700070163,0.48545358907258285,0.6273546267429853,0.8781638421500993,Brain,Treatment vs Control,Brain | Treatment vs Control,0.8781638421500993,0.05642444866862568,FALSE,NS
Ube2c,77.7189816310058,-1.2709104371072273,0.6873831072584925,-1.8489113620729372,0.06447061277902603,0.3734137892161188,Brain,Treatment vs Control,Brain | Treatment vs Control,0.3734137892161188,0.4278096487064442,FALSE,NS
Birc5,122.70138241394442,-0.35522526254310444,0.7272692296681501,-0.48843708499147176,0.6252402793072431,0.8781638421500993,Brain,Treatment vs Control,Brain | Treatment vs Control,0.8781638421500993,0.05642444866862568,FALSE,NS
Il6,245.7584981655916,-0.4274408139625411,0.5862946800891011,-0.7290545667198984,0.46596828463482715,0.7937906778249761,Brain,Treatment vs Control,Brain | Treatment vs Control,0.7937906778249761,0.10029400569711572,FALSE,NS
Ccl2,170.1641284271304,-0.0035576071188131967,0.7035835319755315,-0.00505641044329747,0.9959655853657238,0.99612380942908,Brain,Treatment vs Control,Brain | Treatment vs Control,0.99612380942908,0.0016866792367782443,FALSE,NS
Cxcl10,267.7135341328055,1.6908820682669996,0.5720853209611145,2.955646660232926,0.0031201431500287964,0.09488447239831721,Brain,Treatment vs Control,Brain | Treatment vs Control,0.09488447239831721,1.0228048529413105,FALSE,NS
Nfkbia,337.30646074807817,0.6964254042997409,0.6765469251279778,1.029382262239981,0.30330008094107663,0.6721098667322722,Brain,Treatment vs Control,Brain | Treatment vs Control,0.6721098667322722,0.17255972900641134,FALSE,NS
Socs3,258.9564108688933,1.849242075605385,0.6295444724986784,2.9374288178016954,0.0033094613693332594,0.09488447239831721,Brain,Treatment vs Control,Brain | Treatment vs Control,0.09488447239831721,1.0228048529413105,FALSE,NS
Jun,287.7232139783265,1.8739506755356707,0.6496885287690756,2.8843831968006706,0.003921812137689942,0.09488447239831721,Brain,Treatment vs Control,Brain | Treatment vs Control,0.09488447239831721,1.0228048529413105,FALSE,NS
Fos,203.99395976834853,0.8340797868687072,0.6721446122436612,1.2409231163580947,0.2146341522800441,0.5999811824353356,Brain,Treatment vs Control,Brain | Treatment vs Control,0.5999811824353356,0.22186237043744406,FALSE,NS
Icam1,229.29130177221512,0.8291110740618236,0.6843577359560814,1.2115170626419742,0.22569729932794386,0.6054021883200037,Brain,Treatment vs Control,Brain | Treatment vs Control,0.6054021883200037,0.21795601355191924,FALSE,NS
Gene_0001,303.4235283036391,0.6960686507409979,0.6734765598561345,1.0335454746779746,0.3013487009022531,0.6721098667322722,Brain,Treatment vs Control,Brain | Treatment vs Control,0.6721098667322722,0.17255972900641134,FALSE,NS
Gene_0002,117.52167989899985,-1.0213947808043455,0.49098162394418604,-2.0803116267350488,0.037496959056948734,0.27930284646886516,Brain,Treatment vs Control,Brain | Treatment vs Control,0.27930284646886516,0.5539246382359024,FALSE,NS
Gene_0003,143.77430498114987,0.6710821507818314,0.5743797027620419,1.1683597932774656,0.24266166590675406,0.6121499864686061,Brain,Treatment vs Control,Brain | Treatment vs Control,0.6121499864686061,0.21314215577099846,FALSE,NS
Gene_0004,162.53502298555756,1.775871661377514,0.5559666840550843,3.1942051786713956,0.0014021642244564083,0.06767779323376263,Brain,Treatment vs Control,Brain | Treatment vs Control,0.06767779323376263,1.1695538107554484,FALSE,NS
Gene_0005,109.05191200389893,0.6297422422805172,0.5892635857303271,1.0686936330878503,0.2852077414134926,0.661828220459515,Brain,Treatment vs Control,Brain | Treatment vs Control,0.661828220459515,0.17925471839625987,FALSE,NS
Gene_0006,160.35226505821973,0.6402363229298139,0.5388649381686977,1.1881202089444178,0.23478605354781093,0.6114305956723256,Brain,Treatment vs Control,Brain | Treatment vs Control,0.6114305956723256,0.21365283319382763,FALSE,NS
Gene_0007,179.63691166428464,-0.29108401328581124,0.6117399150549067,-0.4758296886017075,0.6341957170743686,0.8781638421500993,Brain,Treatment vs Control,Brain | Treatment vs Control,0.8781638421500993,0.05642444866862568,FALSE,NS
Gene_0008,135.57978147992077,-0.7595524617257592,0.5364473241373484,-1.41589383999106,0.15680658877522174,0.5442327032855638,Brain,Treatment vs Control,Brain | Treatment vs Control,0.5442327032855638,0.26421536474346685,FALSE,NS
Gene_0009,136.40566297416956,0.8042002376113023,0.5116536313188017,1.571766891477841,0.1160046225395473,0.4745047837210861,Brain,Treatment vs Control,Brain | Treatment vs Control,0.4745047837210861,0.3237594048737839,FALSE,NS
Gene_0010,131.71212515985835,0.3100898383839123,0.48823487572283736,0.6351243096364648,0.5253473434400939,0.8153797204664762,Brain,Treatment vs Control,Brain | Treatment vs Control,0.8153797204664762,0.08864009420717368,FALSE,NS
Gene_0011,172.94673209639444,0.9568012053827859,0.6140998121067323,1.5580548740120623,0.11922024065342987,0.4758380118533526,Brain,Treatment vs Control,Brain | Treatment vs Control,0.4758380118533526,0.3225408677237963,FALSE,NS
Gene_0012,309.86661941175004,0.7728410071587527,0.7489400254285239,1.0319130783757395,0.30211283868265043,0.6721098667322722,Brain,Treatment vs Control,Brain | Treatment vs Control,0.6721098667322722,0.17255972900641134,FALSE,NS
Gene_0013,156.99214866316007,0.1504246479120407,0.48663749825254743,0.30911026883911785,0.757237648055841,0.9130940507607995,Brain,Treatment vs Control,Brain | Treatment vs Control,0.9130940507607995,0.0394844868438385,FALSE,NS
Gene_0014,176.71977335006147,-0.10757507453944389,0.7687607282312215,-0.13993310348585905,0.8887128458043907,0.9675610531765094,Brain,Treatment vs Control,Brain | Treatment vs Control,0.9675610531765094,0.014321621429369307,FALSE,NS
Gene_0015,185.02288812716233,1.0919543341868212,0.5945253416175986,1.8366825730519847,0.06625676939912836,0.3767966688755528,Brain,Treatment vs Control,Brain | Treatment vs Control,0.3767966688755528,0.42389294530421534,FALSE,NS
Gene_0016,201.2622946014908,0.9150147036280323,0.557220208659636,1.6421060999008852,0.10056801775861814,0.44397100522707034,Brain,Treatment vs Control,Brain | Treatment vs Control,0.44397100522707034,0.3526453917796712,FALSE,NS
Gene_0017,168.05977158688418,0.007468843245646374,0.5023434011869404,0.014868003099073145,0.988137486928503,0.99612380942908,Brain,Treatment vs Control,Brain | Treatment vs Control,0.99612380942908,0.0016866792367782443,FALSE,NS
Gene_0018,147.20911182382127,-0.42294005466870543,0.4987143696407484,-0.8480606944880545,0.39640416995477096,0.7478071237960029,Brain,Treatment vs Control,Brain | Treatment vs Control,0.7478071237960029,0.12621040196521996,FALSE,NS
Gene_0019,166.42725753997289,-0.8920794964006814,0.5862519370876292,-1.5216657548840458,0.12809285242276386,0.492339397135618,Brain,Treatment vs Control,Brain | Treatment vs Control,0.492339397135618,0.30773541047138087,FALSE,NS
Gene_0020,169.8517533161202,1.1428966017759257,0.5560202471044859,2.0554945754720966,0.03983125907302215,0.2843376063313084,Brain,Treatment vs Control,Brain | Treatment vs Control,0.2843376063313084,0.5461656969677393,FALSE,NS
Gene_0021,211.31031177557892,0.4406443261240429,0.5641531327919632,0.781072195670204,0.43476003396204616,0.7695996689205903,Brain,Treatment vs Control,Brain | Treatment vs Control,0.7695996689205903,0.11373512780235318,FALSE,NS
Gene_0022,194.41083616551379,0.14440490344692833,0.5880630085614055,0.2455602568850402,0.8060226577037795,0.9366940677007004,Brain,Treatment vs Control,Brain | Treatment vs Control,0.9366940677007004,0.028402230248225586,FALSE,NS
Gene_0023,126.62739372349098,1.272178754660011,0.6053205137098953,2.1016613939994655,0.0355829476817435,0.2740644055487478,Brain,Treatment vs Control,Brain | Treatment vs Control,0.2740644055487478,0.5621473653272141,FALSE,NS
Gene_0024,131.7542489872568,-0.5427938696201116,0.6022376604269613,-0.9012951286296069,0.3674314231681258,0.7269199540199481,Brain,Treatment vs Control,Brain | Treatment vs Control,0.7269199540199481,0.1385134095555236,FALSE,NS
Gene_0025,147.82129426755534,0.30605014392714014,0.4756970197659144,0.6433720019472569,0.5199827461534359,0.8141478176207311,Brain,Treatment vs Control,Brain | Treatment vs Control,0.8141478176207311,0.0892967369426482,FALSE,NS
Gene_0026,140.7594046305159,1.225327105073985,0.6583228280480155,1.8612860634154014,0.06270379019731595,0.3690857244134695,Brain,Treatment vs Control,Brain | Treatment vs Control,0.3690857244134695,0.43287275222605354,FALSE,NS
Gene_0027,196.17012387620198,-0.35109491235687595,0.6172066773403561,-0.5688449675719663,0.5694613550154057,0.8458064414254695,Brain,Treatment vs Control,Brain | Treatment vs Control,0.8458064414254695,0.0727290117111277,FALSE,NS
Gene_0028,124.76093848386579,-0.7864054531288108,0.5082963111081281,-1.5471398000398267,0.12182953852676101,0.47937274942051616,Brain,Treatment vs Control,Brain | Treatment vs Control,0.47937274942051616,0.31932665764628215,FALSE,NS
Gene_0029,163.67137410298156,-0.5088542857981391,0.5547192002785386,-0.9173186822136865,0.3589756704103831,0.7269199540199481,Brain,Treatment vs Control,Brain | Treatment vs Control,0.7269199540199481,0.1385134095555236,FALSE,NS
Gene_0030,216.40970909176625,0.03251640012166628,0.5925814351168557,0.05487245835714398,0.956240073857194,0.9927165849784463,Brain,Treatment vs Control,Brain | Treatment vs Control,0.9927165849784463,0.003174722449633011,FALSE,NS
Gene_0031,137.05491317936864,0.45814777212102525,0.5383046233187586,0.8510938830442326,0.3947172031085032,0.7478071237960029,Brain,Treatment vs Control,Brain | Treatment vs Control,0.7478071237960029,0.12621040196521996,FALSE,NS
Gene_0032,172.97951677129504,1.6042697562792718,0.5176994420837999,3.0988438964158456,0.0019427735390595666,0.07402989696205928,Brain,Treatment vs Control,Brain | Treatment vs Control,0.07402989696205928,1.1305928550868003,FALSE,NS
Gene_0033,133.33195742436612,-0.2934040371641482,0.5310040733228594,-0.5525457372259245,0.5805745074127981,0.8543413483066379,Brain,Treatment vs Control,Brain | Treatment vs Control,0.8543413483066379,0.0683685741979027,FALSE,NS
Gene_0034,225.58795853171296,0.8511411478514288,0.5760713247758904,1.4774926493391232,0.13954362724127595,0.5128405386938263,Brain,Treatment vs Control,Brain | Treatment vs Control,0.5128405386938263,0.29001765229740856,FALSE,NS
Gene_0035,287.8628428716987,-0.006659631517482257,0.7898679809006607,-0.00843132229500998,0.9932728578160317,0.99612380942908,Brain,Treatment vs Control,Brain | Treatment vs Control,0.99612380942908,0.0016866792367782443,FALSE,NS
Gene_0036,203.85006809389,-1.441430988145681,0.820446171999226,-1.756886724979492,0.07893711879993011,0.3933927609793078,Brain,Treatment vs Control,Brain | Treatment vs Control,0.3933927609793078,0.40517363601725853,FALSE,NS
Gene_0037,212.35934190507106,0.8263743335185325,0.83352527906460006,0.9914208414241588,0.32148012759683303,0.6942743923326496,Brain,Treatment vs Control,Brain | Treatment vs Control,0.6942743923326496,0.15846885299740174,FALSE,NS
Gene_0038,180.20934322664817,-0.6463475152685921,0.7273587972193767,-0.8886226683990309,0.37420590413342425,0.7290607645211482,Brain,Treatment vs Control,Brain | Treatment vs Control,0.7290607645211482,0.13723627333297495,FALSE,NS
Gene_0039,158.42619128064334,0.3526749187399378,0.5250832919915319,0.671655190936118,0.5018032338749726,0.8090518416869648,Brain,Treatment vs Control,Brain | Treatment vs Control,0.8090518416869648,0.09202364916988807,FALSE,NS
Gene_0040,195.93944492334018,0.5205440984168518,0.6566489081690751,0.7927281869214975,0.42793620425737805,0.7631177632569993,Brain,Treatment vs Control,Brain | Treatment vs Control,0.7631177632569993,0.11740843716143282,FALSE,NS
Gene_0041,125.08183692365482,-0.1237947721197028,0.5277578229279142,-0.23456738439784677,0.8145445267677793,0.936762452464745,Brain,Treatment vs Control,Brain | Treatment vs Control,0.936762452464745,0.02837052508147703,FALSE,NS
Gene_0042,136.48817621096438,-1.1237947572051445,0.5189988752733845,-2.16531250980685,0.03036376099524515,0.2498109427336078,Brain,Treatment vs Control,Brain | Treatment vs Control,0.2498109427336078,0.6023885416835216,FALSE,NS
Gene_0043,107.42628135567332,0.43488717745194677,0.5537739401662931,0.7853153532673536,0.43226869619627933,0.7670650393286917,Brain,Treatment vs Control,Brain | Treatment vs Control,0.7670650393286917,0.11516781072634207,FALSE,NS
Gene_0044,129.24530179933288,-0.3691653511768322,0.5453621267296789,-0.6769178369436303,0.49845808630186933,0.8073459831824461,Brain,Treatment vs Control,Brain | Treatment vs Control,0.8073459831824461,0.09294031114389194,FALSE,NS
Gene_0045,164.48766026145844,0.15276594246170233,0.5501569753908209,0.27767700728174965,0.781260312271881,0.9266278306160746,Brain,Treatment vs Control,Brain | Treatment vs Control,0.9266278306160746,0.033094660207243234,FALSE,NS
Gene_0046,125.42721329821579,-0.05039826468086737,0.49350396197499824,-0.10212332334511355,0.9186587884439661,0.975534846536902,Brain,Treatment vs Control,Brain | Treatment vs Control,0.975534846536902,0.01075721280109175,FALSE,NS
Gene_0047,160.57784646050254,2.122950679414767,0.7131351398832351,2.9769261962920064,0.002911540898051839,0.09488447239831721,Brain,Treatment vs Control,Brain | Treatment vs Control,0.09488447239831721,1.0228048529413105,FALSE,NS
Gene_0048,126.01879521562324,-0.5235251480648918,0.6134046370643625,-0.8534743893857457,0.3933962841541498,0.7478071237960029,Brain,Treatment vs Control,Brain | Treatment vs Control,0.7478071237960029,0.12621040196521996,FALSE,NS
Gene_0049,186.4213357816181,-0.22941567035650628,0.5369926514646111,-0.427223109535653,0.6692168307249159,0.8788795912766703,Brain,Treatment vs Control,Brain | Treatment vs Control,0.8788795912766703,0.056070620291503864,FALSE,NS
Gene_0050,174.420829801854,1.1032434274641647,0.5691677469891787,1.9383449489191453,0.05258115196017295,0.34277689851878584,Brain,Treatment vs Control,Brain | Treatment vs Control,0.34277689851878584,0.46498845507990655,FALSE,NS
Gene_0051,187.33428024408107,-0.3462624888398294,0.6837191156194115,-0.5064396781215263,0.6125480261015208,0.8781638421500993,Brain,Treatment vs Control,Brain | Treatment vs Control,0.8781638421500993,0.05642444866862568,FALSE,NS
Gene_0052,238.54335675682063,0.6493404355020782,0.7403120316715892,0.8771172258755521,0.3804229692268979,0.7364337693055456,Brain,Treatment vs Control,Brain | Treatment vs Control,0.7364337693055456,0.13286630505830127,FALSE,NS
Gene_0053,137.65606649114005,0.7067730922596936,0.5658298814895827,1.2490911409610768,0.21163174049464795,0.5985210160864263,Brain,Treatment vs Control,Brain | Treatment vs Control,0.5985210160864263,0.22292059544951467,FALSE,NS
Gene_0054,183.07851263700624,1.2077150074124463,0.6017130922345848,2.0071276875950117,0.044736068790850105,0.30408877335357587,Brain,Treatment vs Control,Brain | Treatment vs Control,0.30408877335357587,0.5169996132678821,FALSE,NS
Gene_0055,185.86874756061374,-0.229193367414841,0.5681477261233724,-0.4034045317380572,0.686650653505636,0.8909230701399292,Brain,Treatment vs Control,Brain | Treatment vs Control,0.8909230701399292,0.05015979501603378,FALSE,NS
Gene_0056,176.40438115336664,-1.3433075773014949,0.5662434052470773,-2.3723147410703174,0.01767702542091497,0.21330277341237394,Brain,Treatment vs Control,Brain | Treatment vs Control,0.21330277341237394,0.6710034977157866,FALSE,NS
Gene_0057,154.8989874696429,-0.9450761927336879,0.5740358928222699,-1.6463712540468227,0.09968734763084384,0.44314147771593193,Brain,Treatment vs Control,Brain | Treatment vs Control,0.44314147771593193,0.35345759842224117,FALSE,NS
Gene_0058,158.43692239271238,-1.1026986022413128,0.6197576504899219,-1.7792416138302178,0.07520015860258139,0.3915037490745529,Brain,Treatment vs Control,Brain | Treatment vs Control,0.3915037490745529,0.4072640747437271,FALSE,NS
Gene_0059,116.05544193310438,0.37923377579296946,0.547199197018543,0.6930451979082826,0.4882811875467854,0.7998090040359109,Brain,Treatment vs Control,Brain | Treatment vs Control,0.7998090040359109,0.09701371100382279,FALSE,NS
Gene_0060,100.25251529073421,-0.9634838440067632,0.6889932899679874,-1.3983936535166104,0.1619948879305659,0.5450375972975292,Brain,Treatment vs Control,Brain | Treatment vs Control,0.5450375972975292,0.2635735385753458,FALSE,NS
Gene_0061,129.11648562610063,-0.6148126287315303,0.5938775772352494,-1.0352514597263336,0.30055149218331645,0.6721098667322722,Brain,Treatment vs Control,Brain | Treatment vs Control,0.6721098667322722,0.17255972900641134,FALSE,NS
Gene_0062,208.40713289005507,0.8414645665519479,0.6143015527366988,1.3697907205398443,0.17075223955847593,0.5489438566370292,Brain,Treatment vs Control,Brain | Treatment vs Control,0.5489438566370292,0.26047207084966606,FALSE,NS
Gene_0063,139.1946063741124,-0.203667138609577,0.6052919234430192,-0.3364775420281149,0.7365107841943215,0.9115753128759134,Brain,Treatment vs Control,Brain | Treatment vs Control,0.9115753128759134,0.04020744482003216,FALSE,NS
Gene_0064,193.2503268632336,0.1460177596959186,0.8351913623072359,0.17483150124127372,0.8612120351239378,0.9581568858083637,Brain,Treatment vs Control,Brain | Treatment vs Control,0.9581568858083637,0.01856337498985505,FALSE,NS
Gene_0065,168.33601505673872,0.3006205923805785,0.702545467745797,0.4279019738681916,0.6687224899678996,0.8788795912766703,Brain,Treatment vs Control,Brain | Treatment vs Control,0.8788795912766703,0.056070620291503864,FALSE,NS
Gene_0066,149.74011796432183,-1.3192228497943839,0.4912156971529774,-2.68562844681151,0.0072393542910030376,0.11647316681524887,Brain,Treatment vs Control,Brain | Treatment vs Control,0.11647316681524887,0.9337741162374317,FALSE,NS
Gene_0067,190.9105331440075,0.19875800205252386,0.5695737909754937,0.3489591782517177,0.7271199564283332,0.9115753128759134,Brain,Treatment vs Control,Brain | Treatment vs Control,0.9115753128759134,0.04020744482003216,FALSE,NS
Gene_0068,287.65210261292606,-0.32577984623236483,0.7057741872894595,-0.4615921807561837,0.6443738029597021,0.8781638421500993,Brain,Treatment vs Control,Brain | Treatment vs Control,0.8781638421500993,0.05642444866862568,FALSE,NS
Gene_0069,214.05830368729812,0.6377048399592006,0.6038481733602203,1.0560681775529415,0.2909370677974294,0.6686934510645678,Brain,Treatment vs Control,Brain | Treatment vs Control,0.6686934510645678,0.17477293009821238,FALSE,NS
Gene_0070,208.90859400783495,1.520284413044146,0.651188203840823,2.3346313770385274,0.01956268594688778,0.2193454735386559,Brain,Treatment vs Control,Brain | Treatment vs Control,0.2193454735386559,0.6588713233628322,FALSE,NS
Gene_0071,217.3869221102174,-1.0025220415726275,0.5824435777699352,-1.7212346050944407,0.08520826069564211,0.4085482168453303,Brain,Treatment vs Control,Brain | Treatment vs Control,0.4085482168453303,0.3887566806881732,FALSE,NS
Gene_0072,135.6594889066771,-1.3143127124177458,0.4687080524265967,-2.8041180551801537,0.005045442723323148,0.10600325150704978,Brain,Treatment vs Control,Brain | Treatment vs Control,0.10600325150704978,0.9746808131322858,FALSE,NS
Gene_0073,185.18545358725092,-0.8263067914109385,0.6690550685628671,-1.23503554525915,0.2168172755417812,0.6037527211240369,Brain,Treatment vs Control,Brain | Treatment vs Control,0.6037527211240369,0.21914089886322125,FALSE,NS
Gene_0074,133.74076687531579,0.0331342195956314,0.5945088400539918,0.05573377107836147,0.9555538958740214,0.9927165849784463,Brain,Treatment vs Control,Brain | Treatment vs Control,0.9927165849784463,0.003174722449633011,FALSE,NS
Gene_0075,139.06546671278704,1.2479506576667099,0.5522838790048727,2.259618115081174,0.023844962321091668,0.23476257611557055,Brain,Treatment vs Control,Brain | Treatment vs Control,0.23476257611557055,0.629371133497199,FALSE,NS
Gene_0076,167.47830551425778,0.5087493719546736,0.6649461083926105,0.7650986531592541,0.4442128018202039,0.7768359142942696,Brain,Treatment vs Control,Brain | Treatment vs Control,0.7768359142942696,0.10967070454795064,FALSE,NS
Gene_0077,135.29975034318437,-0.20132014950926072,0.6576403588889084,-0.3061249918563296,0.7595094800275466,0.9134300058803053,Brain,Treatment vs Control,Brain | Treatment vs Control,0.9134300058803053,0.03932472606140219,FALSE,NS
Gene_0078,203.49060769678363,0.4144890047404451,0.6320021942226794,0.6558347558432751,0.5119304511888272,0.8090518416869648,Brain,Treatment vs Control,Brain | Treatment vs Control,0.8090518416869648,0.09202364916988807,FALSE,NS
Gene_0079,161.1038007549097,-1.3074767002345362,0.5556006892673321,-2.3532668794178413,0.018609272460910733,0.21385894066189476,Brain,Treatment vs Control,Brain | Treatment vs Control,0.21385894066189476,0.6698725887601755,FALSE,NS
Gene_0080,194.35446658128689,0.22533234590237108,0.6857419614039001,0.32859640883147145,0.7424607628110751,0.9115753128759134,Brain,Treatment vs Control,Brain | Treatment vs Control,0.9115753128759134,0.04020744482003216,FALSE,NS
Gene_0081,136.19649958112248,-0.8447181164443219,0.48176128130113427,-1.753395611542129,0.07953412377359076,0.3933927609793078,Brain,Treatment vs Control,Brain | Treatment vs Control,0.3933927609793078,0.40517363601725853,FALSE,NS
Gene_0082,180.37483284898678,0.6577097481741716,0.6397099476799301,1.02813744035015,0.30388518105856355,0.6721098667322722,Brain,Treatment vs Control,Brain | Treatment vs Control,0.6721098667322722,0.17255972900641134,FALSE,NS
Gene_0083,210.72258977081248,0.2399497400559705,0.5923473019858833,0.4050828614421358,0.6854166038785228,0.8909185299965,Brain,Treatment vs Control,Brain | Treatment vs Control,0.8909185299965,0.05016200818609133,FALSE,NS
Gene_0084,236.34437681302427,0.8566700355088178,0.8636548349513371,0.9919125104615285,0.3212402057934621,0.6942743923326496,Brain,Treatment vs Control,Brain | Treatment vs Control,0.6942743923326496,0.15846885299740174,FALSE,NS
Gene_0085,146.82330340236882,0.366503593857572,0.528421999271213,0.693581255820244,0.4879448520292568,0.7998090040359109,Brain,Treatment vs Control,Brain | Treatment vs Control,0.7998090040359109,0.09701371100382279,FALSE,NS
Gene_0086,205.82330218961312,-1.4588372052144631,0.7470296621456669,-1.9528504410712375,0.050837319564121325,0.3346019942220349,Brain,Treatment vs Control,Brain | Treatment vs Control,0.3346019942220349,0.4754714749783926,FALSE,NS
Gene_0087,138.28038294841429,0.04010404983503477,0.5552750855688744,0.07222375157341794,0.94242384350784425,0.9874310603468585,Brain,Treatment vs Control,Brain | Treatment vs Control,0.9874310603468585,0.005493215859564382,FALSE,NS
Gene_0088,117.06800322958568,0.09912491545689817,0.5995292956810755,0.16533790120179295,0.8686780284708908,0.9612846346237203,Brain,Treatment vs Control,Brain | Treatment vs Control,0.9612846346237203,0.017147999487011924,FALSE,NS
Gene_0089,224.4146584814536,-0.23955504318439982,0.570250965523115,-0.42008704529705787,0.6744218660632523,0.8829682297102978,Brain,Treatment vs Control,Brain | Treatment vs Control,0.8829682297102978,0.05405492259426793,FALSE,NS
Gene_0090,157.61653079740213,-0.8455643754293611,0.5136142980555384,-1.64630225176856,0.09970154612364286,0.44314147771593193,Brain,Treatment vs Control,Brain | Treatment vs Control,0.44314147771593193,0.35345759842224117,FALSE,NS
Gene_0091,187.7655301067185,-1.3738774712383897,0.7546732048006037,-1.8204932446241937,0.06868392407924742,0.37959664910973384,Brain,Treatment vs Control,Brain | Treatment vs Control,0.37959664910973384,0.42067762996333097,FALSE,NS
Gene_0092,114.2232726910475,-1.4858578700460905,0.5701996824957087,-2.6058553093937804,0.009164516637418376,0.14117255415938093,Brain,Treatment vs Control,Brain | Treatment vs Control,0.14117255415938093,0.8502497277581522,FALSE,NS
Gene_0093,209.55160005397786,-0.6713633173851473,0.5986535624230792,-1.1214554786373807,0.2620940323806345,0.6320170373432007,Brain,Treatment vs Control,Brain | Treatment vs Control,0.6320170373432007,0.199271214242288,FALSE,NS
Gene_0094,136.19747274579365,0.44560004642915807,0.4791615594510883,0.9299578349724523,0.3523929163293266,0.7207131961085663,Brain,Treatment vs Control,Brain | Treatment vs Control,0.7207131961085663,0.14223752602621623,FALSE,NS
Gene_0095,129.72817441348803,1.018049287432425,0.4904307074118533,2.075826966066154,0.0379099573832325,0.27930284646886516,Brain,Treatment vs Control,Brain | Treatment vs Control,0.27930284646886516,0.5539246382359024,FALSE,NS
Gene_0096,156.6158328494632,0.5476735574533713,0.6906966611818854,0.7929292093525105,0.4278190681612746,0.7631177632569993,Brain,Treatment vs Control,Brain | Treatment vs Control,0.7631177632569993,0.11740843716143282,FALSE,NS
Gene_0097,216.95862856663933,-0.49056830759205217,0.750333267939874,-0.6538005557703228,0.5132403083903017,0.8090518416869648,Brain,Treatment vs Control,Brain | Treatment vs Control,0.8090518416869648,0.09202364916988807,FALSE,NS
Gene_0098,199.9426375929952,0.918420832667644,0.6640369307570329,1.3830869792446658,0.166638197647744,0.5450375972975292,Brain,Treatment vs Control,Brain | Treatment vs Control,0.5450375972975292,0.2635735385753458,FALSE,NS
Gene_0099,129.81295567492845,-1.637338565860334,0.6255815676102591,-2.6173062804823646,0.008862677825661507,0.13949084229954198,Brain,Treatment vs Control,Brain | Treatment vs Control,0.13949084229954198,0.8554543032815978,FALSE,NS
Gene_0100,138.95782145481215,-0.6169873276671287,0.6037293707029252,-1.021960099355059,0.3067997856280392,0.6731001357415163,Brain,Treatment vs Control,Brain | Treatment vs Control,0.6731001357415163,0.17192032186074696,FALSE,NS
Gene_0101,182.32651565054942,1.5353827892833152,0.6496301150308084,2.3634723110250215,0.01810457950396751,0.2136548796677395,Brain,Treatment vs Control,Brain | Treatment vs Control,0.2136548796677395,0.6702871838738278,FALSE,NS
Gene_0102,134.9111880848311,-1.4920463411078642,0.6087365497013543,-2.4510543055774474,0.014243846188553707,0.1954750230805106,Brain,Treatment vs Control,Brain | Treatment vs Control,0.1954750230805106,0.708908726919223,FALSE,NS
Gene_0103,238.90309644877672,0.6354951091215838,0.7986321926971104,0.7957293919938461,0.4261893393102208,0.7631177632569993,Brain,Treatment vs Control,Brain | Treatment vs Control,0.7631177632569993,0.11740843716143282,FALSE,NS
Gene_0104,177.011094271401,-0.7705249857156974,0.5251446726077176,-1.4672623105733733,0.14230471222605015,0.5203465234932338,Brain,Treatment vs Control,Brain | Treatment vs Control,0.5203465234932338,0.28370734267379444,FALSE,NS
Gene_0105,121.39958429923607,-0.2506612350817279,0.5207189651493638,-0.4813752750676708,0.6302498060000185,0.8781638421500993,Brain,Treatment vs Control,Brain | Treatment vs Control,0.8781638421500993,0.05642444866862568,FALSE,NS
Gene_0106,116.19597085538143,-0.5857449614086749,0.6700174879055113,-0.8742233926456546,0.3819966090914465,0.7375081199525527,Brain,Treatment vs Control,Brain | Treatment vs Control,0.7375081199525527,0.1322331937482078,FALSE,NS
Gene_0107,143.86431881667585,-0.609103515626861,0.45827705068845875,-1.3291163384939728,0.18380959070855704,0.5687100156965611,Brain,Treatment vs Control,Brain | Treatment vs Control,0.5687100156965611,0.24510912321003345,FALSE,NS
Gene_0108,136.32719766141952,0.3332381047378826,0.6878662620252695,0.4844518813246299,0.6280652060822318,0.8781638421500993,Brain,Treatment vs Control,Brain | Treatment vs Control,0.8781638421500993,0.05642444866862568,FALSE,NS
Gene_0109,159.28136327411886,0.7691473486482864,0.453040165126368,1.697746486636004,0.08955561984022471,0.4232618598619055,Brain,Treatment vs Control,Brain | Treatment vs Control,0.4232618598619055,0.3733908640508766,FALSE,NS
Gene_0110,215.4562441967135,0.41964014566439295,0.5833364876141593,0.7193792169262669,0.4719072986688676,0.7952395079187569,Brain,Treatment vs Control,Brain | Treatment vs Control,0.7952395079187569,0.09950205209554,FALSE,NS
Gene_0111,134.1681171898544,0.9572916622293043,0.6228544572164415,1.5369427819582033,0.12430732169837035,0.48647838329524395,Brain,Treatment vs Control,Brain | Treatment vs Control,0.48647838329524395,0.31293645287593347,FALSE,NS
Gene_0112,238.75156602686002,0.6456855671573661,0.7752787670690545,0.8328430941019884,0.4049332269070757,0.749868146183799,Brain,Treatment vs Control,Brain | Treatment vs Control,0.749868146183799,0.1250150945002749,FALSE,NS
Gene_0113,99.39483266006255,-0.22200802794489985,0.7043141839434224,-0.3152116385075297,0.7526009694200484,0.9130940507607995,Brain,Treatment vs Control,Brain | Treatment vs Control,0.9130940507607995,0.0394844868438385,FALSE,NS
Gene_0114,247.43257294785502,0.9329131254084646,0.7229766701009042,1.2903779111963047,0.19691947761511533,0.5875448358287862,Brain,Treatment vs Control,Brain | Treatment vs Control,0.5875448358287862,0.2309589865710219,FALSE,NS
Gene_0115,116.51026955957208,-1.3228167424583102,0.6442883393448241,-2.0531440066158586,0.040058613046676045,0.2843376063313084,Brain,Treatment vs Control,Brain | Treatment vs Control,0.2843376063313084,0.5461656969677393,FALSE,NS
Gene_0116,224.3929608701079,1.301618118302489,0.6292074881521373,2.068662790592486,0.03857774122498137,0.27930284646886516,Brain,Treatment vs Control,Brain | Treatment vs Control,0.27930284646886516,0.5539246382359024,FALSE,NS
Gene_0117,229.92848888433724,0.8325257507707288,0.5765405015128099,1.4440021968729482,0.14873835737707405,0.5304757179359686,Brain,Treatment vs Control,Brain | Treatment vs Control,0.5304757179359686,0.27533449075938216,FALSE,NS
Gene_0118,141.54887435652904,-0.05342281439602854,0.46962591224566863,-0.11375610459944603,0.9094311360913415,0.9722088151092269,Brain,Treatment vs Control,Brain | Treatment vs Control,0.9722088151092269,0.01224044545450429,FALSE,NS
Gene_0119,203.05875072862256,-0.45343008508565863,0.6324491189364411,-0.7169431840590907,0.473409154575945,0.7952395079187569,Brain,Treatment vs Control,Brain | Treatment vs Control,0.7952395079187569,0.09950205209554,FALSE,NS
Gene_0120,62.1310621780826,0.855979206877049,0.48873497643766434,1.7514179425343928,0.07987394456347824,0.3933927609793078,Brain,Treatment vs Control,Brain | Treatment vs Control,0.3933927609793078,0.40517363601725853,FALSE,NS
Gene_0121,181.75785412419603,-0.5199412361876022,0.6220346645629756,-0.8358718023422353,0.4032270271027842,0.749868146183799,Brain,Treatment vs Control,Brain | Treatment vs Control,0.749868146183799,0.1250150945002749,FALSE,NS
Gene_0122,166.9851891491424,-0.6199734245768145,0.5227410194919524,-1.1860049268361634,0.23562035385715308,0.6114305956723256,Brain,Treatment vs Control,Brain | Treatment vs Control,0.6114305956723256,0.21365283319382763,FALSE,NS
Gene_0123,138.96989057984976,-0.522731725114135,0.5441531661614402,-0.9606334348866955,0.33673651125688353,0.7087128899708829,Brain,Treatment vs Control,Brain | Treatment vs Control,0.7087128899708829,0.1495296682793783,FALSE,NS
Gene_0124,241.24944904406536,1.0434682633191632,0.649257072045369,1.607172733647555,0.10801648155833266,0.4651960332217773,Brain,Treatment vs Control,Brain | Treatment vs Control,0.4651960332217773,0.332363997205064,FALSE,NS
Gene_0125,244.3196298386131,0.7555849213443381,0.5825862435534769,1.2969494726405795,0.19464857256511103,0.5869326154165949,Brain,Treatment vs Control,Brain | Treatment vs Control,0.5869326154165949,0.23141175638882222,FALSE,NS
Gene_0126,182.7562528571119,-0.9784309275560006,0.8089309276038057,-1.2095358134646716,0.2264570607132203,0.6054021883200037,Brain,Treatment vs Control,Brain | Treatment vs Control,0.6054021883200037,0.21795601355191924,FALSE,NS
Gene_0127,139.31043720258916,0.8184258587254823,0.6685156197785164,1.2242434350249471,0.22086040830334022,0.6054021883200037,Brain,Treatment vs Control,Brain | Treatment vs Control,0.6054021883200037,0.21795601355191924,FALSE,NS
Gene_0128,225.66869118964001,2.6730965126750066,0.7055196110060378,3.788833748878074,1.5135615626059708e-4,0.010958185713267229,Brain,Treatment vs Control,Brain | Treatment vs Control,0.010958185713267229,1.9602613436563987,TRUE,Up
Gene_0129,169.181230819558,0.5341268006407897,0.615230041476062,0.8681741212755327,0.3852990189855935,0.7379801316020362,Brain,Treatment vs Control,Brain | Treatment vs Control,0.7379801316020362,0.1319553303880061,FALSE,NS
Gene_0130,179.80825440081688,0.021953032208428917,0.5300938535823041,0.04141348189584398,0.9669662650196749,0.9958514592805756,Brain,Treatment vs Control,Brain | Treatment vs Control,0.9958514592805756,0.0018054358993091079,FALSE,NS
Gene_0131,167.3942614387695,-0.0040221618664177125,0.4861323929665914,-0.00827379932835319,0.9933985385748165,0.99612380942908,Brain,Treatment vs Control,Brain | Treatment vs Control,0.99612380942908,0.0016866792367782443,FALSE,NS
Gene_0132,150.26085862669487,-0.5599878358514055,0.46473731989799805,-1.2049555993788348,0.2282204429494571,0.6054021883200037,Brain,Treatment vs Control,Brain | Treatment vs Control,0.6054021883200037,0.21795601355191924,FALSE,NS
Gene_0133,173.57838199680384,0.43790739318081573,0.5357783827069136,0.8173293423455718,0.4137402426990044,0.7538219061516646,Brain,Treatment vs Control,Brain | Treatment vs Control,0.7538219061516646,0.12273124605522334,FALSE,NS
Gene_0134,171.38267047155924,-0.09791464868153033,0.657517351633053,-0.14891568783446263,0.8816201621410915,0.9612846346237203,Brain,Treatment vs Control,Brain | Treatment vs Control,0.9612846346237203,0.017147999487011924,FALSE,NS
Gene_0135,172.30813529457185,0.045919545300889555,0.6010438658788974,0.07639965717600677,0.9391011423441528,0.9870742316488931,Brain,Treatment vs Control,Brain | Treatment vs Control,0.9870742316488931,0.005650185543896293,FALSE,NS
Gene_0136,138.34728758238631,-0.3159989306493141,0.6088524992281238,-0.5190073639344891,0.6037556060414543,0.869634594502269,Brain,Treatment vs Control,Brain | Treatment vs Control,0.869634594502269,0.06066319212484318,FALSE,NS
Gene_0137,141.32839395268434,-0.9094089854586124,0.5364500797024898,-1.6952350644871972,0.0900308375949357,0.4232618598619055,Brain,Treatment vs Control,Brain | Treatment vs Control,0.4232618598619055,0.3733908640508766,FALSE,NS
Gene_0138,178.98651868187739,-0.19155360003244287,0.584138368431718,-0.32792504376441123,0.7429683376325767,0.9115753128759134,Brain,Treatment vs Control,Brain | Treatment vs Control,0.9115753128759134,0.04020744482003216,FALSE,NS
Gene_0139,186.65194326399967,0.023392619267281627,0.7130746902504651,0.03280528616022684,0.973829862736918,0.99612380942908,Brain,Treatment vs Control,Brain | Treatment vs Control,0.99612380942908,0.0016866792367782443,FALSE,NS
Gene_0140,128.49672353175765,0.1577943079085667,0.5112755177273155,0.30862871864074853,0.7576039723301355,0.9130940507607995,Brain,Treatment vs Control,Brain | Treatment vs Control,0.9130940507607995,0.0394844868438385,FALSE,NS
Gene_0141,136.45923561599034,-0.5651542006660328,0.5416217808556906,-1.0434480677146405,0.29674082108451355,0.6721098667322722,Brain,Treatment vs Control,Brain | Treatment vs Control,0.6721098667322722,0.17255972900641134,FALSE,NS
Gene_0142,235.43441778666553,-0.43905079181119655,0.6941656472968041,-0.632487063456587,0.5270686590860647,0.8153797204664762,Brain,Treatment vs Control,Brain | Treatment vs Control,0.8153797204664762,0.08864009420717368,FALSE,NS
Gene_0143,198.59188026115146,0.4931767676045626,0.7522155979105041,0.6556322003618422,0.5120608019892118,0.8090518416869648,Brain,Treatment vs Control,Brain | Treatment vs Control,0.8090518416869648,0.09202364916988807,FALSE,NS
Gene_0144,146.6666880795858,-1.0299547270287694,0.5136409993505232,-2.0052034949139625,0.04494129661440969,0.30408877335357587,Brain,Treatment vs Control,Brain | Treatment vs Control,0.30408877335357587,0.5169996132678821,FALSE,NS
Gene_0145,190.26990288498908,-0.8725975038368142,0.6256072992063954,-1.3948007079580667,0.16307594536914047,0.5450375972975292,Brain,Treatment vs Control,Brain | Treatment vs Control,0.5450375972975292,0.2635735385753458,FALSE,NS
Gene_0146,179.5113199481243,0.538433956481247,0.7537788818518224,0.7143128700534386,0.47503373568418494,0.7960377160512537,Brain,Treatment vs Control,Brain | Treatment vs Control,0.7960377160512537,0.09906635501999983,FALSE,NS
Gene_0147,169.45942581178977,-0.22884347559827406,0.6707874165102788,-0.3411564826138437,0.7329857819614634,0.9115753128759134,Brain,Treatment vs Control,Brain | Treatment vs Control,0.9115753128759134,0.04020744482003216,FALSE,NS
Gene_0148,201.11892874480267,0.8367249455495166,0.6290110596772914,1.3302229470794853,0.18344482571390155,0.5687100156965611,Brain,Treatment vs Control,Brain | Treatment vs Control,0.5687100156965611,0.24510912321003345,FALSE,NS
Gene_0149,87.54899568929127,0.4010156055712763,0.7456846270965987,0.5377817793195934,0.5907277125913278,0.8622719030566963,Brain,Treatment vs Control,Brain | Treatment vs Control,0.8622719030566963,0.0643557650604912,FALSE,NS
Gene_0150,131.23639341413417,-0.10305888118312374,0.5320221496601585,-0.19371163634625926,0.8464016799439963,0.9515447457755486,Brain,Treatment vs Control,Brain | Treatment vs Control,0.9515447457755486,0.0215707844799627,FALSE,NS
Gene_0151,224.97120943195716,-1.6310078626262845,0.7557130675568747,-2.158236945536919,0.030909414298261245,0.2514428758645072,Brain,Treatment vs Control,Brain | Treatment vs Control,0.2514428758645072,0.5995606647420528,FALSE,NS
Gene_0152,154.67041975242194,0.029748077798482195,0.6735987091510502,0.04416290796633842,0.964774548345158,0.9958514592805756,Brain,Treatment vs Control,Brain | Treatment vs Control,0.9958514592805756,0.0018054358993091079,FALSE,NS
Gene_0153,134.68990245563313,0.809762765226633,0.4592729936554012,1.7631403901667448,0.07787681451742698,0.3933927609793078,Brain,Treatment vs Control,Brain | Treatment vs Control,0.3933927609793078,0.40517363601725853,FALSE,NS
Gene_0154,108.07575249565896,-0.5985365643648741,0.6590162871116927,-0.908227271571866,0.36375815835377906,0.7269199540199481,Brain,Treatment vs Control,Brain | Treatment vs Control,0.7269199540199481,0.1385134095555236,FALSE,NS
Gene_0155,211.2204321202979,-1.104118213369671,0.804901437737588,-1.3717433732919146,0.17014334095853018,0.5489438566370292,Brain,Treatment vs Control,Brain | Treatment vs Control,0.5489438566370292,0.26047207084966606,FALSE,NS
Gene_0156,104.6585481820623,-0.23114847836956684,0.5992714845802245,-0.38571579712570653,0.6997071621032347,0.8918802559203204,Brain,Treatment vs Control,Brain | Treatment vs Control,0.8918802559203204,0.0496934502022823,FALSE,NS
Gene_0157,211.00967089031712,1.515164168186979,0.56145045954569,2.6986604827307605,0.006961916188467833,0.11647316681524887,Brain,Treatment vs Control,Brain | Treatment vs Control,0.11647316681524887,0.9337741162374317,FALSE,NS
Gene_0158,152.88341150428866,0.5865094601160774,0.6421629842810113,0.9133342694499192,0.3610667640488624,0.7269199540199481,Brain,Treatment vs Control,Brain | Treatment vs Control,0.7269199540199481,0.1385134095555236,FALSE,NS
Gene_0159,148.18400677018786,0.08676973932292215,0.5370731378361664,0.1615603782987768,0.8716520608524088,0.9612846346237203,Brain,Treatment vs Control,Brain | Treatment vs Control,0.9612846346237203,0.017147999487011924,FALSE,NS
Gene_0160,168.65357042471152,-0.4929211045727795,0.5797668998600723,-0.8502056683328192,0.3952107508642691,0.7478071237960029,Brain,Treatment vs Control,Brain | Treatment vs Control,0.7478071237960029,0.12621040196521996,FALSE,NS
Gene_0161,144.66509378163684,0.23153005407369945,0.6229612816253912,0.3716604240148053,0.710145694570979,0.900429917459525,Brain,Treatment vs Control,Brain | Treatment vs Control,0.900429917459525,0.04555008367181635,FALSE,NS
Gene_0162,132.24469029558614,0.84883572286014,0.5909431574840986,1.4364084127380403,0.1508861606880437,0.5339836116182736,Brain,Treatment vs Control,Brain | Treatment vs Control,0.5339836116182736,0.27247207160996245,FALSE,NS
Gene_0163,176.17580364949285,1.1941044585344704,0.5292992011240889,2.256010317035269,0.024069985014845485,0.23476257611557055,Brain,Treatment vs Control,Brain | Treatment vs Control,0.23476257611557055,0.629371133497199,FALSE,NS
Gene_0164,234.23797934024594,-1.4936978406045283,0.7130331630423018,-2.0948504473920413,0.03618428898279608,0.27576237077415117,Brain,Treatment vs Control,Brain | Treatment vs Control,0.27576237077415117,0.5594649958834501,FALSE,NS
Gene_0165,226.0258936949706,-0.023389905179760435,0.8760316818015045,-0.026699839361586278,0.9786991412586158,0.99612380942908,Brain,Treatment vs Control,Brain | Treatment vs Control,0.99612380942908,0.0016866792367782443,FALSE,NS
Gene_0166,205.89505866230692,-0.5392118080897959,0.657393497467694,-0.8202268658982196,0.4120867891426396,0.7538219061516646,Brain,Treatment vs Control,Brain | Treatment vs Control,0.7538219061516646,0.12273124605522334,FALSE,NS
Gene_0167,164.26446272460285,-0.3360780572224622,0.5569235685183814,-0.6034545424546346,0.5462063473434862,0.8334496264604012,Brain,Treatment vs Control,Brain | Treatment vs Control,0.8334496264604012,0.07912064372006436,FALSE,NS
Gene_0168,138.6057622935429,0.7122307593195596,0.6803608852327189,1.0468426018875843,0.295172178188491,0.6720272232970675,Brain,Treatment vs Control,Brain | Treatment vs Control,0.6720272232970675,0.17261313366012768,FALSE,NS
Gene_0169,215.2255402772069,-0.5527067063736835,0.6126543276333174,-0.9021509870154488,0.36697666702300036,0.7269199540199481,Brain,Treatment vs Control,Brain | Treatment vs Control,0.7269199540199481,0.1385134095555236,FALSE,NS
Gene_0170,126.32586073045955,0.21621183323306647,0.6135363444568105,0.35240264930757753,0.7245363154062379,0.9107018964481184,Brain,Treatment vs Control,Brain | Treatment vs Control,0.9107018964481184,0.0406237590471991,FALSE,NS
Gene_0171,144.96226629669061,-0.05760249814953764,0.6164277503900912,-0.09344566027905997,0.9255495175254254,0.9782450375013255,Brain,Treatment vs Control,Brain | Treatment vs Control,0.9782450375013255,0.009552346536157547,FALSE,NS
Gene_0172,197.3171773450253,0.9075326084768145,0.7728943948946616,1.1742000129273842,0.24031492086927492,0.6121499864686061,Brain,Treatment vs Control,Brain | Treatment vs Control,0.6121499864686061,0.21314215577099846,FALSE,NS
Gene_0173,187.1895538225177,0.2297037045166839,0.6058108160455983,0.3791673876278144,0.7045635674884244,0.895113521320115,Brain,Treatment vs Control,Brain | Treatment vs Control,0.895113521320115,0.04812188249808894,FALSE,NS
Gene_0174,144.34927467223343,0.21096465304389028,0.5101184036286526,0.41356016866520423,0.6791962490079828,0.8860145662734766,Brain,Treatment vs Control,Brain | Treatment vs Control,0.8860145662734766,0.05255913815787964,FALSE,NS
Gene_0175,119.69856094900507,-0.3803545405718528,1.2343202121301582,-0.30814900123481465,0.7579689565017134,0.9130940507607995,Brain,Treatment vs Control,Brain | Treatment vs Control,0.9130940507607995,0.0394844868438385,FALSE,NS
Gene_0176,138.3877125096742,0.11453444174310397,0.47820950684396524,0.23950682724606592,0.8107126031231133,0.936762452464745,Brain,Treatment vs Control,Brain | Treatment vs Control,0.936762452464745,0.02837052508147703,FALSE,NS
Gene_0177,125.67320368831031,-1.1531986209758158,0.5089869733616434,-2.26567413574345,0.023471342258674442,0.23476257611557055,Brain,Treatment vs Control,Brain | Treatment vs Control,0.23476257611557055,0.629371133497199,FALSE,NS
Gene_0178,130.32931306783232,0.5483597664924053,0.6599633409469118,0.8308942822575898,0.4060333540061422,0.7499187456644055,Brain,Treatment vs Control,Brain | Treatment vs Control,0.7499187456644055,0.12498579023665937,FALSE,NS
Gene_0179,264.0698212256698,0.40895798188993826,0.6366649495184568,0.6423441123926403,0.520649778395578,0.8141478176207311,Brain,Treatment vs Control,Brain | Treatment vs Control,0.8141478176207311,0.0892967369426482,FALSE,NS
Gene_0180,166.70418039196534,0.28527168434940126,0.5700353758903207,0.5004455800727178,0.6167613658217634,0.8781638421500993,Brain,Treatment vs Control,Brain | Treatment vs Control,0.8781638421500993,0.05642444866862568,FALSE,NS
Gene_0181,134.02631883102066,-0.04231442171583813,0.629982786885358,-0.0671675839351756,0.9464482910984016,0.9902146860624895,Brain,Treatment vs Control,Brain | Treatment vs Control,0.9902146860624895,0.004270636852643566,FALSE,NS
Gene_0182,96.69091528292223,-0.4617510356491722,0.6774032638574705,-0.6816486726381159,0.49546113019814053,0.8042911620256811,Brain,Treatment vs Control,Brain | Treatment vs Control,0.8042911620256811,0.09458670352742986,FALSE,NS
Gene_0183,176.90944092551325,-0.5094568330784454,0.5237233539175906,-0.9727594335207168,0.33067287875591483,0.7020737953644643,Brain,Treatment vs Control,Brain | Treatment vs Control,0.7020737953644643,0.15361723653803222,FALSE,NS
Gene_0184,168.9282805113409,-0.4289210392211239,0.746224214110462,-0.5747884229841296,0.5654343973315132,0.8458064414254695,Brain,Treatment vs Control,Brain | Treatment vs Control,0.8458064414254695,0.0727290117111277,FALSE,NS
Gene_0185,207.97495145850706,0.23002140320901546,0.7047101054984836,0.3264057112481842,0.7441174170022995,0.9115753128759134,Brain,Treatment vs Control,Brain | Treatment vs Control,0.9115753128759134,0.04020744482003216,FALSE,NS
Gene_0186,150.62529811617216,0.7483156451474609,0.5417848289863118,1.38120450243609,0.16721609080203928,0.5450375972975292,Brain,Treatment vs Control,Brain | Treatment vs Control,0.5450375972975292,0.2635735385753458,FALSE,NS
Gene_0187,125.6002006515566,-0.6294321788529573,0.48986494944983827,-1.2849096053103317,0.19882387400283513,0.5875448358287862,Brain,Treatment vs Control,Brain | Treatment vs Control,0.5875448358287862,0.2309589865710219,FALSE,NS
Gene_0188,144.94255821655614,0.5675612946468181,0.5512034756923655,1.0296765526267875,0.303161865969619,0.6721098667322722,Brain,Treatment vs Control,Brain | Treatment vs Control,0.6721098667322722,0.17255972900641134,FALSE,NS
Gene_0189,185.14268087756165,0.9897634016293229,0.6238640029514186,1.5865050667242897,0.11262478369741026,0.469337500182914,Brain,Treatment vs Control,Brain | Treatment vs Control,0.469337500182914,0.32851474416410886,FALSE,NS
Gene_0190,170.4230995181839,-0.2344192668167527,0.6029304784006961,-0.38879982886013953,0.6974242274377687,0.8918802559203204,Brain,Treatment vs Control,Brain | Treatment vs Control,0.8918802559203204,0.0496934502022823,FALSE,NS
Gene_0191,125.78248707560579,0.9145182100101074,0.656851768055134,1.3922748700485277,0.1638391782828115,0.5450375972975292,Brain,Treatment vs Control,Brain | Treatment vs Control,0.5450375972975292,0.2635735385753458,FALSE,NS
Gene_0192,191.5090535840869,-1.5212874284366042,0.6614077554151979,-2.3000749779258602,0.021443972604528638,0.23172292784595125,Brain,Treatment vs Control,Brain | Treatment vs Control,0.23172292784595125,0.635030992777385,FALSE,NS
Gene_0193,181.02127104626317,-0.9809338421824405,0.5587232958468812,-1.7556702028964024,0.07914473746778483,0.3933927609793078,Brain,Treatment vs Control,Brain | Treatment vs Control,0.3933927609793078,0.40517363601725853,FALSE,NS
Gene_0194,310.679238537392,0.3553984642415191,0.7240896176240476,0.49082110223826536,0.6235529835119806,0.8781638421500993,Brain,Treatment vs Control,Brain | Treatment vs Control,0.8781638421500993,0.05642444866862568,FALSE,NS
Gene_0195,110.58206663070216,-0.833479635594451,0.689532409647955,-1.20876063827078,0.22675481779828646,0.6054021883200037,Brain,Treatment vs Control,Brain | Treatment vs Control,0.6054021883200037,0.21795601355191924,FALSE,NS
Gene_0196,157.79282227675165,0.507255425167973,0.6091127904810628,0.8327774971977763,0.4049702281185987,0.749868146183799,Brain,Treatment vs Control,Brain | Treatment vs Control,0.749868146183799,0.1250150945002749,FALSE,NS
Gene_0197,154.38693836407435,-0.6633468694939941,0.48581045988740057,-1.3654437774924448,0.1721136125091238,0.5489438566370292,Brain,Treatment vs Control,Brain | Treatment vs Control,0.5489438566370292,0.26047207084966606,FALSE,NS
Gene_0198,151.10302708601003,-0.24870853701854997,0.46105062672624214,-0.5394386702921142,0.589584204263528,0.8622719030566963,Brain,Treatment vs Control,Brain | Treatment vs Control,0.8622719030566963,0.0643557650604912,FALSE,NS
Gene_0199,250.1613394947707,-0.6136926295658546,0.767865430025164,-0.7992189849538388,0.42416344543900625,0.7631177632569993,Brain,Treatment vs Control,Brain | Treatment vs Control,0.7631177632569993,0.11740843716143282,FALSE,NS
Gene_0200,94.20616017615637,0.6041430958942546,0.5321027584447887,1.1353880172694892,0.2562127781087409,0.626682605914623,Brain,Treatment vs Control,Brain | Treatment vs Control,0.626682605914623,0.20295235932928044,FALSE,NS
Gene_0201,144.67753447108586,-0.2876047626800592,0.48400691669031093,-0.5942162245257364,0.5523675024975745,0.8383942805204275,Brain,Treatment vs Control,Brain | Treatment vs Control,0.8383942805204275,0.07655169308326162,FALSE,NS
Gene_0202,89.37027605115117,-1.6872193764230137,0.7061380519175074,-2.3893619269509614,0.0168776665417984,0.21067983752175934,Brain,Treatment vs Control,Brain | Treatment vs Control,0.21067983752175934,0.6763770252463517,FALSE,NS
Gene_0203,170.30060351258388,0.16448907229513646,0.7840117572868301,0.20980434383327526,0.8338203826310915,0.9432593078514223,Brain,Treatment vs Control,Brain | Treatment vs Control,0.9432593078514223,0.025368900594428753,FALSE,NS
Gene_0204,154.7458851154506,0.23501533398991634,0.5961281293724905,0.3942362764147757,0.6934066052324988,0.8918802559203204,Brain,Treatment vs Control,Brain | Treatment vs Control,0.8918802559203204,0.0496934502022823,FALSE,NS
Gene_0205,154.49254337855763,0.5702057244432978,0.6119314595245403,0.9318130577668573,0.35143314520515545,0.7207131961085663,Brain,Treatment vs Control,Brain | Treatment vs Control,0.7207131961085663,0.14223752602621623,FALSE,NS
Gene_0206,284.4423425316289,0.13990776098904395,0.6132776129758152,0.22813120523047897,0.8195442413770947,0.936762452464745,Brain,Treatment vs Control,Brain | Treatment vs Control,0.936762452464745,0.02837052508147703,FALSE,NS
Gene_0207,161.2019691644225,-0.09318295042866816,0.5717217420654215,-0.16298654322998501,0.8705290299398514,0.9612846346237203,Brain,Treatment vs Control,Brain | Treatment vs Control,0.9612846346237203,0.017147999487011924,FALSE,NS
Gene_0208,116.15584458182734,0.992992905178059,0.513979093261294,1.9319713937727163,0.05336303676384125,0.34277689851878584,Brain,Treatment vs Control,Brain | Treatment vs Control,0.34277689851878584,0.46498845507990655,FALSE,NS
Gene_0209,150.66357598736283,-0.9627076017300272,0.45337858810482223,-2.123407736907608,0.0337196994368282,0.26535937382895236,Brain,Treatment vs Control,Brain | Treatment vs Control,0.26535937382895236,0.5761655662961999,FALSE,NS
Gene_0210,261.17395226870974,0.26354259166600014,0.7832728826760623,0.33646331629100107,0.7365215100288078,0.9115753128759134,Brain,Treatment vs Control,Brain | Treatment vs Control,0.9115753128759134,0.04020744482003216,FALSE,NS
Gene_0211,209.38257751740272,-0.13118236544734954,0.6060137518653379,-0.21646763797614205,0.8286232482952356,0.9432593078514223,Brain,Treatment vs Control,Brain | Treatment vs Control,0.9432593078514223,0.025368900594428753,FALSE,NS
Gene_0212,187.38488732728712,1.7403122015765882,0.771640459865033,2.2553407864084583,0.024111946389173283,0.23476257611557055,Brain,Treatment vs Control,Brain | Treatment vs Control,0.23476257611557055,0.629371133497199,FALSE,NS
Gene_0213,169.81791300878243,-0.2410948961638029,0.5495851751324659,-0.43868522491657835,0.6608896343796486,0.8788795912766703,Brain,Treatment vs Control,Brain | Treatment vs Control,0.8788795912766703,0.056070620291503864,FALSE,NS
Gene_0214,169.13521115346254,0.8379348579599629,0.5512932623458936,1.5199439485154165,0.12852506361689475,0.492339397135618,Brain,Treatment vs Control,Brain | Treatment vs Control,0.492339397135618,0.30773541047138087,FALSE,NS
Gene_0215,135.3139252866789,-1.377447904184113,0.6153997943756905,-2.238297634761974,0.025201652262068705,0.23476257611557055,Brain,Treatment vs Control,Brain | Treatment vs Control,0.23476257611557055,0.629371133497199,FALSE,NS
Gene_0216,159.06616151806855,-0.9220864400892793,0.49825561994334816,-1.8506292818014192,0.06422290414298278,0.3734137892161188,Brain,Treatment vs Control,Brain | Treatment vs Control,0.3734137892161188,0.4278096487064442,FALSE,NS
Gene_0217,174.34951932050365,-1.1220864355480322,0.6430218782235466,-1.7450206183465795,0.08098128001435466,0.39349293107646155,Brain,Treatment vs Control,Brain | Treatment vs Control,0.39349293107646155,0.4050630651398877,FALSE,NS
Gene_0218,170.71595596666478,-0.5818487495074921,0.704209632544755,-0.8262436675353394,0.4086658817421746,0.7528603012247695,Brain,Treatment vs Control,Brain | Treatment vs Control,0.7528603012247695,0.12328560286408509,FALSE,NS
Gene_0219,222.54495828330914,-1.2130128132795213,0.6699090135984328,-1.8107127813727912,0.07018532331916327,0.3799573785162664,Brain,Treatment vs Control,Brain | Treatment vs Control,0.3799573785162664,0.4202651173656808,FALSE,NS
Gene_0220,203.93804844551093,1.8229040746924503,0.6123699068075054,2.9768021818640227,0.002912718813569415,0.09488447239831721,Brain,Treatment vs Control,Brain | Treatment vs Control,0.09488447239831721,1.0228048529413105,FALSE,NS
Gene_0221,106.13758369250517,-0.29732903154039053,0.5954833522405357,-0.49930704262625525,0.6175630944802302,0.8781638421500993,Brain,Treatment vs Control,Brain | Treatment vs Control,0.8781638421500993,0.05642444866862568,FALSE,NS
Gene_0222,145.656553293247,0.24731123522687676,0.5567371752476936,0.4442154147813956,0.6568868485444885,0.8781638421500993,Brain,Treatment vs Control,Brain | Treatment vs Control,0.8781638421500993,0.05642444866862568,FALSE,NS
Gene_0223,131.23711554899378,-1.3410581155720536,0.5532840565637269,-2.423814855430578,0.015358433290651627,0.20591677226725513,Brain,Treatment vs Control,Brain | Treatment vs Control,0.20591677226725513,0.6863082779256372,FALSE,NS
Gene_0224,181.16918480519251,0.08769509084533818,0.5760641346400642,0.15223147141443152,0.8790043726307393,0.9612846346237203,Brain,Treatment vs Control,Brain | Treatment vs Control,0.9612846346237203,0.017147999487011924,FALSE,NS
Gene_0225,106.28734296024106,-0.2976714385361905,0.7257064713464139,-0.41018159585089037,0.6816727404481968,0.8876457987131195,Brain,Treatment vs Control,Brain | Treatment vs Control,0.8876457987131195,0.05176029813081946,FALSE,NS
Gene_0226,155.78951805702002,0.28036816592952507,0.6055641764164835,0.4629867103246523,0.6433738930062389,0.8781638421500993,Brain,Treatment vs Control,Brain | Treatment vs Control,0.8781638421500993,0.05642444866862568,FALSE,NS
Gene_0227,163.96595632208218,-1.1153315720055674,0.5913977293771404,-1.8859246774251799,0.05930510555037549,0.35485038362373433,Brain,Treatment vs Control,Brain | Treatment vs Control,0.35485038362373433,0.4499547209252144,FALSE,NS
Gene_0228,175.73022313699968,0.3495747796202462,0.5593343957508833,0.6249835201909164,0.5319818742133235,0.8172085681287302,Brain,Treatment vs Control,Brain | Treatment vs Control,0.8172085681287302,0.08766708859915857,FALSE,NS
Gene_0229,135.36777815645445,0.5302726304759129,0.7375360469190991,0.7189785945934638,0.47215410863310403,0.7952395079187569,Brain,Treatment vs Control,Brain | Treatment vs Control,0.7952395079187569,0.09950205209554,FALSE,NS
Gene_0230,195.13424015599648,0.14479788679433941,0.8302390639794915,0.17440505160079553,0.8615471445597304,0.9581568858083637,Brain,Treatment vs Control,Brain | Treatment vs Control,0.9581568858083637,0.01856337498985505,FALSE,NS
Gene_0231,114.19221474867086,0.5847951636012241,0.5969171848405289,0.9796922897394161,0.3272380331825229,0.698880047268869,Brain,Treatment vs Control,Brain | Treatment vs Control,0.698880047268869,0.15559735827381344,FALSE,NS
Gene_0232,229.6241773895291,-0.64630284926729,0.631893219198124,-1.0228039004556053,0.30640057347965594,0.6731001357415163,Brain,Treatment vs Control,Brain | Treatment vs Control,0.6731001357415163,0.17192032186074696,FALSE,NS
Gene_0233,101.22829546627196,1.0062537982821507,0.6000589288291412,1.6769249650956664,0.09355715560079277,0.42870494085426564,Brain,Treatment vs Control,Brain | Treatment vs Control,0.42870494085426564,0.367841511186409,FALSE,NS
Gene_0234,142.5149145084949,1.1536459704494848,0.5108941183284468,2.258092095920004,0.023939918320466057,0.23476257611557055,Brain,Treatment vs Control,Brain | Treatment vs Control,0.23476257611557055,0.629371133497199,FALSE,NS
Gene_0235,133.59641031823594,-0.7458082875428106,0.5378987869941166,-1.3865216014160076,0.1655876889057659,0.5450375972975292,Brain,Treatment vs Control,Brain | Treatment vs Control,0.5450375972975292,0.2635735385753458,FALSE,NS
Gene_0236,219.57529598547296,1.4573394465045315,0.6039960720469907,2.412829344345721,0.015829229180959914,0.20837021685481777,Brain,Treatment vs Control,Brain | Treatment vs Control,0.20837021685481777,0.681164356293636,FALSE,NS
Gene_0237,173.60367090895718,-0.26524434854436046,0.552672962754383,-0.4799300244803895,0.6312771510148829,0.8781638421500993,Brain,Treatment vs Control,Brain | Treatment vs Control,0.8781638421500993,0.05642444866862568,FALSE,NS
Gene_0238,204.10578896676012,-0.0802422653192738,0.8018786865827507,-0.10006783652179425,0.9202904698683759,0.975534846536902,Brain,Treatment vs Control,Brain | Treatment vs Control,0.975534846536902,0.01075721280109175,FALSE,NS
Gene_0239,138.5055615788654,-0.860148362191524,0.5901478729858738,-1.4575132802556303,0.1449747482105034,0.5236059944747357,Brain,Treatment vs Control,Brain | Treatment vs Control,0.5236059944747357,0.2809953900960769,FALSE,NS
Gene_0240,109.84586817448177,0.2668195245361559,0.5779395096392075,0.461673791263595,0.6443152685862987,0.8781638421500993,Brain,Treatment vs Control,Brain | Treatment vs Control,0.8781638421500993,0.05642444866862568,FALSE,NS
Gene_0241,113.19717472587854,0.42768583231352153,0.5955292018078163,0.7181609751716933,0.47265803710632576,0.7952395079187569,Brain,Treatment vs Control,Brain | Treatment vs Control,0.7952395079187569,0.09950205209554,FALSE,NS
Gene_0242,167.20031490045722,0.24160251094916516,0.5576477964922132,0.43325287478749824,0.664831069852552,0.8788795912766703,Brain,Treatment vs Control,Brain | Treatment vs Control,0.8788795912766703,0.056070620291503864,FALSE,NS
Gene_0243,202.7399066960295,-0.160197379946159,0.7164640351930542,-0.22359444728163244,0.8230728847171543,0.9384327063546767,Brain,Treatment vs Control,Brain | Treatment vs Control,0.9384327063546767,0.027596864552124963,FALSE,NS
Gene_0244,99.03785728448945,-0.8662611179388041,0.6223843865443186,-1.3918426243765027,0.1639700593450121,0.5450375972975292,Brain,Treatment vs Control,Brain | Treatment vs Control,0.5450375972975292,0.2635735385753458,FALSE,NS
Gene_0245,223.2560137105292,-2.2388652975917323,0.8182643891847636,-2.736114790260288,0.006216933505425459,0.11647316681524887,Brain,Treatment vs Control,Brain | Treatment vs Control,0.11647316681524887,0.9337741162374317,FALSE,NS
Gene_0246,229.0078332517015,-0.19376531909460606,0.6560134887607528,-0.29536788863997276,0.7677128607456775,0.9202385946686596,Brain,Treatment vs Control,Brain | Treatment vs Control,0.9202385946686596,0.03609955644381721,FALSE,NS
Gene_0247,153.67519294263155,-0.5619435556906652,0.5184976363813094,-1.0837919331948607,0.27845706270994075,0.6543915985921273,Brain,Treatment vs Control,Brain | Treatment vs Control,0.6543915985921273,0.18416228499153334,FALSE,NS
Gene_0248,156.1866045169521,1.215708592990634,0.6193925476758008,1.9627433322413073,0.04967600534577504,0.32995805385634064,Brain,Treatment vs Control,Brain | Treatment vs Control,0.32995805385634064,0.48154126659666485,FALSE,NS
Gene_0249,104.0712725284025,1.0336713905379125,0.5912892660983233,1.748165322463383,0.0804354044343309,0.39348130277334853,Brain,Treatment vs Control,Brain | Treatment vs Control,0.39348130277334853,0.4050758993793305,FALSE,NS
Gene_0250,133.92604634492477,1.1508259649175772,0.7672934106528227,1.499851228930065,0.1336529437803457,0.5013716647511414,Brain,Treatment vs Control,Brain | Treatment vs Control,0.5013716647511414,0.29984021403546335,FALSE,NS
Gene_0251,206.3813964791209,0.4515236545539862,0.6567822132909007,0.6874785056854124,0.49178124114108157,0.8029774811760796,Brain,Treatment vs Control,Brain | Treatment vs Control,0.8029774811760796,0.09529663397175421,FALSE,NS
Gene_0252,100.97092350065407,1.8766407563828686,0.6477416667744049,2.897205556851207,0.003765029749091121,0.09488447239831721,Brain,Treatment vs Control,Brain | Treatment vs Control,0.09488447239831721,1.0228048529413105,FALSE,NS
Gene_0253,255.63353106613215,0.08958166394108803,0.76356504344305,0.11732027901270656,0.906606255672337,0.9722088151092269,Brain,Treatment vs Control,Brain | Treatment vs Control,0.9722088151092269,0.01224044545450429,FALSE,NS
Gene_0254,118.18911099037935,0.003833911328624507,0.6663101559537229,0.005753944006956999,0.9954090422459455,0.99612380942908,Brain,Treatment vs Control,Brain | Treatment vs Control,0.99612380942908,0.0016866792367782443,FALSE,NS
Gene_0255,178.2487259840974,-0.7168867732513294,0.6460820779396051,-1.1095908673670762,0.2671753684492893,0.6386350404236044,Brain,Treatment vs Control,Brain | Treatment vs Control,0.6386350404236044,0.19474725641179016,FALSE,NS
Gene_0256,212.81947474483377,0.35625921151669104,0.7260628934843554,0.4906726603352681,0.6236579862107088,0.8781638421500993,Brain,Treatment vs Control,Brain | Treatment vs Control,0.8781638421500993,0.05642444866862568,FALSE,NS
Gene_0257,106.06686073103141,-0.3354963620952758,0.5567932967749112,-0.6025510077771343,0.546807420674987,0.8334496264604012,Brain,Treatment vs Control,Brain | Treatment vs Control,0.8334496264604012,0.07912064372006436,FALSE,NS
Gene_0258,263.52960080399515,1.4030581762529302,0.7427266108422977,1.889064099456159,0.05888324021107221,0.35485038362373433,Brain,Treatment vs Control,Brain | Treatment vs Control,0.35485038362373433,0.4499547209252144,FALSE,NS
Gene_0259,235.24228551129121,0.3930648885706774,0.6883646990200413,0.5710125593747706,0.5679911293535591,0.8458064414254695,Brain,Treatment vs Control,Brain | Treatment vs Control,0.8458064414254695,0.0727290117111277,FALSE,NS
Gene_0260,217.99401912866313,1.5721077236612673,0.8290808344217566,1.8962056031095396,0.05793286256948312,0.35485038362373433,Brain,Treatment vs Control,Brain | Treatment vs Control,0.35485038362373433,0.4499547209252144,FALSE,NS
Gene_0261,124.91138657780267,-1.0843626596309637,0.7114522710230599,-1.5241537679986081,0.12747030385745933,0.492339397135618,Brain,Treatment vs Control,Brain | Treatment vs Control,0.492339397135618,0.30773541047138087,FALSE,NS
Gene_0262,158.6225404982443,-0.11798063959515129,0.45890622029721434,-0.25709095753537653,0.7971085578441789,0.9310100709124568,Brain,Treatment vs Control,Brain | Treatment vs Control,0.9310100709124568,0.031045621147495362,FALSE,NS
Gene_0263,132.7141103575381,-0.1435986694919408,0.61106437544865,-0.23499761279081133,0.8142105860640892,0.936762452464745,Brain,Treatment vs Control,Brain | Treatment vs Control,0.936762452464745,0.02837052508147703,FALSE,NS
Gene_0264,107.97759339876083,0.2874528426696011,0.6307382438747763,0.4557403098053946,0.6485767316485773,0.8781638421500993,Brain,Treatment vs Control,Brain | Treatment vs Control,0.8781638421500993,0.05642444866862568,FALSE,NS
Gene_0265,220.78737754772456,-0.3651775804669862,0.5773313921126825,-0.6325268042859369,0.5270426991288704,0.8153797204664762,Brain,Treatment vs Control,Brain | Treatment vs Control,0.8153797204664762,0.08864009420717368,FALSE,NS
Gene_0266,151.8224545638749,0.8313685786534035,0.5341666464293356,1.5563842935734185,0.11961673778634002,0.4758380118533526,Brain,Treatment vs Control,Brain | Treatment vs Control,0.4758380118533526,0.3225408677237963,FALSE,NS
Gene_0267,176.45737928765647,-0.4328822425856519,0.5507570383424999,-0.785976778233118,0.4318810917633778,0.7670650393286917,Brain,Treatment vs Control,Brain | Treatment vs Control,0.7670650393286917,0.11516781072634207,FALSE,NS
Gene_0268,185.82685473262407,0.8677994937055598,0.8974568385549317,0.9669540154185847,0.3335670221276543,0.7061477310538647,Brain,Treatment vs Control,Brain | Treatment vs Control,0.7061477310538647,0.1511044319938084,FALSE,NS
Gene_0269,135.95029196286205,0.5908390344444814,0.5988265499115932,0.9866613872275852,0.3238086652664713,0.6956601592074932,Brain,Treatment vs Control,Brain | Treatment vs Control,0.6956601592074932,0.1576028681843885,FALSE,NS
Gene_0270,138.3138203001184,1.7886420674012238,1.2927155515132196,1.3836315849279335,0.16647129190759205,0.5450375972975292,Brain,Treatment vs Control,Brain | Treatment vs Control,0.5450375972975292,0.2635735385753458,FALSE,NS
Gene_0271,126.90037577343345,0.8561922743624398,0.5889855155887023,1.453672886177276,0.14603701882769618,0.5236059944747357,Brain,Treatment vs Control,Brain | Treatment vs Control,0.5236059944747357,0.2809953900960769,FALSE,NS
Gene_0272,119.29495467735939,-1.5215239772319857,0.6759175653426666,-2.2510496179524884,0.024382394920546738,0.23476257611557055,Brain,Treatment vs Control,Brain | Treatment vs Control,0.23476257611557055,0.629371133497199,FALSE,NS
Gene_0273,193.06367693321704,0.12027410336638392,0.7583267579315398,0.1586045884685003,0.8739804134855269,0.9612846346237203,Brain,Treatment vs Control,Brain | Treatment vs Control,0.9612846346237203,0.017147999487011924,FALSE,NS
Gene_0274,163.77194436734592,-0.3130804084751008,0.5522370023668672,-0.5669312399083181,0.5707608985703041,0.8458064414254695,Brain,Treatment vs Control,Brain | Treatment vs Control,0.8458064414254695,0.0727290117111277,FALSE,NS
Gene_0275,257.8303633280496,0.12118314687638818,0.6227153598132719,0.19460439664235404,0.8457026608436318,0.9515447457755486,Brain,Treatment vs Control,Brain | Treatment vs Control,0.9515447457755486,0.0215707844799627,FALSE,NS
Gene_0276,133.50709589998482,1.7560144605242445,0.47633377690604944,3.6865209768036147,2.273407105160531e-4,0.013716222867801872,Brain,Treatment vs Control,Brain | Treatment vs Control,0.013716222867801872,1.8627654668736437,TRUE,Up
Gene_0277,196.15748782709315,-0.16496165688965309,0.7242456073896175,-0.22777032432992,0.8198247980803508,0.936762452464745,Brain,Treatment vs Control,Brain | Treatment vs Control,0.936762452464745,0.02837052508147703,FALSE,NS
Gene_0278,158.55165470262753,-0.815715894016324,0.5612135919708956,-1.4534856348572307,0.14608896530924945,0.5236059944747357,Brain,Treatment vs Control,Brain | Treatment vs Control,0.5236059944747357,0.2809953900960769,FALSE,NS
Gene_0279,159.797350956185,0.9644639125971888,0.5329057926637524,1.8098206585000225,0.0703236032060493,0.3799573785162664,Brain,Treatment vs Control,Brain | Treatment vs Control,0.3799573785162664,0.4202651173656808,FALSE,NS
Gene_0280,122.65475253124835,0.38177446046941893,0.5388114366955098,0.7085492891739884,0.4786042149512921,0.796573452010886,Brain,Treatment vs Control,Brain | Treatment vs Control,0.796573452010886,0.09877417173701489,FALSE,NS
Gene_0281,158.55594025582084,-0.6946263931029473,0.5894572228147948,-1.1784169677079284,0.2386304165448736,0.6121499864686061,Brain,Treatment vs Control,Brain | Treatment vs Control,0.6121499864686061,0.21314215577099846,FALSE,NS
Gene_0282,143.56353818511798,0.37467782327244403,0.6424669030884456,0.583186186667835,0.5597679690492847,0.8425613505024577,Brain,Treatment vs Control,Brain | Treatment vs Control,0.8425613505024577,0.07439846646301283,FALSE,NS
Gene_0283,211.06976886104954,0.49080610006422204,0.6812044521031589,0.7204974931518743,0.4712187426357951,0.7952395079187569,Brain,Treatment vs Control,Brain | Treatment vs Control,0.7952395079187569,0.09950205209554,FALSE,NS
Gene_0284,130.01242482544674,0.34665268240488445,0.5193105802819078,0.6675247829857501,0.5044369848578528,0.8090518416869648,Brain,Treatment vs Control,Brain | Treatment vs Control,0.8090518416869648,0.09202364916988807,FALSE,NS
Gene_0285,77.56589922667709,1.0613117337959403,0.5188712946302922,2.0454238744352766,0.04081308720173104,0.28688034110731336,Brain,Treatment vs Control,Brain | Treatment vs Control,0.28688034110731336,0.5422992113954734,FALSE,NS
Gene_0286,110.27283818198185,0.4136577710730347,0.5528525945270528,0.7482243461783973,0.45432484827454034,0.7869167228487254,Brain,Treatment vs Control,Brain | Treatment vs Control,0.7869167228487254,0.10407122535493124,FALSE,NS
Gene_0287,129.24278405347948,-0.32662377436910384,0.49280628136065996,-0.6627833019239956,0.5074693494910262,0.8090518416869648,Brain,Treatment vs Control,Brain | Treatment vs Control,0.8090518416869648,0.09202364916988807,FALSE,NS
Gene_0288,76.28900776569566,0.10480115603860327,0.5605286236095683,0.18696842877305345,0.8516853866030034,0.9530451621338091,Brain,Treatment vs Control,Brain | Treatment vs Control,0.9530451621338091,0.020886518878170283,FALSE,NS
Gene_0289,162.8180270795251,0.01585444037952156,0.5519907185329449,0.028722295225649355,0.9770860746830312,0.99612380942908,Brain,Treatment vs Control,Brain | Treatment vs Control,0.99612380942908,0.0016866792367782443,FALSE,NS
Gene_0290,100.91071807391714,-1.0985729148369863,0.4932751555182436,-2.2270996269471675,0.02594061614536691,0.23476257611557055,Brain,Treatment vs Control,Brain | Treatment vs Control,0.23476257611557055,0.629371133497199,FALSE,NS
Gene_0291,162.58241560053003,-0.1338337615517795,0.48446529422735896,-0.27625046240974177,0.7823557011729969,0.9266278306160746,Brain,Treatment vs Control,Brain | Treatment vs Control,0.9266278306160746,0.033094660207243234,FALSE,NS
Gene_0292,172.94706181083765,-0.960879780545093,0.7532210457134962,-1.275694281264924,0.20206361093103012,0.5902497958729883,Brain,Treatment vs Control,Brain | Treatment vs Control,0.5902497958729883,0.22896415444195053,FALSE,NS
Gene_0293,226.5567916341491,-0.803524635274854,0.7596546533249632,-1.0577499022192183,0.290169478029004,0.6686934510645678,Brain,Treatment vs Control,Brain | Treatment vs Control,0.6686934510645678,0.17477293009821238,FALSE,NS
Gene_0294,180.3604955645323,0.6252190651088327,0.8051770571530877,0.7764988576791505,0.4374544950263878,0.7706386914202537,Brain,Treatment vs Control,Brain | Treatment vs Control,0.7706386914202537,0.11314919017315987,FALSE,NS
Gene_0295,188.50095217008106,0.6553801754467393,0.5979823142897263,1.095985884173162,0.27308495192080046,0.6440179322171321,Brain,Treatment vs Control,Brain | Treatment vs Control,0.6440179322171321,0.1911020398536599,FALSE,NS
Gene_0296,149.20222385805374,-0.5865736426655234,0.6856742431160807,-0.8554698511056945,0.39229108807925095,0.7478071237960029,Brain,Treatment vs Control,Brain | Treatment vs Control,0.7478071237960029,0.12621040196521996,FALSE,NS
Gene_0297,159.5444703109281,0.5997996802203807,0.5580989535053871,1.0747192347397783,0.28250044943468133,0.6584537729339838,Brain,Treatment vs Control,Brain | Treatment vs Control,0.6584537729339838,0.18147470948639965,FALSE,NS
Gene_0298,164.69063618238067,-0.2182781542186465,0.49082286779567,-0.44471879478426396,0.6565229851552004,0.8781638421500993,Brain,Treatment vs Control,Brain | Treatment vs Control,0.8781638421500993,0.05642444866862568,FALSE,NS
Gene_0299,160.7479078485109,0.8416285622768799,0.49992209421548217,1.6835194363586408,0.09227458000623141,0.42759091298733626,Brain,Treatment vs Control,Brain | Treatment vs Control,0.42759091298733626,0.36897153283975803,FALSE,NS
Gene_0300,186.87577506633,-0.8888059407748676,0.5610681511259391,-1.5841318723781266,0.1131637126934826,0.469337500182914,Brain,Treatment vs Control,Brain | Treatment vs Control,0.469337500182914,0.32851474416410886,FALSE,NS
Gene_0301,142.50683651757123,-0.4051025610797494,0.5105478745597614,-0.7934663549996441,0.4275061641208194,0.7631177632569993,Brain,Treatment vs Control,Brain | Treatment vs Control,0.7631177632569993,0.11740843716143282,FALSE,NS
Gene_0302,125.82584138958542,-0.7311141948823797,0.6405823679325297,-1.1413273787757228,0.2537337128063034,0.626682605914623,Brain,Treatment vs Control,Brain | Treatment vs Control,0.626682605914623,0.20295235932928044,FALSE,NS
Gene_0303,135.43645093475743,-0.5946686678013007,0.5406549939924576,-1.099904142954419,0.2713738894268319,0.6427010173127136,Brain,Treatment vs Control,Brain | Treatment vs Control,0.6427010173127136,0.19199101265697482,FALSE,NS
Gene_0304,232.63603341349523,-0.004413870110927566,0.7588811348841191,-0.00581628651449026,0.9953593009540778,0.99612380942908,Brain,Treatment vs Control,Brain | Treatment vs Control,0.99612380942908,0.0016866792367782443,FALSE,NS
Gene_0305,204.10072808272002,-1.2826168925317099,0.6684353754879109,-1.9188345494064996,0.055005275906477795,0.3462940848373037,Brain,Treatment vs Control,Brain | Treatment vs Control,0.3462940848373037,0.46055492671348675,FALSE,NS
Gene_0306,270.2068891915056,1.5649630661616842,0.6567925720229822,2.382735634998813,0.01718453018329882,0.21087457377471772,Brain,Treatment vs Control,Brain | Treatment vs Control,0.21087457377471772,0.6759757822094584,FALSE,NS
Gene_0307,160.90997927839032,0.1621657234237922,1.2297623981624115,0.13186752470730156,0.895089075796712,0.9719431496395297,Brain,Treatment vs Control,Brain | Treatment vs Control,0.9719431496395297,0.012359136843173359,FALSE,NS
Gene_0308,118.06894879003312,0.03085411820704193,0.5479104065056354,0.05631234201923228,0.9550929869276822,0.9927165849784463,Brain,Treatment vs Control,Brain | Treatment vs Control,0.9927165849784463,0.003174722449633011,FALSE,NS
Gene_0309,142.32062422678922,0.5134860055914062,0.6097804662273661,0.8420833956329866,0.399741274774299,0.7497737899911722,Brain,Treatment vs Control,Brain | Treatment vs Control,0.7497737899911722,0.1250697453777368,FALSE,NS
Gene_0310,182.76298031497404,1.3584850320822912,0.637150937081414,2.1321243570716217,0.032996624774036996,0.26527891489057226,Brain,Treatment vs Control,Brain | Treatment vs Control,0.26527891489057226,0.5762972675848889,FALSE,NS
Gene_0311,175.94709832239727,-0.9438363626579033,0.6246209312217881,-1.5110546500766708,0.13077452765908443,0.4957107750009273,Brain,Treatment vs Control,Brain | Treatment vs Control,0.4957107750009273,0.3047716409645551,FALSE,NS
Gene_0312,143.91760827105236,-1.2196849024548615,0.7410086936664712,-1.6459792076391522,0.09976803987250954,0.44314147771593193,Brain,Treatment vs Control,Brain | Treatment vs Control,0.44314147771593193,0.35345759842224117,FALSE,NS
Gene_0313,85.46228122573696,-1.761483464517365,0.6045376927793409,-2.913769456489977,0.003570935127891868,0.09488447239831721,Brain,Treatment vs Control,Brain | Treatment vs Control,0.09488447239831721,1.0228048529413105,FALSE,NS
Gene_0314,146.01562045999063,-0.9972181538180875,0.569001221313946,-1.7525764734130036,0.07967473254995311,0.3933927609793078,Brain,Treatment vs Control,Brain | Treatment vs Control,0.3933927609793078,0.40517363601725853,FALSE,NS
Gene_0315,215.24582795404996,-0.736120197858899,0.6101543321092217,-1.2064491869036318,0.22764434033272984,0.6054021883200037,Brain,Treatment vs Control,Brain | Treatment vs Control,0.6054021883200037,0.21795601355191924,FALSE,NS
Gene_0316,206.85117575434424,-0.5569882590256088,0.6223154040620499,-0.8950256660689577,0.3707733679783675,0.7290607645211482,Brain,Treatment vs Control,Brain | Treatment vs Control,0.7290607645211482,0.13723627333297495,FALSE,NS
Gene_0317,203.6577059481575,0.18306984158143072,0.5676097781601847,0.3225276389262039,0.7470530026746085,0.9130940507607995,Brain,Treatment vs Control,Brain | Treatment vs Control,0.9130940507607995,0.0394844868438385,FALSE,NS
Gene_0318,98.81365098532108,0.754192456541956,0.6067443022407705,1.2430153093430691,0.21386219203439547,0.5999811824353356,Brain,Treatment vs Control,Brain | Treatment vs Control,0.5999811824353356,0.22186237043744406,FALSE,NS
Gene_0319,226.77685898611864,1.1208909669328775,0.6948344464499878,1.6131770275058692,0.10670605287472948,0.4626058819239769,Brain,Treatment vs Control,Brain | Treatment vs Control,0.4626058819239769,0.33478884957904786,FALSE,NS
Gene_0320,95.19824972135639,-0.013171955790430722,0.6220896044695636,-0.021173727539880748,0.9831070719692664,0.99612380942908,Brain,Treatment vs Control,Brain | Treatment vs Control,0.99612380942908,0.0016866792367782443,FALSE,NS
Gene_0321,204.53996705675294,-0.8667605920056028,0.683251528209643,-1.2685820027023103,0.2045901865860036,0.5902497958729883,Brain,Treatment vs Control,Brain | Treatment vs Control,0.5902497958729883,0.22896415444195053,FALSE,NS
Gene_0322,221.63333941512437,-0.24380928944776867,0.643361615975525,-0.378961509971468,0.7047164463431845,0.895113521320115,Brain,Treatment vs Control,Brain | Treatment vs Control,0.895113521320115,0.04812188249808894,FALSE,NS
Gene_0323,200.89204640647583,0.25482890767570765,0.7155586228196027,0.356125828896554,0.7217463349297415,0.9103560043364685,Brain,Treatment vs Control,Brain | Treatment vs Control,0.9103560043364685,0.04078873901534312,FALSE,NS
Gene_0324,141.04863538980464,-1.5470016813359586,0.5608192422773332,-2.758467550175363,0.005807307056811587,0.11647316681524887,Brain,Treatment vs Control,Brain | Treatment vs Control,0.11647316681524887,0.9337741162374317,FALSE,NS
Gene_0325,188.39372962481647,-0.35009506132170554,0.5210022947689917,-0.6719645284421154,0.5016062784695652,0.8090518416869648,Brain,Treatment vs Control,Brain | Treatment vs Control,0.8090518416869648,0.09202364916988807,FALSE,NS
Gene_0326,140.95963007562722,-0.052500881378678824,0.4794972205065021,-0.1094915238991816,0.9128126442994888,0.9722088151092269,Brain,Treatment vs Control,Brain | Treatment vs Control,0.9722088151092269,0.01224044545450429,FALSE,NS
Gene_0327,127.41597019671988,0.398059672234884,0.558589200642211,0.7126161260855636,0.4760833301798244,0.7960377160512537,Brain,Treatment vs Control,Brain | Treatment vs Control,0.7960377160512537,0.09906635501999983,FALSE,NS
Gene_0328,155.54129172308507,-0.20706365957659123,0.48602914528823904,-0.42603136372365563,0.6700849922440911,0.8788795912766703,Brain,Treatment vs Control,Brain | Treatment vs Control,0.8788795912766703,0.056070620291503864,FALSE,NS
Gene_0329,179.72305195897908,-0.19381686938953704,0.7046747158937362,-0.2750444496134927,0.7832820888633116,0.9266278306160746,Brain,Treatment vs Control,Brain | Treatment vs Control,0.9266278306160746,0.033094660207243234,FALSE,NS
Gene_0330,151.16581038118073,0.2785514084176789,0.47659033345648644,0.584467180434559,0.5589060397568046,0.8425613505024577,Brain,Treatment vs Control,Brain | Treatment vs Control,0.8425613505024577,0.07439846646301283,FALSE,NS
Gene_0331,196.17689027805562,-0.7126992597373848,0.609988606262007,-1.1683812655203278,0.24265300841649837,0.6121499864686061,Brain,Treatment vs Control,Brain | Treatment vs Control,0.6121499864686061,0.21314215577099846,FALSE,NS
Gene_0332,200.65979590959103,0.733894509513095,0.6630834557202591,1.1067905603464636,0.26838449042238033,0.6391788521901427,Brain,Treatment vs Control,Brain | Treatment vs Control,0.6391788521901427,0.19437760248170644,FALSE,NS
Gene_0333,158.13945850460146,-0.1654034448668697,0.6410994327542915,-0.2579996743348585,0.7964071585620232,0.9310100709124568,Brain,Treatment vs Control,Brain | Treatment vs Control,0.9310100709124568,0.031045621147495362,FALSE,NS
Gene_0334,149.25621945695124,0.3721666881298791,0.536767100220454,0.6933485453505396,0.48809084477351194,0.7998090040359109,Brain,Treatment vs Control,Brain | Treatment vs Control,0.7998090040359109,0.09701371100382279,FALSE,NS
Gene_0335,105.416322159869,0.395079777285006,0.6054283943761652,0.652562352467953,0.5140384629502814,0.8090518416869648,Brain,Treatment vs Control,Brain | Treatment vs Control,0.8090518416869648,0.09202364916988807,FALSE,NS
Gene_0336,117.89543844579141,1.4705493755297954,0.5446193586990364,2.7001415796944515,0.006930997384476757,0.11647316681524887,Brain,Treatment vs Control,Brain | Treatment vs Control,0.11647316681524887,0.9337741162374317,FALSE,NS
Gene_0337,131.2588204020293,0.6418451562282916,0.7122029253434928,0.9012110641341892,0.3674761093526257,0.7269199540199481,Brain,Treatment vs Control,Brain | Treatment vs Control,0.7269199540199481,0.1385134095555236,FALSE,NS
Gene_0338,157.7535562148414,-0.5399734450083733,0.5792678451597905,-0.9321654041739916,0.3512510514875928,0.7207131961085663,Brain,Treatment vs Control,Brain | Treatment vs Control,0.7207131961085663,0.14223752602621623,FALSE,NS
Gene_0339,156.7562270682066,0.21739167771876544,0.4911239100080956,0.44264120171869054,0.658025278108002,0.8781638421500993,Brain,Treatment vs Control,Brain | Treatment vs Control,0.8781638421500993,0.05642444866862568,FALSE,NS
Gene_0340,145.6827137041364,-0.7158502116047607,0.5443162526798349,-1.315136573784839,0.1884640067791955,0.578169241136176,Brain,Treatment vs Control,Brain | Treatment vs Control,0.578169241136176,0.23794501671267793,FALSE,NS
Gene_0341,200.19659048609836,0.7401462267015929,0.6500160212291682,1.1386584369135857,0.2548456446572725,0.626682605914623,Brain,Treatment vs Control,Brain | Treatment vs Control,0.626682605914623,0.20295235932928044,FALSE,NS
Gene_0342,118.00514307141418,-0.08227780631826175,0.6417192100400776,-0.12821465374727245,0.8979791037692089,0.9722088151092269,Brain,Treatment vs Control,Brain | Treatment vs Control,0.9722088151092269,0.01224044545450429,FALSE,NS
Gene_0343,133.6984781104765,-1.0001744698310004,0.5298562862971384,-1.8876334879796293,0.059075171132031326,0.35485038362373433,Brain,Treatment vs Control,Brain | Treatment vs Control,0.35485038362373433,0.4499547209252144,FALSE,NS
Gene_0344,251.00871343461878,0.801143078149106,0.6831438588238068,1.17272967882411,0.24090422579130996,0.6121499864686061,Brain,Treatment vs Control,Brain | Treatment vs Control,0.6121499864686061,0.21314215577099846,FALSE,NS
Gene_0345,184.57290451039452,0.18138532673957755,0.7107255001953651,0.25521150808535525,0.7985597431445244,0.9310100709124568,Brain,Treatment vs Control,Brain | Treatment vs Control,0.9310100709124568,0.031045621147495362,FALSE,NS
Gene_0346,212.18286106738074,0.7619924422069543,0.599355208069229,1.2713536679887159,0.20360285760589747,0.5902497958729883,Brain,Treatment vs Control,Brain | Treatment vs Control,0.5902497958729883,0.22896415444195053,FALSE,NS
Gene_0347,100.49011399080193,0.0913574160937764,0.5875538189405572,0.155487741120476,0.8764368175772215,0.9612846346237203,Brain,Treatment vs Control,Brain | Treatment vs Control,0.9612846346237203,0.017147999487011924,FALSE,NS
Gene_0348,136.5775176055663,-0.3142120231045259,0.5244052396283232,-0.5991778864132372,0.5490542675376469,0.8351161548261687,Brain,Treatment vs Control,Brain | Treatment vs Control,0.8351161548261687,0.07825311506525036,FALSE,NS
Gene_0349,111.43538007961905,-0.40230858713574424,0.5894348997059047,-0.6825326890831777,0.49490217996156843,0.8042911620256811,Brain,Treatment vs Control,Brain | Treatment vs Control,0.8042911620256811,0.09458670352742986,FALSE,NS
Gene_0350,108.7008803115555,-0.10011509208966483,0.5231013061133059,-0.19138757812235227,0.848221951409828,0.952112702047621,Brain,Treatment vs Control,Brain | Treatment vs Control,0.952112702047621,0.021311640921835604,FALSE,NS
Gene_0351,184.18577390963046,0.5652292499581919,0.6025972906611013,0.9379883692110307,0.3482503872808762,0.7203808011181553,Brain,Treatment vs Control,Brain | Treatment vs Control,0.7203808011181553,0.14243787008841566,FALSE,NS
Gene_0352,113.43695195871538,-0.026351975330627057,0.6272502835391391,-0.04201189863469029,0.9664892127537116,0.9958514592805756,Brain,Treatment vs Control,Brain | Treatment vs Control,0.9958514592805756,0.0018054358993091079,FALSE,NS
Gene_0353,130.64543136860982,-0.8024773204622585,0.5028601717929428,-1.595825968083799,0.11052765383662802,0.469337500182914,Brain,Treatment vs Control,Brain | Treatment vs Control,0.469337500182914,0.32851474416410886,FALSE,NS
Gene_0354,186.53899028631116,1.0393179244600692,0.7813786094760474,1.3301079807610585,0.1834826964155399,0.5687100156965611,Brain,Treatment vs Control,Brain | Treatment vs Control,0.5687100156965611,0.24510912321003345,FALSE,NS
Gene_0355,178.33706483600332,0.04211284128401949,0.6893229544851345,0.06109304936098377,0.9512851046190703,0.9927165849784463,Brain,Treatment vs Control,Brain | Treatment vs Control,0.9927165849784463,0.003174722449633011,FALSE,NS
Gene_0356,107.73931986323757,0.017570703390191744,0.5819603454935842,0.030192269157599243,0.975913714040925,0.99612380942908,Brain,Treatment vs Control,Brain | Treatment vs Control,0.99612380942908,0.0016866792367782443,FALSE,NS
Gene_0357,145.37200727762675,0.5285190803004141,0.49212531652514496,1.0739522283312761,0.28284409306970854,0.6584537729339838,Brain,Treatment vs Control,Brain | Treatment vs Control,0.6584537729339838,0.18147470948639965,FALSE,NS
Gene_0358,146.23779614035766,0.4625548389891752,0.4561066405922478,1.014137479753758,0.3105171561042384,0.6772798069088033,Brain,Treatment vs Control,Brain | Treatment vs Control,0.6772798069088033,0.1692318726865857,FALSE,NS
Gene_0359,139.11439646598384,-1.4538262080920898,0.5155882112292217,-2.8197429196955466,0.004806213741584763,0.10600325150704978,Brain,Treatment vs Control,Brain | Treatment vs Control,0.10600325150704978,0.9746808131322858,FALSE,NS
Gene_0360,203.12074602128482,0.1334010822622471,0.5508554611405255,0.242170753805445,0.8086478557286272,0.936762452464745,Brain,Treatment vs Control,Brain | Treatment vs Control,0.936762452464745,0.02837052508147703,FALSE,NS
Gene_0361,178.8449086376618,0.284653129399615,0.6351116715466182,0.4481938250425005,0.6540133188139335,0.8781638421500993,Brain,Treatment vs Control,Brain | Treatment vs Control,0.8781638421500993,0.05642444866862568,FALSE,NS
Gene_0362,125.27154580095416,2.200027371610242,0.6860872693138428,3.2066290543628564,0.0013430005001763168,0.06767779323376263,Brain,Treatment vs Control,Brain | Treatment vs Control,0.06767779323376263,1.1695538107554484,FALSE,NS
Gene_0363,162.07537338438684,-2.153612910350896,0.45959595573805745,-4.685883075042392,2.7875537962299405e-6,4.036377896940954e-4,Brain,Treatment vs Control,Brain | Treatment vs Control,4.036377896940954e-4,3.3940081806726576,TRUE,Down
Gene_0364,115.59803006177857,-0.35737300386557547,0.666853819933745,-0.535909060101181,0.5920214025175943,0.8624215199652682,Brain,Treatment vs Control,Brain | Treatment vs Control,0.8624215199652682,0.06428041509151954,FALSE,NS
Gene_0365,126.33992370666752,-0.4747328531239032,0.6829130499947363,-0.6951585610021104,0.48695593849774016,0.7998090040359109,Brain,Treatment vs Control,Brain | Treatment vs Control,0.7998090040359109,0.09701371100382279,FALSE,NS
Gene_0366,157.62011978186194,-1.405168145094007,0.5736796420892789,-2.4493951711037494,0.014309635667495942,0.1954750230805106,Brain,Treatment vs Control,Brain | Treatment vs Control,0.1954750230805106,0.708908726919223,FALSE,NS
Gene_0367,125.07403641696878,0.9252609899648376,0.5885609715926209,1.5720733018723971,0.11593355237514887,0.4745047837210861,Brain,Treatment vs Control,Brain | Treatment vs Control,0.4745047837210861,0.3237594048737839,FALSE,NS
Gene_0368,209.03772997812322,0.10877697118436529,0.6448902408370556,0.16867517027885984,0.8660521501574059,0.9612846346237203,Brain,Treatment vs Control,Brain | Treatment vs Control,0.9612846346237203,0.017147999487011924,FALSE,NS
Gene_0369,153.6442389878587,-0.30439238509837496,0.4787097555341535,-0.6358599998839132,0.5248676761752784,0.8153797204664762,Brain,Treatment vs Control,Brain | Treatment vs Control,0.8153797204664762,0.08864009420717368,FALSE,NS
Gene_0370,197.9348438209614,1.000968600341787,0.5949249145664681,1.6825124916330152,0.09246950471172259,0.42759091298733626,Brain,Treatment vs Control,Brain | Treatment vs Control,0.42759091298733626,0.36897153283975803,FALSE,NS
Gene_0371,188.11000328985708,0.6523769859061767,0.5788105420373041,1.1270993503503453,0.25970047800103024,0.6315459111597047,Brain,Treatment vs Control,Brain | Treatment vs Control,0.6315459111597047,0.19959507228433718,FALSE,NS
Gene_0372,181.0372838016829,-0.28557032623461476,0.6015414720838053,-0.47473090300053294,0.634978788395318,0.8781638421500993,Brain,Treatment vs Control,Brain | Treatment vs Control,0.8781638421500993,0.05642444866862568,FALSE,NS
Gene_0373,133.44912335145594,-0.06402743273288833,0.48710188255682335,-0.13144566881327777,0.8954227635491248,0.9719431496395297,Brain,Treatment vs Control,Brain | Treatment vs Control,0.9719431496395297,0.012359136843173359,FALSE,NS
Gene_0374,134.38678389799045,-0.18634648865842166,0.568791338011875,-0.3276183658312518,0.7432002337769528,0.9115753128759134,Brain,Treatment vs Control,Brain | Treatment vs Control,0.9115753128759134,0.04020744482003216,FALSE,NS
Gene_0375,218.56178081000044,-0.7119076889433232,0.6029980510275528,-1.1806135819679358,0.2377562656009906,0.6121499864686061,Brain,Treatment vs Control,Brain | Treatment vs Control,0.6121499864686061,0.21314215577099846,FALSE,NS
Gene_0376,151.53958198214062,-0.8332636143105893,0.4559188864797377,-1.8276575922187022,0.06760095646792684,0.3767966688755528,Brain,Treatment vs Control,Brain | Treatment vs Control,0.3767966688755528,0.42389294530421534,FALSE,NS
Gene_0377,126.96411213593893,0.2559365340217273,0.5974820419030473,0.4283585381186365,0.6683901061702979,0.8788795912766703,Brain,Treatment vs Control,Brain | Treatment vs Control,0.8788795912766703,0.056070620291503864,FALSE,NS
Gene_0378,136.60032384515395,0.5735272981569368,0.6270970301065829,0.9145750507851372,0.36041476138628487,0.7269199540199481,Brain,Treatment vs Control,Brain | Treatment vs Control,0.7269199540199481,0.1385134095555236,FALSE,NS
Gene_0379,139.40567071815835,-0.6691914326804754,0.5825878296278013,-1.1486532993797736,0.25069896983941187,0.6215960759031993,Brain,Treatment vs Control,Brain | Treatment vs Control,0.6215960759031993,0.2064917358721458,FALSE,NS
Gene_0380,204.54593389050044,-0.37483786568132527,0.7050672236679759,-0.5316342230905355,0.5949793570575987,0.8649900692965894,Brain,Treatment vs Control,Brain | Treatment vs Control,0.8649900692965894,0.06298887851720872,FALSE,NS
Gene_0381,119.84411807546964,-0.015567013611510097,0.5850562196915947,-0.026607722621453472,0.9787726136804101,0.99612380942908,Brain,Treatment vs Control,Brain | Treatment vs Control,0.99612380942908,0.0016866792367782443,FALSE,NS
Gene_0382,209.16315553281285,0.757468903685912,0.5824362069219531,1.300518227891374,0.19342341302713065,0.5869326154165949,Brain,Treatment vs Control,Brain | Treatment vs Control,0.5869326154165949,0.23141175638882222,FALSE,NS
Gene_0383,130.16214609929438,-0.010885913823747234,0.6320525858814781,-0.017223114131501318,0.9862586225126522,0.99612380942908,Brain,Treatment vs Control,Brain | Treatment vs Control,0.99612380942908,0.0016866792367782443,FALSE,NS
Gene_0384,220.1550384095907,-1.6420749707583073,0.6398750312468509,-2.5662432358996488,0.010280670789419103,0.15190215615386593,Brain,Treatment vs Control,Brain | Treatment vs Control,0.15190215615386593,0.8184360615613069,FALSE,NS
Gene_0385,191.93827256450328,-0.10085761337048288,0.6749648483646532,-0.14942646808177784,0.8812171276739109,0.9612846346237203,Brain,Treatment vs Control,Brain | Treatment vs Control,0.9612846346237203,0.017147999487011924,FALSE,NS
Gene_0386,186.54474653312906,-0.32107571655710476,0.5524495682398286,-0.58118556881145,0.5611153927509199,0.8428372289453652,Brain,Treatment vs Control,Brain | Treatment vs Control,0.8428372289453652,0.07425628942790452,FALSE,NS
Gene_0387,118.06313995516604,1.2516696568126424,0.5667495077805139,2.2085059442122685,0.02720902390566198,0.23619864327414597,Brain,Treatment vs Control,Brain | Treatment vs Control,0.23619864327414597,0.626722601304401,FALSE,NS
Gene_0388,166.11307616194293,-0.7320254217884721,0.6252363898165034,-1.170797851358763,0.24168004169296672,0.6121499864686061,Brain,Treatment vs Control,Brain | Treatment vs Control,0.6121499864686061,0.21314215577099846,FALSE,NS
Gene_0389,151.87208057826865,0.11276946986157126,0.5751389529121201,0.1960734345858194,0.8445526887896431,0.9515447457755486,Brain,Treatment vs Control,Brain | Treatment vs Control,0.9515447457755486,0.0215707844799627,FALSE,NS
Gene_0390,127.56076080271552,-1.4668186668035228,0.6115502728727612,-2.3985250794070176,0.016461249191512397,0.21036895403736536,Brain,Treatment vs Control,Brain | Treatment vs Control,0.21036895403736536,0.6770183523753169,FALSE,NS
Gene_0391,99.41639730909105,-0.0763062330946015,0.6920188278871037,-0.11026612285619797,0.9121983234392432,0.9722088151092269,Brain,Treatment vs Control,Brain | Treatment vs Control,0.9722088151092269,0.01224044545450429,FALSE,NS
Gene_0392,145.32517046762547,-1.0238257550084153,0.48113744376156614,-2.1279278266186767,0.03334306803182607,0.26527891489057226,Brain,Treatment vs Control,Brain | Treatment vs Control,0.26527891489057226,0.5762972675848889,FALSE,NS
Gene_0393,163.14624298057498,-0.011351526757877326,0.707914624451718,-0.016035163515189584,0.9872063388684489,0.99612380942908,Brain,Treatment vs Control,Brain | Treatment vs Control,0.99612380942908,0.0016866792367782443,FALSE,NS
Gene_0394,134.0302449214712,-0.20893108775835337,0.6277308925836377,-0.3328354398784281,0.7392585048120117,0.9115753128759134,Brain,Treatment vs Control,Brain | Treatment vs Control,0.9115753128759134,0.04020744482003216,FALSE,NS
Gene_0395,128.92085762390133,0.1966555693317876,0.5740944769840789,0.34254913993405545,0.7319376698393247,0.9115753128759134,Brain,Treatment vs Control,Brain | Treatment vs Control,0.9115753128759134,0.04020744482003216,FALSE,NS
Gene_0396,161.87019682565435,-0.23727761972571515,0.5014183301615647,-0.4732128952072029,0.6360612987054783,0.8781638421500993,Brain,Treatment vs Control,Brain | Treatment vs Control,0.8781638421500993,0.05642444866862568,FALSE,NS
Gene_0397,135.347501912973,0.5329241121140685,0.5646341407218198,0.9438396895957909,0.34525157524872346,0.7162238982237128,Brain,Treatment vs Control,Brain | Treatment vs Control,0.7162238982237128,0.14495119198995202,FALSE,NS
Gene_0398,126.7539543282072,-1.1099443495392851,0.5748429656039159,-1.930865324886084,0.05349970929920276,0.34277689851878584,Brain,Treatment vs Control,Brain | Treatment vs Control,0.34277689851878584,0.46498845507990655,FALSE,NS
Gene_0399,197.71210682914568,-0.07443086954600689,0.6031339372595393,-0.12340686694600299,0.9017849196038032,0.9722088151092269,Brain,Treatment vs Control,Brain | Treatment vs Control,0.9722088151092269,0.01224044545450429,FALSE,NS
Gene_0400,157.97581793078308,-0.35197976345363835,0.4659631405573405,-0.7553811295731114,0.4500203324017916,0.78270382468019,Brain,Treatment vs Control,Brain | Treatment vs Control,0.78270382468019,0.10640254399608305,FALSE,NS
Gene_0401,160.17211914799327,0.8849839826469069,0.6834675380678882,1.2948442074493995,0.195373978336187,0.5869326154165949,Brain,Treatment vs Control,Brain | Treatment vs Control,0.5869326154165949,0.23141175638882222,FALSE,NS
Gene_0402,154.03349533282721,-0.4862006721458658,0.5104473034655616,-0.9524992469250421,0.3408438476798852,0.7093059532425839,Brain,Treatment vs Control,Brain | Treatment vs Control,0.7093059532425839,0.14916639507949156,FALSE,NS
Gene_0403,147.89187268604294,0.18401253872547074,0.6400103045307206,0.28751496252922926,0.7737180469250833,0.9243760164583503,Brain,Treatment vs Control,Brain | Treatment vs Control,0.9243760164583503,0.03415133110175317,FALSE,NS
Gene_0404,218.51844884645874,0.737923246486258,0.6139496734803985,1.2019279077111806,0.22939146076073588,0.6054021883200037,Brain,Treatment vs Control,Brain | Treatment vs Control,0.6054021883200037,0.21795601355191924,FALSE,NS
Gene_0405,106.28034251266897,1.192379491136718,0.5353688210744911,2.227211305924763,0.025933154869720466,0.23476257611557055,Brain,Treatment vs Control,Brain | Treatment vs Control,0.23476257611557055,0.629371133497199,FALSE,NS
Gene_0406,114.81687764348132,-0.1504109420485119,0.6262594992600286,-0.24017350990481334,0.810195748761727,0.936762452464745,Brain,Treatment vs Control,Brain | Treatment vs Control,0.936762452464745,0.02837052508147703,FALSE,NS
Gene_0407,100.48263614586213,0.18461709858256198,0.5379981862479084,0.34315561520776355,0.7314813934621747,0.9115753128759134,Brain,Treatment vs Control,Brain | Treatment vs Control,0.9115753128759134,0.04020744482003216,FALSE,NS
Gene_0408,135.50964708596112,-0.27483993817772173,0.6150366144145673,-0.4468676038731981,0.6549706560036417,0.8781638421500993,Brain,Treatment vs Control,Brain | Treatment vs Control,0.8781638421500993,0.05642444866862568,FALSE,NS
Gene_0409,192.97913298142893,-1.2411277745609157,0.6791483851856567,-1.8274765892605818,0.0676281429886633,0.3767966688755528,Brain,Treatment vs Control,Brain | Treatment vs Control,0.3767966688755528,0.42389294530421534,FALSE,NS
Gene_0410,202.8035668801927,0.7201399873265858,0.6337902793375303,1.136243345479064,0.2558547343209112,0.626682605914623,Brain,Treatment vs Control,Brain | Treatment vs Control,0.626682605914623,0.20295235932928044,FALSE,NS
Gene_0411,79.50116239947386,0.07634134852979645,0.6141850385977435,0.12429698499998094,0.9010801344119947,0.9722088151092269,Brain,Treatment vs Control,Brain | Treatment vs Control,0.9722088151092269,0.01224044545450429,FALSE,NS
Gene_0412,168.91625472049463,-1.4751169432680569,0.6545016489844344,-2.2538017215952633,0.024208644467278606,0.23476257611557055,Brain,Treatment vs Control,Brain | Treatment vs Control,0.23476257611557055,0.629371133497199,FALSE,NS
Gene_0413,129.055953793908,-0.3120095345917084,0.4707090007759257,-0.6628501559931633,0.507426527241726,0.8090518416869648,Brain,Treatment vs Control,Brain | Treatment vs Control,0.8090518416869648,0.09202364916988807,FALSE,NS
Gene_0414,82.48256249234134,-0.47515567321371205,0.6623263863069166,-0.717404112288422,0.4731247829376179,0.7952395079187569,Brain,Treatment vs Control,Brain | Treatment vs Control,0.7952395079187569,0.09950205209554,FALSE,NS
Gene_0415,135.89319763147657,0.2586061323657425,0.6458196150535505,0.4004309041376813,0.688839165885039,0.891074927461449,Brain,Treatment vs Control,Brain | Treatment vs Control,0.891074927461449,0.05008577608108428,FALSE,NS
Gene_0416,109.40562810095686,-0.9962761915106034,0.549696690593819,-1.8124107504346798,0.06992275296762124,0.3799573785162664,Brain,Treatment vs Control,Brain | Treatment vs Control,0.3799573785162664,0.4202651173656808,FALSE,NS
Gene_0417,109.17683355682708,0.15591049907863339,0.5516331136349858,0.282634409039119,0.7774571007103376,0.9266278306160746,Brain,Treatment vs Control,Brain | Treatment vs Control,0.9266278306160746,0.033094660207243234,FALSE,NS
Gene_0418,174.5783632889602,-0.5622818851923518,0.6904530788746716,-0.8143665404588848,0.41543500076590356,0.7538219061516646,Brain,Treatment vs Control,Brain | Treatment vs Control,0.7538219061516646,0.12273124605522334,FALSE,NS
Gene_0419,169.3457774087536,0.007670509568455939,0.5982403992498556,0.01282178465057547,0.98976997628565,0.99612380942908,Brain,Treatment vs Control,Brain | Treatment vs Control,0.99612380942908,0.0016866792367782443,FALSE,NS
Gene_0420,97.48246193843522,0.4099405939775617,0.5609827704859588,0.730754339607338,0.46492921785601654,0.7937906778249761,Brain,Treatment vs Control,Brain | Treatment vs Control,0.7937906778249761,0.10029400569711572,FALSE,NS
Gene_0421,130.5597931352313,-0.09360317988927802,0.6265084212665136,-0.1494045039331717,0.8812344579956483,0.9612846346237203,Brain,Treatment vs Control,Brain | Treatment vs Control,0.9612846346237203,0.017147999487011924,FALSE,NS
Gene_0422,172.87898346536005,-0.34122889594120087,0.7341954424681231,-0.46476575064822223,0.6420992169916637,0.8781638421500993,Brain,Treatment vs Control,Brain | Treatment vs Control,0.8781638421500993,0.05642444866862568,FALSE,NS
Gene_0423,141.82051416414885,1.1472927141877782,0.5185435228751453,2.212529254683262,0.02693011713161049,0.23619864327414597,Brain,Treatment vs Control,Brain | Treatment vs Control,0.23619864327414597,0.626722601304401,FALSE,NS
Gene_0424,176.14700882828598,-0.7666960945559694,0.6386572816547889,-1.200481254311274,0.22995248865745996,0.6054021883200037,Brain,Treatment vs Control,Brain | Treatment vs Control,0.6054021883200037,0.21795601355191924,FALSE,NS
Gene_0425,118.85258854517983,-0.10051024023335024,0.6695710498101878,-0.1501113888688037,0.8806767347809942,0.9612846346237203,Brain,Treatment vs Control,Brain | Treatment vs Control,0.9612846346237203,0.017147999487011924,FALSE,NS
Gene_0426,146.2027221249673,0.029063014580208667,0.5576793633740219,0.05211420125782351,0.9584376973755994,0.9927165849784463,Brain,Treatment vs Control,Brain | Treatment vs Control,0.9927165849784463,0.003174722449633011,FALSE,NS
Gene_0427,212.6137617574708,0.07430689057057441,0.643759989709743,0.11542638834090593,0.9081071638747905,0.9722088151092269,Brain,Treatment vs Control,Brain | Treatment vs Control,0.9722088151092269,0.01224044545450429,FALSE,NS
Gene_0428,140.21740636457992,-0.050826112324901425,0.668073587662348,-0.07607861358918072,0.9393565547045406,0.9870742316488931,Brain,Treatment vs Control,Brain | Treatment vs Control,0.9870742316488931,0.005650185543896293,FALSE,NS
Gene_0429,223.8072543143607,-0.3498245318864949,0.6668002827687372,-0.5246316489758039,0.5998392809954906,0.8685672788814703,Brain,Treatment vs Control,Brain | Treatment vs Control,0.8685672788814703,0.06119653563334572,FALSE,NS
Gene_0430,269.235152260956,-0.4135781213076784,0.7023770481197747,-0.5888263610190632,0.555977760366774,0.8421085742793817,Brain,Treatment vs Control,Brain | Treatment vs Control,0.8421085742793817,0.07463191067313488,FALSE,NS
Gene_0431,152.82115866146114,0.6267514841643823,0.5563609736503158,1.126519496959376,0.2599456927149061,0.6315459111597047,Brain,Treatment vs Control,Brain | Treatment vs Control,0.6315459111597047,0.19959507228433718,FALSE,NS
Gene_0432,158.48731891934207,0.7481305876864544,0.5318135783176701,1.4067534530672905,0.15950050936263158,0.5447092866912512,Brain,Treatment vs Control,Brain | Treatment vs Control,0.5447092866912512,0.2638352204228751,FALSE,NS
Gene_0433,175.62653293217826,1.377916201908087,0.6175018225261659,2.2314366559617715,0.025652219039824096,0.23476257611557055,Brain,Treatment vs Control,Brain | Treatment vs Control,0.23476257611557055,0.629371133497199,FALSE,NS
Gene_0434,127.60241002561521,-0.7099113340389266,0.6014482618449466,-1.1803364962121077,0.23786640810691603,0.6121499864686061,Brain,Treatment vs Control,Brain | Treatment vs Control,0.6121499864686061,0.21314215577099846,FALSE,NS
Gene_0435,141.57522601948392,0.2833684892984055,0.5192520575998847,0.5457243455292347,0.5852554343718765,0.8579123087369674,Brain,Treatment vs Control,Brain | Treatment vs Control,0.8579123087369674,0.06655710116987716,FALSE,NS
Gene_0436,187.50602762064105,-0.4181036621040097,0.5975794275451952,-0.6996620747497007,0.48413836638142993,0.7998090040359109,Brain,Treatment vs Control,Brain | Treatment vs Control,0.7998090040359109,0.09701371100382279,FALSE,NS
Gene_0437,134.85257256910188,0.055707484912923225,0.4792365389888045,0.11624214846068867,0.9074606335055082,0.9722088151092269,Brain,Treatment vs Control,Brain | Treatment vs Control,0.9722088151092269,0.01224044545450429,FALSE,NS
Gene_0438,125.05944970246496,-0.7422509344895823,0.6860545411957985,-1.081912428122454,0.2792914419405626,0.6543915985921273,Brain,Treatment vs Control,Brain | Treatment vs Control,0.6543915985921273,0.18416228499153334,FALSE,NS
Gene_0439,171.41966129025408,0.8495553890023131,0.7071234275645795,1.201424469739727,0.22958658887335057,0.6054021883200037,Brain,Treatment vs Control,Brain | Treatment vs Control,0.6054021883200037,0.21795601355191924,FALSE,NS
Gene_0440,149.5672648556635,-1.5245108940017291,0.5591762156498046,-2.726351463697599,0.006403876843130676,0.11647316681524887,Brain,Treatment vs Control,Brain | Treatment vs Control,0.11647316681524887,0.9337741162374317,FALSE,NS
Gene_0441,148.48794700374472,-0.42840784935164433,0.5530265255238206,-0.7746605806039072,0.43854024981373546,0.7706386914202537,Brain,Treatment vs Control,Brain | Treatment vs Control,0.7706386914202537,0.11314919017315987,FALSE,NS
Gene_0442,117.90849696101199,-1.4822042810182772,0.506254141613659,-2.9277869733447064,0.003413838568745624,0.09488447239831721,Brain,Treatment vs Control,Brain | Treatment vs Control,0.09488447239831721,1.0228048529413105,FALSE,NS
Gene_0443,149.68665601261287,0.8078601375878511,0.45210354808517306,1.7868918326552397,0.07395497281715391,0.3896603436896325,Brain,Treatment vs Control,Brain | Treatment vs Control,0.3896603436896325,0.40931379075110247,FALSE,NS
Gene_0444,212.14471401758482,-0.6349942865074973,0.6795468964960848,-0.9344377699047528,0.35007812235259217,0.7207131961085663,Brain,Treatment vs Control,Brain | Treatment vs Control,0.7207131961085663,0.14223752602621623,FALSE,NS
Gene_0445,205.4512203222945,0.8182844676487364,0.6669780123524216,1.2268537380455153,0.21987756891816598,0.6054021883200037,Brain,Treatment vs Control,Brain | Treatment vs Control,0.6054021883200037,0.21795601355191924,FALSE,NS
Gene_0446,204.02979040350493,0.5892333828517549,0.7033453386017788,0.8377582824720587,0.40216647288033724,0.749868146183799,Brain,Treatment vs Control,Brain | Treatment vs Control,0.749868146183799,0.1250150945002749,FALSE,NS
Gene_0447,225.33195868490054,0.7428038059570594,0.750354279053005,0.9899374558035775,0.3222046903643236,0.6942743923326496,Brain,Treatment vs Control,Brain | Treatment vs Control,0.6942743923326496,0.15846885299740174,FALSE,NS
Gene_0448,98.46006892424799,-0.2612011893626821,0.5824850903449711,-0.4484255368802457,0.6538461151888546,0.8781638421500993,Brain,Treatment vs Control,Brain | Treatment vs Control,0.8781638421500993,0.05642444866862568,FALSE,NS
Gene_0449,262.2811107435536,0.4507989755191158,0.6052432984440469,0.7448227459569153,0.45637888235945967,0.788587854005367,Brain,Treatment vs Control,Brain | Treatment vs Control,0.788587854005367,0.10314991630549024,FALSE,NS
Gene_0450,198.3146997793085,0.857834226866739,0.569389776485585,1.5065852291228423,0.13191700586118574,0.4974370429348879,Brain,Treatment vs Control,Brain | Treatment vs Control,0.4974370429348879,0.3032618770009436,FALSE,NS
Gene_0451,184.47780672580757,1.006589574983632,0.7013016253638727,1.4353161871845934,0.15119701710185923,0.5339836116182736,Brain,Treatment vs Control,Brain | Treatment vs Control,0.5339836116182736,0.27247207160996245,FALSE,NS
Gene_0452,166.3108866718808,-0.22392361110472217,0.5231930547713157,-0.42799423475259574,0.6686553177914304,0.8788795912766703,Brain,Treatment vs Control,Brain | Treatment vs Control,0.8788795912766703,0.056070620291503864,FALSE,NS
Gene_0453,165.07652297301598,-0.14972932681220508,0.5836229682532665,-0.2565514637991923,0.7975250473408138,0.9310100709124568,Brain,Treatment vs Control,Brain | Treatment vs Control,0.9310100709124568,0.031045621147495362,FALSE,NS
Gene_0454,182.29367269060802,0.29109883486833343,0.5776596791162232,0.5039279101385321,0.6143120367595377,0.8781638421500993,Brain,Treatment vs Control,Brain | Treatment vs Control,0.8781638421500993,0.05642444866862568,FALSE,NS
Gene_0455,160.420336207859,-0.725315895566451,0.5136327195194927,-1.412129461388265,0.1579118454194317,0.5444198861127074,Brain,Treatment vs Control,Brain | Treatment vs Control,0.5444198861127074,0.26406601963460796,FALSE,NS
Gene_0456,142.83162069024135,-0.32139324446117246,0.6844753184046943,-0.4695468716245945,0.6386787898923059,0.8781638421500993,Brain,Treatment vs Control,Brain | Treatment vs Control,0.8781638421500993,0.05642444866862568,FALSE,NS
Gene_0457,202.86472159029242,0.27990044610208187,0.5601998563972597,0.4996439090544741,0.6173258343192636,0.8781638421500993,Brain,Treatment vs Control,Brain | Treatment vs Control,0.8781638421500993,0.05642444866862568,FALSE,NS
Gene_0458,163.44276089098128,1.1328322985665507,0.6377955043965058,1.776168522289065,0.07570514484867044,0.3915037490745529,Brain,Treatment vs Control,Brain | Treatment vs Control,0.3915037490745529,0.4072640747437271,FALSE,NS
Gene_0459,147.42626789934667,1.8491488488677819,0.5956046162689927,3.1046583561613152,0.0019049892297028541,0.07402989696205928,Brain,Treatment vs Control,Brain | Treatment vs Control,0.07402989696205928,1.1305928550868003,FALSE,NS
Gene_0460,121.26106303175727,0.67576137340471,0.5328946786619355,1.2680955552070883,0.20476382863603326,0.5902497958729883,Brain,Treatment vs Control,Brain | Treatment vs Control,0.5902497958729883,0.22896415444195053,FALSE,NS
Gene_0461,116.94631869854251,-0.8188350431492583,0.5041211656207888,-1.6242822142587925,0.10431559134817063,0.45496679600045503,Brain,Treatment vs Control,Brain | Treatment vs Control,0.45496679600045503,0.34202029749667273,FALSE,NS
Gene_0462,155.08195418107715,-0.07043778778988563,0.6452893655143522,-0.10915690162310444,0.913078043500817,0.9722088151092269,Brain,Treatment vs Control,Brain | Treatment vs Control,0.9722088151092269,0.01224044545450429,FALSE,NS
Gene_0463,147.25707716866984,-0.33084141325195887,0.5749242581846731,-0.5754521722506417,0.5649855281795768,0.8458064414254695,Brain,Treatment vs Control,Brain | Treatment vs Control,0.8458064414254695,0.0727290117111277,FALSE,NS
Gene_0464,180.083006523933,1.6696425111469226,0.6130760048057098,2.72338584132982,0.006461654295912123,0.11647316681524887,Brain,Treatment vs Control,Brain | Treatment vs Control,0.11647316681524887,0.9337741162374317,FALSE,NS
Gene_0465,98.2367964593501,-0.011167739835262869,0.5844318675132765,-0.019108711307583126,0.9847543820812101,0.99612380942908,Brain,Treatment vs Control,Brain | Treatment vs Control,0.99612380942908,0.0016866792367782443,FALSE,NS
Gene_0466,202.44588762209708,1.1568496135777742,0.6080094155970339,1.9026837149253806,0.05708182816032338,0.35322430417157374,Brain,Treatment vs Control,Brain | Treatment vs Control,0.35322430417157374,0.4519494217296314,FALSE,NS
Gene_0467,147.97014486793617,1.4419336085465775,0.5151411759337738,2.7991037717628524,0.005124466578379478,0.10600325150704978,Brain,Treatment vs Control,Brain | Treatment vs Control,0.10600325150704978,0.9746808131322858,FALSE,NS
Gene_0468,273.99586636762933,0.20336172313207382,0.6497435427907243,0.31298767858255505,0.7542900232711406,0.9130940507607995,Brain,Treatment vs Control,Brain | Treatment vs Control,0.9130940507607995,0.0394844868438385,FALSE,NS
Gene_0469,192.58171553027248,-1.3986197758470131,0.6073321146673915,-2.3028911893008894,0.02128496601390555,0.23172292784595125,Brain,Treatment vs Control,Brain | Treatment vs Control,0.23172292784595125,0.635030992777385,FALSE,NS
Gene_0470,162.56125984093168,-1.4273407644203393,0.6291316511634842,-2.2687473468878694,0.023283694557821404,0.23476257611557055,Brain,Treatment vs Control,Brain | Treatment vs Control,0.23476257611557055,0.629371133497199,FALSE,NS
Gene_0471,209.10786286158444,-0.44313765030705626,0.6702480846134166,-0.6611546686666739,0.5085131290191139,0.8090518416869648,Brain,Treatment vs Control,Brain | Treatment vs Control,0.8090518416869648,0.09202364916988807,FALSE,NS
Gene_0472,251.55005696977534,-1.2020299801652046,0.5963176723761837,-2.0157544138770898,0.0438256625554853,0.30218837800163195,Brain,Treatment vs Control,Brain | Treatment vs Control,0.30218837800163195,0.5197222424020835,FALSE,NS
Gene_0473,196.68650627634372,0.1532885455391358,0.5785148201007532,0.2649690901824076,0.7910332734444359,0.9310100709124568,Brain,Treatment vs Control,Brain | Treatment vs Control,0.9310100709124568,0.031045621147495362,FALSE,NS
Gene_0474,194.48991979293967,-0.4405435262015174,0.602333797240455,-0.7313943335403608,0.4645383253923124,0.7937906778249761,Brain,Treatment vs Control,Brain | Treatment vs Control,0.7937906778249761,0.10029400569711572,FALSE,NS
Gene_0475,139.50568660724463,-0.26768773411917307,0.5635239844600847,-0.475024562398433,0.6347694661727958,0.8781638421500993,Brain,Treatment vs Control,Brain | Treatment vs Control,0.8781638421500993,0.05642444866862568,FALSE,NS
Gene_0476,122.70808309813954,-1.2453125269139738,0.6506006701302937,-1.9140965942512465,0.05560781462302659,0.3470694636816487,Brain,Treatment vs Control,Brain | Treatment vs Control,0.3470694636816487,0.45958359531143733,FALSE,NS
Gene_0477,224.20717914362984,1.138433621201801,0.6378020778359851,1.7849324434069287,0.0742722754546537,0.3896603436896325,Brain,Treatment vs Control,Brain | Treatment vs Control,0.3896603436896325,0.40931379075110247,FALSE,NS
Gene_0478,193.69683417619575,-0.6953458368832566,0.6715673044393083,-1.0354075195244965,0.3004786354958094,0.6721098667322722,Brain,Treatment vs Control,Brain | Treatment vs Control,0.6721098667322722,0.17255972900641134,FALSE,NS
Gene_0479,140.76105344970392,0.1875255864922385,0.48446654312263515,0.3870764434702549,0.6986996163353003,0.8918802559203204,Brain,Treatment vs Control,Brain | Treatment vs Control,0.8918802559203204,0.0496934502022823,FALSE,NS
Gene_0480,138.84355753200228,0.44628437883767447,0.5007109692005142,0.8913013820133745,0.3727675074677352,0.7290607645211482,Brain,Treatment vs Control,Brain | Treatment vs Control,0.7290607645211482,0.13723627333297495,FALSE,NS
Gene_0481,146.01014219125,0.2393673043495965,0.5985659792160928,0.3999012851734106,0.6892292256607893,0.891074927461449,Brain,Treatment vs Control,Brain | Treatment vs Control,0.891074927461449,0.05008577608108428,FALSE,NS
Gene_0482,185.9862415360832,0.23411668017098805,0.6031461356267013,0.38815913149759007,0.6978982750155364,0.8918802559203204,Brain,Treatment vs Control,Brain | Treatment vs Control,0.8918802559203204,0.0496934502022823,FALSE,NS
Gene_0483,178.1477418903113,1.7983565460205189,0.6297558721562169,2.8556407737225826,0.004295007784033311,0.10030921405290702,Brain,Treatment vs Control,Brain | Treatment vs Control,0.10030921405290702,0.9986591723779785,FALSE,NS
Gene_0484,244.86920282925857,-1.6179870759199935,0.5963030608949735,-2.7133636937761225,0.006660396271487174,0.11647316681524887,Brain,Treatment vs Control,Brain | Treatment vs Control,0.11647316681524887,0.9337741162374317,FALSE,NS
Gene_0485,174.6826736716788,-2.232242352302225,0.5884408868406283,-3.7934861465647938,1.485469223105988e-4,0.010958185713267229,Brain,Treatment vs Control,Brain | Treatment vs Control,0.010958185713267229,1.9602613436563987,TRUE,Down
Gene_0486,225.80104637963274,0.28867465795755887,0.6476001319217598,0.4457606534157335,0.6557701464907018,0.8781638421500993,Brain,Treatment vs Control,Brain | Treatment vs Control,0.8781638421500993,0.05642444866862568,FALSE,NS
Gene_0487,138.74246263849548,0.053311000946947365,0.73787754244394,0.07224911706944605,0.9424036575052659,0.9874310603468585,Brain,Treatment vs Control,Brain | Treatment vs Control,0.9874310603468585,0.005493215859564382,FALSE,NS
Gene_0488,203.66656822477125,0.9485778928188028,0.6864857396372833,1.3817881975523634,0.16703674400177945,0.5450375972975292,Brain,Treatment vs Control,Brain | Treatment vs Control,0.5450375972975292,0.2635735385753458,FALSE,NS
Gene_0489,139.45674860669874,-0.16550703004203093,0.5302226443607567,-0.3121462876063476,0.7549293502373001,0.9130940507607995,Brain,Treatment vs Control,Brain | Treatment vs Control,0.9130940507607995,0.0394844868438385,FALSE,NS
Gene_0490,176.43373592706914,-1.0190156016811975,0.8366922646732664,-1.2179096720574194,0.2232583003043668,0.6054021883200037,Brain,Treatment vs Control,Brain | Treatment vs Control,0.6054021883200037,0.21795601355191924,FALSE,NS
Gene_0491,129.45343561572523,-0.45067497404568263,0.5814040741256336,-0.7751493223081506,0.43825142973213643,0.7706386914202537,Brain,Treatment vs Control,Brain | Treatment vs Control,0.7706386914202537,0.11314919017315987,FALSE,NS
Gene_0492,120.53930683588182,0.13893607090712312,0.6116731601262502,0.22714102884364998,0.8203140813020005,0.936762452464745,Brain,Treatment vs Control,Brain | Treatment vs Control,0.936762452464745,0.02837052508147703,FALSE,NS
Gene_0493,178.05008337690856,1.01492289115927,0.6036883972410302,1.6812032429274093,0.09272344383841408,0.42759091298733626,Brain,Treatment vs Control,Brain | Treatment vs Control,0.42759091298733626,0.36897153283975803,FALSE,NS
Gene_0494,220.1587047023186,0.5012107455792522,0.6150881625785398,0.814860008812563,0.4151524466816726,0.7538219061516646,Brain,Treatment vs Control,Brain | Treatment vs Control,0.7538219061516646,0.12273124605522334,FALSE,NS
Gene_0495,235.09106711232957,0.07698337240290858,0.6336517682740982,0.12149160825762573,0.9033016611098657,0.9722088151092269,Brain,Treatment vs Control,Brain | Treatment vs Control,0.9722088151092269,0.01224044545450429,FALSE,NS
Gene_0496,143.02248616121372,-0.964126871901094,0.5802945111879649,-1.6614440655786262,0.09662429392533482,0.4399747723392604,Brain,Treatment vs Control,Brain | Treatment vs Control,0.4399747723392604,0.35657222475916167,FALSE,NS
Gene_0497,135.32040824823025,0.008348524695614727,0.5504300732399393,0.015167275738539637,0.9878987288359068,0.99612380942908,Brain,Treatment vs Control,Brain | Treatment vs Control,0.99612380942908,0.0016866792367782443,FALSE,NS
Gene_0498,130.63544819666873,-0.049408726445777096,0.5689224944220854,-0.08684614676023093,0.930793806354841,0.9823538131208527,Brain,Treatment vs Control,Brain | Treatment vs Control,0.9823538131208527,0.007732064747581944,FALSE,NS
Gene_0499,129.62625111711154,-1.5539594739707512,0.6083806578955437,-2.5542552245925596,0.010641522182735215,0.15408924120600592,Brain,Treatment vs Control,Brain | Treatment vs Control,0.15408924120600592,0.8122276834618565,FALSE,NS
Gene_0500,204.62542270945414,-0.9113603062213361,0.5875036462114988,-1.5512419575575713,0.12084371064464845,0.47809205741380045,Brain,Treatment vs Control,Brain | Treatment vs Control,0.47809205741380045,0.32048847121743196,FALSE,NS
Gene_0501,151.49900245103993,0.6367588880238024,0.7141467226449878,0.89163594515345,0.37258809703908563,0.7290607645211482,Brain,Treatment vs Control,Brain | Treatment vs Control,0.7290607645211482,0.13723627333297495,FALSE,NS
Gene_0502,170.04048394358833,0.7654057248906458,0.6082551340810713,1.2583629500258828,0.20826052467561698,0.5912965484907714,Brain,Treatment vs Control,Brain | Treatment vs Control,0.5912965484907714,0.22819465605211556,FALSE,NS
Gene_0503,198.77500355904553,-0.633255950100762,0.6975623187525684,-0.9078127259413844,0.36397717364299376,0.7269199540199481,Brain,Treatment vs Control,Brain | Treatment vs Control,0.7269199540199481,0.1385134095555236,FALSE,NS
Gene_0504,93.8386227070116,0.9672785961736187,0.7074231200591209,1.367326807318343,0.17152289272886065,0.5489438566370292,Brain,Treatment vs Control,Brain | Treatment vs Control,0.5489438566370292,0.26047207084966606,FALSE,NS
Gene_0505,178.59925320600928,0.1965073525287815,0.756522666810501,0.25975077965245424,0.7950560201095734,0.9310100709124568,Brain,Treatment vs Control,Brain | Treatment vs Control,0.9310100709124568,0.031045621147495362,FALSE,NS
Gene_0506,181.1073160293262,-0.3595836388299465,0.5733107590892702,-0.6272054607891211,0.5305245641351948,0.8172085681287302,Brain,Treatment vs Control,Brain | Treatment vs Control,0.8172085681287302,0.08766708859915857,FALSE,NS
Gene_0507,219.79805298360733,0.9788834228150477,0.7216418193320567,1.356467151143057,0.17495058014378623,0.554416369789283,Brain,Treatment vs Control,Brain | Treatment vs Control,0.554416369789283,0.25616395515635215,FALSE,NS
Gene_0508,144.78851366771966,0.20288040244225178,0.5493539630716114,0.36930725193622593,0.7118987207678281,0.9010746046082301,Brain,Treatment vs Control,Brain | Treatment vs Control,0.9010746046082301,0.04523925005496022,FALSE,NS
Gene_0509,179.34102743444652,-0.5099740947309457,0.6080538495625877,-0.8386988999375679,0.4016382958096417,0.749868146183799,Brain,Treatment vs Control,Brain | Treatment vs Control,0.749868146183799,0.1250150945002749,FALSE,NS
Gene_0510,275.05107777597715,-0.4369173141952056,0.7705341673138963,-0.5670317199798051,0.5706926310532037,0.8458064414254695,Brain,Treatment vs Control,Brain | Treatment vs Control,0.8458064414254695,0.0727290117111277,FALSE,NS
Gene_0511,115.12602716654955,-0.8851248775565037,0.7120809696504878,-1.2430115608776224,0.21386357331906963,0.5999811824353356,Brain,Treatment vs Control,Brain | Treatment vs Control,0.5999811824353356,0.22186237043744406,FALSE,NS
Gene_0512,136.50897597644837,-1.2839995211227302,0.6193149458722332,-2.073257765989106,0.03814829695218939,0.27930284646886516,Brain,Treatment vs Control,Brain | Treatment vs Control,0.27930284646886516,0.5539246382359024,FALSE,NS
Gene_0513,137.4928764491665,-1.1500529264298867,0.4874005559971824,-2.3595642480894807,0.01829641234723736,0.2136548796677395,Brain,Treatment vs Control,Brain | Treatment vs Control,0.2136548796677395,0.6702871838738278,FALSE,NS
Gene_0514,253.83234034400493,-0.05235808188781803,0.6608083208528817,-0.07923338770952722,0.9368469885103893,0.9870742316488931,Brain,Treatment vs Control,Brain | Treatment vs Control,0.9870742316488931,0.005650185543896293,FALSE,NS
Gene_0515,108.3829981632665,-0.10298497917152745,0.48548129720279837,-0.21212965311927948,0.832005886253511,0.9432593078514223,Brain,Treatment vs Control,Brain | Treatment vs Control,0.9432593078514223,0.025368900594428753,FALSE,NS
Gene_0516,147.94701001489182,1.1259608219207842,0.5993979238153576,1.878486356365212,0.060314661787018,0.35793291093279533,Brain,Treatment vs Control,Brain | Treatment vs Control,0.35793291093279533,0.44619836760780307,FALSE,NS
Gene_0517,124.7400734807857,0.1991946190355191,1.2016506876027715,0.16576749057823256,0.8683399308725637,0.9612846346237203,Brain,Treatment vs Control,Brain | Treatment vs Control,0.9612846346237203,0.017147999487011924,FALSE,NS
Gene_0518,191.15105367591133,-1.0181606062506454,0.763199608128234,-1.3340685652967115,0.18218138674742937,0.5687100156965611,Brain,Treatment vs Control,Brain | Treatment vs Control,0.5687100156965611,0.24510912321003345,FALSE,NS
Gene_0519,122.57413669587712,-0.7825228359975035,0.643675657281715,-1.2157098488113551,0.22409547104521577,0.6054021883200037,Brain,Treatment vs Control,Brain | Treatment vs Control,0.6054021883200037,0.21795601355191924,FALSE,NS
Gene_0520,183.33927542738428,0.37382683174022674,0.5992835803418276,0.6237895447210455,0.5327658068463546,0.8172085681287302,Brain,Treatment vs Control,Brain | Treatment vs Control,0.8172085681287302,0.08766708859915857,FALSE,NS
Gene_0521,106.19133596129426,-0.3924555855147083,0.5532622771297615,-0.7093481730775262,0.47810844098216715,0.796573452010886,Brain,Treatment vs Control,Brain | Treatment vs Control,0.796573452010886,0.09877417173701489,FALSE,NS
Gene_0522,144.25868761080247,-0.769742691609582,0.6079217029439873,-1.2661872209561575,0.20544606154695172,0.5902497958729883,Brain,Treatment vs Control,Brain | Treatment vs Control,0.5902497958729883,0.22896415444195053,FALSE,NS
Gene_0523,248.07115099891277,-0.17601768210091567,0.6801472356255892,-0.25879349776231503,0.7957945750508046,0.9310100709124568,Brain,Treatment vs Control,Brain | Treatment vs Control,0.9310100709124568,0.031045621147495362,FALSE,NS
Gene_0524,131.96424093383848,0.6986755281900617,0.5330062441290613,1.3108205314399386,0.18991840428268975,0.5801726780618877,Brain,Treatment vs Control,Brain | Treatment vs Control,0.5801726780618877,0.23644272718166323,FALSE,NS
Gene_0525,166.880447497079,0.2604730326136957,0.4774449980622975,0.5455561031549626,0.5853711056851684,0.8579123087369674,Brain,Treatment vs Control,Brain | Treatment vs Control,0.8579123087369674,0.06655710116987716,FALSE,NS
Gene_0526,212.5923063084652,0.3021727924530816,0.7680155619235812,0.3934461844708666,0.693989964065707,0.8918802559203204,Brain,Treatment vs Control,Brain | Treatment vs Control,0.8918802559203204,0.0496934502022823,FALSE,NS
Gene_0527,154.2258510540306,-1.2648634657879083,0.4505837178331292,-2.8071663837980543,0.0049979419542804104,0.10600325150704978,Brain,Treatment vs Control,Brain | Treatment vs Control,0.10600325150704978,0.9746808131322858,FALSE,NS
Gene_0528,246.91534401589925,0.7695435288987557,0.7456274680664455,1.032075080192967,0.30203694675602216,0.6721098667322722,Brain,Treatment vs Control,Brain | Treatment vs Control,0.6721098667322722,0.17255972900641134,FALSE,NS
Gene_0529,192.57848287629136,0.0035970135888073844,0.7404151745907568,0.004858103550883503,0.99612380942908,0.99612380942908,Brain,Treatment vs Control,Brain | Treatment vs Control,0.99612380942908,0.0016866792367782443,FALSE,NS
Gene_0530,129.80925900881232,-0.7887336633790224,0.4969355029782886,-1.5871952369108202,0.11246843321182637,0.469337500182914,Brain,Treatment vs Control,Brain | Treatment vs Control,0.469337500182914,0.32851474416410886,FALSE,NS
Gene_0531,153.10223684594882,0.35946588396905865,0.5593543357020201,0.642644315106469,0.520454921153796,0.8141478176207311,Brain,Treatment vs Control,Brain | Treatment vs Control,0.8141478176207311,0.0892967369426482,FALSE,NS
Gene_0532,155.633476452881,-1.2140639624126564,0.49003909736944956,-2.477483876143358,0.013231238694950676,0.18783170225773116,Brain,Treatment vs Control,Brain | Treatment vs Control,0.18783170225773116,0.7262311056075063,FALSE,NS
Gene_0533,160.0525976592464,0.13425095224652117,0.4583426022501964,0.2929052450883397,0.769594579601192,0.9209693812086993,Brain,Treatment vs Control,Brain | Treatment vs Control,0.9209693812086993,0.03575480823219482,FALSE,NS
Gene_0534,159.56368954649642,0.061726597458778384,1.170030991010167,0.05275637819258585,0.9579260182271327,0.9927165849784463,Brain,Treatment vs Control,Brain | Treatment vs Control,0.9927165849784463,0.003174722449633011,FALSE,NS
Gene_0535,138.08409987112867,-1.5965830470712155,0.5450082039777853,-2.929466080360678,0.003395448693339187,0.09488447239831721,Brain,Treatment vs Control,Brain | Treatment vs Control,0.09488447239831721,1.0228048529413105,FALSE,NS
Gene_0536,130.37454779420256,0.1836994454985757,0.5812071383304134,0.3160653635918413,0.7519528959854191,0.9130940507607995,Brain,Treatment vs Control,Brain | Treatment vs Control,0.9130940507607995,0.0394844868438385,FALSE,NS
Gene_0537,194.97474468157358,0.8957610821579453,0.7367843441732653,1.2157710587119837,0.22407214652508423,0.6054021883200037,Brain,Treatment vs Control,Brain | Treatment vs Control,0.6054021883200037,0.21795601355191924,FALSE,NS
Gene_0538,127.68568987686987,0.4566180036898054,0.5122080483644802,0.8914697946426688,0.37267718903129293,0.7290607645211482,Brain,Treatment vs Control,Brain | Treatment vs Control,0.7290607645211482,0.13723627333297495,FALSE,NS
Gene_0539,139.6755861105888,-0.655199401689121,0.4751073032993519,-1.3790556304631212,0.16787760248252626,0.5450375972975292,Brain,Treatment vs Control,Brain | Treatment vs Control,0.5450375972975292,0.2635735385753458,FALSE,NS
Gene_0540,161.61306937999422,-1.5628943421794739,0.5806620727541383,-2.6915729742197723,0.00711159381369029,0.11647316681524887,Brain,Treatment vs Control,Brain | Treatment vs Control,0.11647316681524887,0.9337741162374317,FALSE,NS
Gene_0541,138.25670070046414,-0.2607386865221074,0.5237975289221288,-0.49778525503672344,0.6186354097702078,0.8781638421500993,Brain,Treatment vs Control,Brain | Treatment vs Control,0.8781638421500993,0.05642444866862568,FALSE,NS
Gene_0542,206.50166073618465,-0.209200465747478,0.8196931643448503,-0.25521801918975867,0.7985547145001053,0.9310100709124568,Brain,Treatment vs Control,Brain | Treatment vs Control,0.9310100709124568,0.031045621147495362,FALSE,NS
Gene_0543,166.36339039793629,0.24620115188683434,0.6187883234583936,0.3978762083143744,0.6907214383466231,0.8914123375453746,Brain,Treatment vs Control,Brain | Treatment vs Control,0.8914123375453746,0.04992135937840782,FALSE,NS
Gene_0544,100.01748614380534,-0.6152348313266873,0.5545843847948653,-1.1093619802408536,0.26727405697286205,0.6386350404236044,Brain,Treatment vs Control,Brain | Treatment vs Control,0.6386350404236044,0.19474725641179016,FALSE,NS
Gene_0545,183.11824534811532,-0.951360069141557,0.5984185910462403,-1.5897902962510813,0.11188208190916892,0.469337500182914,Brain,Treatment vs Control,Brain | Treatment vs Control,0.469337500182914,0.32851474416410886,FALSE,NS
Gene_0546,159.42042434927467,-0.38819433391241626,0.5860505652228163,-0.6623905119259204,0.5077209828371084,0.8090518416869648,Brain,Treatment vs Control,Brain | Treatment vs Control,0.8090518416869648,0.09202364916988807,FALSE,NS
Gene_0547,126.46910784902754,-0.026109138352419813,0.5493056529340068,-0.047531166324182264,0.9620898912641388,0.9950758303931949,Brain,Treatment vs Control,Brain | Treatment vs Control,0.9950758303931949,0.0021438223030548144,FALSE,NS
Gene_0548,288.2931500383414,-0.07803319398408079,0.768093924142303,-0.10159329677189811,0.9190795003208913,0.975534846536902,Brain,Treatment vs Control,Brain | Treatment vs Control,0.975534846536902,0.01075721280109175,FALSE,NS
Gene_0549,237.9749225396262,1.1497649056244281,0.5987572242218336,1.9202522476763497,0.05482604493070671,0.3462940848373037,Brain,Treatment vs Control,Brain | Treatment vs Control,0.3462940848373037,0.46055492671348675,FALSE,NS
Gene_0550,169.22037256569942,-1.323159212000382,1.25254622345107,-1.0563755550312195,0.29079666956589334,0.6686934510645678,Brain,Treatment vs Control,Brain | Treatment vs Control,0.6686934510645678,0.17477293009821238,FALSE,NS
Gene_0551,205.0107747480107,0.7029870782964797,0.8095378132564248,0.868380780718152,0.3851859126934922,0.7379801316020362,Brain,Treatment vs Control,Brain | Treatment vs Control,0.7379801316020362,0.1319553303880061,FALSE,NS
Gene_0552,170.33154389678876,0.6076125770900082,0.579994002968214,1.0476187236082641,0.2948143074041289,0.6720272232970675,Brain,Treatment vs Control,Brain | Treatment vs Control,0.6720272232970675,0.17261313366012768,FALSE,NS
Gene_0553,139.2184550270677,-0.23533578749252151,0.4821697128836242,-0.4880766692812201,0.6254955359216451,0.8781638421500993,Brain,Treatment vs Control,Brain | Treatment vs Control,0.8781638421500993,0.05642444866862568,FALSE,NS
Gene_0554,204.70699351979076,-0.3508998504617508,0.6768913060201612,-0.5183991097845468,0.6041798356832062,0.869634594502269,Brain,Treatment vs Control,Brain | Treatment vs Control,0.869634594502269,0.06066319212484318,FALSE,NS
Gene_0555,131.8248004672938,-0.328517890047233,0.4659942089827494,-0.7049827738511539,0.4808209563729752,0.7984274596652157,Brain,Treatment vs Control,Brain | Treatment vs Control,0.7984274596652157,0.09776453512749601,FALSE,NS
Gene_0556,184.5115057095381,-0.36129245410555677,0.7772794449014435,-0.4648166839808397,0.6420627389389789,0.8781638421500993,Brain,Treatment vs Control,Brain | Treatment vs Control,0.8781638421500993,0.05642444866862568,FALSE,NS
Gene_0557,205.56603161683154,-0.6813171005220066,0.5668380196216737,-1.2019608370249053,0.22937870176250882,0.6054021883200037,Brain,Treatment vs Control,Brain | Treatment vs Control,0.6054021883200037,0.21795601355191924,FALSE,NS
Gene_0558,165.55738049339288,0.8712684043013725,0.5591147440185648,1.5582998188158013,0.11916219190058334,0.4758380118533526,Brain,Treatment vs Control,Brain | Treatment vs Control,0.4758380118533526,0.3225408677237963,FALSE,NS
Gene_0559,204.1231565547477,0.794842391694366,0.5993258662188168,1.3262274106557002,0.1847643825325515,0.5692315444832651,Brain,Treatment vs Control,Brain | Treatment vs Control,0.5692315444832651,0.24471104109755346,FALSE,NS
Gene_0560,144.50378101121282,-1.0748138856715892,0.6854619340130467,-1.5680139659675572,0.11687787305907855,0.47539089940883633,Brain,Treatment vs Control,Brain | Treatment vs Control,0.47539089940883633,0.32294913639487,FALSE,NS
Gene_0561,174.07709707653996,0.8975736380094762,0.5593859504251156,1.6045695057720857,0.10858857681558062,0.4651960332217773,Brain,Treatment vs Control,Brain | Treatment vs Control,0.4651960332217773,0.332363997205064,FALSE,NS
Gene_0562,215.64363808006513,0.5946500436113522,0.7224156601026634,0.8231411311416557,0.41042774111066954,0.7538219061516646,Brain,Treatment vs Control,Brain | Treatment vs Control,0.7538219061516646,0.12273124605522334,FALSE,NS
Gene_0563,174.99386498695424,-0.5086656125112129,0.5728930314985261,-0.8878893345598698,0.3746002823230209,0.7290607645211482,Brain,Treatment vs Control,Brain | Treatment vs Control,0.7290607645211482,0.13723627333297495,FALSE,NS
Gene_0564,191.9103399897136,0.2114646247453469,0.6858456231869332,0.3083268560681773,0.7578336326224975,0.9130940507607995,Brain,Treatment vs Control,Brain | Treatment vs Control,0.9130940507607995,0.0394844868438385,FALSE,NS
Gene_0565,176.00682435572375,-0.43680987420150186,0.4950557082326509,-0.8823448895497303,0.3775903282467281,0.7329099132724696,Brain,Treatment vs Control,Brain | Treatment vs Control,0.7329099132724696,0.13494940403972305,FALSE,NS
Gene_0566,159.3923725867657,-0.01105735758543198,0.45426718908046076,-0.024341087913072844,0.9805805394146562,0.99612380942908,Brain,Treatment vs Control,Brain | Treatment vs Control,0.99612380942908,0.0016866792367782443,FALSE,NS
Gene_0567,169.5677438447901,1.7863196345295684,0.7454536781391042,2.396285224574658,0.01656219665763788,0.21036895403736536,Brain,Treatment vs Control,Brain | Treatment vs Control,0.21036895403736536,0.6770183523753169,FALSE,NS
Gene_0568,135.92971776763312,-1.1207474280170626,0.5081117073419329,-2.205710696728461,0.027404262479320804,0.23619864327414597,Brain,Treatment vs Control,Brain | Treatment vs Control,0.23619864327414597,0.626722601304401,FALSE,NS
Gene_0569,109.33000143626485,0.8502612147997343,0.5843668144409319,1.4550128340418946,0.14566570851380212,0.5236059944747357,Brain,Treatment vs Control,Brain | Treatment vs Control,0.5236059944747357,0.2809953900960769,FALSE,NS
Gene_0570,159.07191656571013,-0.795592972925849,0.5612413927002347,-1.4175593305727259,0.15631946090408272,0.5442327032855638,Brain,Treatment vs Control,Brain | Treatment vs Control,0.5442327032855638,0.26421536474346685,FALSE,NS
Gene_0571,217.1260330703493,-0.1813342408873293,0.7318110973145894,-0.24778831798635287,0.8042981940150931,0.9361927531622626,Brain,Treatment vs Control,Brain | Treatment vs Control,0.9361927531622626,0.028634724962284943,FALSE,NS
Gene_0572,92.96028745981349,1.0642404178223188,0.5904359597281534,1.8024654499572026,0.07147220582306349,0.38330279271035533,Brain,Treatment vs Control,Brain | Treatment vs Control,0.38330279271035533,0.41645801650281333,FALSE,NS
Gene_0573,149.98447437701705,-0.6858154878115652,0.5913378085733613,-1.1597693870888066,0.24614271104257437,0.6145080096373237,Brain,Treatment vs Control,Brain | Treatment vs Control,0.6145080096373237,0.21147245204746762,FALSE,NS
Gene_0574,146.84528371574572,0.222710826688342,0.45573053551609666,0.4886897175677089,0.6250613845450708,0.8781638421500993,Brain,Treatment vs Control,Brain | Treatment vs Control,0.8781638421500993,0.05642444866862568,FALSE,NS
Gene_0575,145.02387678138496,-0.3414882265297288,0.5153212356037097,-0.6626705886274378,0.5075415503931799,0.8090518416869648,Brain,Treatment vs Control,Brain | Treatment vs Control,0.8090518416869648,0.09202364916988807,FALSE,NS
Gene_0576,134.97775676893318,-0.9499873230327865,0.6749381236956725,-1.4075176518864607,0.15927394673021505,0.5447092866912512,Brain,Treatment vs Control,Brain | Treatment vs Control,0.5447092866912512,0.2638352204228751,FALSE,NS
Gene_0577,158.02654822842402,0.289230519054742,0.5222541124902771,0.5538118554502081,0.5797076138597175,0.8543413483066379,Brain,Treatment vs Control,Brain | Treatment vs Control,0.8543413483066379,0.0683685741979027,FALSE,NS
Gene_0578,132.16972747843093,-0.0929738863579927,0.59544238849032,-0.1561425389847,0.875920668292684,0.9612846346237203,Brain,Treatment vs Control,Brain | Treatment vs Control,0.9612846346237203,0.017147999487011924,FALSE,NS
Gene_0579,169.4629957976887,-0.6983035074076094,0.7295095599522836,-0.9572232438643911,0.33845458738791956,0.7093059532425839,Brain,Treatment vs Control,Brain | Treatment vs Control,0.7093059532425839,0.14916639507949156,FALSE,NS
Gene_0580,120.1080501591495,0.1922929012576571,0.5595132835261343,0.34367888470100155,0.7310877925241772,0.9115753128759134,Brain,Treatment vs Control,Brain | Treatment vs Control,0.9115753128759134,0.04020744482003216,FALSE,NS
Gene_0581,204.21422300244822,-1.0207618801858436,0.6824521475552602,-1.4957266730605305,0.13472489655033476,0.5027877582600122,Brain,Treatment vs Control,Brain | Treatment vs Control,0.5027877582600122,0.29861530494162414,FALSE,NS
Gene_0582,177.0741468224952,-0.007226050540795609,0.5631207417314841,-0.012832151269329814,0.9897617056010186,0.99612380942908,Brain,Treatment vs Control,Brain | Treatment vs Control,0.99612380942908,0.0016866792367782443,FALSE,NS
Gene_0583,133.1374288046912,-0.8546743271614624,0.6040645072294988,-1.4148726120019346,0.15710584942911995,0.5442327032855638,Brain,Treatment vs Control,Brain | Treatment vs Control,0.5442327032855638,0.26421536474346685,FALSE,NS
Gene_0584,126.31413019347143,0.5814761867219005,0.5551033138329432,1.0475098458823002,0.2948644935321606,0.6720272232970675,Brain,Treatment vs Control,Brain | Treatment vs Control,0.6720272232970675,0.17261313366012768,FALSE,NS
Gene_0585,213.64286615862756,-0.28852815164314294,0.6396212412489535,-0.45109219806357553,0.6519231005322457,0.8781638421500993,Brain,Treatment vs Control,Brain | Treatment vs Control,0.8781638421500993,0.05642444866862568,FALSE,NS
Gene_0586,209.7437670973103,-0.8713419105847121,0.6860416961145298,-1.270100513598007,0.20404882871944596,0.5902497958729883,Brain,Treatment vs Control,Brain | Treatment vs Control,0.5902497958729883,0.22896415444195053,FALSE,NS
Gene_0587,190.43481058683642,0.3249869191783493,0.6987631999037625,0.46508877288201256,0.6418678856364857,0.8781638421500993,Brain,Treatment vs Control,Brain | Treatment vs Control,0.8781638421500993,0.05642444866862568,FALSE,NS
Gene_0588,167.85459985445834,-0.5044062454646793,0.6870861402278357,-0.7341237378146206,0.46287332730900743,0.7937906778249761,Brain,Treatment vs Control,Brain | Treatment vs Control,0.7937906778249761,0.10029400569711572,FALSE,NS
Gene_0589,185.27922689362353,0.29554440493653716,0.6548280691558634,0.4513313018446543,0.6517507879248671,0.8781638421500993,Brain,Treatment vs Control,Brain | Treatment vs Control,0.8781638421500993,0.05642444866862568,FALSE,NS
Gene_0590,249.21182250141328,-0.17492515933288225,0.6259513850803996,-0.27945486423105237,0.7798957718106869,0.9266278306160746,Brain,Treatment vs Control,Brain | Treatment vs Control,0.9266278306160746,0.033094660207243234,FALSE,NS
Gene_0591,123.44622595105872,0.3857831418724833,0.5284762118119294,0.7299914986708489,0.46539538109633993,0.7937906778249761,Brain,Treatment vs Control,Brain | Treatment vs Control,0.7937906778249761,0.10029400569711572,FALSE,NS
Gene_0592,156.01766411723233,0.5321691875038589,0.5338043429975947,0.9969367887032287,0.31879519324808625,0.6931162760108541,Brain,Treatment vs Control,Brain | Treatment vs Control,0.6931162760108541,0.15919390277069995,FALSE,NS
Gene_0593,236.1381512926952,-0.4849068050024316,0.633171122886325,-0.7658384715840685,0.44377241989504196,0.7768359142942696,Brain,Treatment vs Control,Brain | Treatment vs Control,0.7768359142942696,0.10967070454795064,FALSE,NS
Gene_0594,163.37308366457083,-2.2944198219104437,0.599703082403889,-3.8259263446059695,1.3028124242443976e-4,0.010958185713267229,Brain,Treatment vs Control,Brain | Treatment vs Control,0.010958185713267229,1.9602613436563987,TRUE,Down
Gene_0595,96.77455888054706,-0.2208714138243028,0.6177855549020426,-0.3575211690718872,0.7207016813679052,0.9103560043364685,Brain,Treatment vs Control,Brain | Treatment vs Control,0.9103560043364685,0.04078873901534312,FALSE,NS
Gene_0596,133.64465969096568,-0.09094083083700794,0.5170246874577173,-0.17589262765029018,0.860378297337671,0.9581568858083637,Brain,Treatment vs Control,Brain | Treatment vs Control,0.9581568858083637,0.01856337498985505,FALSE,NS
Gene_0597,104.7172622367857,0.4889286157007224,0.6464193393959897,0.7563644617402293,0.4494307091579534,0.78270382468019,Brain,Treatment vs Control,Brain | Treatment vs Control,0.78270382468019,0.10640254399608305,FALSE,NS
Gene_0598,217.09746647983968,1.4009968969563178,0.6385766918832244,2.193936789056053,0.028239954142077906,0.24053796233958122,Brain,Treatment vs Control,Brain | Treatment vs Control,0.24053796233958122,0.6188163723731689,FALSE,NS
Gene_0599,145.24305533280125,-0.5271182828623545,0.5481091435553401,-0.9617031371583636,0.3361987460509762,0.7087128899708829,Brain,Treatment vs Control,Brain | Treatment vs Control,0.7087128899708829,0.1495296682793783,FALSE,NS
Gene_0600,152.23320935143565,-0.29430438917410445,0.5600587588233261,-0.5254884144521423,0.5992437050986135,0.8685672788814703,Brain,Treatment vs Control,Brain | Treatment vs Control,0.8685672788814703,0.06119653563334572,FALSE,NS
Gene_0601,116.78926135837652,0.5432209373424783,0.6442484715793839,0.8431854498789338,0.3991247346151865,0.7497737899911722,Brain,Treatment vs Control,Brain | Treatment vs Control,0.7497737899911722,0.1250697453777368,FALSE,NS
Gene_0602,139.31654655781313,1.1793441718574227,0.5407517500929568,2.1809345446495363,0.029188258191313984,0.2428999877070267,Brain,Treatment vs Control,Brain | Treatment vs Control,0.2428999877070267,0.6145725071741638,FALSE,NS
Gene_0603,168.3756615257268,-0.34410031873678765,0.6626932353260031,-0.5192452561666969,0.6035897234350218,0.869634594502269,Brain,Treatment vs Control,Brain | Treatment vs Control,0.869634594502269,0.06066319212484318,FALSE,NS
Gene_0604,133.6631180390412,-1.5695888452691806,0.5164208167949894,-3.039360138521065,0.0023708125579938563,0.0858234145993776,Brain,Treatment vs Control,Brain | Treatment vs Control,0.0858234145993776,1.0663942104725754,FALSE,NS
Gene_0605,144.47784165289232,-1.5435409986646538,0.6906476187768958,-2.2349182950897473,0.025422713235995393,0.23476257611557055,Brain,Treatment vs Control,Brain | Treatment vs Control,0.23476257611557055,0.629371133497199,FALSE,NS
Gene_0606,93.15341791533993,0.4782578514802238,0.5500404264904649,0.8694958196650198,0.38457599357050737,0.7379801316020362,Brain,Treatment vs Control,Brain | Treatment vs Control,0.7379801316020362,0.1319553303880061,FALSE,NS
Gene_0607,182.17288392831603,0.5184455950943279,0.5316741436309409,0.9751190673929113,0.3295012015030305,0.7016437349652768,Brain,Treatment vs Control,Brain | Treatment vs Control,0.7016437349652768,0.15388334828781164,FALSE,NS
Gene_0608,169.3240820426071,0.9516756685623378,0.6855476238944966,1.3881977493496458,0.1650768374451548,0.5450375972975292,Brain,Treatment vs Control,Brain | Treatment vs Control,0.5450375972975292,0.2635735385753458,FALSE,NS
Gene_0609,253.261622216968,-0.3649808171791392,0.6582591814225538,-0.5544636937541605,0.579261546117189,0.8543413483066379,Brain,Treatment vs Control,Brain | Treatment vs Control,0.8543413483066379,0.0683685741979027,FALSE,NS
Gene_0610,155.476844264355,-0.18495539738146388,0.6615173222541271,-0.2795926745368156,0.7797900279224914,0.9266278306160746,Brain,Treatment vs Control,Brain | Treatment vs Control,0.9266278306160746,0.033094660207243234,FALSE,NS
Gene_0611,202.92431510909418,0.7373583072467438,0.5853380558828986,1.2597135959911994,0.2077726989340142,0.5912965484907714,Brain,Treatment vs Control,Brain | Treatment vs Control,0.5912965484907714,0.22819465605211556,FALSE,NS
Gene_0612,145.78896070088268,-0.09480003629907072,0.5027751823482683,-0.18855353173220768,0.8504427557134067,0.9530451621338091,Brain,Treatment vs Control,Brain | Treatment vs Control,0.9530451621338091,0.020886518878170283,FALSE,NS
Gene_0613,218.8543551211188,0.6794801844585393,0.7127506826032469,0.95332098732871,0.3404274610057544,0.7093059532425839,Brain,Treatment vs Control,Brain | Treatment vs Control,0.7093059532425839,0.14916639507949156,FALSE,NS
Gene_0614,176.97746074090105,0.8038444205455842,0.6326423498878899,1.2706143063107187,0.20386589487512372,0.5902497958729883,Brain,Treatment vs Control,Brain | Treatment vs Control,0.5902497958729883,0.22896415444195053,FALSE,NS
Gene_0615,145.3557828673332,-0.37478883540887276,0.4724498951835036,-0.7932880062621276,0.4276100430215454,0.7631177632569993,Brain,Treatment vs Control,Brain | Treatment vs Control,0.7631177632569993,0.11740843716143282,FALSE,NS
Gene_0616,130.89135114730942,0.5841326826148777,0.6458299659698554,0.9044682244461579,0.365747176102657,0.7269199540199481,Brain,Treatment vs Control,Brain | Treatment vs Control,0.7269199540199481,0.1385134095555236,FALSE,NS
Gene_0617,172.06274445685537,0.8175600251522236,0.5405816893516286,1.512370916841082,0.13043952925423694,0.4957107750009273,Brain,Treatment vs Control,Brain | Treatment vs Control,0.4957107750009273,0.3047716409645551,FALSE,NS
Gene_0618,124.78248856875283,0.7939859781997839,0.5016029137692585,1.5828974601312304,0.11344483775139495,0.469337500182914,Brain,Treatment vs Control,Brain | Treatment vs Control,0.469337500182914,0.32851474416410886,FALSE,NS
Gene_0619,185.22259905129732,-1.33380163326149,0.6608819100010878,-2.01821477192392,0.04356889835315801,0.30218837800163195,Brain,Treatment vs Control,Brain | Treatment vs Control,0.30218837800163195,0.5197222424020835,FALSE,NS
Gene_0620,104.89433009218472,-0.8691361338477435,0.6890735535585624,-1.261311117455153,0.20719677728157346,0.5912965484907714,Brain,Treatment vs Control,Brain | Treatment vs Control,0.5912965484907714,0.22819465605211556,FALSE,NS
Gene_0621,173.92029928739063,-0.5519648231801051,0.5613950287988099,-0.9832021925116042,0.32550793593081195,0.6972418509287214,Brain,Treatment vs Control,Brain | Treatment vs Control,0.6972418509287214,0.15661655288460252,FALSE,NS
Gene_0622,130.87040345813355,0.13236621422975184,0.516227136220346,0.25641080242099623,0.7976336474909168,0.9310100709124568,Brain,Treatment vs Control,Brain | Treatment vs Control,0.9310100709124568,0.031045621147495362,FALSE,NS
Gene_0623,142.54982182226829,-0.47262506779414715,0.5850351989286049,-0.8078574907282189,0.4191726249600825,0.7587024511777494,Brain,Treatment vs Control,Brain | Treatment vs Control,0.7587024511777494,0.11992851283688034,FALSE,NS
Gene_0624,199.4863345201934,0.20762097600682353,0.6486115435827119,0.32010064893386747,0.7488920337454452,0.9130940507607995,Brain,Treatment vs Control,Brain | Treatment vs Control,0.9130940507607995,0.0394844868438385,FALSE,NS
Gene_0625,125.2947882592932,0.11374488864870086,0.48423034257648795,0.23489830902270228,0.8142876620597564,0.936762452464745,Brain,Treatment vs Control,Brain | Treatment vs Control,0.936762452464745,0.02837052508147703,FALSE,NS
Gene_0626,143.21558735039693,1.534528145614296,0.5321585410251538,2.883592063857832,0.003931677033079443,0.09488447239831721,Brain,Treatment vs Control,Brain | Treatment vs Control,0.09488447239831721,1.0228048529413105,FALSE,NS
Gene_0627,136.88209356897465,-1.7429176892851121,0.6343040498336551,-2.7477637731340177,0.006000322284597197,0.11647316681524887,Brain,Treatment vs Control,Brain | Treatment vs Control,0.11647316681524887,0.9337741162374317,FALSE,NS
Gene_0628,121.03172725324461,1.407727377180094,0.66610089496178,2.113384605587217,0.03456786250092773,0.2691089510824911,Brain,Treatment vs Control,Brain | Treatment vs Control,0.2691089510824911,0.5700718565243134,FALSE,NS
Gene_0629,187.4056900203977,1.0989842708809532,0.6466662104462556,1.699461411664851,0.08923227937692559,0.4232618598619055,Brain,Treatment vs Control,Brain | Treatment vs Control,0.4232618598619055,0.3733908640508766,FALSE,NS
Gene_0630,136.45570113985121,-0.9171951108802575,0.4655236957668092,-1.9702436615379086,0.048810451803271815,0.32721080653304435,Brain,Treatment vs Control,Brain | Treatment vs Control,0.32721080653304435,0.48517236166278915,FALSE,NS
Gene_0631,131.97221256525071,0.03750172021275702,0.6759104821854667,0.05548326472390278,0.9557534622272005,0.9927165849784463,Brain,Treatment vs Control,Brain | Treatment vs Control,0.9927165849784463,0.003174722449633011,FALSE,NS
Gene_0632,158.5614960065625,-0.9427804858673683,0.5722656633442895,-1.647452479252049,0.09946507615278533,0.44314147771593193,Brain,Treatment vs Control,Brain | Treatment vs Control,0.44314147771593193,0.35345759842224117,FALSE,NS
Gene_0633,135.83843342151852,0.12316050040693435,0.5852551434990492,0.21043898849072556,0.83332506545274,0.9432593078514223,Brain,Treatment vs Control,Brain | Treatment vs Control,0.9432593078514223,0.025368900594428753,FALSE,NS
Gene_0634,183.56814267079747,-0.7606252039532141,0.677684334435743,-1.1223886480813072,0.261697229000087,0.6320170373432007,Brain,Treatment vs Control,Brain | Treatment vs Control,0.6320170373432007,0.199271214242288,FALSE,NS
Gene_0635,160.10185000478427,1.5272745034119546,0.7382030123286907,2.0689085223238344,0.038554671710481096,0.27930284646886516,Brain,Treatment vs Control,Brain | Treatment vs Control,0.27930284646886516,0.5539246382359024,FALSE,NS
Gene_0636,142.1562824819672,1.3031957446200741,0.5030438616840686,2.5906205082341955,0.009580307244690266,0.14450296760741152,Brain,Treatment vs Control,Brain | Treatment vs Control,0.14450296760741152,0.8401232338604492,FALSE,NS
Gene_0637,132.50328827733284,0.1521341240556073,0.653540742392061,0.23278445273170378,0.8159287862373119,0.936762452464745,Brain,Treatment vs Control,Brain | Treatment vs Control,0.936762452464745,0.02837052508147703,FALSE,NS
Gene_0638,151.51184446248232,-1.0406996665918509,0.5918932665400461,-1.7582556271932848,0.07870402405890382,0.3933927609793078,Brain,Treatment vs Control,Brain | Treatment vs Control,0.3933927609793078,0.40517363601725853,FALSE,NS
Gene_0639,157.28583654878415,-0.43273649627746114,0.6234664090831649,-0.694081493361959,0.48763110383885033,0.7998090040359109,Brain,Treatment vs Control,Brain | Treatment vs Control,0.7998090040359109,0.09701371100382279,FALSE,NS
Gene_0640,118.94895018675872,0.3285489457340481,0.5145998809850522,0.6384551529727066,0.52317743859231,0.8153797204664762,Brain,Treatment vs Control,Brain | Treatment vs Control,0.8153797204664762,0.08864009420717368,FALSE,NS
Gene_0641,169.6066648333352,0.6344530793575398,0.5665290226161127,1.1198951051576633,0.26275846442030854,0.6320170373432007,Brain,Treatment vs Control,Brain | Treatment vs Control,0.6320170373432007,0.199271214242288,FALSE,NS
Gene_0642,127.44931768792488,0.09920087379422209,0.5668218513705485,0.17501243742519637,0.8610698607638311,0.9581568858083637,Brain,Treatment vs Control,Brain | Treatment vs Control,0.9581568858083637,0.01856337498985505,FALSE,NS
Gene_0643,146.8426207077242,-0.7929778743047285,0.5332008660664771,-1.487202900015289,0.1369612303711523,0.505918014228134,Brain,Treatment vs Control,Brain | Treatment vs Control,0.505918014228134,0.29591985638786017,FALSE,NS
Gene_0644,162.68432463713648,-0.4368548339678015,0.5793347445392789,-0.7540628938373344,0.4508114570326508,0.78270382468019,Brain,Treatment vs Control,Brain | Treatment vs Control,0.78270382468019,0.10640254399608305,FALSE,NS
Gene_0645,235.86639471685706,-0.6163562340327672,0.7540451429797602,-0.8173996474496371,0.4137000771078058,0.7538219061516646,Brain,Treatment vs Control,Brain | Treatment vs Control,0.7538219061516646,0.12273124605522334,FALSE,NS
Gene_0646,148.12854086494818,0.04739450706869745,0.5057426048582658,0.0937127040779563,0.9253373782966756,0.9782450375013255,Brain,Treatment vs Control,Brain | Treatment vs Control,0.9782450375013255,0.009552346536157547,FALSE,NS
Gene_0647,174.40996371187944,-0.1793763876775487,0.5901510914274778,-0.3039499380466567,0.7611660313841859,0.913904157084827,Brain,Treatment vs Control,Brain | Treatment vs Control,0.913904157084827,0.039099347189265485,FALSE,NS
Gene_0648,167.10112922570855,1.1457787912900739,0.4912964782604461,2.3321534795994885,0.019692618480680435,0.2193454735386559,Brain,Treatment vs Control,Brain | Treatment vs Control,0.2193454735386559,0.6588713233628322,FALSE,NS
Gene_0649,114.6873851210843,-0.17554938381856872,0.5208289079294525,-0.3370576808350801,0.7360734184362021,0.9115753128759134,Brain,Treatment vs Control,Brain | Treatment vs Control,0.9115753128759134,0.04020744482003216,FALSE,NS
Gene_0650,151.48250102370454,-0.13736387245345275,0.5962854436582375,-0.23036596635785592,0.8178074049077366,0.936762452464745,Brain,Treatment vs Control,Brain | Treatment vs Control,0.936762452464745,0.02837052508147703,FALSE,NS
Gene_0651,209.36265888901985,1.3730972432676916,0.6197980082242928,2.2153947335222712,0.026732982505670473,0.23619864327414597,Brain,Treatment vs Control,Brain | Treatment vs Control,0.23619864327414597,0.626722601304401,FALSE,NS
Gene_0652,180.00548523057773,-0.2704608294601447,0.6028725318535814,-0.448620255808621,0.6537056191384147,0.8781638421500993,Brain,Treatment vs Control,Brain | Treatment vs Control,0.8781638421500993,0.05642444866862568,FALSE,NS
Gene_0653,115.22278204264899,-0.670430112822732,0.577620652986606,-1.1606754525764473,0.24577390819492362,0.6145080096373237,Brain,Treatment vs Control,Brain | Treatment vs Control,0.6145080096373237,0.21147245204746762,FALSE,NS
Gene_0654,144.4100217595195,-0.702096498107248,0.47190446248394313,-1.4877937250511533,0.13680530102801075,0.505918014228134,Brain,Treatment vs Control,Brain | Treatment vs Control,0.505918014228134,0.29591985638786017,FALSE,NS
Gene_0655,142.77599719362632,-0.7668192302355311,0.6458890255318531,-1.187230623099841,0.2351366648558049,0.6114305956723256,Brain,Treatment vs Control,Brain | Treatment vs Control,0.6114305956723256,0.21365283319382763,FALSE,NS
Gene_0656,138.7404018489291,1.576594465502726,0.5012584776975381,3.145272420617395,0.0016593223860887597,0.07402989696205928,Brain,Treatment vs Control,Brain | Treatment vs Control,0.07402989696205928,1.1305928550868003,FALSE,NS
Gene_0657,203.15708267248002,0.34755814863714163,0.6138625525369886,0.5661823598796561,0.5712698202445505,0.8458064414254695,Brain,Treatment vs Control,Brain | Treatment vs Control,0.8458064414254695,0.0727290117111277,FALSE,NS
Gene_0658,179.2278385151348,-0.7731022578398105,0.6004774920884565,-1.2874791612104666,0.197927328369823,0.5875448358287862,Brain,Treatment vs Control,Brain | Treatment vs Control,0.5875448358287862,0.2309589865710219,FALSE,NS
Gene_0659,141.63166808414348,-0.950334035727429,0.5837786825712467,-1.6279012305514369,0.1035458304649841,0.45434655307059685,Brain,Treatment vs Control,Brain | Treatment vs Control,0.45434655307059685,0.34261276240203803,FALSE,NS
Gene_0660,180.92374840264753,0.25349813697613166,0.57376498572378265,0.44181527852619557,0.6586228816125745,0.8781638421500993,Brain,Treatment vs Control,Brain | Treatment vs Control,0.8781638421500993,0.05642444866862568,FALSE,NS
Gene_0661,131.59224761649602,-0.6949240110949241,0.5979269066452957,-1.1622223441889183,0.24514516072624631,0.6145080096373237,Brain,Treatment vs Control,Brain | Treatment vs Control,0.6145080096373237,0.21147245204746762,FALSE,NS
Gene_0662,88.80378510336696,-0.5498194669062617,0.5001558235989798,-1.099296341188065,0.2716388277592408,0.6427010173127136,Brain,Treatment vs Control,Brain | Treatment vs Control,0.6427010173127136,0.19199101265697482,FALSE,NS
Gene_0663,128.39159849726448,0.33961485053263346,0.5395068096632885,0.6294913140106433,0.5290274534759466,0.8166649814852566,Brain,Treatment vs Control,Brain | Treatment vs Control,0.8166649814852566,0.08795606651726366,FALSE,NS
Gene_0664,118.42688829059796,0.6412149104620526,0.5545045513527693,1.1563744768149236,0.24752801675066852,0.615842900781732,Brain,Treatment vs Control,Brain | Treatment vs Control,0.615842900781732,0.210530060603647,FALSE,NS
Gene_0665,252.41495519878026,2.128847478223084,0.6850714284343531,3.107482504544533,0.001886881536208391,0.07402989696205928,Brain,Treatment vs Control,Brain | Treatment vs Control,0.07402989696205928,1.1305928550868003,FALSE,NS
Gene_0666,108.73303432549429,0.20544638621795103,0.6171178659850423,0.33291271820500273,0.7392001687998777,0.9115753128759134,Brain,Treatment vs Control,Brain | Treatment vs Control,0.9115753128759134,0.04020744482003216,FALSE,NS
Gene_0667,135.3933775870358,-0.7350783591816095,0.566992100536747,-1.29645255813219,0.1948196146931056,0.5869326154165949,Brain,Treatment vs Control,Brain | Treatment vs Control,0.5869326154165949,0.23141175638882222,FALSE,NS
Gene_0668,196.23558619073015,-0.5550516111852564,0.5983518239798321,-0.9276341926952407,0.35359735485008653,0.7211393941167962,Brain,Treatment vs Control,Brain | Treatment vs Control,0.7211393941167962,0.14198077932434391,FALSE,NS
Gene_0669,162.25559757419867,-0.8314897426634237,0.5446344298987005,-1.5266933139318368,0.1268372907734028,0.492339397135618,Brain,Treatment vs Control,Brain | Treatment vs Control,0.492339397135618,0.30773541047138087,FALSE,NS
Gene_0670,207.08352421525962,0.3270501801936508,0.7624169336089457,0.42896500035163093,0.6679486955143963,0.8788795912766703,Brain,Treatment vs Control,Brain | Treatment vs Control,0.8788795912766703,0.056070620291503864,FALSE,NS
Gene_0671,147.95722843177805,0.4240357071871279,0.580109199132997,0.7309584261392011,0.4648045469890955,0.7937906778249761,Brain,Treatment vs Control,Brain | Treatment vs Control,0.7937906778249761,0.10029400569711572,FALSE,NS
Gene_0672,178.14861609442772,-2.2240634440572165,0.5940188850548416,-3.7440955161751877,1.8104477586790228e-4,0.011916037975305568,Brain,Treatment vs Control,Brain | Treatment vs Control,0.011916037975305568,1.9238681213986375,TRUE,Down
Gene_0673,177.57772315232896,0.42884755544773495,0.6504226898009106,0.659336708531804,0.5096795749414765,0.8090518416869648,Brain,Treatment vs Control,Brain | Treatment vs Control,0.8090518416869648,0.09202364916988807,FALSE,NS
Gene_0674,219.30203542377595,0.07776530353654301,0.6258455391126824,0.12425638384640066,0.9011122802433414,0.9722088151092269,Brain,Treatment vs Control,Brain | Treatment vs Control,0.9722088151092269,0.01224044545450429,FALSE,NS
Gene_0675,181.64635769096574,-0.12212123363620946,0.5752654080128491,-0.21228676700386923,0.8318833185687443,0.9432593078514223,Brain,Treatment vs Control,Brain | Treatment vs Control,0.9432593078514223,0.025368900594428753,FALSE,NS
Gene_0676,120.28737658442172,-0.38685206455111104,0.5635602397130118,-0.6864431471391809,0.49243370392566205,0.8029774811760796,Brain,Treatment vs Control,Brain | Treatment vs Control,0.8029774811760796,0.09529663397175421,FALSE,NS
Gene_0677,170.24037147357214,-0.09880275316590888,0.5067164132436162,-0.19498628933972792,0.8454036811368165,0.9515447457755486,Brain,Treatment vs Control,Brain | Treatment vs Control,0.9515447457755486,0.0215707844799627,FALSE,NS
Gene_0678,193.9492997638651,-0.06694275166481871,0.6135987463125415,-0.1090985795963815,0.9131243014838042,0.9722088151092269,Brain,Treatment vs Control,Brain | Treatment vs Control,0.9722088151092269,0.01224044545450429,FALSE,NS
Gene_0679,125.08720762480041,-0.20773829248182082,0.63381350866103,-0.32775933242679023,0.7430936382439111,0.9115753128759134,Brain,Treatment vs Control,Brain | Treatment vs Control,0.9115753128759134,0.04020744482003216,FALSE,NS
Gene_0680,195.4443331674348,0.007016507853891586,0.6212953339335162,0.01129335353199741,0.9909893991126281,0.99612380942908,Brain,Treatment vs Control,Brain | Treatment vs Control,0.99612380942908,0.0016866792367782443,FALSE,NS
Gene_0681,260.01120989308293,-0.3573071030564685,0.8167761154938192,-0.4374602737256123,0.661777580448666,0.8788795912766703,Brain,Treatment vs Control,Brain | Treatment vs Control,0.8788795912766703,0.056070620291503864,FALSE,NS
Gene_0682,144.27202188588024,0.66175232510918,0.6444497545057583,1.0268485952278645,0.3044917628289852,0.6721098667322722,Brain,Treatment vs Control,Brain | Treatment vs Control,0.6721098667322722,0.17255972900641134,FALSE,NS
Gene_0683,167.96093067150758,0.3541168223619576,0.6059184669982345,0.5844298229038617,0.5589311670124207,0.8425613505024577,Brain,Treatment vs Control,Brain | Treatment vs Control,0.8425613505024577,0.07439846646301283,FALSE,NS
Gene_0684,151.2942889132502,0.5620642618155364,0.6159392417733505,0.912531989676932,0.3614887375778368,0.7269199540199481,Brain,Treatment vs Control,Brain | Treatment vs Control,0.7269199540199481,0.1385134095555236,FALSE,NS
Gene_0685,196.1723133829194,-0.8412103241693852,0.6538795253381495,-1.2864913054654201,0.198271651262517,0.5875448358287862,Brain,Treatment vs Control,Brain | Treatment vs Control,0.5875448358287862,0.2309589865710219,FALSE,NS
Gene_0686,204.98914452505724,0.6937047791315981,0.7284402557141358,0.9523152704562101,0.3409371156469879,0.7093059532425839,Brain,Treatment vs Control,Brain | Treatment vs Control,0.7093059532425839,0.14916639507949156,FALSE,NS
Gene_0687,114.90770363159123,-0.36556096367490054,0.590400727039007,-0.6191743115024118,0.5358015328633873,0.8201275048479755,Brain,Treatment vs Control,Brain | Treatment vs Control,0.8201275048479755,0.08611862280270688,FALSE,NS
Gene_0688,112.54339741941695,-0.6677894321068303,0.5596879412308267,-1.1931460067520383,0.23281219615206486,0.6107102536742571,Brain,Treatment vs Control,Brain | Treatment vs Control,0.6107102536742571,0.21416478824588067,FALSE,NS
Gene_0689,193.13337255113063,0.61272731497071,0.6702433390730255,0.9141863547918841,0.3606189328483707,0.7269199540199481,Brain,Treatment vs Control,Brain | Treatment vs Control,0.7269199540199481,0.1385134095555236,FALSE,NS
Gene_0690,127.30670464058662,-0.21576874471404173,0.609794599024843,-0.3538383991250328,0.723459994396447,0.9107018964481184,Brain,Treatment vs Control,Brain | Treatment vs Control,0.9107018964481184,0.0406237590471991,FALSE,NS
Gene_0691,132.68869517503649,-0.6207328624618977,0.6121538194560562,-1.0140145217315881,0.31057582305762804,0.6772798069088033,Brain,Treatment vs Control,Brain | Treatment vs Control,0.6772798069088033,0.1692318726865857,FALSE,NS
Gene_0692,145.25128442355984,0.5749550346637499,0.4765124906272443,1.2065896402986696,0.2275902183831538,0.6054021883200037,Brain,Treatment vs Control,Brain | Treatment vs Control,0.6054021883200037,0.21795601355191924,FALSE,NS
Gene_0693,219.47402702508103,-0.9534685706900644,0.7035746229549956,-1.3551776024631481,0.17536097884219035,0.554416369789283,Brain,Treatment vs Control,Brain | Treatment vs Control,0.554416369789283,0.25616395515635215,FALSE,NS
Gene_0694,133.37491581392132,0.9920710988890882,0.5420758072366592,1.8301335083488983,0.0672299774374107,0.3767966688755528,Brain,Treatment vs Control,Brain | Treatment vs Control,0.3767966688755528,0.42389294530421534,FALSE,NS
Gene_0695,154.83462458472997,0.9017833974951613,0.5017640088208618,1.7972261494289703,0.07229972479916241,0.38488971143083517,Brain,Treatment vs Control,Brain | Treatment vs Control,0.38488971143083517,0.4146636979688945,FALSE,NS
Gene_0696,151.7786676663077,-0.76188857374349,0.5719737141177887,-1.3320342437739916,0.18284893614807377,0.5687100156965611,Brain,Treatment vs Control,Brain | Treatment vs Control,0.5687100156965611,0.24510912321003345,FALSE,NS
Gene_0697,110.07576664284174,0.8754826437966832,0.506542375969373,1.7283502532661104,0.08392544852210351,0.4050801648666863,Brain,Treatment vs Control,Brain | Treatment vs Control,0.4050801648666863,0.39245902193575494,FALSE,NS
Gene_0698,188.3313649607849,0.33871615163391633,0.7252042865499096,0.46706308541738795,0.6404547439265933,0.8781638421500993,Brain,Treatment vs Control,Brain | Treatment vs Control,0.8781638421500993,0.05642444866862568,FALSE,NS
Gene_0699,109.1492093946483,-2.3122861709800673,0.6377872166312788,-3.6254821524854415,2.8842281682936265e-4,0.016062932260342968,Brain,Treatment vs Control,Brain | Treatment vs Control,0.016062932260342968,1.7941751721180466,TRUE,Down
Gene_0700,253.49423925841518,0.24602730906773587,0.6364042990330183,0.38658964033015014,0.6990600285976385,0.8918802559203204,Brain,Treatment vs Control,Brain | Treatment vs Control,0.8918802559203204,0.0496934502022823,FALSE,NS
Stat1,212.0211366264819,-0.8556497383028764,0.6075885240759127,-1.4082717240327118,0.1590506251062028,0.5406227820511307,Lung,Treatment vs Control,Lung | Treatment vs Control,0.5406227820511307,0.2671056569158384,FALSE,NS
Stat2,224.61104773548627,0.03389375080953856,0.6027175857545553,0.0562348795034846,0.9551546952891011,0.9881693531686803,Lung,Treatment vs Control,Lung | Treatment vs Control,0.9881693531686803,0.005168619335612781,FALSE,NS
Irf7,122.10598855657196,-0.7257249589140994,0.592647510576749,-1.2245473843429173,0.22074580260119833,0.6180055374836917,Lung,Treatment vs Control,Lung | Treatment vs Control,0.6180055374836917,0.20900763350691773,FALSE,NS
Isg15,133.00031238999452,0.4423763483601748,0.6949716403658898,0.6365387055610957,0.5244253615741317,0.8682013795959451,Lung,Treatment vs Control,Lung | Treatment vs Control,0.8682013795959451,0.06137952839085704,FALSE,NS
Ifit1,178.76732180966678,-0.41077013950530306,0.6509073129171504,-0.631073167183155,0.5279926849173415,0.8682013795959451,Lung,Treatment vs Control,Lung | Treatment vs Control,0.8682013795959451,0.06137952839085704,FALSE,NS
Ifit3,147.6922667986713,0.4119958042482045,0.49953915725475234,0.8247517702362961,0.40951253337937,0.8084495076441023,Lung,Treatment vs Control,Lung | Treatment vs Control,0.8084495076441023,0.09234709911727451,FALSE,NS
Mx1,203.06754275359026,-1.3242014164941236,0.5315119389891438,-2.4913860242021215,0.012724578560523624,0.16451062281819828,Lung,Treatment vs Control,Lung | Treatment vs Control,0.16451062281819828,0.7838060534442635,FALSE,NS
Oas1a,171.17483830696236,-0.5442499557532606,0.5221195259915744,-1.0423857539509898,0.2972328686620824,0.7102197917866259,Lung,Treatment vs Control,Lung | Treatment vs Control,0.7102197917866259,0.1486072293253748,FALSE,NS
Mki67,375.64578673611146,1.9576664255153935,0.5527381496526965,3.5417610069894025,3.974654149804601e-4,0.016927350614461947,Lung,Treatment vs Control,Lung | Treatment vs Control,0.016927350614461947,1.7714110102052463,TRUE,Up
Top2a,307.88822122215646,1.5659460009281947,0.545764733867311,2.8692693091981925,0.004114213296849513,0.08760854196820728,Lung,Treatment vs Control,Lung | Treatment vs Control,0.08760854196820728,1.0574535473844426,FALSE,NS
Cdk1,396.7634876445864,1.0013824810298115,0.5967336444235546,1.6781062881030417,0.09332635140907032,0.44747204251766165,Lung,Treatment vs Control,Lung | Treatment vs Control,0.44747204251766165,0.3492340936656134,FALSE,NS
Ccnb1,376.79408221295387,2.474004827252992,0.5459406158802922,4.531637242749978,5.852829319185305e-6,0.0012289875550068037,Lung,Treatment vs Control,Lung | Treatment vs Control,0.0012289875550068037,2.910452514850924,TRUE,Up
Ccnb2,333.03783586662405,1.7742225829998222,0.5612456912734829,3.161222634910674,0.001571083654435842,0.04504125571458402,Lung,Treatment vs Control,Lung | Treatment vs Control,0.04504125571458402,1.3463895102012784,TRUE,Up
Aurkb,419.692427153578,2.044018768966656,0.5392878002431274,3.790218818310279,1.5051463118136824e-4,0.009549473816353416,Lung,Treatment vs Control,Lung | Treatment vs Control,0.009549473816353416,2.0200205577303736,TRUE,Up
Ube2c,561.5294389515878,2.090053058741153,0.5480747942498037,3.813444954355154,1.3704305956690024e-4,0.009549473816353416,Lung,Treatment vs Control,Lung | Treatment vs Control,0.009549473816353416,2.0200205577303736,TRUE,Up
Birc5,459.0195978730679,1.1044796163132367,0.5539348650372875,1.9938799415322772,0.04616517650452625,0.2955807898096868,Lung,Treatment vs Control,Lung | Treatment vs Control,0.2955807898096868,0.5293237947384802,FALSE,NS
Il6,952.3165183677168,2.3880444091085318,0.4921490780992799,4.852278537900254,1.220510412615662e-6,4.4182476936686964e-4,Lung,Treatment vs Control,Lung | Treatment vs Control,4.4182476936686964e-4,3.3547499405745573,TRUE,Up
Ccl2,405.32905017430943,1.8389263966321436,0.6537876729517152,2.812727239609419,0.004912330054610975,0.09612235025779313,Lung,Treatment vs Control,Lung | Treatment vs Control,0.09612235025779313,1.017175618938549,FALSE,NS
Cxcl10,683.1109129596646,2.185089745289306,0.6026720265401482,3.6256697657490196,2.8821347966851584e-4,0.0136983132554639,Lung,Treatment vs Control,Lung | Treatment vs Control,0.0136983132554639,1.863332906489106,TRUE,Up
Nfkbia,649.2677173823737,1.740079905437372,0.5874459725153698,2.9621105375641075,0.0030553807305234645,0.06912798902809339,Lung,Treatment vs Control,Lung | Treatment vs Control,0.06912798902809339,1.1603460768034535,FALSE,NS
Socs3,672.2556699130208,2.906921314752183,0.5757433615439103,5.04898798478023,4.4415666829170376e-7,3.215694278431935e-4,Lung,Treatment vs Control,Lung | Treatment vs Control,3.215694278431935e-4,3.4927252470819496,TRUE,Up
Jun,469.10945461590836,1.6489915329903961,0.609838006801835,2.7039828849601872,0.006851381799209985,0.11455915541060196,Lung,Treatment vs Control,Lung | Treatment vs Control,0.11455915541060196,0.9409701968681606,FALSE,NS
Fos,426.20033401325264,1.364634981505091,0.6056444677007201,2.253194826802954,0.02424686744806646,0.22860000310272538,Lung,Treatment vs Control,Lung | Treatment vs Control,0.22860000310272538,0.6409237680461767,FALSE,NS
Icam1,684.5080002056881,1.9404593597386857,0.5918113765909615,3.2788476810236458,0.0010423187909377352,0.037731940231946016,Lung,Treatment vs Control,Lung | Treatment vs Control,0.037731940231946016,1.4232908621628342,TRUE,Up
Gene_0001,365.6485826003856,0.5761037418111091,0.6135872988809753,0.9389108002427259,0.3477765436179133,0.7540442454189249,Lung,Treatment vs Control,Lung | Treatment vs Control,0.7540442454189249,0.12260317007516262,FALSE,NS
Gene_0002,188.7227230179931,-1.055258220323129,0.6887297817491108,-1.532180324253114,0.12547794249935937,0.49970460200248146,Lung,Treatment vs Control,Lung | Treatment vs Control,0.49970460200248146,0.3012866509274747,FALSE,NS
Gene_0003,184.0103369989555,0.9782515185910148,0.5539419550392607,1.7659819944883595,0.07739886967596853,0.4072323922074953,Lung,Treatment vs Control,Lung | Treatment vs Control,0.4072323922074953,0.39015768450856175,FALSE,NS
Gene_0004,125.46448870404178,0.8832001082910392,0.6873443459489722,1.2849456222290758,0.19881128683392987,0.6073391209610347,Lung,Treatment vs Control,Lung | Treatment vs Control,0.6073391209610347,0.21656874346117208,FALSE,NS
Gene_0005,140.17229706388565,0.393623551970257,0.6113257816092675,0.6438850835540972,0.5196499551416959,0.8682013795959451,Lung,Treatment vs Control,Lung | Treatment vs Control,0.8682013795959451,0.06137952839085704,FALSE,NS
Gene_0006,130.18547565414,-0.02620010792593674,0.6430111531464946,-0.040745961866648486,0.9674984197285145,0.9907621723952539,Lung,Treatment vs Control,Lung | Treatment vs Control,0.9907621723952539,0.004030583266681068,FALSE,NS
Gene_0007,201.50898949828778,-0.43435500174850833,0.6201816833432613,-0.7003673494628175,0.4836979213155189,0.8546852418349934,Lung,Treatment vs Control,Lung | Treatment vs Control,0.8546852418349934,0.06819379509896496,FALSE,NS
Gene_0008,130.3965442853645,-0.9471536743881988,0.6630328484850674,-1.4285169679787444,0.15314311426262472,0.5288987132742073,Lung,Treatment vs Control,Lung | Treatment vs Control,0.5288987132742073,0.27662748954859206,FALSE,NS
Gene_0009,108.95199277427218,-0.08777619241783971,0.5644679954625139,-0.1555025140901348,0.8764251720937907,0.9689858495631076,Lung,Treatment vs Control,Lung | Treatment vs Control,0.9689858495631076,0.01368256505607758,FALSE,NS
Gene_0010,153.8773201309302,-0.6947794330754858,0.5935166536023665,-1.1706148915257928,0.24175360884193745,0.6396042828817421,Lung,Treatment vs Control,Lung | Treatment vs Control,0.6396042828817421,0.19408863681811106,FALSE,NS
Gene_0011,150.58733647919803,0.24640794633012322,0.5920556952134507,0.4161904839734496,0.677270622509447,0.9187844694408034,Lung,Treatment vs Control,Lung | Treatment vs Control,0.9187844694408034,0.0367863544578179,FALSE,NS
Gene_0012,149.97988813574347,-0.2132036232065725,0.591493721149574,-0.3604495121135168,0.7185110060799036,0.9248517144927557,Lung,Treatment vs Control,Lung | Treatment vs Control,0.9248517144927557,0.03392789400691228,FALSE,NS
Gene_0013,92.75323809858432,-0.17892321536375796,0.6346546672635192,-0.28192216112619567,0.7780031963670822,0.9430604969475158,Lung,Treatment vs Control,Lung | Treatment vs Control,0.9430604969475158,0.025460446554566408,FALSE,NS
Gene_0014,239.19481564962192,0.7493479443175907,0.5120160683901478,1.4635242731222253,0.14332397673086267,0.5252361894021138,Lung,Treatment vs Control,Lung | Treatment vs Control,0.5252361894021138,0.2796453581420141,FALSE,NS
Gene_0015,139.2422198327948,-0.2566071792662043,0.6052307179738414,-0.42398241141041204,0.6715786405767872,0.9187844694408034,Lung,Treatment vs Control,Lung | Treatment vs Control,0.9187844694408034,0.0367863544578179,FALSE,NS
Gene_0016,153.94777920881424,0.34317624980405376,0.7075912676741735,0.4849922059271046,0.6276818742629757,0.9187844694408034,Lung,Treatment vs Control,Lung | Treatment vs Control,0.9187844694408034,0.0367863544578179,FALSE,NS
Gene_0017,289.73594669854,0.6653478744529441,0.768592713853779,0.8656702860437514,0.38667099929564547,0.7885909957466122,Lung,Treatment vs Control,Lung | Treatment vs Control,0.7885909957466122,0.10314818607573657,FALSE,NS
Gene_0018,139.26998908212343,1.000831534032014,0.4780020967362338,2.093780635829057,0.036279525915725454,0.2879391790243586,Lung,Treatment vs Control,Lung | Treatment vs Control,0.2879391790243586,0.5406992379478064,FALSE,NS
Gene_0019,124.07223728023637,-0.004345535975302604,0.521398922125832,-0.008334378516904321,0.9933502050420909,0.9986231227094864,Lung,Treatment vs Control,Lung | Treatment vs Control,0.9986231227094864,5.983822535950885e-4,FALSE,NS
Gene_0020,138.068425101381,0.22346556780837737,0.5052475821570043,0.44228923739596654,0.6582799180926051,0.9187844694408034,Lung,Treatment vs Control,Lung | Treatment vs Control,0.9187844694408034,0.0367863544578179,FALSE,NS
Gene_0021,194.51633489802379,0.3148193223569042,0.613759581279522,0.5129358986145542,0.607996160960153,0.9069706532164497,Lung,Treatment vs Control,Lung | Treatment vs Control,0.9069706532164497,0.042406765147569775,FALSE,NS
Gene_0022,221.555045956318,1.7597221348513556,0.5547555256417269,3.172067791151344,0.0015135767069734886,0.04504125571458402,Lung,Treatment vs Control,Lung | Treatment vs Control,0.04504125571458402,1.3463895102012784,TRUE,Up
Gene_0023,123.91555667310448,0.2405243305561342,0.5143382424192159,0.4676384346316849,0.6400431746094777,0.9187844694408034,Lung,Treatment vs Control,Lung | Treatment vs Control,0.9187844694408034,0.0367863544578179,FALSE,NS
Gene_0024,102.99190112066226,-0.051913781469647244,0.50681979112878806,-0.10243045433175561,0.9184150117334087,0.9785568044309744,Lung,Treatment vs Control,Lung | Treatment vs Control,0.9785568044309744,0.009413958830841018,FALSE,NS
Gene_0025,199.89464017799753,0.4419519479282605,0.49976437346194363,0.884320634675882,0.3765231523252709,0.7833512328967575,Lung,Treatment vs Control,Lung | Treatment vs Control,0.7833512328967575,0.10604346871242577,FALSE,NS
Gene_0026,133.22148366505112,0.5886128341710632,0.47964398342314557,1.2271869438874718,0.21975233546332734,0.6180055374836917,Lung,Treatment vs Control,Lung | Treatment vs Control,0.6180055374836917,0.20900763350691773,FALSE,NS
Gene_0027,117.4120700677552,-0.22605153900362138,0.4607356169090326,-0.4906317868806155,0.6236869000302855,0.9177831618331843,Lung,Treatment vs Control,Lung | Treatment vs Control,0.9177831618331843,0.03725991437944476,FALSE,NS
Gene_0028,159.3979069922519,0.5940690126897574,0.6729117993764886,0.8828334014059704,0.3773262908922969,0.7833512328967575,Lung,Treatment vs Control,Lung | Treatment vs Control,0.7833512328967575,0.10604346871242577,FALSE,NS
Gene_0029,273.8611080979113,-1.0999606185289215,0.5264953563360014,-2.0892123839112138,0.03668860915497756,0.2879391790243586,Lung,Treatment vs Control,Lung | Treatment vs Control,0.2879391790243586,0.5406992379478064,FALSE,NS
Gene_0030,196.47521770124476,-0.4201417443508028,0.5179272767420651,-0.8111983346265024,0.41725178185747547,0.8084495076441023,Lung,Treatment vs Control,Lung | Treatment vs Control,0.8084495076441023,0.09234709911727451,FALSE,NS
Gene_0031,177.86815541480053,-1.0570861410870958,0.6190612437901821,-1.7075631073512543,0.08771743876982079,0.432023303873131,Lung,Treatment vs Control,Lung | Treatment vs Control,0.432023303873131,0.36449282616994877,FALSE,NS
Gene_0032,78.50764553894268,-0.7909131353438281,0.606426604617298,-1.3042190585338111,0.1921589035325874,0.6070726102037837,Lung,Treatment vs Control,Lung | Treatment vs Control,0.6070726102037837,0.21675936110777383,FALSE,NS
Gene_0033,256.4580500430946,0.07122622380129555,0.6090200104442888,0.11695218971431662,0.9068979404703833,0.9785568044309744,Lung,Treatment vs Control,Lung | Treatment vs Control,0.9785568044309744,0.009413958830841018,FALSE,NS
Gene_0034,132.98917554471825,0.06431843762462748,0.5466794325552825,0.11765293112270751,0.9063426631800409,0.9785568044309744,Lung,Treatment vs Control,Lung | Treatment vs Control,0.9785568044309744,0.009413958830841018,FALSE,NS
Gene_0035,141.04251029208365,-1.2674289754239916,0.6197629273751776,-2.0450222487359997,0.04085266469249027,0.2955807898096868,Lung,Treatment vs Control,Lung | Treatment vs Control,0.2955807898096868,0.5293237947384802,FALSE,NS
Gene_0036,145.65184683617883,0.6310855569847091,0.511841020897448,1.2329718237084262,0.21758627664442282,0.6177743697669102,Lung,Treatment vs Control,Lung | Treatment vs Control,0.6177743697669102,0.20917011367733374,FALSE,NS
Gene_0037,112.04838349400902,-0.26381806616380965,0.5209752689033863,-0.5063926867759516,0.6125810074901159,0.9069706532164497,Lung,Treatment vs Control,Lung | Treatment vs Control,0.9069706532164497,0.042406765147569775,FALSE,NS
Gene_0038,181.6493495841938,-0.14387367857024339,0.6707735324438949,-0.2144892003207913,0.830165587900168,0.9525196285890993,Lung,Treatment vs Control,Lung | Treatment vs Control,0.9525196285890993,0.021126066045939293,FALSE,NS
Gene_0039,128.49320905889434,1.572557074729067,0.50210352105059,3.1319379546247443,0.0017365656989558117,0.04656568763125954,Lung,Treatment vs Control,Lung | Treatment vs Control,0.04656568763125954,1.3319339794747285,TRUE,Up
Gene_0040,150.88395638939687,-0.8632555831476659,0.541883636655661,-1.593064497159231,0.11114572283427604,0.48411793032209877,Lung,Treatment vs Control,Lung | Treatment vs Control,0.48411793032209877,0.3150488320549587,FALSE,NS
Gene_0041,183.96080901120985,-1.2919919790000656,0.6351100056373851,-2.03428062466666,0.04192330955588248,0.2955807898096868,Lung,Treatment vs Control,Lung | Treatment vs Control,0.2955807898096868,0.5293237947384802,FALSE,NS
Gene_0042,102.28351957826222,-1.5238642735506045,0.5596156646065831,-2.7230550714156663,0.006468127471852601,0.11421766560051912,Lung,Treatment vs Control,Lung | Treatment vs Control,0.11421766560051912,0.9422667202627663,FALSE,NS
Gene_0043,97.68138169303454,-0.2827564533795416,0.6579826879409628,-0.4297323600783122,0.6673903409509448,0.9187844694408034,Lung,Treatment vs Control,Lung | Treatment vs Control,0.9187844694408034,0.0367863544578179,FALSE,NS
Gene_0044,156.28750742949853,-0.8658249823052417,0.4829708118543181,-1.7927066420038786,0.0730198439226662,0.4032220975582688,Lung,Treatment vs Control,Lung | Treatment vs Control,0.4032220975582688,0.3944556755093329,FALSE,NS
Gene_0045,166.3130888667086,-0.09391443433631887,0.5749621292384458,-0.16334020896421697,0.8702505768206202,0.9653092618047804,Lung,Treatment vs Control,Lung | Treatment vs Control,0.9653092618047804,0.015333526886230301,FALSE,NS
Gene_0046,232.66695418549028,-1.304812732329796,0.6700000277862805,-1.9474816092783964,0.05147702247811762,0.3158420701199759,Lung,Treatment vs Control,Lung | Treatment vs Control,0.3158420701199759,0.5005300225098996,FALSE,NS
Gene_0047,206.11470741379745,-0.06941032199179577,0.5691407869965215,-0.12195633062618651,0.9029336031422197,0.9785568044309744,Lung,Treatment vs Control,Lung | Treatment vs Control,0.9785568044309744,0.009413958830841018,FALSE,NS
Gene_0048,174.2268774034409,-0.32323829705164037,0.6773834743936066,-0.47718657048875185,0.633229273219684,0.9187844694408034,Lung,Treatment vs Control,Lung | Treatment vs Control,0.9187844694408034,0.0367863544578179,FALSE,NS
Gene_0049,179.53524033513557,0.22838764737849956,0.5812410978518713,0.3929310026812728,0.6943704426264774,0.9187844694408034,Lung,Treatment vs Control,Lung | Treatment vs Control,0.9187844694408034,0.0367863544578179,FALSE,NS
Gene_0050,109.63121855543473,0.02616665567942671,0.5427896056294974,0.04820773170311555,0.9615506883457045,0.9881693531686803,Lung,Treatment vs Control,Lung | Treatment vs Control,0.9881693531686803,0.005168619335612781,FALSE,NS
Gene_0051,124.00854923337032,0.40882638395733956,0.6522662880123129,0.6267783441685738,0.530804540814591,0.8682013795959451,Lung,Treatment vs Control,Lung | Treatment vs Control,0.8682013795959451,0.06137952839085704,FALSE,NS
Gene_0052,195.85723729413766,1.1153569664436547,0.4925250639073045,2.2645689492333534,0.02353914417395939,0.22860000310272538,Lung,Treatment vs Control,Lung | Treatment vs Control,0.22860000310272538,0.6409237680461767,FALSE,NS
Gene_0053,190.00640055400936,-0.19335555621204795,0.5895923655786791,-0.327947862795461,0.7429510838332232,0.9315843052213407,Lung,Treatment vs Control,Lung | Treatment vs Control,0.9315843052213407,0.030777836811018745,FALSE,NS
Gene_0054,168.22335152727635,0.31769518759136606,0.5461224259088944,0.5817288807773018,0.5607493148829503,0.8768520604217194,Lung,Treatment vs Control,Lung | Treatment vs Control,0.8768520604217194,0.05707367318146897,FALSE,NS
Gene_0055,182.77675688590423,-0.7627957720416332,0.5254994707819017,-1.4515633496388747,0.1466230556986137,0.5252361894021138,Lung,Treatment vs Control,Lung | Treatment vs Control,0.5252361894021138,0.2796453581420141,FALSE,NS
Gene_0056,143.96123458340347,-2.318396647317833,0.5519422298546727,-4.200433527125241,2.6640437695770543e-5,0.0032146128152896456,Lung,Treatment vs Control,Lung | Treatment vs Control,0.0032146128152896456,2.492871328279212,TRUE,Down
Gene_0057,127.4716022578992,-0.025180956912192142,0.5383282006852438,-0.046776217333847694,0.9626915840982975,0.9881693531686803,Lung,Treatment vs Control,Lung | Treatment vs Control,0.9881693531686803,0.005168619335612781,FALSE,NS
Gene_0058,204.89772594328076,0.8732515789801115,0.5535096396318342,1.577662820038605,0.11464309209979996,0.48824469811914806,Lung,Treatment vs Control,Lung | Treatment vs Control,0.48824469811914806,0.31136246404645634,FALSE,NS
Gene_0059,139.08757785213766,-1.127380558760114,0.5438009737214607,-2.073149209434052,0.03815839551966976,0.2879391790243586,Lung,Treatment vs Control,Lung | Treatment vs Control,0.2879391790243586,0.5406992379478064,FALSE,NS
Gene_0060,177.29245387222346,0.5641960509395392,0.6312376876089821,0.8937933555213015,0.3714324649203957,0.7833512328967575,Lung,Treatment vs Control,Lung | Treatment vs Control,0.7833512328967575,0.10604346871242577,FALSE,NS
Gene_0061,194.28579865159622,0.3690451695405296,0.5759891346493273,0.6407155054499614,0.5217075382716814,0.8682013795959451,Lung,Treatment vs Control,Lung | Treatment vs Control,0.8682013795959451,0.06137952839085704,FALSE,NS
Gene_0062,251.35830292774924,-0.8628120904981108,0.6655156358980758,-1.2964565277775848,0.1948182478712577,0.6073391209610347,Lung,Treatment vs Control,Lung | Treatment vs Control,0.6073391209610347,0.21656874346117208,FALSE,NS
Gene_0063,104.32432736217616,0.5748792393437241,0.5433219870417028,1.0580820453702697,0.2900180392267308,0.6999102013338437,Lung,Treatment vs Control,Lung | Treatment vs Control,0.6999102013338437,0.1549576765098606,FALSE,NS
Gene_0064,161.85926700102422,-0.09841042186838769,0.6043406923277925,-0.16283931086839704,0.8706449557438144,0.9653092618047804,Lung,Treatment vs Control,Lung | Treatment vs Control,0.9653092618047804,0.015333526886230301,FALSE,NS
Gene_0065,128.90478207800626,0.012517815800704764,0.6001191101467963,0.020858885492986146,0.9833582241053299,0.997211785464037,Lung,Treatment vs Control,Lung | Treatment vs Control,0.997211785464037,0.001212597464942531,FALSE,NS
Gene_0066,104.1292658878954,-0.30708108445489235,0.6143613907361815,-0.4998378626738262,0.6171892479406756,0.9104775158883824,Lung,Treatment vs Control,Lung | Treatment vs Control,0.9104775158883824,0.040730774576556245,FALSE,NS
Gene_0067,212.20705493738495,0.012408626116906489,0.7170322544930929,0.01730553408044215,0.9861928707075281,0.997211785464037,Lung,Treatment vs Control,Lung | Treatment vs Control,0.997211785464037,0.001212597464942531,FALSE,NS
Gene_0068,246.3925432341984,0.49720161661364504,0.6207673707079818,0.8009467637556228,0.4231624660060378,0.8084495076441023,Lung,Treatment vs Control,Lung | Treatment vs Control,0.8084495076441023,0.09234709911727451,FALSE,NS
Gene_0069,143.88715064729084,-0.213547146884045,0.48246893693005793,-0.4426132555659273,0.6580454952075496,0.9187844694408034,Lung,Treatment vs Control,Lung | Treatment vs Control,0.9187844694408034,0.0367863544578179,FALSE,NS
Gene_0070,98.90867179052141,0.8131637730785176,0.6018780105248089,1.3510441632009078,0.1766812861518171,0.5736199604211462,Lung,Treatment vs Control,Lung | Treatment vs Control,0.5736199604211462,0.2413757448055024,FALSE,NS
Gene_0071,228.99242294120342,-0.22951602940389385,0.570347122131031,-0.4024146357508315,0.6873789006109784,0.9187844694408034,Lung,Treatment vs Control,Lung | Treatment vs Control,0.9187844694408034,0.0367863544578179,FALSE,NS
Gene_0072,146.42036642962273,-1.3119675652554528,0.603102195165249,-2.1753652627577917,0.02960275546004308,0.2576643921508633,Lung,Treatment vs Control,Lung | Treatment vs Control,0.2576643921508633,0.5889455944909454,FALSE,NS
Gene_0073,177.3026651410568,-0.5025964875736652,0.4906702965188056,-1.024305916089629,0.3056908044776678,0.7139359433607466,Lung,Treatment vs Control,Lung | Treatment vs Control,0.7139359433607466,0.14634075277977088,FALSE,NS
Gene_0074,113.4383862967338,0.6171380543077637,0.5156660414672437,1.1967785440200753,0.23139288331225896,0.6331572051927942,Lung,Treatment vs Control,Lung | Treatment vs Control,0.6331572051927942,0.19848844658400866,FALSE,NS
Gene_0075,162.0225867331212,0.03429647288509683,0.5761881999027808,0.0595230393313914,0.9525355152755335,0.9881693531686803,Lung,Treatment vs Control,Lung | Treatment vs Control,0.9881693531686803,0.005168619335612781,FALSE,NS
Gene_0076,156.6273075007561,0.36050360519840363,0.5205508855543008,0.6925424875889449,0.4885967135462984,0.8546852418349934,Lung,Treatment vs Control,Lung | Treatment vs Control,0.8546852418349934,0.06819379509896496,FALSE,NS
Gene_0077,94.44866827524045,-0.23812147798577182,0.721342150313805,-0.33010891971609035,0.7413176637130582,0.9315843052213407,Lung,Treatment vs Control,Lung | Treatment vs Control,0.9315843052213407,0.030777836811018745,FALSE,NS
Gene_0078,154.02784478554432,0.9866372355149083,0.5725717067896167,1.723167987197513,0.08485815103042242,0.42664792601406826,Lung,Treatment vs Control,Lung | Treatment vs Control,0.42664792601406826,0.3699303611829537,FALSE,NS
Gene_0079,171.42950163296467,-1.1237795404420934,0.5443484928587548,-2.0644487036977743,0.03897519274086622,0.2879391790243586,Lung,Treatment vs Control,Lung | Treatment vs Control,0.2879391790243586,0.5406992379478064,FALSE,NS
Gene_0080,191.98583100514256,-1.0873829374909036,0.5073158204983964,-2.1434043519924897,0.032080643949031575,0.2700742583616147,Lung,Treatment vs Control,Lung | Treatment vs Control,0.2700742583616147,0.568516807831296,FALSE,NS
Gene_0081,251.07224343501656,-0.2665524621473965,0.6793254739856657,-0.39237813442135244,0.6947788395595437,0.9187844694408034,Lung,Treatment vs Control,Lung | Treatment vs Control,0.9187844694408034,0.0367863544578179,FALSE,NS
Gene_0082,131.89939894627275,0.8838706900342558,0.49827724513426996,1.7738532085607894,0.0760874342124494,0.4054015812722075,Lung,Treatment vs Control,Lung | Treatment vs Control,0.4054015812722075,0.392114561670502,FALSE,NS
Gene_0083,190.61858533183081,0.8923139517764588,0.715840935298818,1.2465254608609029,0.21257154782914128,0.6177743697669102,Lung,Treatment vs Control,Lung | Treatment vs Control,0.6177743697669102,0.20917011367733374,FALSE,NS
Gene_0084,144.85679188253286,1.0021970012801724,0.6421092574173891,1.5607888995575034,0.11857356740349026,0.49055578742929684,Lung,Treatment vs Control,Lung | Treatment vs Control,0.49055578742929684,0.3093115962452929,FALSE,NS
Gene_0085,183.17801359664435,-0.3013843316598858,0.6552436511530054,-0.4599576525916003,0.6455466169441941,0.9187844694408034,Lung,Treatment vs Control,Lung | Treatment vs Control,0.9187844694408034,0.0367863544578179,FALSE,NS
Gene_0086,137.45287695564778,0.450040301995878,0.49276958874592264,0.913287492317071,0.3610913588413721,0.7699826998974327,Lung,Treatment vs Control,Lung | Treatment vs Control,0.7699826998974327,0.11351903252035733,FALSE,NS
Gene_0087,114.74633731913934,-0.7569728405651476,0.507000415014763,-1.493041855879163,0.1354262309239885,0.514614222020075,Lung,Treatment vs Control,Lung | Treatment vs Control,0.514614222020075,0.2885182156781577,FALSE,NS
Gene_0088,139.4100816856706,0.2504985590716697,0.4472931533579766,0.5600321784295036,0.5754574892600791,0.8883394930155593,Lung,Treatment vs Control,Lung | Treatment vs Control,0.8883394930155593,0.05142102997989338,FALSE,NS
Gene_0089,119.85565161271683,-0.4331298930325884,0.5293856539694577,-0.8181745949949323,0.41325749938454054,0.8084495076441023,Lung,Treatment vs Control,Lung | Treatment vs Control,0.8084495076441023,0.09234709911727451,FALSE,NS
Gene_0090,83.98757619391651,-1.4370180645897717,0.6533649203009221,-2.199411109993356,0.02784870336773296,0.2458836736370569,Lung,Treatment vs Control,Lung | Treatment vs Control,0.2458836736370569,0.6092703069047515,FALSE,NS
Gene_0091,170.1102873314994,0.16623985402201247,0.48567916699616487,0.342283271177092,0.7321377237748843,0.929105186966409,Lung,Treatment vs Control,Lung | Treatment vs Control,0.929105186966409,0.031935115357194996,FALSE,NS
Gene_0092,188.54155039449518,-0.04801178019817571,0.4790779903003282,-0.1002170443440278,0.9201720147067006,0.9785568044309744,Lung,Treatment vs Control,Lung | Treatment vs Control,0.9785568044309744,0.009413958830841018,FALSE,NS
Gene_0093,141.9786781504026,0.19013879429010305,0.5979767607564245,0.3179702068180419,0.7505075364811087,0.9320196507930064,Lung,Treatment vs Control,Lung | Treatment vs Control,0.9320196507930064,0.030574930842371856,FALSE,NS
Gene_0094,114.68535504982886,1.2901653139016906,0.5451755135327893,2.3665136857326856,0.017956510356821328,0.20635735711648637,Lung,Treatment vs Control,Lung | Treatment vs Control,0.20635735711648637,0.6853800429090041,FALSE,NS
Gene_0095,150.82998226876023,-0.6516815161145311,0.6718238620684277,-0.9700184124275046,0.33203731443685003,0.7381639743678056,Lung,Treatment vs Control,Lung | Treatment vs Control,0.7381639743678056,0.1318471540943755,FALSE,NS
Gene_0096,164.5075628686693,0.09069317981179091,0.492877359203288,0.18400759969658978,0.8540074930277654,0.9598804343521044,Lung,Treatment vs Control,Lung | Treatment vs Control,0.9598804343521044,0.017782860642771677,FALSE,NS
Gene_0097,246.18890259062513,0.2921425975825654,0.5487562467363697,0.5323722496464169,0.594468201114086,0.8985281369657584,Lung,Treatment vs Control,Lung | Treatment vs Control,0.8985281369657584,0.046468318624415306,FALSE,NS
Gene_0098,174.40792775273835,-1.3383812704264946,0.49594494260889505,-2.698648893133183,0.006962158616113932,0.11455915541060196,Lung,Treatment vs Control,Lung | Treatment vs Control,0.11455915541060196,0.9409701968681606,FALSE,NS
Gene_0099,157.73246450292027,0.11340894422303317,0.5570532794141299,0.20358724813954757,0.8386760589568986,0.9571062630295936,Lung,Treatment vs Control,Lung | Treatment vs Control,0.9571062630295936,0.019039841862227076,FALSE,NS
Gene_0100,123.88712906779729,-0.3273123585936683,0.6174809117084795,-0.5300768855964192,0.596058624366886,0.8990550917533863,Lung,Treatment vs Control,Lung | Treatment vs Control,0.8990550917533863,0.0462136950171425,FALSE,NS
Gene_0101,172.17716248557875,-0.010235113102370777,0.545879981117985,-0.01874974986517886,0.9850407405645145,0.997211785464037,Lung,Treatment vs Control,Lung | Treatment vs Control,0.997211785464037,0.001212597464942531,FALSE,NS
Gene_0102,212.75939648201606,1.8125564873483166,0.6790784062160365,2.6691416937379167,0.0076045361932910735,0.11714221710516462,Lung,Treatment vs Control,Lung | Treatment vs Control,0.11714221710516462,0.9312865605075914,FALSE,NS
Gene_0103,130.11447811790288,-0.8021046859092725,0.6492529469918135,-1.2354271006788151,0.2166715918899253,0.6177743697669102,Lung,Treatment vs Control,Lung | Treatment vs Control,0.6177743697669102,0.20917011367733374,FALSE,NS
Gene_0104,178.07013868559366,0.24323836072164237,0.5830295435749987,0.4171973159887619,0.6765340882354438,0.9187844694408034,Lung,Treatment vs Control,Lung | Treatment vs Control,0.9187844694408034,0.0367863544578179,FALSE,NS
Gene_0105,160.4093127738607,-0.1387397993251518,0.48599928097708334,-0.28547326046701266,0.7752815875082115,0.9430604969475158,Lung,Treatment vs Control,Lung | Treatment vs Control,0.9430604969475158,0.025460446554566408,FALSE,NS
Gene_0106,139.72334928826166,0.7738986771014791,0.595429715822034,1.2997313646549462,0.19369305657054425,0.6070726102037837,Lung,Treatment vs Control,Lung | Treatment vs Control,0.6070726102037837,0.21675936110777383,FALSE,NS
Gene_0107,164.80930414564153,-1.72937832195508,0.4786601163103797,-3.6129567996713803,3.0272515481688175e-4,0.0136983132554639,Lung,Treatment vs Control,Lung | Treatment vs Control,0.0136983132554639,1.863332906489106,TRUE,Down
Gene_0108,143.9204739937001,0.5569104183923683,0.5840940977081065,0.9534601027087884,0.34035700168427946,0.7444666743789073,Lung,Treatment vs Control,Lung | Treatment vs Control,0.7444666743789073,0.12815473841856453,FALSE,NS
Gene_0109,125.7684433476136,-0.1521922051655322,0.5770032183368549,-0.26376318247272285,0.7919624062763668,0.9430604969475158,Lung,Treatment vs Control,Lung | Treatment vs Control,0.9430604969475158,0.025460446554566408,FALSE,NS
Gene_0110,126.06470866804514,-0.6182847594465022,0.5740480691954694,-1.077060951207502,0.2814530366269028,0.6938780897490282,Lung,Treatment vs Control,Lung | Treatment vs Control,0.6938780897490282,0.1587168257988459,FALSE,NS
Gene_0111,173.246945119924,-0.6924972680027836,0.5738841158290348,-1.2066848496100993,0.2275535358878813,0.6309887568068443,Lung,Treatment vs Control,Lung | Treatment vs Control,0.6309887568068443,0.19997837910808203,FALSE,NS
Gene_0112,114.38263818997257,0.44657059207722005,0.48301082781765886,0.9245560686391169,0.3551968736506665,0.7608359068730252,Lung,Treatment vs Control,Lung | Treatment vs Control,0.7608359068730252,0.11870899950277143,FALSE,NS
Gene_0113,116.76631772114845,0.7783332710327884,0.6043987637727005,1.2877810440484294,0.1978221926592162,0.6073391209610347,Lung,Treatment vs Control,Lung | Treatment vs Control,0.6073391209610347,0.21656874346117208,FALSE,NS
Gene_0114,196.33395199427346,-1.1468894214537624,0.5202744207389225,-2.204393250440578,0.027496699941834596,0.245772972319608,Lung,Treatment vs Control,Lung | Treatment vs Control,0.245772972319608,0.6094658782349279,FALSE,NS
Gene_0115,130.9566418605319,0.40871567468463166,0.5521990926035745,0.7401599896833767,0.45920292176553784,0.8374380739502504,Lung,Treatment vs Control,Lung | Treatment vs Control,0.8374380739502504,0.07704729788638716,FALSE,NS
Gene_0116,99.12843977884795,-0.3543590431717839,0.5602184651806821,-0.6325372425157314,0.5270358806577202,0.8682013795959451,Lung,Treatment vs Control,Lung | Treatment vs Control,0.8682013795959451,0.06137952839085704,FALSE,NS
Gene_0117,172.4873935303962,0.48424510502677415,0.7381919524389574,0.6559880576140762,0.5118318082060833,0.8682013795959451,Lung,Treatment vs Control,Lung | Treatment vs Control,0.8682013795959451,0.06137952839085704,FALSE,NS
Gene_0118,133.80909015053575,0.26847529209228577,0.5905231361845831,0.45463975184262206,0.6493684313811052,0.9187844694408034,Lung,Treatment vs Control,Lung | Treatment vs Control,0.9187844694408034,0.0367863544578179,FALSE,NS
Gene_0119,117.31283419286136,-0.6710704482182378,0.614353748332413,-1.092319286794905,0.27469278587764234,0.6938780897490282,Lung,Treatment vs Control,Lung | Treatment vs Control,0.6938780897490282,0.1587168257988459,FALSE,NS
Gene_0120,139.17530417623172,-1.0732922681626338,0.5179505061493451,-2.072190789312912,0.03824765204509585,0.2879391790243586,Lung,Treatment vs Control,Lung | Treatment vs Control,0.2879391790243586,0.5406992379478064,FALSE,NS
Gene_0121,198.51309121164874,0.20142884955078708,0.5662632225554725,0.3557159312620813,0.7220533129842388,0.9248517144927557,Lung,Treatment vs Control,Lung | Treatment vs Control,0.9248517144927557,0.03392789400691228,FALSE,NS
Gene_0122,200.90468873203835,-1.0548257134480328,0.6461791940695484,-1.6324043285963517,0.10259433787532833,0.4732464552911938,Lung,Treatment vs Control,Lung | Treatment vs Control,0.4732464552911938,0.3249126303028658,FALSE,NS
Gene_0123,180.23277168495625,1.2983889769291552,0.6492221696386428,1.999914725111496,0.04550947282891491,0.2955807898096868,Lung,Treatment vs Control,Lung | Treatment vs Control,0.2955807898096868,0.5293237947384802,FALSE,NS
Gene_0124,155.36354503886795,0.006000217171067518,0.46287845405516376,0.012962835315623568,0.9896574434903302,0.9986231227094864,Lung,Treatment vs Control,Lung | Treatment vs Control,0.9986231227094864,5.983822535950885e-4,FALSE,NS
Gene_0125,278.16852568933734,1.175372935554539,0.5080464049652906,2.3135149153055017,0.020694345669874298,0.2110240319012534,Lung,Treatment vs Control,Lung | Treatment vs Control,0.2110240319012534,0.6756680834331551,FALSE,NS
Gene_0126,309.5150731994989,0.5384149817358246,0.7128443835388425,0.7553050766324606,0.4500659533376493,0.8270247467422794,Lung,Treatment vs Control,Lung | Treatment vs Control,0.8270247467422794,0.08248149502687209,FALSE,NS
Gene_0127,247.06171447326116,-1.1374204044951755,0.4889982167036344,-2.326021579715756,0.02001739948811102,0.2110240319012534,Lung,Treatment vs Control,Lung | Treatment vs Control,0.2110240319012534,0.6756680834331551,FALSE,NS
Gene_0128,118.40514778065032,-0.10519303504414673,0.578377298222523,-0.1818761479183699,0.8556799234872376,0.9598804343521044,Lung,Treatment vs Control,Lung | Treatment vs Control,0.9598804343521044,0.017782860642771677,FALSE,NS
Gene_0129,160.39946155921692,-0.15290246451053932,0.6355746494710799,-0.24057357328172785,0.8098856341643377,0.9503358170745226,Lung,Treatment vs Control,Lung | Treatment vs Control,0.9503358170745226,0.02212290236248227,FALSE,NS
Gene_0130,131.11232073845477,-0.20957772688954854,0.5781516840987393,-0.3624960934192417,0.7169813423186155,0.9248517144927557,Lung,Treatment vs Control,Lung | Treatment vs Control,0.9248517144927557,0.03392789400691228,FALSE,NS
Gene_0131,141.02863189812473,0.7804771182590887,0.5194802261509295,1.502419301004018,0.13298885477777242,0.514614222020075,Lung,Treatment vs Control,Lung | Treatment vs Control,0.514614222020075,0.2885182156781577,FALSE,NS
Gene_0132,218.48596871446114,-1.0000055936958563,0.6226435343766485,-1.6060643666636623,0.10825976815798566,0.48277620121742826,Lung,Treatment vs Control,Lung | Treatment vs Control,0.48277620121742826,0.31625414689012943,FALSE,NS
Gene_0133,186.48992916102216,1.296869849559077,0.6401214119537705,2.0259748000004985,0.04276736709799568,0.2955807898096868,Lung,Treatment vs Control,Lung | Treatment vs Control,0.2955807898096868,0.5293237947384802,FALSE,NS
Gene_0134,237.54249718318266,1.2365472601491,0.533723482931163,2.3168312800442843,0.020512924376724702,0.2110240319012534,Lung,Treatment vs Control,Lung | Treatment vs Control,0.2110240319012534,0.6756680834331551,FALSE,NS
Gene_0135,157.63525182664992,-0.011524934749178095,0.5012038796007516,-0.022994504269118216,0.9816546567494939,0.997211785464037,Lung,Treatment vs Control,Lung | Treatment vs Control,0.997211785464037,0.001212597464942531,FALSE,NS
Gene_0136,154.65218730144355,0.1543816437865474,0.7691068010468601,0.20072848605214874,0.8409108843780941,0.9571062630295936,Lung,Treatment vs Control,Lung | Treatment vs Control,0.9571062630295936,0.019039841862227076,FALSE,NS
Gene_0137,213.22638602789772,-1.2528110188288222,0.5941101639115274,-2.108718374014194,0.03496889788708271,0.28212071247781617,Lung,Treatment vs Control,Lung | Treatment vs Control,0.28212071247781617,0.5495650280431124,FALSE,NS
Gene_0138,128.74624096258674,0.7283290506805018,0.5790622542715447,1.2577733141952647,0.20847374927201784,0.6177743697669102,Lung,Treatment vs Control,Lung | Treatment vs Control,0.6177743697669102,0.20917011367733374,FALSE,NS
Gene_0139,136.06850514116363,0.7714393090641923,0.6284659986300472,1.2274956970556936,0.21963633810239844,0.6180055374836917,Lung,Treatment vs Control,Lung | Treatment vs Control,0.6180055374836917,0.20900763350691773,FALSE,NS
Gene_0140,211.72766966569998,-0.6168407392565686,0.5260997779270388,-1.1724786155338656,0.24100495274881734,0.6396042828817421,Lung,Treatment vs Control,Lung | Treatment vs Control,0.6396042828817421,0.19408863681811106,FALSE,NS
Gene_0141,152.61699901274585,-0.4149541737373252,0.58836363549595,-0.7052682196912924,0.48064333396886727,0.8529063083173036,Lung,Treatment vs Control,Lung | Treatment vs Control,0.8529063083173036,0.06909867342286131,FALSE,NS
Gene_0142,172.0982188846623,-0.18398320064069204,0.6525356058892289,-0.28195120539050567,0.7779809253639924,0.9430604969475158,Lung,Treatment vs Control,Lung | Treatment vs Control,0.9430604969475158,0.025460446554566408,FALSE,NS
Gene_0143,225.81889778824237,-1.0184972156990153,0.5144804620498782,-1.979661601999326,0.04774156594966951,0.30056429345704977,Lung,Treatment vs Control,Lung | Treatment vs Control,0.30056429345704977,0.5220626141537908,FALSE,NS
Gene_0144,157.76442626620647,-0.2582878947938572,0.6793730039475392,-0.3801856907664263,0.7038075803188677,0.9189468878944494,Lung,Treatment vs Control,Lung | Treatment vs Control,0.9189468878944494,0.03670958868018685,FALSE,NS
Gene_0145,118.54486972638783,-0.5991676322574272,0.555755100866743,-1.078114499215534,0.2809826618360434,0.6938780897490282,Lung,Treatment vs Control,Lung | Treatment vs Control,0.6938780897490282,0.1587168257988459,FALSE,NS
Gene_0146,131.89976366690797,-0.883988947874849,0.6081055672780242,-1.4536767881138173,0.14603593651908764,0.5252361894021138,Lung,Treatment vs Control,Lung | Treatment vs Control,0.5252361894021138,0.2796453581420141,FALSE,NS
Gene_0147,219.41090111085563,-0.1664781417138226,0.6222431302269744,-0.26754516623284647,0.789049443499835,0.9430604969475158,Lung,Treatment vs Control,Lung | Treatment vs Control,0.9430604969475158,0.025460446554566408,FALSE,NS
Gene_0148,156.14368890627222,0.48252083818479835,0.6016674201063402,0.801972688000152,0.42256875720047876,0.8084495076441023,Lung,Treatment vs Control,Lung | Treatment vs Control,0.8084495076441023,0.09234709911727451,FALSE,NS
Gene_0149,174.76686251596584,-1.0323886410594931,0.6324887692363363,-1.6322639883487478,0.10262388602309037,0.4732464552911938,Lung,Treatment vs Control,Lung | Treatment vs Control,0.4732464552911938,0.3249126303028658,FALSE,NS
Gene_0150,202.9831612647829,0.7138775035692467,0.5719452517697308,1.2481570593694846,0.2119735458325187,0.6177743697669102,Lung,Treatment vs Control,Lung | Treatment vs Control,0.6177743697669102,0.20917011367733374,FALSE,NS
Gene_0151,154.79159114307015,0.7304633760950281,0.4896647452839576,1.491762237592643,0.13576148674838998,0.514614222020075,Lung,Treatment vs Control,Lung | Treatment vs Control,0.514614222020075,0.2885182156781577,FALSE,NS
Gene_0152,134.23684304420786,0.4049650096964193,0.6082232279866774,0.665816415852651,0.5055284508691966,0.8611825845395256,Lung,Treatment vs Control,Lung | Treatment vs Control,0.8611825845395256,0.0649047613785783,FALSE,NS
Gene_0153,146.93432269609428,-0.4931543766206131,0.6273816169483726,-0.7860516841716689,0.431837208516146,0.8102034380032402,Lung,Treatment vs Control,Lung | Treatment vs Control,0.8102034380032402,0.0914059182708358,FALSE,NS
Gene_0154,168.5861884097229,0.24027711083343828,0.5108541483635816,0.4703438576413985,0.6381093681050118,0.9187844694408034,Lung,Treatment vs Control,Lung | Treatment vs Control,0.9187844694408034,0.0367863544578179,FALSE,NS
Gene_0155,171.3390988218485,0.5170262184663055,0.6930044637918349,0.7460647737207219,0.45562828750187073,0.8330173741195819,Lung,Treatment vs Control,Lung | Treatment vs Control,0.8330173741195819,0.07934594048327931,FALSE,NS
Gene_0156,108.52068102739968,-1.7127349086252182,0.6326198591795219,-2.7073682303406574,0.0067818987541548165,0.11455915541060196,Lung,Treatment vs Control,Lung | Treatment vs Control,0.11455915541060196,0.9409701968681606,FALSE,NS
Gene_0157,168.98089943249894,1.3253369632401406,0.5261544094325662,2.518912584367499,0.011771787799491212,0.1578291549413266,Lung,Treatment vs Control,Lung | Treatment vs Control,0.1578291549413266,0.8018127688034677,FALSE,NS
Gene_0158,200.00437704188656,-0.7943011702650049,0.6841090947219517,-1.1610738351429746,0.24561187415335256,0.64662907958919,Lung,Treatment vs Control,Lung | Treatment vs Control,0.64662907958919,0.1893447686060821,FALSE,NS
Gene_0159,116.07218024937477,-0.967274753194802,0.5228075713230999,-1.8501544473559612,0.06429129231262903,0.3694198066217732,Lung,Treatment vs Control,Lung | Treatment vs Control,0.3694198066217732,0.4324798233626441,FALSE,NS
Gene_0160,170.01572521825935,-0.0016251280866163467,0.47045434542511777,-0.003454380010344741,0.9972438090040866,0.9986231227094864,Lung,Treatment vs Control,Lung | Treatment vs Control,0.9986231227094864,5.983822535950885e-4,FALSE,NS
Gene_0161,233.05851067024733,-0.9535537948746586,0.6829321615905212,-1.396264297545851,0.16263492080812325,0.5476636403027034,Lung,Treatment vs Control,Lung | Treatment vs Control,0.5476636403027034,0.26148609116920374,FALSE,NS
Gene_0162,193.40949546233023,0.18612790969676724,0.6547086971222552,0.2842911824982388,0.7761872428471084,0.9430604969475158,Lung,Treatment vs Control,Lung | Treatment vs Control,0.9430604969475158,0.025460446554566408,FALSE,NS
Gene_0163,93.04572791093118,-0.28007998452903493,0.658037791771605,-0.4256290262220174,0.6703781861711167,0.9187844694408034,Lung,Treatment vs Control,Lung | Treatment vs Control,0.9187844694408034,0.0367863544578179,FALSE,NS
Gene_0164,161.04035188917288,-1.2257120676378763,0.4679152289383948,-2.6195173651833676,0.008805428944894545,0.127502611122073,Lung,Treatment vs Control,Lung | Treatment vs Control,0.127502611122073,0.8944809212355455,FALSE,NS
Gene_0165,137.34147081364677,0.6454660823491785,0.49595884083936254,1.3014509051936434,0.1931041588684637,0.6070726102037837,Lung,Treatment vs Control,Lung | Treatment vs Control,0.6070726102037837,0.21675936110777383,FALSE,NS
Gene_0166,167.28020182656823,-0.057149145340142225,0.5720326238527335,-0.09990539517699772,0.9204194330520953,0.9785568044309744,Lung,Treatment vs Control,Lung | Treatment vs Control,0.9785568044309744,0.009413958830841018,FALSE,NS
Gene_0167,168.94765480551195,0.8597183399764678,0.5110739543038821,1.6821799129784716,0.09253395799497548,0.4466305705890817,Lung,Treatment vs Control,Lung | Treatment vs Control,0.4466305705890817,0.35005155402821203,FALSE,NS
Gene_0168,110.61169702521644,0.5050788304410055,0.5054220722780184,0.9993208807928277,0.31763927339369347,0.7323911908822741,Lung,Treatment vs Control,Lung | Treatment vs Control,0.7323911908822741,0.13525688798343036,FALSE,NS
Gene_0169,133.49594039902786,0.19891761287142137,0.5074385849458367,0.3920033256687675,0.6950557565425162,0.9187844694408034,Lung,Treatment vs Control,Lung | Treatment vs Control,0.9187844694408034,0.0367863544578179,FALSE,NS
Gene_0170,162.18375122904732,0.09557306742574398,0.5048855151904855,0.18929651287319213,0.8498604282419138,0.9584095795126877,Lung,Treatment vs Control,Lung | Treatment vs Control,0.9584095795126877,0.018448854065043666,FALSE,NS
Gene_0171,168.67614888197753,0.055074914358906955,0.6338990891096183,0.08688277882882872,0.930764688254728,0.9823230820647568,Lung,Treatment vs Control,Lung | Treatment vs Control,0.9823230820647568,0.007745651030516591,FALSE,NS
Gene_0172,130.92138284724732,-0.10314318498447031,0.5873530224878091,-0.17560680040019905,0.8606028594347744,0.9600561945004263,Lung,Treatment vs Control,Lung | Treatment vs Control,0.9600561945004263,0.01770334586960587,FALSE,NS
Gene_0173,211.0914129230357,-0.04840984836513054,0.501773138114821,-0.0964775606502333,0.923141294787784,0.9785568044309744,Lung,Treatment vs Control,Lung | Treatment vs Control,0.9785568044309744,0.009413958830841018,FALSE,NS
Gene_0174,199.5317523334762,0.3219399550091161,0.5373286069181651,0.5991491070158999,0.5490734571663303,0.870335908901008,Lung,Treatment vs Control,Lung | Treatment vs Control,0.870335908901008,0.060313097695828904,FALSE,NS
Gene_0175,158.9895146923397,-0.17566618425891692,0.54297370770102,-0.3235261335262383,0.746296819099969,0.9315843052213407,Lung,Treatment vs Control,Lung | Treatment vs Control,0.9315843052213407,0.030777836811018745,FALSE,NS
Gene_0176,130.67248954299666,-0.8096441940982081,0.5262761665744451,-1.5384397879315304,0.12394112013350708,0.49970460200248146,Lung,Treatment vs Control,Lung | Treatment vs Control,0.49970460200248146,0.3012866509274747,FALSE,NS
Gene_0177,173.67380844483975,0.5768522299538575,0.5575731933245308,1.0345766921009518,0.30086664367504795,0.7105590029122416,Lung,Treatment vs Control,Lung | Treatment vs Control,0.7105590029122416,0.14839985359115934,FALSE,NS
Gene_0178,159.94367355822575,0.7431261525407079,0.5483980345782374,1.3550853680798332,0.17539035992303428,0.5736199604211462,Lung,Treatment vs Control,Lung | Treatment vs Control,0.5736199604211462,0.2413757448055024,FALSE,NS
Gene_0179,236.4894693792004,-0.7710568121234125,0.5270458811608957,-1.462978536944539,0.14347325199206976,0.5252361894021138,Lung,Treatment vs Control,Lung | Treatment vs Control,0.5252361894021138,0.2796453581420141,FALSE,NS
Gene_0180,148.29960929399107,-1.5102143175897003,0.49672724245515326,-3.040329155544653,0.002363197227310533,0.05706804119156601,Lung,Treatment vs Control,Lung | Treatment vs Control,0.05706804119156601,1.2436070339569743,FALSE,NS
Gene_0181,191.4950800008855,-0.8112797386095839,0.6004015068857426,-1.3512286849805855,0.17662218849157468,0.5736199604211462,Lung,Treatment vs Control,Lung | Treatment vs Control,0.5736199604211462,0.2413757448055024,FALSE,NS
Gene_0182,140.3492239038524,-0.058727798474033255,0.6309375616810567,-0.09308020641148729,0.9258398421547536,0.979982522982517,Lung,Treatment vs Control,Lung | Treatment vs Control,0.979982522982517,0.008781669450295146,FALSE,NS
Gene_0183,233.46977375333833,0.4580948724150139,0.6301697473954617,0.7269388514893868,0.4672634156774467,0.8423710771453438,Lung,Treatment vs Control,Lung | Treatment vs Control,0.8423710771453438,0.07449655309015957,FALSE,NS
Gene_0184,144.74914901149006,-0.2446712060713913,0.5447481360015121,-0.449145559023468,0.653326656980142,0.9187844694408034,Lung,Treatment vs Control,Lung | Treatment vs Control,0.9187844694408034,0.0367863544578179,FALSE,NS
Gene_0185,189.47085115700378,-0.5677139755592782,0.6127863608473001,-0.9264468203474694,0.35421382174470534,0.7608359068730252,Lung,Treatment vs Control,Lung | Treatment vs Control,0.7608359068730252,0.11870899950277143,FALSE,NS
Gene_0186,147.6567807989253,2.131835519207988,0.5735532041097668,3.7168923544187824,2.0168832446722972e-4,0.011232488224174948,Lung,Treatment vs Control,Lung | Treatment vs Control,0.011232488224174948,1.9495240280368307,TRUE,Up
Gene_0187,166.6624518973937,0.9160657133281401,0.4585409605938008,1.9977838231547613,0.04574010189068809,0.2955807898096868,Lung,Treatment vs Control,Lung | Treatment vs Control,0.2955807898096868,0.5293237947384802,FALSE,NS
Gene_0188,79.83208762527413,0.5757745504029097,0.6618548285295618,0.8699408474243573,0.38433273126291806,0.7885909957466122,Lung,Treatment vs Control,Lung | Treatment vs Control,0.7885909957466122,0.10314818607573657,FALSE,NS
Gene_0189,125.52465722617106,0.6787388096496255,0.6746847962942798,1.006008751609066,0.31441136022601723,0.7276346819775826,Lung,Treatment vs Control,Lung | Treatment vs Control,0.7276346819775826,0.13808660890415905,FALSE,NS
Gene_0190,191.3570214654515,-0.33461457960487684,0.5493694742218994,-0.6090884100883269,0.5424658393308464,0.8684844306749727,Lung,Treatment vs Control,Lung | Treatment vs Control,0.8684844306749727,0.061237962746593794,FALSE,NS
Gene_0191,172.17607872085287,-0.35572412065941683,0.5426394689652635,-0.6555441338200708,0.5121174809687068,0.8682013795959451,Lung,Treatment vs Control,Lung | Treatment vs Control,0.8682013795959451,0.06137952839085704,FALSE,NS
Gene_0192,149.8681746665065,0.48243623252479717,0.5782573884139554,0.8342932441348021,0.4041157579121953,0.8084495076441023,Lung,Treatment vs Control,Lung | Treatment vs Control,0.8084495076441023,0.09234709911727451,FALSE,NS
Gene_0193,118.6332734890642,0.18935937855148643,0.5698661733079942,0.33228745172271146,0.7396722141940903,0.9315843052213407,Lung,Treatment vs Control,Lung | Treatment vs Control,0.9315843052213407,0.030777836811018745,FALSE,NS
Gene_0194,228.7700196204606,-0.7480345422225977,0.48764262054277435,-1.5339810564343046,0.12503431322022737,0.49970460200248146,Lung,Treatment vs Control,Lung | Treatment vs Control,0.49970460200248146,0.3012866509274747,FALSE,NS
Gene_0195,199.8086269051845,0.9497025503173427,0.5319466958267398,1.7853340527688324,0.07420714852139708,0.4032220975582688,Lung,Treatment vs Control,Lung | Treatment vs Control,0.4032220975582688,0.3944556755093329,FALSE,NS
Gene_0196,202.21330910629257,-0.4343009016956629,0.5574314922957004,-0.7791108103832775,0.43591444259955153,0.8134073619641117,Lung,Treatment vs Control,Lung | Treatment vs Control,0.8134073619641117,0.08969190121355468,FALSE,NS
Gene_0197,143.17577388225428,-0.561007744222612,0.5207486570816002,-1.0773100162497458,0.28134178901655715,0.6938780897490282,Lung,Treatment vs Control,Lung | Treatment vs Control,0.6938780897490282,0.1587168257988459,FALSE,NS
Gene_0198,188.9834623539747,-0.38751031109745354,0.4782126943251698,-0.8103304569199884,0.4177502750819563,0.8084495076441023,Lung,Treatment vs Control,Lung | Treatment vs Control,0.8084495076441023,0.09234709911727451,FALSE,NS
Gene_0199,145.23915114457753,0.24701495348305683,0.5847273038129011,0.42244470520243704,0.6727004529179265,0.9187844694408034,Lung,Treatment vs Control,Lung | Treatment vs Control,0.9187844694408034,0.0367863544578179,FALSE,NS
Gene_0200,194.94760929432178,-0.2277476447620691,0.6454475433619012,-0.3528522915678237,0.7241991789163376,0.9248517144927557,Lung,Treatment vs Control,Lung | Treatment vs Control,0.9248517144927557,0.03392789400691228,FALSE,NS
Gene_0201,217.7857625857369,-0.23714850515292857,0.5971118779901188,-0.39715924920330087,0.6912500305582855,0.9187844694408034,Lung,Treatment vs Control,Lung | Treatment vs Control,0.9187844694408034,0.0367863544578179,FALSE,NS
Gene_0202,144.34287725855364,0.27034613621171405,0.6916059259393513,0.39089621137141817,0.6958739545092871,0.9187844694408034,Lung,Treatment vs Control,Lung | Treatment vs Control,0.9187844694408034,0.0367863544578179,FALSE,NS
Gene_0203,178.97535315731756,-0.03492023046381561,0.5302313819196907,-0.06585847547798417,0.9474905005404676,0.9881693531686803,Lung,Treatment vs Control,Lung | Treatment vs Control,0.9881693531686803,0.005168619335612781,FALSE,NS
Gene_0204,179.95811394813188,0.050775182285286685,0.766982945444212,0.0662011881579444,0.947217650838453,0.9881693531686803,Lung,Treatment vs Control,Lung | Treatment vs Control,0.9881693531686803,0.005168619335612781,FALSE,NS
Gene_0205,167.3191109551774,0.6420707958606322,0.6012808904092041,1.0678383532589375,0.285593434228365,0.6961940955600547,Lung,Treatment vs Control,Lung | Treatment vs Control,0.6961940955600547,0.15726966429872946,FALSE,NS
Gene_0206,179.4423943035048,-0.3489328707604905,0.7747215698864238,-0.45039777427604727,0.6524236495487625,0.9187844694408034,Lung,Treatment vs Control,Lung | Treatment vs Control,0.9187844694408034,0.0367863544578179,FALSE,NS
Gene_0207,208.50340372175182,0.2523076483543047,0.49736974331301326,0.5072838702926851,0.6119556543740574,0.9069706532164497,Lung,Treatment vs Control,Lung | Treatment vs Control,0.9069706532164497,0.042406765147569775,FALSE,NS
Gene_0208,134.47814386836257,-0.36677779267105226,0.5448575130032921,-0.6731627699310739,0.5008437437673026,0.8610754435588248,Lung,Treatment vs Control,Lung | Treatment vs Control,0.8610754435588248,0.06495879594947873,FALSE,NS
Gene_0209,101.77909879674311,0.7401116869314633,0.557626264153307,1.327253995209928,0.18442467643025653,0.5934376254911365,Lung,Treatment vs Control,Lung | Treatment vs Control,0.5934376254911365,0.22662492174490656,FALSE,NS
Gene_0210,134.4361605816341,-0.012698115141535885,0.4755161978820083,-0.02670385403924078,0.9786959391510353,0.9965905203169474,Lung,Treatment vs Control,Lung | Treatment vs Control,0.9965905203169474,0.0014832482041154532,FALSE,NS
Gene_0211,107.26457722171757,-0.2126262962023225,0.5169896702596192,-0.4112776491173353,0.6808689567013235,0.9187844694408034,Lung,Treatment vs Control,Lung | Treatment vs Control,0.9187844694408034,0.0367863544578179,FALSE,NS
Gene_0212,147.81991202549,-1.0962538448082753,0.6465304934489923,-1.6955949578807665,0.08996261331679171,0.4371337720896456,Lung,Treatment vs Control,Lung | Treatment vs Control,0.4371337720896456,0.3593856394824639,FALSE,NS
Gene_0213,197.20589770974377,-0.4006710855473472,0.49260322179521365,-0.8133748782380381,0.4160031581209436,0.8084495076441023,Lung,Treatment vs Control,Lung | Treatment vs Control,0.8084495076441023,0.09234709911727451,FALSE,NS
Gene_0214,216.13279720137297,-0.05337556941803318,0.5295682935630833,-0.10079071966130648,0.9197165939618738,0.9785568044309744,Lung,Treatment vs Control,Lung | Treatment vs Control,0.9785568044309744,0.009413958830841018,FALSE,NS
Gene_0215,106.70585102941492,-0.5172387729287878,0.48323186071499247,-1.0703739032510782,0.28445104109502056,0.6957518707864693,Lung,Treatment vs Control,Lung | Treatment vs Control,0.6957518707864693,0.15754561723086072,FALSE,NS
Gene_0216,114.2599128653339,0.13314884534274196,0.6140243445690091,0.21684619921088097,0.8283282066921118,0.9525196285890993,Lung,Treatment vs Control,Lung | Treatment vs Control,0.9525196285890993,0.021126066045939293,FALSE,NS
Gene_0217,190.04218318551295,-0.05845541988246841,0.7331116405965274,-0.07973604106859315,0.9364471940713848,0.9868817591087082,Lung,Treatment vs Control,Lung | Treatment vs Control,0.9868817591087082,0.005734878174103316,FALSE,NS
Gene_0218,199.52647408109374,0.30107209173753036,0.586324543415489,0.5134905149692509,0.6076082439745796,0.9069706532164497,Lung,Treatment vs Control,Lung | Treatment vs Control,0.9069706532164497,0.042406765147569775,FALSE,NS
Gene_0219,198.07304756131776,0.23381948807224606,0.5488055163732967,0.42605163595550016,0.6700702206646327,0.9187844694408034,Lung,Treatment vs Control,Lung | Treatment vs Control,0.9187844694408034,0.0367863544578179,FALSE,NS
Gene_0220,224.9697801085364,-0.17703021609185007,0.6455558933828173,-0.27422910689294944,0.7839085611151618,0.9430604969475158,Lung,Treatment vs Control,Lung | Treatment vs Control,0.9430604969475158,0.025460446554566408,FALSE,NS
Gene_0221,129.1529150841156,-0.4156379823996283,0.64590754059047,-0.6434945503495192,0.5199032497700189,0.8682013795959451,Lung,Treatment vs Control,Lung | Treatment vs Control,0.8682013795959451,0.06137952839085704,FALSE,NS
Gene_0222,120.5687156789475,0.16007957848639112,0.5741293551996781,0.27882144857532426,0.7803818533700929,0.9430604969475158,Lung,Treatment vs Control,Lung | Treatment vs Control,0.9430604969475158,0.025460446554566408,FALSE,NS
Gene_0223,166.46660873528756,0.7295792452186997,0.5211776941056169,1.3998665972662485,0.16155327030455344,0.5465634004696107,Lung,Treatment vs Control,Lung | Treatment vs Control,0.5465634004696107,0.262359453335389,FALSE,NS
Gene_0224,127.1820320792736,0.4879966559094764,0.6126988147012226,0.7964707033870203,0.42575849716668013,0.8084495076441023,Lung,Treatment vs Control,Lung | Treatment vs Control,0.8084495076441023,0.09234709911727451,FALSE,NS
Gene_0225,159.70291661892765,-0.03066789851336322,0.5548341838565208,-0.05527398888835206,0.9559201843378812,0.9881693531686803,Lung,Treatment vs Control,Lung | Treatment vs Control,0.9881693531686803,0.005168619335612781,FALSE,NS
Gene_0226,220.1452869122638,0.6673233805828745,0.5922900351513498,1.1266834506380834,0.2598763419519454,0.6672002538057038,Lung,Treatment vs Control,Lung | Treatment vs Control,0.6672002538057038,0.17574379716289013,FALSE,NS
Gene_0227,173.40469717786465,0.3458913212335892,0.5639142597008755,0.6133757309436808,0.539627929306872,0.8682013795959451,Lung,Treatment vs Control,Lung | Treatment vs Control,0.8682013795959451,0.06137952839085704,FALSE,NS
Gene_0228,153.90640489161572,1.3261431430890416,0.572418332339663,2.316737721639096,0.020518023401663487,0.2110240319012534,Lung,Treatment vs Control,Lung | Treatment vs Control,0.2110240319012534,0.6756680834331551,FALSE,NS
Gene_0229,155.92186391311975,0.9325465039199723,0.46246855185032365,2.016453876028716,0.043752536668655195,0.2955807898096868,Lung,Treatment vs Control,Lung | Treatment vs Control,0.2955807898096868,0.5293237947384802,FALSE,NS
Gene_0230,165.91722637637702,0.13592706657375395,0.6073907432742296,0.22378850530552868,0.8229218745881334,0.9525196285890993,Lung,Treatment vs Control,Lung | Treatment vs Control,0.9525196285890993,0.021126066045939293,FALSE,NS
Gene_0231,248.4501829118045,0.28812028581814514,0.6496183025860666,0.44352242643282463,0.6573879016066462,0.9187844694408034,Lung,Treatment vs Control,Lung | Treatment vs Control,0.9187844694408034,0.0367863544578179,FALSE,NS
Gene_0232,157.38249072971107,-0.06367148831009181,0.5120791835613469,-0.12433914588614399,0.901046753839142,0.9785568044309744,Lung,Treatment vs Control,Lung | Treatment vs Control,0.9785568044309744,0.009413958830841018,FALSE,NS
Gene_0233,156.32412852058778,1.2162419482259146,0.5600976673918281,2.171481902235931,0.029894763730210657,0.2576643921508633,Lung,Treatment vs Control,Lung | Treatment vs Control,0.2576643921508633,0.5889455944909454,FALSE,NS
Gene_0234,215.01823994440448,0.16217583209094613,0.6395958856587277,0.25355984259329506,0.7998356238289979,0.9431286508993396,Lung,Treatment vs Control,Lung | Treatment vs Control,0.9431286508993396,0.025429061700885484,FALSE,NS
Gene_0235,235.85234219521615,-0.7688576912376609,0.562108629458095,-1.3678097985773388,0.1713716198001245,0.569142443739863,Lung,Treatment vs Control,Lung | Treatment vs Control,0.569142443739863,0.24477902571714655,FALSE,NS
Gene_0236,133.13608197207853,-0.21886927568909356,0.49794222644711705,-0.43954752994289015,0.6602648503154323,0.9187844694408034,Lung,Treatment vs Control,Lung | Treatment vs Control,0.9187844694408034,0.0367863544578179,FALSE,NS
Gene_0237,145.56234263438418,-1.0462807657571938,0.44802091744621464,-2.3353390991678435,0.0195257131562802,0.2110240319012534,Lung,Treatment vs Control,Lung | Treatment vs Control,0.2110240319012534,0.6756680834331551,FALSE,NS
Gene_0238,184.39361134893701,0.16783267488747503,0.5497452508799627,0.305291723064146,0.7601439792686042,0.9393403868897144,Lung,Treatment vs Control,Lung | Treatment vs Control,0.9393403868897144,0.02717700479396914,FALSE,NS
Gene_0239,196.18753810074776,0.0024458176992839943,0.6381211512837658,0.0038328422343680705,0.9969418418449433,0.9986231227094864,Lung,Treatment vs Control,Lung | Treatment vs Control,0.9986231227094864,5.983822535950885e-4,FALSE,NS
Gene_0240,198.6242847068354,-0.6653254606018305,0.5664816739547325,-1.1744871744165137,0.24019994618722168,0.6396042828817421,Lung,Treatment vs Control,Lung | Treatment vs Control,0.6396042828817421,0.19408863681811106,FALSE,NS
Gene_0241,132.28230297757545,-0.5195169286008644,0.6962652639522998,-0.7461479920050353,0.4555780210262114,0.8330173741195819,Lung,Treatment vs Control,Lung | Treatment vs Control,0.8330173741195819,0.07934594048327931,FALSE,NS
Gene_0242,165.48927173428615,-0.14872817135001354,0.5819080070299155,-0.25558708516338996,0.7982696917994242,0.9431286508993396,Lung,Treatment vs Control,Lung | Treatment vs Control,0.9431286508993396,0.025429061700885484,FALSE,NS
Gene_0243,181.610140147204,-0.6753967931575702,0.46828785541810036,-1.442268436695966,0.14922666073763755,0.5252361894021138,Lung,Treatment vs Control,Lung | Treatment vs Control,0.5252361894021138,0.2796453581420141,FALSE,NS
Gene_0244,157.7473851646963,-0.14062994270572482,0.784838038091213,-0.17918339310840203,0.8577937030743252,0.9598804343521044,Lung,Treatment vs Control,Lung | Treatment vs Control,0.9598804343521044,0.017782860642771677,FALSE,NS
Gene_0245,121.78668318899095,0.2836799750549765,0.5679884818971516,0.49944670375612266,0.6174647241729223,0.9104775158883824,Lung,Treatment vs Control,Lung | Treatment vs Control,0.9104775158883824,0.040730774576556245,FALSE,NS
Gene_0246,192.79190889358892,-0.4882369788405771,0.515762417064805,-0.9466315549301272,0.34382655877664187,0.7497904474526769,Lung,Treatment vs Control,Lung | Treatment vs Control,0.7497904474526769,0.12506009691662567,FALSE,NS
Gene_0247,230.76074098035826,-0.10940762554920667,0.5578374144174484,-0.19612815978552003,0.8445098559462,0.9571062630295936,Lung,Treatment vs Control,Lung | Treatment vs Control,0.9571062630295936,0.019039841862227076,FALSE,NS
Gene_0248,196.49532530232884,0.35925787718855773,0.623394472121191,0.5762930106937428,0.564417146282142,0.8787914277597222,Lung,Treatment vs Control,Lung | Treatment vs Control,0.8787914277597222,0.05611418809063482,FALSE,NS
Gene_0249,160.4293177626542,-0.5691384037576531,0.5303693431175078,-1.0730982307768036,0.2832270447319285,0.6951063741895466,Lung,Treatment vs Control,Lung | Treatment vs Control,0.6951063741895466,0.15794872895165682,FALSE,NS
Gene_0250,248.26087790742008,0.4133050298581579,0.5707169331881868,0.7241856791410037,0.46895174930856526,0.8424840359786632,Lung,Treatment vs Control,Lung | Treatment vs Control,0.8424840359786632,0.07443831971723128,FALSE,NS
Gene_0251,99.66225610037242,-0.9570445715516166,0.5905957530489395,-1.6204731690177112,0.1051306734044163,0.47408854716968385,Lung,Treatment vs Control,Lung | Treatment vs Control,0.47408854716968385,0.3241405360564635,FALSE,NS
Gene_0252,172.9681081844118,1.8603411570986808,0.5961248824820982,3.120723881467148,0.0018040710531617063,0.04664812294603841,Lung,Treatment vs Control,Lung | Treatment vs Control,0.04664812294603841,1.3311658269566808,TRUE,Up
Gene_0253,102.04385916428538,-0.2041384674777631,0.5455205025153509,-0.37420860725948363,0.7082491207805287,0.9189468878944494,Lung,Treatment vs Control,Lung | Treatment vs Control,0.9189468878944494,0.03670958868018685,FALSE,NS
Gene_0254,239.02117230889442,0.7664309484809041,0.5273125034223881,1.453466290874156,0.14609433244227632,0.5252361894021138,Lung,Treatment vs Control,Lung | Treatment vs Control,0.5252361894021138,0.2796453581420141,FALSE,NS
Gene_0255,137.80515979403793,-0.12258386166835569,0.4525037753044125,-0.27090130151044584,0.7864669439848704,0.9430604969475158,Lung,Treatment vs Control,Lung | Treatment vs Control,0.9430604969475158,0.025460446554566408,FALSE,NS
Gene_0256,253.0324034343307,-0.47109780263533824,0.7777099430229968,-0.6057500059780101,0.5446807724060617,0.8686098661277284,Lung,Treatment vs Control,Lung | Treatment vs Control,0.8686098661277284,0.061175242000619585,FALSE,NS
Gene_0257,97.76089181905456,0.27821094148912373,0.6804350538402542,0.40887214719310944,0.6826334901454452,0.9187844694408034,Lung,Treatment vs Control,Lung | Treatment vs Control,0.9187844694408034,0.0367863544578179,FALSE,NS
Gene_0258,198.36462796370742,-0.04208223232602472,0.6417701036698679,-0.065572129467209,0.947718478806711,0.9881693531686803,Lung,Treatment vs Control,Lung | Treatment vs Control,0.9881693531686803,0.005168619335612781,FALSE,NS
Gene_0259,150.01848888912852,-0.9060233805984012,0.44486358914018376,-2.0366319085577005,0.041686942703039624,0.2955807898096868,Lung,Treatment vs Control,Lung | Treatment vs Control,0.2955807898096868,0.5293237947384802,FALSE,NS
Gene_0260,142.5056937249071,-0.5556269401154675,0.6899911524079717,-0.8052667605612158,0.4206657586695165,0.8084495076441023,Lung,Treatment vs Control,Lung | Treatment vs Control,0.8084495076441023,0.09234709911727451,FALSE,NS
Gene_0261,146.04005106313548,-0.5567468399632589,0.46931466979812325,-1.1862975436134242,0.235504816363473,0.6385973297646235,Lung,Treatment vs Control,Lung | Treatment vs Control,0.6385973297646235,0.19477290175478554,FALSE,NS
Gene_0262,165.85555581419987,0.4669581223594488,0.6430291643693182,0.7261849823210436,0.4677253770889892,0.8423710771453438,Lung,Treatment vs Control,Lung | Treatment vs Control,0.8423710771453438,0.07449655309015957,FALSE,NS
Gene_0263,146.89974810419432,-0.003971838320894818,0.6139090560399307,-0.006469750334871223,0.9948379221076739,0.9986231227094864,Lung,Treatment vs Control,Lung | Treatment vs Control,0.9986231227094864,5.983822535950885e-4,FALSE,NS
Gene_0264,156.02703603839225,-0.4224375477946295,0.6134864538144451,-0.6885849641309273,0.4910844857594288,0.8566916317419905,Lung,Treatment vs Control,Lung | Treatment vs Control,0.8566916317419905,0.06717547531466252,FALSE,NS
Gene_0265,145.60069310358912,-0.03617533360908162,0.6040987677632964,-0.0598831441802513,0.9522487047958013,0.9881693531686803,Lung,Treatment vs Control,Lung | Treatment vs Control,0.9881693531686803,0.005168619335612781,FALSE,NS
Gene_0266,113.61504251779161,0.5223789382110783,0.641841748644566,0.8138749766811401,0.41571657722724265,0.8084495076441023,Lung,Treatment vs Control,Lung | Treatment vs Control,0.8084495076441023,0.09234709911727451,FALSE,NS
Gene_0267,156.6669308315622,0.5978662101397639,0.5161161767699478,1.1583946348696896,0.24670302760266885,0.6471485216823633,Lung,Treatment vs Control,Lung | Treatment vs Control,0.6471485216823633,0.18899603657264272,FALSE,NS
Gene_0268,118.3802846670635,0.303406774806716,0.5375139248778543,0.5644630971665762,0.5724390079204855,0.88600369934603,Lung,Treatment vs Control,Lung | Treatment vs Control,0.88600369934603,0.05256446479216661,FALSE,NS
Gene_0269,201.64615257742776,0.8637196303487753,0.6031167837696575,1.4320935075795325,0.15211706228170532,0.5288987132742073,Lung,Treatment vs Control,Lung | Treatment vs Control,0.5288987132742073,0.27662748954859206,FALSE,NS
Gene_0270,147.64355320885494,1.1080543861334735,0.46186254476954286,2.39909990251832,0.016435429940153883,0.1919234076882486,Lung,Treatment vs Control,Lung | Treatment vs Control,0.1919234076882486,0.7168720538737824,FALSE,NS
Gene_0271,148.2425832458419,0.5576974155627306,0.4512202853490163,1.2359759382966455,0.21646750779253418,0.6177743697669102,Lung,Treatment vs Control,Lung | Treatment vs Control,0.6177743697669102,0.20917011367733374,FALSE,NS
Gene_0272,121.74389465053268,-1.0685489973032247,0.6563622140555134,-1.6279867646568236,0.10352769221426113,0.47408854716968385,Lung,Treatment vs Control,Lung | Treatment vs Control,0.47408854716968385,0.3241405360564635,FALSE,NS
Gene_0273,122.8821220410564,-0.29870849408079,0.5124460629869291,-0.5829071889823634,0.5599557808518216,0.8768520604217194,Lung,Treatment vs Control,Lung | Treatment vs Control,0.8768520604217194,0.05707367318146897,FALSE,NS
Gene_0274,261.0339927392321,-0.29262254352161954,0.5648849435057859,-0.5180214960334172,0.6044432714409911,0.9069706532164497,Lung,Treatment vs Control,Lung | Treatment vs Control,0.9069706532164497,0.042406765147569775,FALSE,NS
Gene_0275,115.49046841005122,-0.2620852070746757,0.67174471847803,-0.39015596232521393,0.6964212232572171,0.9187844694408034,Lung,Treatment vs Control,Lung | Treatment vs Control,0.9187844694408034,0.0367863544578179,FALSE,NS
Gene_0276,210.9047746066074,0.6502771733589265,0.5503279489789793,1.181617569242817,0.23735747906020746,0.6396042828817421,Lung,Treatment vs Control,Lung | Treatment vs Control,0.6396042828817421,0.19408863681811106,FALSE,NS
Gene_0277,153.87694625389562,-0.5981298985563113,0.5388676788118484,-1.1099754579364092,0.26700960220535763,0.6830917031684768,Lung,Treatment vs Control,Lung | Treatment vs Control,0.6830917031684768,0.1655209895737446,FALSE,NS
Gene_0278,208.19658577878315,0.5456351218234816,0.5321144711129285,1.0254092896257347,0.3051701067410056,0.7139359433607466,Lung,Treatment vs Control,Lung | Treatment vs Control,0.7139359433607466,0.14634075277977088,FALSE,NS
Gene_0279,314.9095092147108,1.2843196967697728,1.5372614433871001,0.8354595129505022,0.4034590336540378,0.8084495076441023,Lung,Treatment vs Control,Lung | Treatment vs Control,0.8084495076441023,0.09234709911727451,FALSE,NS
Gene_0280,221.7686297456921,0.36174361570826785,0.538967289744433,0.6711791653994422,0.5021063996080637,0.8610754435588248,Lung,Treatment vs Control,Lung | Treatment vs Control,0.8610754435588248,0.06495879594947873,FALSE,NS
Gene_0281,101.26691539018658,0.2196784711597752,0.5218388608133303,0.42096993469859184,0.6737770362317536,0.9187844694408034,Lung,Treatment vs Control,Lung | Treatment vs Control,0.9187844694408034,0.0367863544578179,FALSE,NS
Gene_0282,215.57156212577743,0.8459051553071203,0.6210567648566078,1.3620416090346048,0.173184754119551,0.5725377259477394,Lung,Treatment vs Control,Lung | Treatment vs Control,0.5725377259477394,0.2421958912917969,FALSE,NS
Gene_0283,221.8873553557872,-0.2790056383708056,0.6267214221368761,-0.4451828651707883,0.656187608496203,0.9187844694408034,Lung,Treatment vs Control,Lung | Treatment vs Control,0.9187844694408034,0.0367863544578179,FALSE,NS
Gene_0284,203.75049575225327,0.15042327459895619,0.49190250668776425,0.3057989592527886,0.7597577209324292,0.9393403868897144,Lung,Treatment vs Control,Lung | Treatment vs Control,0.9393403868897144,0.02717700479396914,FALSE,NS
Gene_0285,135.6742734636374,-0.3491112215557185,0.4881852444100255,-0.7151203883223085,0.4745346566926595,0.8504036916967462,Lung,Treatment vs Control,Lung | Treatment vs Control,0.8504036916967462,0.07037486316015273,FALSE,NS
Gene_0286,236.98877959810886,-0.6605069590665367,0.8411366341586691,-0.7852552513387985,0.4323039267628551,0.8102034380032402,Lung,Treatment vs Control,Lung | Treatment vs Control,0.8102034380032402,0.0914059182708358,FALSE,NS
Gene_0287,139.5083221745054,-0.3262061294936071,0.56794418761967,-0.5743630036267835,0.5657221828349004,0.8789331767649525,Lung,Treatment vs Control,Lung | Treatment vs Control,0.8789331767649525,0.056044142065493234,FALSE,NS
Gene_0288,190.8947616965962,0.30755327979444574,0.6648290958794366,0.4626050239086091,0.6436475069111084,0.9187844694408034,Lung,Treatment vs Control,Lung | Treatment vs Control,0.9187844694408034,0.0367863544578179,FALSE,NS
Gene_0289,145.60194373051812,1.0076357526007655,0.5460797827550248,1.845217099078722,0.06500596411600411,0.37058518125973994,Lung,Treatment vs Control,Lung | Treatment vs Control,0.37058518125973994,0.4311119509798719,FALSE,NS
Gene_0290,216.74252861740973,-0.2690437623468913,0.6552159763401901,-0.41061844042582224,0.6813523398695008,0.9187844694408034,Lung,Treatment vs Control,Lung | Treatment vs Control,0.9187844694408034,0.0367863544578179,FALSE,NS
Gene_0291,209.16045351407115,-1.0264232226322134,0.6032928629862615,-1.7013680844018002,0.08887389046045104,0.4347614641443686,Lung,Treatment vs Control,Lung | Treatment vs Control,0.4347614641443686,0.36174895734366114,FALSE,NS
Gene_0292,179.1649330185763,0.7226360994985572,0.5614409907318864,1.2871096186912525,0.19805608332607455,0.6073391209610347,Lung,Treatment vs Control,Lung | Treatment vs Control,0.6073391209610347,0.21656874346117208,FALSE,NS
Gene_0293,197.11201224944926,0.16240371523453218,0.6936007529967765,0.23414581736373483,0.8148717772682151,0.9517814168546913,Lung,Treatment vs Control,Lung | Treatment vs Control,0.9517814168546913,0.021462778877722168,FALSE,NS
Gene_0294,123.26628908246272,-0.0705227845157558,0.5353717760858088,-0.13172675076627965,0.8952004258366542,0.9785568044309744,Lung,Treatment vs Control,Lung | Treatment vs Control,0.9785568044309744,0.009413958830841018,FALSE,NS
Gene_0295,135.33323634110744,0.7382285521553782,0.6152028602189422,1.1999758126817759,0.23014873425955484,0.6331572051927942,Lung,Treatment vs Control,Lung | Treatment vs Control,0.6331572051927942,0.19848844658400866,FALSE,NS
Gene_0296,247.9516512965791,1.2405842470639419,0.7431766743751892,1.6692992256611634,0.09505809361880005,0.45277670907902134,Lung,Treatment vs Control,Lung | Treatment vs Control,0.45277670907902134,0.34411592143687164,FALSE,NS
Gene_0297,257.028171446246,0.7104567668096105,0.5953936700684856,1.1932554921651914,0.2327693277090804,0.6335526062457677,Lung,Treatment vs Control,Lung | Treatment vs Control,0.6335526062457677,0.19821731818589924,FALSE,NS
Gene_0298,138.42567922528937,-0.16796064115121173,0.4678640013371401,-0.35899458105600274,0.71959914313637,0.9248517144927557,Lung,Treatment vs Control,Lung | Treatment vs Control,0.9248517144927557,0.03392789400691228,FALSE,NS
Gene_0299,130.7687788991574,-0.9451025670150416,0.548441355293933,-1.7232518260927296,0.08484299528796917,0.42664792601406826,Lung,Treatment vs Control,Lung | Treatment vs Control,0.42664792601406826,0.3699303611829537,FALSE,NS
Gene_0300,116.51799999766561,0.9942617904898471,0.5150708504026031,1.9303398546290984,0.05356474192557821,0.3258896903707447,Lung,Treatment vs Control,Lung | Treatment vs Control,0.3258896903707447,0.48692937836860095,FALSE,NS
Gene_0301,153.84569826293222,-0.5246269620317686,0.510143653627161,-1.0283906470297732,0.3037661063324608,0.7139359433607466,Lung,Treatment vs Control,Lung | Treatment vs Control,0.7139359433607466,0.14634075277977088,FALSE,NS
Gene_0302,259.6276734598637,-0.6085447934710442,0.6941830065758162,-0.8766345296650259,0.38068517785691575,0.7874744821954486,Lung,Treatment vs Control,Lung | Treatment vs Control,0.7874744821954486,0.10376351045425128,FALSE,NS
Gene_0303,192.25792898542508,0.40457088010513864,0.5843596360426909,0.6923320078109952,0.4887288537564741,0.8546852418349934,Lung,Treatment vs Control,Lung | Treatment vs Control,0.8546852418349934,0.06819379509896496,FALSE,NS
Gene_0304,196.18260128834984,0.055625469008952655,0.5682596982673386,0.09788740813145537,0.9220216988203344,0.9785568044309744,Lung,Treatment vs Control,Lung | Treatment vs Control,0.9785568044309744,0.009413958830841018,FALSE,NS
Gene_0305,136.60239883593997,-0.6121953760504433,0.49530845875623947,-1.235988130684698,0.21646297565051595,0.6177743697669102,Lung,Treatment vs Control,Lung | Treatment vs Control,0.6177743697669102,0.20917011367733374,FALSE,NS
Gene_0306,138.85157044567526,-0.6091868193444159,0.6329016342652163,-0.9625300147181122,0.33578343360329027,0.7434471129320556,Lung,Treatment vs Control,Lung | Treatment vs Control,0.7434471129320556,0.12874992072470015,FALSE,NS
Gene_0307,141.83699399907343,0.4090636790498122,0.5956548506275902,0.6867461561318893,0.49224270553130944,0.8566916317419905,Lung,Treatment vs Control,Lung | Treatment vs Control,0.8566916317419905,0.06717547531466252,FALSE,NS
Gene_0308,119.7205306611015,-0.9650023294952975,0.5878245403565052,-1.6416502939976623,0.10066249828311681,0.4724262398456547,Lung,Treatment vs Control,Lung | Treatment vs Control,0.4724262398456547,0.3256659884850883,FALSE,NS
Gene_0309,139.66522726209905,0.13093059389506415,0.5210675503921228,0.25127374329208174,0.8016024738784325,0.9436751074601385,Lung,Treatment vs Control,Lung | Treatment vs Control,0.9436751074601385,0.02517750074809549,FALSE,NS
Gene_0310,122.83328353524455,0.5776293447745605,0.5875416428279103,0.9831291991395866,0.32554385505631195,0.7381639743678056,Lung,Treatment vs Control,Lung | Treatment vs Control,0.7381639743678056,0.1318471540943755,FALSE,NS
Gene_0311,168.28769146592884,0.05910293198718593,0.5557936326400016,0.10633970689165496,0.9153128286330005,0.9785568044309744,Lung,Treatment vs Control,Lung | Treatment vs Control,0.9785568044309744,0.009413958830841018,FALSE,NS
Gene_0312,142.59173490835028,-0.1449544400187475,0.5709099997579172,-0.25390068501202023,0.7995722855665586,0.9431286508993396,Lung,Treatment vs Control,Lung | Treatment vs Control,0.9431286508993396,0.025429061700885484,FALSE,NS
Gene_0313,151.05333087931592,-1.0034373507896346,0.5624326212503193,-1.7841023313315947,0.0744070385354136,0.4032220975582688,Lung,Treatment vs Control,Lung | Treatment vs Control,0.4032220975582688,0.3944556755093329,FALSE,NS
Gene_0314,178.73223047734595,-0.9423052519011578,0.6449159222296079,-1.4611288377613834,0.14398008755541383,0.5252361894021138,Lung,Treatment vs Control,Lung | Treatment vs Control,0.5252361894021138,0.2796453581420141,FALSE,NS
Gene_0315,118.57116642694946,-1.679444503517202,0.5781684659477182,-2.9047666941923267,0.003675269433122277,0.08063318392668267,Lung,Treatment vs Control,Lung | Treatment vs Control,0.08063318392668267,1.0934861910689533,FALSE,NS
Gene_0316,143.17823024675616,-0.31814128461884283,0.4560023153967952,-0.697674713212824,0.4853806455092847,0.8546852418349934,Lung,Treatment vs Control,Lung | Treatment vs Control,0.8546852418349934,0.06819379509896496,FALSE,NS
Gene_0317,206.4292584414627,0.3059744691505753,0.4776904871629954,0.640528705036096,0.5218289334362161,0.8682013795959451,Lung,Treatment vs Control,Lung | Treatment vs Control,0.8682013795959451,0.06137952839085704,FALSE,NS
Gene_0318,83.26783270586657,0.46974074633697716,0.7442273071630319,0.6311791327942698,0.5279234044398446,0.8682013795959451,Lung,Treatment vs Control,Lung | Treatment vs Control,0.8682013795959451,0.06137952839085704,FALSE,NS
Gene_0319,99.26614439318885,-0.6053472093036588,0.5624043881785205,-1.076355771803664,0.2817681745665943,0.6938780897490282,Lung,Treatment vs Control,Lung | Treatment vs Control,0.6938780897490282,0.1587168257988459,FALSE,NS
Gene_0320,180.5433583423649,-0.8029030737554221,0.505231585761301,-1.589178302353324,0.11202014362671717,0.48411793032209877,Lung,Treatment vs Control,Lung | Treatment vs Control,0.48411793032209877,0.3150488320549587,FALSE,NS
Gene_0321,156.23937114725467,0.011247664542324187,0.5522796206732052,0.020365887353608603,0.9837514961515471,0.997211785464037,Lung,Treatment vs Control,Lung | Treatment vs Control,0.997211785464037,0.001212597464942531,FALSE,NS
Gene_0322,162.67335466107943,-0.588675491652802,0.6017948125501823,-0.9781996776579287,0.32797557586634557,0.7381639743678056,Lung,Treatment vs Control,Lung | Treatment vs Control,0.7381639743678056,0.1318471540943755,FALSE,NS
Gene_0323,204.603802907314,0.41069572360052686,0.6758468233765842,0.6076757475142941,0.5434025512372412,0.8684844306749727,Lung,Treatment vs Control,Lung | Treatment vs Control,0.8684844306749727,0.061237962746593794,FALSE,NS
Gene_0324,131.68971369759961,-0.034246141051388915,0.5545156236333427,-0.06175865853336745,0.950755026319202,0.9881693531686803,Lung,Treatment vs Control,Lung | Treatment vs Control,0.9881693531686803,0.005168619335612781,FALSE,NS
Gene_0325,111.00812751127782,0.8140646463018135,0.6757726535359176,1.2046427774818882,0.22834123519805694,0.6309887568068443,Lung,Treatment vs Control,Lung | Treatment vs Control,0.6309887568068443,0.19997837910808203,FALSE,NS
Gene_0326,163.9112311863163,-0.45830955752920366,0.4725246236226431,-0.969916771776974,0.33208797935093926,0.7381639743678056,Lung,Treatment vs Control,Lung | Treatment vs Control,0.7381639743678056,0.1318471540943755,FALSE,NS
Gene_0327,146.13943790245747,-1.9784527410968555,0.4782807316101734,-4.13659303070024,3.525004801561113e-5,0.003645862109043208,Lung,Treatment vs Control,Lung | Treatment vs Control,0.003645862109043208,2.4381997609180397,TRUE,Down
Gene_0328,166.9202846800363,0.32140822358233095,0.5219737631611494,0.6157555154416877,0.5380558911218645,0.8682013795959451,Lung,Treatment vs Control,Lung | Treatment vs Control,0.8682013795959451,0.06137952839085704,FALSE,NS
Gene_0329,185.25689435887293,0.29375967197636227,0.5647046863677855,0.5202005208524869,0.6029238223495763,0.9069706532164497,Lung,Treatment vs Control,Lung | Treatment vs Control,0.9069706532164497,0.042406765147569775,FALSE,NS
Gene_0330,144.15708746586088,0.8214730021499513,0.46079375375011516,1.78273467351606,0.07462950424420997,0.4032220975582688,Lung,Treatment vs Control,Lung | Treatment vs Control,0.4032220975582688,0.3944556755093329,FALSE,NS
Gene_0331,135.23140109841182,-0.13882586300738653,0.524108282692625,-0.26488011655561655,0.7911018160905074,0.9430604969475158,Lung,Treatment vs Control,Lung | Treatment vs Control,0.9430604969475158,0.025460446554566408,FALSE,NS
Gene_0332,167.1590440966272,0.09345784166156974,0.5696385523322478,0.16406516251213885,0.8696798464329969,0.9653092618047804,Lung,Treatment vs Control,Lung | Treatment vs Control,0.9653092618047804,0.015333526886230301,FALSE,NS
Gene_0333,143.52395563369555,1.7483501247792539,0.5363873213598335,3.2594918916929054,0.0011161197082911888,0.038479555657277176,Lung,Treatment vs Control,Lung | Treatment vs Control,0.038479555657277176,1.4147699516214072,TRUE,Up
Gene_0334,171.93108839841014,-0.8199698327488129,0.6596625021245168,-1.2430141627089737,0.21386261456077704,0.6177743697669102,Lung,Treatment vs Control,Lung | Treatment vs Control,0.6177743697669102,0.20917011367733374,FALSE,NS
Gene_0335,286.4055144393842,0.8354705982268088,0.6062327163809385,1.3781351214668265,0.16816157368910292,0.5610552043820761,Lung,Treatment vs Control,Lung | Treatment vs Control,0.5610552043820761,0.25099440473496226,FALSE,NS
Gene_0336,245.83803783099538,0.09651102379894322,0.7386562518581844,0.13065756034171155,0.8960462063946357,0.9785568044309744,Lung,Treatment vs Control,Lung | Treatment vs Control,0.9785568044309744,0.009413958830841018,FALSE,NS
Gene_0337,155.11122382455977,-1.2333923446605652,0.5970723762036938,-2.0657333914905287,0.038853660527357385,0.2879391790243586,Lung,Treatment vs Control,Lung | Treatment vs Control,0.2879391790243586,0.5406992379478064,FALSE,NS
Gene_0338,208.33653026876016,0.9464691290655443,0.671746470130012,1.408967774527139,0.1588446972128265,0.5406227820511307,Lung,Treatment vs Control,Lung | Treatment vs Control,0.5406227820511307,0.2671056569158384,FALSE,NS
Gene_0339,118.62475366836037,-1.1700127980608952,0.5878141191134146,-1.990446911730525,0.046541726572243494,0.2955807898096868,Lung,Treatment vs Control,Lung | Treatment vs Control,0.2955807898096868,0.5293237947384802,FALSE,NS
Gene_0340,102.43654321693481,-0.5453383865472011,0.5119004347051105,-1.0653212022790197,0.2867306013298063,0.6966206555797979,Lung,Treatment vs Control,Lung | Treatment vs Control,0.6966206555797979,0.1570036523708471,FALSE,NS
Gene_0341,135.6725876764338,-0.11934415154844431,0.5810951435617118,-0.20537798821884334,0.8372768165737023,0.9571062630295936,Lung,Treatment vs Control,Lung | Treatment vs Control,0.9571062630295936,0.019039841862227076,FALSE,NS
Gene_0342,178.37379894343272,0.21859011663673655,0.5724556903208385,0.3818463513118815,0.7025753357154334,0.9189468878944494,Lung,Treatment vs Control,Lung | Treatment vs Control,0.9189468878944494,0.03670958868018685,FALSE,NS
Gene_0343,145.71454187764525,0.8091464359036996,0.5282946710988792,1.5316195301017042,0.12561635022714313,0.49970460200248146,Lung,Treatment vs Control,Lung | Treatment vs Control,0.49970460200248146,0.3012866509274747,FALSE,NS
Gene_0344,257.19087715891726,0.4798781500492429,0.5020079383507436,0.9559174534685564,0.3391139403733387,0.7439954328190824,Lung,Treatment vs Control,Lung | Treatment vs Control,0.7439954328190824,0.12842973045890413,FALSE,NS
Gene_0345,125.23661030334118,-0.9878168150393524,0.6158063097602134,-1.6041031073942629,0.10869132706966962,0.48277620121742826,Lung,Treatment vs Control,Lung | Treatment vs Control,0.48277620121742826,0.31625414689012943,FALSE,NS
Gene_0346,125.84101928018606,0.21420931614187208,0.5664415295463507,0.378166686177525,0.7053067716095284,0.9189468878944494,Lung,Treatment vs Control,Lung | Treatment vs Control,0.9189468878944494,0.03670958868018685,FALSE,NS
Gene_0347,169.71635747379545,0.5835844327777353,0.5387195789627495,1.0832805332625346,0.27868392318822754,0.6938780897490282,Lung,Treatment vs Control,Lung | Treatment vs Control,0.6938780897490282,0.1587168257988459,FALSE,NS
Gene_0348,266.6802990385735,-1.4743353232102931,0.6312624104182996,-2.3355347932618704,0.019515500492627222,0.2110240319012534,Lung,Treatment vs Control,Lung | Treatment vs Control,0.2110240319012534,0.6756680834331551,FALSE,NS
Gene_0349,83.94201224142155,-0.9681732539808918,0.6401132072842964,-1.5125031681324028,0.13040590728904,0.5144424165972129,Lung,Treatment vs Control,Lung | Treatment vs Control,0.5144424165972129,0.2886632303352782,FALSE,NS
Gene_0350,141.0228851802245,1.4742889067374718,0.5744934525267734,2.5662414432282232,0.010280723926285908,0.14594596318884306,Lung,Treatment vs Control,Lung | Treatment vs Control,0.14594596318884306,0.8358079129339707,FALSE,NS
Gene_0351,208.73976509450952,-0.5703746306031744,0.8057770904415097,-0.7078565987656076,0.4790343142420125,0.852139664646725,Lung,Treatment vs Control,Lung | Treatment vs Control,0.852139664646725,0.06948921906612855,FALSE,NS
Gene_0352,133.19016324200555,0.38137249182974464,0.5237352216651476,0.7281780488568645,0.46650460134001376,0.8423710771453438,Lung,Treatment vs Control,Lung | Treatment vs Control,0.8423710771453438,0.07449655309015957,FALSE,NS
Gene_0353,184.05502904664036,-1.6108245076941328,0.6025125753414596,-2.673511846256879,0.0075061625059814376,0.11714221710516462,Lung,Treatment vs Control,Lung | Treatment vs Control,0.11714221710516462,0.9312865605075914,FALSE,NS
Gene_0354,107.84692178166615,0.8146001109941496,0.5417501772159843,1.503645305997539,0.13267271897937621,0.514614222020075,Lung,Treatment vs Control,Lung | Treatment vs Control,0.514614222020075,0.2885182156781577,FALSE,NS
Gene_0355,197.08869859445562,1.1954886452173386,0.6627954559040196,1.8037067613669022,0.0712772890372863,0.3969596712538099,Lung,Treatment vs Control,Lung | Treatment vs Control,0.3969596712538099,0.4012536127371106,FALSE,NS
Gene_0356,133.16648119785705,0.1141267054947428,0.5209305901062931,0.21908236464181507,0.8265858880613791,0.9525196285890993,Lung,Treatment vs Control,Lung | Treatment vs Control,0.9525196285890993,0.021126066045939293,FALSE,NS
Gene_0357,137.02592718929668,-0.06971503667910475,0.5801162430578879,-0.12017425389026405,0.9043451123672069,0.9785568044309744,Lung,Treatment vs Control,Lung | Treatment vs Control,0.9785568044309744,0.009413958830841018,FALSE,NS
Gene_0358,158.74147519333428,-0.1443477795939607,0.520296903503838,-0.2774334781196635,0.7814472782913384,0.9430604969475158,Lung,Treatment vs Control,Lung | Treatment vs Control,0.9430604969475158,0.025460446554566408,FALSE,NS
Gene_0359,138.6599825042028,-0.025788500923098215,0.4703519921922584,-0.05482808907197539,0.9562754222110972,0.9881693531686803,Lung,Treatment vs Control,Lung | Treatment vs Control,0.9881693531686803,0.005168619335612781,FALSE,NS
Gene_0360,135.8013809443706,-0.9229630536453959,0.6793413624149963,-1.358614541538214,0.17426876481056072,0.5735026623765725,Lung,Treatment vs Control,Lung | Treatment vs Control,0.5735026623765725,0.24146456162885066,FALSE,NS
Gene_0361,158.03390279963043,0.35690109845672974,0.5991581415465459,0.5956709484669561,0.5513950695882057,0.870335908901008,Lung,Treatment vs Control,Lung | Treatment vs Control,0.870335908901008,0.060313097695828904,FALSE,NS
Gene_0362,159.4955546619265,0.4634965359522409,0.6292348229114034,0.7366034413157414,0.4613635416058811,0.8385610758638669,Lung,Treatment vs Control,Lung | Treatment vs Control,0.8385610758638669,0.07646530044647978,FALSE,NS
Gene_0363,184.91832923971864,-0.7598310212647437,0.699491022739222,-1.0862627204123776,0.27736277533320913,0.6938780897490282,Lung,Treatment vs Control,Lung | Treatment vs Control,0.6938780897490282,0.1587168257988459,FALSE,NS
Gene_0364,120.49073589593722,-0.21528150449770664,0.5917316590007399,-0.3638161001242583,0.7159953392131633,0.9248517144927557,Lung,Treatment vs Control,Lung | Treatment vs Control,0.9248517144927557,0.03392789400691228,FALSE,NS
Gene_0365,182.41897683710002,0.3916205100435873,0.6264285672798022,0.6251638742213763,0.5318635093592075,0.8682013795959451,Lung,Treatment vs Control,Lung | Treatment vs Control,0.8682013795959451,0.06137952839085704,FALSE,NS
Gene_0366,211.8385545613515,-0.10578521203491899,0.5350912658393973,-0.19769564331978734,0.8432831985703139,0.9571062630295936,Lung,Treatment vs Control,Lung | Treatment vs Control,0.9571062630295936,0.019039841862227076,FALSE,NS
Gene_0367,123.1896557120449,0.9554176405442226,0.5502032639256424,1.7364812300956163,0.08247878038370635,0.42664792601406826,Lung,Treatment vs Control,Lung | Treatment vs Control,0.42664792601406826,0.3699303611829537,FALSE,NS
Gene_0368,115.87229659939186,1.1191113907126256,0.5884321867828362,1.9018527807447065,0.05719040379957813,0.3421971268668972,Lung,Treatment vs Control,Lung | Treatment vs Control,0.3421971268668972,0.4657236411744936,FALSE,NS
Gene_0369,107.51948696107135,-0.750479719219821,0.4978996880411322,-1.5072910010697231,0.13173608321038932,0.514614222020075,Lung,Treatment vs Control,Lung | Treatment vs Control,0.514614222020075,0.2885182156781577,FALSE,NS
Gene_0370,205.31069340570838,0.6008631959957076,0.6141557380980981,0.9783563984217513,0.32789808497992395,0.7381639743678056,Lung,Treatment vs Control,Lung | Treatment vs Control,0.7381639743678056,0.1318471540943755,FALSE,NS
Gene_0371,176.92675260366687,0.07340317159589345,0.536498846613039,0.1368188805237768,0.8911739594873732,0.9785568044309744,Lung,Treatment vs Control,Lung | Treatment vs Control,0.9785568044309744,0.009413958830841018,FALSE,NS
Gene_0372,175.12432246893457,-0.5063529711277753,0.5452338289498846,-0.9286895717806185,0.3530499866484485,0.7607386617067758,Lung,Treatment vs Control,Lung | Treatment vs Control,0.7607386617067758,0.11876451178593317,FALSE,NS
Gene_0373,162.38221015740075,0.18559641685203615,0.5695857393233302,0.32584456393259653,0.7445419600033031,0.9315843052213407,Lung,Treatment vs Control,Lung | Treatment vs Control,0.9315843052213407,0.030777836811018745,FALSE,NS
Gene_0374,138.78374002256623,-0.024259053083777606,0.5308138287763884,-0.04570162224239455,0.9635480707997155,0.9881693531686803,Lung,Treatment vs Control,Lung | Treatment vs Control,0.9881693531686803,0.005168619335612781,FALSE,NS
Gene_0375,272.86156087181644,0.5187982070633391,0.6591411894104876,0.7870820628389704,0.43123382889121264,0.8102034380032402,Lung,Treatment vs Control,Lung | Treatment vs Control,0.8102034380032402,0.0914059182708358,FALSE,NS
Gene_0376,213.02766501478158,-0.6847782570456039,0.5968794788399939,-1.147263863680549,0.25127258412400477,0.6543933485819404,Lung,Treatment vs Control,Lung | Treatment vs Control,0.6543933485819404,0.18416112359229678,FALSE,NS
Gene_0377,300.32681252657954,0.8876031721826023,0.5188079458789754,1.7108511525952177,0.08710859388976397,0.43196316422047343,Lung,Treatment vs Control,Lung | Treatment vs Control,0.43196316422047343,0.36455328618940386,FALSE,NS
Gene_0378,123.19265070946689,0.39036726123694426,0.6349777922322264,0.614773092874054,0.5387045812028166,0.8682013795959451,Lung,Treatment vs Control,Lung | Treatment vs Control,0.8682013795959451,0.06137952839085704,FALSE,NS
Gene_0379,129.1935958837721,0.5607593287922106,0.5853877163257023,0.9579280759629251,0.33809902785783674,0.7439954328190824,Lung,Treatment vs Control,Lung | Treatment vs Control,0.7439954328190824,0.12842973045890413,FALSE,NS
Gene_0380,245.7270056073728,0.41736904434449607,0.6712476361758216,0.6217810266301981,0.5340858639161461,0.8682013795959451,Lung,Treatment vs Control,Lung | Treatment vs Control,0.8682013795959451,0.06137952839085704,FALSE,NS
Gene_0381,120.9137055676861,0.5011964922850781,0.5226927564865509,0.9588739963684079,0.3376222261017554,0.7439954328190824,Lung,Treatment vs Control,Lung | Treatment vs Control,0.7439954328190824,0.12842973045890413,FALSE,NS
Gene_0382,210.15418430631345,0.20613028931116506,0.6090379677947922,0.3384522808282752,0.735022381754554,0.929105186966409,Lung,Treatment vs Control,Lung | Treatment vs Control,0.929105186966409,0.031935115357194996,FALSE,NS
Gene_0383,217.52141152044874,0.1414225985593123,0.5501433694999163,0.2570649877828507,0.7971286051866866,0.9431286508993396,Lung,Treatment vs Control,Lung | Treatment vs Control,0.9431286508993396,0.025429061700885484,FALSE,NS
Gene_0384,137.46273621717285,-0.3511463815847135,0.6423031293744187,-0.5466988490725837,0.5845856450485853,0.8944780867359686,Lung,Treatment vs Control,Lung | Treatment vs Control,0.8944780867359686,0.04843029447751549,FALSE,NS
Gene_0385,180.91898053484908,-0.8165258372283903,0.7713940573398197,-1.0585067767364054,0.289824462876899,0.6999102013338437,Lung,Treatment vs Control,Lung | Treatment vs Control,0.6999102013338437,0.1549576765098606,FALSE,NS
Gene_0386,147.3624057578494,1.4599223748481185,0.6367206199191651,2.2928774868850064,0.021855059290496144,0.21976476286554456,Lung,Treatment vs Control,Lung | Treatment vs Control,0.21976476286554456,0.6580419412112241,FALSE,NS
Gene_0387,198.88215187201126,0.78633649653628,0.6721670040647019,1.1698528665959158,0.24206018440552118,0.6396042828817421,Lung,Treatment vs Control,Lung | Treatment vs Control,0.6396042828817421,0.19408863681811106,FALSE,NS
Gene_0388,154.67753080811616,1.0573602938885325,0.4947886230880274,2.1369939496373958,0.03259848373096447,0.2712793358760721,Lung,Treatment vs Control,Lung | Treatment vs Control,0.2712793358760721,0.5665832864329715,FALSE,NS
Gene_0389,176.01185289991764,-0.020170704176052684,0.542231698508399,-0.03719941905192812,0.9703260018225909,0.9920077407815264,Lung,Treatment vs Control,Lung | Treatment vs Control,0.9920077407815264,0.0034849389692222657,FALSE,NS
Gene_0390,143.0452286715132,-0.1160776752423975,0.4573887971072307,-0.2537833807398307,0.7996629134503705,0.9431286508993396,Lung,Treatment vs Control,Lung | Treatment vs Control,0.9431286508993396,0.025429061700885484,FALSE,NS
Gene_0391,101.08891400113835,0.8821131089486042,0.6932963100481482,1.2723464645114626,0.20325004639215122,0.6131376399496562,Lung,Treatment vs Control,Lung | Treatment vs Control,0.6131376399496562,0.21244202211992538,FALSE,NS
Gene_0392,176.64923721571117,0.09636310557434327,0.6529996538076994,0.1475699183183963,0.88268219683375,0.9726969718533257,Lung,Treatment vs Control,Lung | Treatment vs Control,0.9726969718533257,0.012022436144090369,FALSE,NS
Gene_0393,140.6458578258392,0.4257782882248907,0.6595781075643612,0.6455312620929334,0.5185829659613586,0.8682013795959451,Lung,Treatment vs Control,Lung | Treatment vs Control,0.8682013795959451,0.06137952839085704,FALSE,NS
Gene_0394,132.59629332325963,0.3383215480686133,0.5056967758038006,0.6690205756816507,0.5034823528009938,0.8610754435588248,Lung,Treatment vs Control,Lung | Treatment vs Control,0.8610754435588248,0.06495879594947873,FALSE,NS
Gene_0395,146.03322334833993,-0.45266384790734954,0.6769887412277319,-0.6686430960231851,0.5037231746186289,0.8610754435588248,Lung,Treatment vs Control,Lung | Treatment vs Control,0.8610754435588248,0.06495879594947873,FALSE,NS
Gene_0396,138.1347456816748,0.03568741007883444,0.6320965069929212,0.05645879969913218,0.9549763162211674,0.9881693531686803,Lung,Treatment vs Control,Lung | Treatment vs Control,0.9881693531686803,0.005168619335612781,FALSE,NS
Gene_0397,135.23539257690197,0.5555363257360619,0.6157525537617691,0.9022070998198337,0.366946864019925,0.779089529473389,Lung,Treatment vs Control,Lung | Treatment vs Control,0.779089529473389,0.1084126322862372,FALSE,NS
Gene_0398,127.20348283214054,0.4369685567212211,0.5484757835701479,0.7966961711178895,0.4256275081983187,0.8084495076441023,Lung,Treatment vs Control,Lung | Treatment vs Control,0.8084495076441023,0.09234709911727451,FALSE,NS
Gene_0399,157.81188466925883,-1.2988356177378833,0.5797236014842454,-2.24043943426233,0.025062408603101296,0.2326305619057095,Lung,Treatment vs Control,Lung | Treatment vs Control,0.2326305619057095,0.6333332302992962,FALSE,NS
Gene_0400,142.12495360065165,0.4936434375455348,1.3184845802669605,0.37440213176067955,0.7081051571766461,0.9189468878944494,Lung,Treatment vs Control,Lung | Treatment vs Control,0.9189468878944494,0.03670958868018685,FALSE,NS
Gene_0401,179.86119685696605,0.015922305980966247,0.4850511291629151,0.03282603631589195,0.9738133154201127,0.9930152681185375,Lung,Treatment vs Control,Lung | Treatment vs Control,0.9930152681185375,0.003044073953105056,FALSE,NS
Gene_0402,101.22675578478434,0.12194498103286339,0.5813103749489165,0.20977602721021363,0.8338424842687041,0.9552246180546548,Lung,Treatment vs Control,Lung | Treatment vs Control,0.9552246180546548,0.01989449343045147,FALSE,NS
Gene_0403,135.44196871221044,-0.829403312192736,0.558484201994129,-1.4850971777379929,0.13751808360627005,0.5185577735986433,Lung,Treatment vs Control,Lung | Treatment vs Control,0.5185577735986433,0.2852028509290733,FALSE,NS
Gene_0404,120.70056224176577,0.8326748915908059,0.6744476063422904,1.2346027827226258,0.21697837285795202,0.6177743697669102,Lung,Treatment vs Control,Lung | Treatment vs Control,0.6177743697669102,0.20917011367733374,FALSE,NS
Gene_0405,138.52008849630258,-0.7624884809045648,0.5403657201466974,-1.4110600515102365,0.15822690793330946,0.5406227820511307,Lung,Treatment vs Control,Lung | Treatment vs Control,0.5406227820511307,0.2671056569158384,FALSE,NS
Gene_0406,103.54657234861716,-1.0363725052837696,0.6707051522756511,-1.5451983658802042,0.12229828951507282,0.49970460200248146,Lung,Treatment vs Control,Lung | Treatment vs Control,0.49970460200248146,0.3012866509274747,FALSE,NS
Gene_0407,98.84591992118938,0.8089134980347835,0.601185103718571,1.3455315060724709,0.17845365393786444,0.5767877029063119,Lung,Treatment vs Control,Lung | Treatment vs Control,0.5767877029063119,0.23898400733311778,FALSE,NS
Gene_0408,156.57386560802453,-0.6513649220036892,0.5207762498579329,-1.2507577336358575,0.21102287969499492,0.6177743697669102,Lung,Treatment vs Control,Lung | Treatment vs Control,0.6177743697669102,0.20917011367733374,FALSE,NS
Gene_0409,125.26125093034489,1.7691772634432672,0.6928658514937236,2.5534196260779254,0.010667089484558844,0.14851870743885776,Lung,Treatment vs Control,Lung | Treatment vs Control,0.14851870743885776,0.8282188391025871,FALSE,NS
Gene_0410,151.4681267658129,0.30995833480093493,0.45785242981175917,0.6769830509109033,0.4984167082180854,0.8610754435588248,Lung,Treatment vs Control,Lung | Treatment vs Control,0.8610754435588248,0.06495879594947873,FALSE,NS
Gene_0411,189.33016688961317,0.696644107382748,0.5591836680454293,1.245823415797886,0.21282923101991258,0.6177743697669102,Lung,Treatment vs Control,Lung | Treatment vs Control,0.6177743697669102,0.20917011367733374,FALSE,NS
Gene_0412,181.22247183198863,-0.07911974680290358,0.5742342895079082,-0.13778304125778607,0.8904118876319803,0.9785568044309744,Lung,Treatment vs Control,Lung | Treatment vs Control,0.9785568044309744,0.009413958830841018,FALSE,NS
Gene_0413,159.68966357651038,-0.003760064366131671,0.53945951219261,-0.006970058514399071,0.9944387429527397,0.9986231227094864,Lung,Treatment vs Control,Lung | Treatment vs Control,0.9986231227094864,5.983822535950885e-4,FALSE,NS
Gene_0414,103.97472521922568,0.4528096362468058,0.758644273578371,0.5968668742611009,0.5505962651247908,0.870335908901008,Lung,Treatment vs Control,Lung | Treatment vs Control,0.870335908901008,0.060313097695828904,FALSE,NS
Gene_0415,201.19482709546304,-0.5833636553078286,0.5414692424194435,-1.0773717315893856,0.2813142278028303,0.6938780897490282,Lung,Treatment vs Control,Lung | Treatment vs Control,0.6938780897490282,0.1587168257988459,FALSE,NS
Gene_0416,112.38317673179715,0.09209757350600792,0.522214339781391,0.17635971762966476,0.86001134926795475,0.9600561945004263,Lung,Treatment vs Control,Lung | Treatment vs Control,0.9600561945004263,0.01770334586960587,FALSE,NS
Gene_0417,171.68205550104312,0.2033172015089924,0.6891673060707407,0.29501864020247437,0.7679796402885699,0.9430604969475158,Lung,Treatment vs Control,Lung | Treatment vs Control,0.9430604969475158,0.025460446554566408,FALSE,NS
Gene_0418,222.28690264785575,-0.5257243143120093,0.7558656805925893,-0.6955261070986156,0.48672565597677436,0.8546852418349934,Lung,Treatment vs Control,Lung | Treatment vs Control,0.8546852418349934,0.06819379509896496,FALSE,NS
Gene_0419,111.66978551185443,-0.1039437959130185,0.5751777543916626,-0.1807159527978525,0.8565905364347618,0.9598804343521044,Lung,Treatment vs Control,Lung | Treatment vs Control,0.9598804343521044,0.017782860642771677,FALSE,NS
Gene_0420,136.20981669040944,1.0240355048444558,0.654185747360715,1.565358935097385,0.11749877143222778,0.49055578742929684,Lung,Treatment vs Control,Lung | Treatment vs Control,0.49055578742929684,0.3093115962452929,FALSE,NS
Gene_0421,135.86544293116143,0.44168182536382034,0.6197308661124619,0.7126994143997805,0.47603177893529824,0.8509802665411258,Lung,Treatment vs Control,Lung | Treatment vs Control,0.8509802665411258,0.07008051069292558,FALSE,NS
Gene_0422,147.32519376353875,-0.13175334258027702,0.5643165843485666,-0.23347416367776944,0.8153932296359191,0.9517814168546913,Lung,Treatment vs Control,Lung | Treatment vs Control,0.9517814168546913,0.021462778877722168,FALSE,NS
Gene_0423,254.24653835032228,-0.24019284787485717,0.5426837910360353,-0.4426018463096273,0.6580537490835427,0.9187844694408034,Lung,Treatment vs Control,Lung | Treatment vs Control,0.9187844694408034,0.0367863544578179,FALSE,NS
Gene_0424,358.04427892663017,0.5668912089697443,0.6900601439350087,0.8215098552672465,0.4113559128092742,0.8084495076441023,Lung,Treatment vs Control,Lung | Treatment vs Control,0.8084495076441023,0.09234709911727451,FALSE,NS
Gene_0425,210.83547670717059,-1.1711408723690266,0.5285018210517672,-2.21596374074615,0.026693985510784737,0.2446385507570652,Lung,Treatment vs Control,Lung | Treatment vs Control,0.2446385507570652,0.6114751046920306,FALSE,NS
Gene_0426,253.83988321794732,1.0251088457098627,0.7133262282475371,1.4370827892145464,0.15069447092800817,0.5270666519414392,Lung,Treatment vs Control,Lung | Treatment vs Control,0.5270666519414392,0.2781344611820809,FALSE,NS
Gene_0427,156.5927261080417,-0.32902591179264784,0.5977859409872311,-0.5504075777514411,0.5820398523448287,0.8944780867359686,Lung,Treatment vs Control,Lung | Treatment vs Control,0.8944780867359686,0.04843029447751549,FALSE,NS
Gene_0428,135.2311165780717,1.0529209113107076,0.5604223524968021,1.8787989212416647,0.06027195441176962,0.35477150401724555,Lung,Treatment vs Control,Lung | Treatment vs Control,0.35477150401724555,0.4500512708726455,FALSE,NS
Gene_0429,260.44694551215457,0.4902946024829814,0.6174145899491649,0.7941091941532351,0.4271318655979723,0.8084495076441023,Lung,Treatment vs Control,Lung | Treatment vs Control,0.8084495076441023,0.09234709911727451,FALSE,NS
Gene_0430,121.52363170460949,0.12442158611035341,0.5079136052305667,0.24496604310072062,0.8064827240859003,0.9478790458412204,Lung,Treatment vs Control,Lung | Treatment vs Control,0.9478790458412204,0.02324707729812346,FALSE,NS
Gene_0431,132.3571965876957,0.21618431561601012,0.5078219649373676,0.42570887149923353,0.6703199968211725,0.9187844694408034,Lung,Treatment vs Control,Lung | Treatment vs Control,0.9187844694408034,0.0367863544578179,FALSE,NS
Gene_0432,186.26664331774572,-1.7179154842752116,0.6059362384254751,-2.8351423389682284,0.004580527228974785,0.09211949204938179,Lung,Treatment vs Control,Lung | Treatment vs Control,0.09211949204938179,1.0356484654186051,FALSE,NS
Gene_0433,95.93734639609866,-0.16465913592605677,0.6214679323300099,-0.2649519425865083,0.7910464833186003,0.9430604969475158,Lung,Treatment vs Control,Lung | Treatment vs Control,0.9430604969475158,0.025460446554566408,FALSE,NS
Gene_0434,138.87562749173946,0.24734782098931124,0.635130642865805,0.38944400458028705,0.6969477252826446,0.9187844694408034,Lung,Treatment vs Control,Lung | Treatment vs Control,0.9187844694408034,0.0367863544578179,FALSE,NS
Gene_0435,195.3395172839414,-0.07412405135057523,0.683610429832461,-0.10843025225455019,0.9136544047694146,0.9785568044309744,Lung,Treatment vs Control,Lung | Treatment vs Control,0.9785568044309744,0.009413958830841018,FALSE,NS
Gene_0436,157.7540597138374,0.970070001127932,0.6795157359038069,1.4275901938277649,0.15340984777290542,0.5288987132742073,Lung,Treatment vs Control,Lung | Treatment vs Control,0.5288987132742073,0.27662748954859206,FALSE,NS
Gene_0437,128.17097216595002,0.5519246403939343,0.48805815229007826,1.1308583573579913,0.25811471288863674,0.6656842032805518,Lung,Treatment vs Control,Lung | Treatment vs Control,0.6656842032805518,0.1767317487558357,FALSE,NS
Gene_0438,153.49069760775865,-0.450412101191709,0.5588129537086082,-0.806015855936252,0.42023370665184195,0.8084495076441023,Lung,Treatment vs Control,Lung | Treatment vs Control,0.8084495076441023,0.09234709911727451,FALSE,NS
Gene_0439,231.54717146794454,-1.2169694911411826,0.603998787359181,-2.014854196085472,0.04391992847832231,0.2955807898096868,Lung,Treatment vs Control,Lung | Treatment vs Control,0.2955807898096868,0.5293237947384802,FALSE,NS
Gene_0440,172.22039961640903,-0.9931372408519833,0.620654178456826,-1.6001459030233016,0.10956621980668085,0.4836947752441277,Lung,Treatment vs Control,Lung | Treatment vs Control,0.4836947752441277,0.31542860373186654,FALSE,NS
Gene_0441,164.28107673733086,-0.6238517534028991,0.48328998279567015,-1.2908435424093136,0.19675793571350292,0.6073391209610347,Lung,Treatment vs Control,Lung | Treatment vs Control,0.6073391209610347,0.21656874346117208,FALSE,NS
Gene_0442,188.22464607861443,0.3133325785453499,0.5779822591736458,0.5421145261332563,0.5877396123988503,0.8944780867359686,Lung,Treatment vs Control,Lung | Treatment vs Control,0.8944780867359686,0.04843029447751549,FALSE,NS
Gene_0443,120.43081937880655,0.0628097848258919,0.600916924515199,0.10452324150557896,0.9167541252410963,0.9785568044309744,Lung,Treatment vs Control,Lung | Treatment vs Control,0.9785568044309744,0.009413958830841018,FALSE,NS
Gene_0444,102.06106255078907,-0.22052825045768068,0.5755204418822507,-0.3831805691148672,0.7015858841709297,0.9189468878944494,Lung,Treatment vs Control,Lung | Treatment vs Control,0.9189468878944494,0.03670958868018685,FALSE,NS
Gene_0445,184.60548883084323,0.2659752182378129,0.5885943294665842,0.4518820602278889,0.6513539489684006,0.9187844694408034,Lung,Treatment vs Control,Lung | Treatment vs Control,0.9187844694408034,0.0367863544578179,FALSE,NS
Gene_0446,98.78359433220608,0.9099905994090762,0.7609480613096645,1.1958642720541206,0.2317495295249868,0.6331572051927942,Lung,Treatment vs Control,Lung | Treatment vs Control,0.6331572051927942,0.19848844658400866,FALSE,NS
Gene_0447,198.39927369192193,0.427719991932917,0.5816664340140959,0.7353355238004876,0.46213517854928576,0.8385610758638669,Lung,Treatment vs Control,Lung | Treatment vs Control,0.8385610758638669,0.07646530044647978,FALSE,NS
Gene_0448,131.31811271540073,-0.03084004589780516,0.5984284246507259,-0.05153506188447687,0.9588991636161524,0.9881693531686803,Lung,Treatment vs Control,Lung | Treatment vs Control,0.9881693531686803,0.005168619335612781,FALSE,NS
Gene_0449,186.89015932366183,0.40444708945368857,0.5976951578624943,0.6766778752233688,0.4986103570826988,0.8610754435588248,Lung,Treatment vs Control,Lung | Treatment vs Control,0.8610754435588248,0.06495879594947873,FALSE,NS
Gene_0450,189.47601680553754,-0.04307957335916939,0.49113841533619407,-0.08771371168284721,0.9301042212833935,0.9823230820647568,Lung,Treatment vs Control,Lung | Treatment vs Control,0.9823230820647568,0.007745651030516591,FALSE,NS
Gene_0451,100.67225551882,-0.5723699839468449,0.648054424085431,-0.8832128331730842,0.37712128914201376,0.7833512328967575,Lung,Treatment vs Control,Lung | Treatment vs Control,0.7833512328967575,0.10604346871242577,FALSE,NS
Gene_0452,267.41655973325237,-1.128419701716875,0.5785548949323586,-1.9504107762303238,0.05112717847089149,0.3158420701199759,Lung,Treatment vs Control,Lung | Treatment vs Control,0.3158420701199759,0.5005300225098996,FALSE,NS
Gene_0453,97.31430444354446,0.3038788075286611,0.565911308027253,0.5369724958986453,0.5912866126797911,0.8974466370454091,Lung,Treatment vs Control,Lung | Treatment vs Control,0.8974466370454091,0.04699136550809792,FALSE,NS
Gene_0454,151.98121635018055,-0.2151716336176395,0.6033471269239967,-0.35662991338772804,0.7213688804643885,0.9248517144927557,Lung,Treatment vs Control,Lung | Treatment vs Control,0.9248517144927557,0.03392789400691228,FALSE,NS
Gene_0455,168.77863642819761,-1.4905298969281702,0.4693763429107767,-3.175553943952185,0.0014955071319105655,0.04504125571458402,Lung,Treatment vs Control,Lung | Treatment vs Control,0.04504125571458402,1.3463895102012784,TRUE,Down
Gene_0456,135.373645747093,-0.29129988535997053,0.48949380652462743,-0.5951043332461748,0.5517737323005009,0.870335908901008,Lung,Treatment vs Control,Lung | Treatment vs Control,0.870335908901008,0.060313097695828904,FALSE,NS
Gene_0457,150.7087126115838,1.3679893532301413,0.5600505442747343,2.4426176658781538,0.014581175498856316,0.18077000327724896,Lung,Treatment vs Control,Lung | Treatment vs Control,0.18077000327724896,0.7428736341039155,FALSE,NS
Gene_0458,90.53792018893569,-0.3337768566139887,0.5546155799594925,-0.6018165891379517,0.5472962313215317,0.870335908901008,Lung,Treatment vs Control,Lung | Treatment vs Control,0.870335908901008,0.060313097695828904,FALSE,NS
Gene_0459,153.7518204903626,-0.3654726340272677,0.4555660896367224,-0.8022384508879995,0.42241503816575693,0.8084495076441023,Lung,Treatment vs Control,Lung | Treatment vs Control,0.8084495076441023,0.09234709911727451,FALSE,NS
Gene_0460,169.9439263276487,0.2592730364429658,0.6216633549348757,0.4170634063996369,0.6766320301546516,0.9187844694408034,Lung,Treatment vs Control,Lung | Treatment vs Control,0.9187844694408034,0.0367863544578179,FALSE,NS
Gene_0461,124.00658866619261,0.2583284919629644,0.6406014410789707,0.4032593050803312,0.6867574757309546,0.9187844694408034,Lung,Treatment vs Control,Lung | Treatment vs Control,0.9187844694408034,0.0367863544578179,FALSE,NS
Gene_0462,124.60415105144375,-1.0053603572278624,0.5000458112085429,-2.0105365042415673,0.0443744366868422,0.2955807898096868,Lung,Treatment vs Control,Lung | Treatment vs Control,0.2955807898096868,0.5293237947384802,FALSE,NS
Gene_0463,173.42256084065056,-0.9881503840013186,0.5693442442779595,-1.7355938765210277,0.08263566946099044,0.42664792601406826,Lung,Treatment vs Control,Lung | Treatment vs Control,0.42664792601406826,0.3699303611829537,FALSE,NS
Gene_0464,185.78581976415822,0.4243566865006381,0.6678039960971978,0.6354509541432479,0.5251343447743866,0.8682013795959451,Lung,Treatment vs Control,Lung | Treatment vs Control,0.8682013795959451,0.06137952839085704,FALSE,NS
Gene_0465,109.14178833290724,1.544560673911498,0.5080561087577485,3.0401379833580076,0.002364697839429531,0.05706804119156601,Lung,Treatment vs Control,Lung | Treatment vs Control,0.05706804119156601,1.2436070339569743,FALSE,NS
Gene_0466,240.1102212225078,-0.3106031783697764,0.5506667814720744,-0.5640492377975914,0.5727206233341741,0.88600369934603,Lung,Treatment vs Control,Lung | Treatment vs Control,0.88600369934603,0.05256446479216661,FALSE,NS
Gene_0467,101.07105897120731,-0.7106207665384688,0.7033844381740515,-1.0102878710015286,0.31235739046367633,0.727159970082642,Lung,Treatment vs Control,Lung | Treatment vs Control,0.727159970082642,0.13837003689654528,FALSE,NS
Gene_0468,142.55934537782764,-0.20127300107829946,0.4560999092871855,-0.4412914736002873,0.6590019980127498,0.9187844694408034,Lung,Treatment vs Control,Lung | Treatment vs Control,0.9187844694408034,0.0367863544578179,FALSE,NS
Gene_0469,151.32589657817624,-0.15684254458381558,0.48470008420047506,-0.32358679046349104,0.7462508900292419,0.9315843052213407,Lung,Treatment vs Control,Lung | Treatment vs Control,0.9315843052213407,0.030777836811018745,FALSE,NS
Gene_0470,212.3343601105424,0.08178649683016359,0.7065941151081034,0.11574749220441907,0.9078526658420969,0.9785568044309744,Lung,Treatment vs Control,Lung | Treatment vs Control,0.9785568044309744,0.009413958830841018,FALSE,NS
Gene_0471,226.26179073407178,-1.3577842462229779,0.5134668150945871,-2.644346638005918,0.008184878779143053,0.12157678957644433,Lung,Treatment vs Control,Lung | Treatment vs Control,0.12157678957644433,0.9151493290190523,FALSE,NS
Gene_0472,146.0170299477189,-1.0729185512978403,0.5054301933625991,-2.122782859804581,0.033772051789458614,0.27785188063145494,Lung,Treatment vs Control,Lung | Treatment vs Control,0.27785188063145494,0.5561866593605193,FALSE,NS
Gene_0473,134.992704528127,-0.28744418666688754,0.592235150770286,-0.4853548228149334,0.6274246730148373,0.9187844694408034,Lung,Treatment vs Control,Lung | Treatment vs Control,0.9187844694408034,0.0367863544578179,FALSE,NS
Gene_0474,122.98593818415351,0.4985262369527474,0.5603822751881099,0.8896181393057113,0.37367096284977797,0.7833512328967575,Lung,Treatment vs Control,Lung | Treatment vs Control,0.7833512328967575,0.10604346871242577,FALSE,NS
Gene_0475,85.91418128270695,-0.0851885995658634,0.5548468739105152,-0.15353533302884298,0.8779761288859096,0.9689858495631076,Lung,Treatment vs Control,Lung | Treatment vs Control,0.9689858495631076,0.01368256505607758,FALSE,NS
Gene_0476,83.9526976988313,-0.3530164179623337,0.6952129669117411,-0.5077816939038048,0.6116064491803618,0.9069706532164497,Lung,Treatment vs Control,Lung | Treatment vs Control,0.9069706532164497,0.042406765147569775,FALSE,NS
Gene_0477,167.033894230241,-1.3183943372814306,0.4640394945235791,-2.8411252767073245,0.004495464888828924,0.09211949204938179,Lung,Treatment vs Control,Lung | Treatment vs Control,0.09211949204938179,1.0356484654186051,FALSE,NS
Gene_0478,85.2378616129765,0.9175488766166312,0.7194204487576041,1.2754000504172254,0.2021676808549874,0.6126430310096502,Lung,Treatment vs Control,Lung | Treatment vs Control,0.6126430310096502,0.21279250234871622,FALSE,NS
Gene_0479,148.77764672354826,-0.22325156710991265,0.5871346202330027,-0.38023914689499305,0.7037679026236601,0.9189468878944494,Lung,Treatment vs Control,Lung | Treatment vs Control,0.9189468878944494,0.03670958868018685,FALSE,NS
Gene_0480,152.09224222857966,-0.12434539434571894,0.6708731120322833,-0.18534860335814932,0.8529556184241196,0.9598804343521044,Lung,Treatment vs Control,Lung | Treatment vs Control,0.9598804343521044,0.017782860642771677,FALSE,NS
Gene_0481,117.36698582033559,-0.41882294674132836,0.6475100751955337,-0.6468207411519474,0.5177479670007765,0.8682013795959451,Lung,Treatment vs Control,Lung | Treatment vs Control,0.8682013795959451,0.06137952839085704,FALSE,NS
Gene_0482,159.2739102180113,-0.3372451327384118,0.500762550858809,-0.6734631656461441,0.5006526748618134,0.8610754435588248,Lung,Treatment vs Control,Lung | Treatment vs Control,0.8610754435588248,0.06495879594947873,FALSE,NS
Gene_0483,177.5880543451568,1.4488247781855044,0.5889871363688285,2.4598580999878386,0.013899195847935277,0.17654417182289722,Lung,Treatment vs Control,Lung | Treatment vs Control,0.17654417182289722,0.7531466150418902,FALSE,NS
Gene_0484,152.3951844867599,-0.8995271997500606,0.5072164149890167,-1.773458376282122,0.07615278322240362,0.4054015812722075,Lung,Treatment vs Control,Lung | Treatment vs Control,0.4054015812722075,0.392114561670502,FALSE,NS
Gene_0485,171.58243945527443,0.2153400607431912,0.48348565375405833,0.44539079716464836,0.6560373616566584,0.9187844694408034,Lung,Treatment vs Control,Lung | Treatment vs Control,0.9187844694408034,0.0367863544578179,FALSE,NS
Gene_0486,115.11726611561899,-0.5499588567429823,0.5273910842546339,-1.042791342444182,0.29704494190638403,0.7102197917866259,Lung,Treatment vs Control,Lung | Treatment vs Control,0.7102197917866259,0.1486072293253748,FALSE,NS
Gene_0487,205.20181921517064,-2.2167358188672552,0.5216331663035105,-4.249606739111091,2.1414614677735972e-5,0.003100836205336169,Lung,Treatment vs Control,Lung | Treatment vs Control,0.003100836205336169,2.5085211737811868,TRUE,Down
Gene_0488,131.623042433201,-0.43868075083384,0.5671221038891407,-0.7735208129351839,0.43921421613654243,0.8136687094187374,Lung,Treatment vs Control,Lung | Treatment vs Control,0.8136687094187374,0.08955238498517938,FALSE,NS
Gene_0489,103.6997839847946,0.20489877925621816,0.580907261035179,0.35272201433854994,0.7242968537533045,0.9248517144927557,Lung,Treatment vs Control,Lung | Treatment vs Control,0.9248517144927557,0.03392789400691228,FALSE,NS
Gene_0490,139.65364378082958,-0.09304092578587587,0.4762661284328039,-0.195354908172948,0.8451151145108666,0.9571062630295936,Lung,Treatment vs Control,Lung | Treatment vs Control,0.9571062630295936,0.019039841862227076,FALSE,NS
Gene_0491,198.6581848383624,-0.09268445134052494,0.5583937661282764,-0.16598403664705869,0.8681695128159508,0.9653092618047804,Lung,Treatment vs Control,Lung | Treatment vs Control,0.9653092618047804,0.015333526886230301,FALSE,NS
Gene_0492,130.21118503397634,-0.229477667761952,0.56813522947328,-0.40391381462948794,0.6862760972843567,0.9187844694408034,Lung,Treatment vs Control,Lung | Treatment vs Control,0.9187844694408034,0.0367863544578179,FALSE,NS
Gene_0493,118.19873343731922,-1.0372065300584468,0.5500114730852663,-1.885790716765016,0.05932316240189642,0.3520489309751886,Lung,Treatment vs Control,Lung | Treatment vs Control,0.3520489309751886,0.4533969701137464,FALSE,NS
Gene_0494,199.8680489618199,-0.2897986991287301,0.6543662951812936,-0.44286923281774576,0.6578603228005271,0.9187844694408034,Lung,Treatment vs Control,Lung | Treatment vs Control,0.9187844694408034,0.0367863544578179,FALSE,NS
Gene_0495,143.43627926297646,-0.6469404350436216,0.6674059423082898,-0.9693357431102784,0.3323777011656141,0.7381639743678056,Lung,Treatment vs Control,Lung | Treatment vs Control,0.7381639743678056,0.1318471540943755,FALSE,NS
Gene_0496,158.31065727294666,-0.3776628081270271,0.6118327139807117,-0.6172648168318328,0.5370600692846772,0.8682013795959451,Lung,Treatment vs Control,Lung | Treatment vs Control,0.8682013795959451,0.06137952839085704,FALSE,NS
Gene_0497,136.87151343829083,0.2758764831351275,0.5093569977769151,0.5416171454190055,0.5880822780197805,0.8944780867359686,Lung,Treatment vs Control,Lung | Treatment vs Control,0.8944780867359686,0.04843029447751549,FALSE,NS
Gene_0498,165.34879907673204,1.4908911139369614,0.6614641167084598,2.2539259141612233,0.024200829108220752,0.22860000310272538,Lung,Treatment vs Control,Lung | Treatment vs Control,0.22860000310272538,0.6409237680461767,FALSE,NS
Gene_0499,112.49091388397818,0.19904441691864969,0.48996484350700364,0.4062422427983948,0.684564618491128,0.9187844694408034,Lung,Treatment vs Control,Lung | Treatment vs Control,0.9187844694408034,0.0367863544578179,FALSE,NS
Gene_0500,156.17661994127906,-1.6464035731348057,0.5895031553899632,-2.7928664301138313,0.00522432592969608,0.09953715718684111,Lung,Treatment vs Control,Lung | Treatment vs Control,0.09953715718684111,1.0020147670046777,FALSE,NS
Gene_0501,205.82895997376937,-0.4029207551788259,0.5023226528851796,-0.8021154388809241,0.42248618506128344,0.8084495076441023,Lung,Treatment vs Control,Lung | Treatment vs Control,0.8084495076441023,0.09234709911727451,FALSE,NS
Gene_0502,142.21671605571203,-0.14870491414720996,0.5190458000993274,-0.2864967101530404,0.774497712839275,0.9430604969475158,Lung,Treatment vs Control,Lung | Treatment vs Control,0.9430604969475158,0.025460446554566408,FALSE,NS
Gene_0503,144.8729212816306,0.6968559553038985,0.786533202200569,0.8859841559825183,0.3756260650585805,0.7833512328967575,Lung,Treatment vs Control,Lung | Treatment vs Control,0.7833512328967575,0.10604346871242577,FALSE,NS
Gene_0504,114.36772715946154,-0.209440205852987,0.5641293483479993,-0.3712627369349127,0.7104418493599658,0.9201429319080774,Lung,Treatment vs Control,Lung | Treatment vs Control,0.9201429319080774,0.03614470557021515,FALSE,NS
Gene_0505,202.85650925335025,-0.7505575712333611,0.7549887649562255,-0.9941307819022693,0.32015920106596746,0.7358579732436838,Lung,Treatment vs Control,Lung | Treatment vs Control,0.7358579732436838,0.1332060000493013,FALSE,NS
Gene_0506,121.31528219890612,-0.10273243732004521,0.5291477077030733,-0.1941469949212983,0.8460607849985357,0.9571062630295936,Lung,Treatment vs Control,Lung | Treatment vs Control,0.9571062630295936,0.019039841862227076,FALSE,NS
Gene_0507,122.65755819186498,-0.14978176325862785,0.5462560583337905,-0.2741969832160717,0.7839332463579214,0.9430604969475158,Lung,Treatment vs Control,Lung | Treatment vs Control,0.9430604969475158,0.025460446554566408,FALSE,NS
Gene_0508,91.20009084567356,0.42365908627943794,0.5221020712963924,0.8114487751934826,0.41710799855447434,0.8084495076441023,Lung,Treatment vs Control,Lung | Treatment vs Control,0.8084495076441023,0.09234709911727451,FALSE,NS
Gene_0509,167.55746375805256,-0.8308295392686734,0.5497881376620678,-1.5111812757578087,0.13074227162139113,0.5144424165972129,Lung,Treatment vs Control,Lung | Treatment vs Control,0.5144424165972129,0.2886632303352782,FALSE,NS
Gene_0510,77.89098298003952,0.7717455696233398,0.6216066381405492,1.2415336681923324,0.2144086685762438,0.6177743697669102,Lung,Treatment vs Control,Lung | Treatment vs Control,0.6177743697669102,0.20917011367733374,FALSE,NS
Gene_0511,143.52694815362455,-0.4694482855299958,0.5574490419833267,-0.8421366800806827,0.3997114518165875,0.8084495076441023,Lung,Treatment vs Control,Lung | Treatment vs Control,0.8084495076441023,0.09234709911727451,FALSE,NS
Gene_0512,82.1175159450047,-1.2997238777287998,0.7365311312125671,-1.7646557255346917,0.07762164381855573,0.4072323922074953,Lung,Treatment vs Control,Lung | Treatment vs Control,0.4072323922074953,0.39015768450856175,FALSE,NS
Gene_0513,147.25929850730725,-0.45693804507632413,0.5682862845407104,-0.804063123651879,0.4213605202948619,0.8084495076441023,Lung,Treatment vs Control,Lung | Treatment vs Control,0.8084495076441023,0.09234709911727451,FALSE,NS
Gene_0514,150.69478902680905,-0.7300223533982853,0.47390751334647124,-1.5404321156321694,0.12345505808767858,0.49970460200248146,Lung,Treatment vs Control,Lung | Treatment vs Control,0.49970460200248146,0.3012866509274747,FALSE,NS
Gene_0515,172.3029743224375,0.4260537763905546,0.5371479023086636,0.7931777720053899,0.42767425611559556,0.8084495076441023,Lung,Treatment vs Control,Lung | Treatment vs Control,0.8084495076441023,0.09234709911727451,FALSE,NS
Gene_0516,132.01134337497587,-1.2703495683197326,0.46385748388728704,-2.738663517237582,0.00616894747171266,0.11421766560051912,Lung,Treatment vs Control,Lung | Treatment vs Control,0.11421766560051912,0.9422667202627663,FALSE,NS
Gene_0517,210.5320205416426,-0.20782552807108665,0.5939826386839607,-0.3498848527484723,0.7264251151791585,0.9259362383621669,Lung,Treatment vs Control,Lung | Treatment vs Control,0.9259362383621669,0.03341891858899818,FALSE,NS
Gene_0518,177.84687206261043,1.7118169393731737e-4,0.4952577461030535,3.4564162859493727e-4,0.9997242178864645,0.9997242178864645,Lung,Treatment vs Control,Lung | Treatment vs Control,0.9997242178864645,1.1978716845464987e-4,FALSE,NS
Gene_0519,143.19551171690503,1.136051738677711,0.4678822609668566,2.428071832281296,0.015179336514231591,0.18077000327724896,Lung,Treatment vs Control,Lung | Treatment vs Control,0.18077000327724896,0.7428736341039155,FALSE,NS
Gene_0520,148.76919453497837,0.3475657371146779,0.4900802460318952,0.709201686721439,0.4781993269368611,0.852139664646725,Lung,Treatment vs Control,Lung | Treatment vs Control,0.852139664646725,0.06948921906612855,FALSE,NS
Gene_0521,178.9735107732862,1.7844050947167813,0.47235130316536483,3.7777075722221123,1.5827857154176932e-4,0.009549473816353416,Lung,Treatment vs Control,Lung | Treatment vs Control,0.009549473816353416,2.0200205577303736,TRUE,Up
Gene_0522,132.75308848613707,-0.33450132621759704,0.6575552862043785,-0.5087044895471021,0.6109593750224678,0.9069706532164497,Lung,Treatment vs Control,Lung | Treatment vs Control,0.9069706532164497,0.042406765147569775,FALSE,NS
Gene_0523,167.88583554307925,-1.3845162174395942,0.6569327702067564,-2.107546282101052,0.03507025431354068,0.28212071247781617,Lung,Treatment vs Control,Lung | Treatment vs Control,0.28212071247781617,0.5495650280431124,FALSE,NS
Gene_0524,108.28746826111897,0.8437245223926793,0.5635111410265919,1.497263249943206,0.13432477330929654,0.514614222020075,Lung,Treatment vs Control,Lung | Treatment vs Control,0.514614222020075,0.2885182156781577,FALSE,NS
Gene_0525,102.03962079900181,0.19886406267176504,0.6202066348034687,0.3206416241173898,0.7484819902624523,0.9320196507930064,Lung,Treatment vs Control,Lung | Treatment vs Control,0.9320196507930064,0.030574930842371856,FALSE,NS
Gene_0526,137.14918114761656,0.4205304018445709,0.6766515012490868,0.6214874290063337,0.5342789631635831,0.8682013795959451,Lung,Treatment vs Control,Lung | Treatment vs Control,0.8682013795959451,0.06137952839085704,FALSE,NS
Gene_0527,125.32535195552383,0.2956828265047644,0.7618581393031241,0.38810745892303145,0.6979365123388171,0.9187844694408034,Lung,Treatment vs Control,Lung | Treatment vs Control,0.9187844694408034,0.0367863544578179,FALSE,NS
Gene_0528,196.68150431289078,-0.9880486191468948,0.4948016993916397,-1.9968577722382599,0.045840635569937595,0.2955807898096868,Lung,Treatment vs Control,Lung | Treatment vs Control,0.2955807898096868,0.5293237947384802,FALSE,NS
Gene_0529,118.52237103272029,-0.11696383943704894,0.5283412244803967,-0.22137935488959506,0.8247970660653237,0.9525196285890993,Lung,Treatment vs Control,Lung | Treatment vs Control,0.9525196285890993,0.021126066045939293,FALSE,NS
Gene_0530,194.8581674996193,1.6988126137172581,0.7214005520800975,2.3548812221156132,0.018528627205230616,0.20960509525917134,Lung,Treatment vs Control,Lung | Treatment vs Control,0.20960509525917134,0.6785981643598475,FALSE,NS
Gene_0531,253.60700282680742,-0.08435246553328547,0.545068827426553,-0.15475562220562283,0.8770139779730506,0.9689858495631076,Lung,Treatment vs Control,Lung | Treatment vs Control,0.9689858495631076,0.01368256505607758,FALSE,NS
Gene_0532,126.30509524782464,0.5913542053407762,0.5232015917489888,1.130260715308535,0.25836638276496554,0.6656842032805518,Lung,Treatment vs Control,Lung | Treatment vs Control,0.6656842032805518,0.1767317487558357,FALSE,NS
Gene_0533,94.26148384279834,-0.2089435695139742,0.5355706501410064,-0.39013259867575456,0.6964384986609472,0.9187844694408034,Lung,Treatment vs Control,Lung | Treatment vs Control,0.9187844694408034,0.0367863544578179,FALSE,NS
Gene_0534,125.02853720642034,-0.45223829939829235,0.5974199265436858,-0.7569856298812672,0.44905847173597807,0.8270247467422794,Lung,Treatment vs Control,Lung | Treatment vs Control,0.8270247467422794,0.08248149502687209,FALSE,NS
Gene_0535,207.62712969779676,0.5793886325926333,0.7516056021761233,0.7708679005520046,0.4407852352344354,0.8141033426268653,Lung,Treatment vs Control,Lung | Treatment vs Control,0.8141033426268653,0.08932046208394696,FALSE,NS
Gene_0536,98.44127612773319,0.5003909165427852,0.5341937440511656,0.9367217832765509,0.3489016881427346,0.7540442454189249,Lung,Treatment vs Control,Lung | Treatment vs Control,0.7540442454189249,0.12260317007516262,FALSE,NS
Gene_0537,179.05923212345039,0.6677513122093051,0.6137931275626,1.0879093984987669,0.276635106624546,0.6938780897490282,Lung,Treatment vs Control,Lung | Treatment vs Control,0.6938780897490282,0.1587168257988459,FALSE,NS
Gene_0538,172.7275209861735,-0.42897782052411737,0.4701993576149794,-0.9123317877337126,0.3615940855871922,0.7699826998974327,Lung,Treatment vs Control,Lung | Treatment vs Control,0.7699826998974327,0.11351903252035733,FALSE,NS
Gene_0539,266.28946781904074,0.9661554989176409,0.5200766738221545,1.8577174242735361,0.06320915279820359,0.3661074130071952,Lung,Treatment vs Control,Lung | Treatment vs Control,0.3661074130071952,0.4363914773584985,FALSE,NS
Gene_0540,249.84269600181673,0.7229890923881445,0.697167128738497,1.037038412434005,0.2997179556411804,0.7105590029122416,Lung,Treatment vs Control,Lung | Treatment vs Control,0.7105590029122416,0.14839985359115934,FALSE,NS
Gene_0541,135.42267971223288,-0.4585665606372507,0.5931048145773581,-0.7731627688168772,0.4394260571584618,0.8136687094187374,Lung,Treatment vs Control,Lung | Treatment vs Control,0.8136687094187374,0.08955238498517938,FALSE,NS
Gene_0542,160.31715766980304,-0.36557955908489276,0.5939318217858416,-0.6155244519238986,0.5382084262614062,0.8682013795959451,Lung,Treatment vs Control,Lung | Treatment vs Control,0.8682013795959451,0.06137952839085704,FALSE,NS
Gene_0543,142.09328443084377,-1.1557824945818171,0.5584386193452521,-2.0696679179117803,0.03848345306241855,0.2879391790243586,Lung,Treatment vs Control,Lung | Treatment vs Control,0.2879391790243586,0.5406992379478064,FALSE,NS
Gene_0544,141.68832667461098,0.25070062449005043,0.46842614187782783,0.5351977656179503,0.5925131111984883,0.8974466370454091,Lung,Treatment vs Control,Lung | Treatment vs Control,0.8974466370454091,0.04699136550809792,FALSE,NS
Gene_0545,140.95315656061487,-0.2838725606650657,0.4614022807898303,-0.6152387460658658,0.5383970631989414,0.8682013795959451,Lung,Treatment vs Control,Lung | Treatment vs Control,0.8682013795959451,0.06137952839085704,FALSE,NS
Gene_0546,109.76336615961031,-0.92894058831531,0.5148680875475443,-1.8042302694270775,0.07119521597141544,0.3969596712538099,Lung,Treatment vs Control,Lung | Treatment vs Control,0.3969596712538099,0.4012536127371106,FALSE,NS
Gene_0547,175.90191757060043,-0.5686412344167807,0.575135922952393,-0.9887075588979514,0.322806243435275,0.7381639743678056,Lung,Treatment vs Control,Lung | Treatment vs Control,0.7381639743678056,0.1318471540943755,FALSE,NS
Gene_0548,121.4183935797076,0.4051500748612463,0.4948722366720366,0.8186963115688964,0.4129597015565555,0.8084495076441023,Lung,Treatment vs Control,Lung | Treatment vs Control,0.8084495076441023,0.09234709911727451,FALSE,NS
Gene_0549,112.05071588344687,-0.7794000852298897,0.4985430384624381,-1.5633556686171886,0.11796896119921532,0.49055578742929684,Lung,Treatment vs Control,Lung | Treatment vs Control,0.49055578742929684,0.3093115962452929,FALSE,NS
Gene_0550,141.32018186917517,-0.9144682036658393,0.6343899407903101,-1.441492282375432,0.14944565610060143,0.5252361894021138,Lung,Treatment vs Control,Lung | Treatment vs Control,0.5252361894021138,0.2796453581420141,FALSE,NS
Gene_0551,170.29255093736876,0.040544056638277516,0.6700580869273114,0.0605082714906115,0.9517508282257109,0.9881693531686803,Lung,Treatment vs Control,Lung | Treatment vs Control,0.9881693531686803,0.005168619335612781,FALSE,NS
Gene_0552,185.27540178967803,-0.2303613861765899,0.570672447791788,-0.4036665640122828,0.6864579301334506,0.9187844694408034,Lung,Treatment vs Control,Lung | Treatment vs Control,0.9187844694408034,0.0367863544578179,FALSE,NS
Gene_0553,145.38679846818286,-0.1319309835969118,0.6006555815210485,-0.2196449806773145,0.8261476572130574,0.9525196285890993,Lung,Treatment vs Control,Lung | Treatment vs Control,0.9525196285890993,0.021126066045939293,FALSE,NS
Gene_0554,200.55019658380783,-0.8097013826513506,0.5611346268064064,-1.442971693369942,0.14902844534497936,0.5252361894021138,Lung,Treatment vs Control,Lung | Treatment vs Control,0.5252361894021138,0.2796453581420141,FALSE,NS
Gene_0555,188.72663334873943,-0.913597083028285,0.5764645170223387,-1.5848279574038067,0.11300542848678825,0.48411793032209877,Lung,Treatment vs Control,Lung | Treatment vs Control,0.48411793032209877,0.3150488320549587,FALSE,NS
Gene_0556,167.68987754753027,-1.2052608808806573,0.5324617601550901,-2.263563266082434,0.02360098931238145,0.22860000310272538,Lung,Treatment vs Control,Lung | Treatment vs Control,0.22860000310272538,0.6409237680461767,FALSE,NS
Gene_0557,146.05941005867237,0.5125980116329069,0.6627361425101129,0.7734571554999884,0.43925187552086825,0.8136687094187374,Lung,Treatment vs Control,Lung | Treatment vs Control,0.8136687094187374,0.08955238498517938,FALSE,NS
Gene_0558,154.23550312799173,0.07318934385753087,0.6602412849837771,0.11085241944439936,0.9117333767548758,0.9785568044309744,Lung,Treatment vs Control,Lung | Treatment vs Control,0.9785568044309744,0.009413958830841018,FALSE,NS
Gene_0559,124.25014906467044,0.29137406010512534,0.6590282127998572,0.4421268383446489,0.6583974243114078,0.9187844694408034,Lung,Treatment vs Control,Lung | Treatment vs Control,0.9187844694408034,0.0367863544578179,FALSE,NS
Gene_0560,163.15817963280014,0.39546914349734646,0.45478076814610324,0.8695819418869923,0.3845289098554969,0.7885909957466122,Lung,Treatment vs Control,Lung | Treatment vs Control,0.7885909957466122,0.10314818607573657,FALSE,NS
Gene_0561,205.1267945796269,-0.48588731403956487,0.49886693821658346,-0.9739817911697658,0.3300655803720808,0.7381639743678056,Lung,Treatment vs Control,Lung | Treatment vs Control,0.7381639743678056,0.1318471540943755,FALSE,NS
Gene_0562,165.6790040816801,-0.32522694594257545,0.594908162773163,-0.5466842889271023,0.5845956498072485,0.8944780867359686,Lung,Treatment vs Control,Lung | Treatment vs Control,0.8944780867359686,0.04843029447751549,FALSE,NS
Gene_0563,218.09147910168377,-0.8538016138808447,0.527210807179126,-1.6194691046816034,0.10534636872335974,0.47408854716968385,Lung,Treatment vs Control,Lung | Treatment vs Control,0.47408854716968385,0.3241405360564635,FALSE,NS
Gene_0564,185.71182190980835,0.7760702667850813,0.7959616363487003,0.9750096378327148,0.3295554792571269,0.7381639743678056,Lung,Treatment vs Control,Lung | Treatment vs Control,0.7381639743678056,0.1318471540943755,FALSE,NS
Gene_0565,127.10429927014339,-1.1802659483527118,0.5684107289791752,-2.0764315101377213,0.03785405947473834,0.2879391790243586,Lung,Treatment vs Control,Lung | Treatment vs Control,0.2879391790243586,0.5406992379478064,FALSE,NS
Gene_0566,173.71562658684488,-0.8581727722797263,0.6488024080493107,-1.322702816193159,0.18593422664529727,0.595647699518563,Lung,Treatment vs Control,Lung | Treatment vs Control,0.595647699518563,0.22501053118812173,FALSE,NS
Gene_0567,47.93705874358546,0.8474558455947393,0.7820219478586197,1.0836727126588899,0.2785099385114071,0.6938780897490282,Lung,Treatment vs Control,Lung | Treatment vs Control,0.6938780897490282,0.1587168257988459,FALSE,NS
Gene_0568,163.19786294681035,0.30388752043989353,0.49733511111848744,0.6110317040686354,0.5411785916308759,0.8684844306749727,Lung,Treatment vs Control,Lung | Treatment vs Control,0.8684844306749727,0.061237962746593794,FALSE,NS
Gene_0569,121.35617522370006,1.7509967420671195,0.6418022113937261,2.7282497800446754,0.006367137510601514,0.11421766560051912,Lung,Treatment vs Control,Lung | Treatment vs Control,0.11421766560051912,0.9422667202627663,FALSE,NS
Gene_0570,176.169141364012,-0.6263175559251382,0.4936810025742932,-1.268668538305532,0.20455930810491946,0.6145267181243224,Lung,Treatment vs Control,Lung | Treatment vs Control,0.6145267181243224,0.21145923030118918,FALSE,NS
Gene_0571,159.7902291699781,-0.9393045797346964,0.47125734052667423,-1.9931882200178261,0.04624084054947046,0.2955807898096868,Lung,Treatment vs Control,Lung | Treatment vs Control,0.2955807898096868,0.5293237947384802,FALSE,NS
Gene_0572,253.81826076277673,0.35453699178966536,0.6526832080631676,0.54319919282396,0.5869926622853261,0.8944780867359686,Lung,Treatment vs Control,Lung | Treatment vs Control,0.8944780867359686,0.04843029447751549,FALSE,NS
Gene_0573,140.16388626013386,1.052843049105457,0.5617393896463733,1.8742553371025732,0.06089524024843882,0.35554962854733635,Lung,Treatment vs Control,Lung | Treatment vs Control,0.35554962854733635,0.449099770743096,FALSE,NS
Gene_0574,129.34543308138564,-1.4779175396813153,0.6063433938329207,-2.43742663763326,0.014792215403195762,0.18077000327724896,Lung,Treatment vs Control,Lung | Treatment vs Control,0.18077000327724896,0.7428736341039155,FALSE,NS
Gene_0575,264.86079053156,0.5204394046688069,0.7793615864544403,0.6677765670187167,0.5042762266145604,0.8610754435588248,Lung,Treatment vs Control,Lung | Treatment vs Control,0.8610754435588248,0.06495879594947873,FALSE,NS
Gene_0576,164.278177590766,-1.1446088874452665,0.5082281221405192,-2.2521557497142894,0.024312431269212505,0.22860000310272538,Lung,Treatment vs Control,Lung | Treatment vs Control,0.22860000310272538,0.6409237680461767,FALSE,NS
Gene_0577,207.9223113960633,-0.6475574788838359,0.5342753732795844,-1.2120294351373206,0.22550111329836256,0.6279338693385172,Lung,Treatment vs Control,Lung | Treatment vs Control,0.6279338693385172,0.20208609144376247,FALSE,NS
Gene_0578,163.89147299557422,-0.5283100749429149,0.5095621567497033,-1.0367922106162617,0.29983270652635247,0.7105590029122416,Lung,Treatment vs Control,Lung | Treatment vs Control,0.7105590029122416,0.14839985359115934,FALSE,NS
Gene_0579,138.6189652576997,-0.16446204264971764,0.5390543332985499,-0.3050936287690168,0.7602948435322827,0.9393403868897144,Lung,Treatment vs Control,Lung | Treatment vs Control,0.9393403868897144,0.02717700479396914,FALSE,NS
Gene_0580,116.2588170119196,1.8497854140319598,0.7622171500199946,2.4268483252881885,0.015230621823083131,0.18077000327724896,Lung,Treatment vs Control,Lung | Treatment vs Control,0.18077000327724896,0.7428736341039155,FALSE,NS
Gene_0581,198.93174190060114,-0.47235925417689273,0.5921219524903759,-0.7977398105073131,0.4250214962729374,0.8084495076441023,Lung,Treatment vs Control,Lung | Treatment vs Control,0.8084495076441023,0.09234709911727451,FALSE,NS
Gene_0582,116.88740615091592,-1.9723854190835175,0.5746366405219173,-3.4324045492332096,5.982544291279503e-4,0.022796642457296633,Lung,Treatment vs Control,Lung | Treatment vs Control,0.022796642457296633,1.6421291121944728,TRUE,Down
Gene_0583,120.33568376088651,0.2007479868502518,0.5786289767881665,0.3469373206377543,0.7286384081403466,0.9271251449799841,Lung,Treatment vs Control,Lung | Treatment vs Control,0.9271251449799841,0.03286164006697438,FALSE,NS
Gene_0584,199.13090811056938,0.023011066509662795,0.5042476483339318,0.04563445478762848,0.9636016068191828,0.9881693531686803,Lung,Treatment vs Control,Lung | Treatment vs Control,0.9881693531686803,0.005168619335612781,FALSE,NS
Gene_0585,163.75994119808814,0.11793667476025083,0.5484165088217112,0.21504946124550697,0.829728756060685,0.9525196285890993,Lung,Treatment vs Control,Lung | Treatment vs Control,0.9525196285890993,0.021126066045939293,FALSE,NS
Gene_0586,94.29465247006424,-1.5683621496813145,0.5839151616220206,-2.6859418161444233,0.00723256823269439,0.11636398667712751,Lung,Treatment vs Control,Lung | Treatment vs Control,0.11636398667712751,0.934181408065936,FALSE,NS
Gene_0587,104.31804465408314,-1.0095165175263272,0.5049531568362962,-1.9992280548383787,0.045583684398301585,0.2955807898096868,Lung,Treatment vs Control,Lung | Treatment vs Control,0.2955807898096868,0.5293237947384802,FALSE,NS
Gene_0588,141.84302092914214,0.13917901038548702,0.49000489674834136,0.2840359582303667,0.7763828242778024,0.9430604969475158,Lung,Treatment vs Control,Lung | Treatment vs Control,0.9430604969475158,0.025460446554566408,FALSE,NS
Gene_0589,155.79718983463738,-0.6619474917561463,0.5018410065227641,-1.3190382674041596,0.18715631942727579,0.5969214769398575,Lung,Treatment vs Control,Lung | Treatment vs Control,0.5969214769398575,0.2240827951263016,FALSE,NS
Gene_0590,145.1890908090333,0.866422818917787,0.45265951621906203,1.9140718086626651,0.055610981075478724,0.335519585822055,Lung,Treatment vs Control,Lung | Treatment vs Control,0.335519585822055,0.4742821229877772,FALSE,NS
Gene_0591,190.96641637582343,-0.7296127969906065,0.6966854226198019,-1.0472629013062813,0.2949783414453273,0.7095160106525481,Lung,Treatment vs Control,Lung | Treatment vs Control,0.7095160106525481,0.1490377999815606,FALSE,NS
Gene_0592,122.86729968936982,0.12796503398394074,0.555221552067248,0.2304756245637268,0.8177222024666737,0.9518181263438452,Lung,Treatment vs Control,Lung | Treatment vs Control,0.9518181263438452,0.021446028791148583,FALSE,NS
Gene_0593,168.49971262588653,1.029179984942592,0.595567732424865,1.7280653885533164,0.08397650190932986,0.42664792601406826,Lung,Treatment vs Control,Lung | Treatment vs Control,0.42664792601406826,0.3699303611829537,FALSE,NS
Gene_0594,80.3849994646906,0.030982364340137725,0.5979561734254034,0.05181377117097839,0.9586770824837945,0.9881693531686803,Lung,Treatment vs Control,Lung | Treatment vs Control,0.9881693531686803,0.005168619335612781,FALSE,NS
Gene_0595,179.9262846245323,-1.7104969622903379,0.5425444005073043,-3.1527317592642063,0.001617503658258542,0.04504125571458402,Lung,Treatment vs Control,Lung | Treatment vs Control,0.04504125571458402,1.3463895102012784,TRUE,Down
Gene_0596,209.21941214587156,-0.497229339031509,0.5600982072626515,-0.8877538484931075,0.3746731732275418,0.7833512328967575,Lung,Treatment vs Control,Lung | Treatment vs Control,0.7833512328967575,0.10604346871242577,FALSE,NS
Gene_0597,223.80622600571368,0.0460571971655961,0.7410153390997295,0.0621541751369839,0.9504400548345775,0.9881693531686803,Lung,Treatment vs Control,Lung | Treatment vs Control,0.9881693531686803,0.005168619335612781,FALSE,NS
Gene_0598,265.90304184450497,0.3091802160048889,0.6930511891136314,0.44611454516124677,0.6555145066620076,0.9187844694408034,Lung,Treatment vs Control,Lung | Treatment vs Control,0.9187844694408034,0.0367863544578179,FALSE,NS
Gene_0599,135.69758740255963,-0.3095603044912913,0.676978023433736,-0.45726787838865746,0.6474785147244764,0.9187844694408034,Lung,Treatment vs Control,Lung | Treatment vs Control,0.9187844694408034,0.0367863544578179,FALSE,NS
Gene_0600,174.28469649414717,-0.04639157190879725,0.47244103496477025,-0.09819547515015636,0.921777075408417,0.9785568044309744,Lung,Treatment vs Control,Lung | Treatment vs Control,0.9785568044309744,0.009413958830841018,FALSE,NS
Gene_0601,139.30735230937145,0.319845717153264,0.5529694219134764,0.5784148353926711,0.5629840803300186,0.8784492977563221,Lung,Treatment vs Control,Lung | Treatment vs Control,0.8784492977563221,0.05628330000830228,FALSE,NS
Gene_0602,126.71391411702646,0.5360785992089668,0.4972582550755761,1.0780687776163527,0.281003063953105,0.6938780897490282,Lung,Treatment vs Control,Lung | Treatment vs Control,0.6938780897490282,0.1587168257988459,FALSE,NS
Gene_0603,99.22512186164423,-0.1121963743385744,0.502103585039574,-0.22345264539334347,0.8231832348337444,0.9525196285890993,Lung,Treatment vs Control,Lung | Treatment vs Control,0.9525196285890993,0.021126066045939293,FALSE,NS
Gene_0604,185.35559993837876,-1.2330697369601613,0.5314206747220018,-2.3203269944384606,0.020323194889549114,0.2110240319012534,Lung,Treatment vs Control,Lung | Treatment vs Control,0.2110240319012534,0.6756680834331551,FALSE,NS
Gene_0605,150.46156754620304,0.1328753145851655,0.5135867045012119,0.25872031620096575,0.7958510430772188,0.9431286508993396,Lung,Treatment vs Control,Lung | Treatment vs Control,0.9431286508993396,0.025429061700885484,FALSE,NS
Gene_0606,108.24900714034642,2.308459600422291,0.5129719025895076,4.5001677260861115,6.789986491750297e-6,0.0012289875550068037,Lung,Treatment vs Control,Lung | Treatment vs Control,0.0012289875550068037,2.910452514850924,TRUE,Up
Gene_0607,169.92163978512653,-0.7919147432673151,0.5480798643707114,-1.444889321333794,0.14848897629002256,0.5252361894021138,Lung,Treatment vs Control,Lung | Treatment vs Control,0.5252361894021138,0.2796453581420141,FALSE,NS
Gene_0608,131.88609199000652,0.7885129977855726,0.6891872292112924,1.144120152498979,0.2525738111615898,0.6554245135519391,Lung,Treatment vs Control,Lung | Treatment vs Control,0.6554245135519391,0.1834773195889055,FALSE,NS
Gene_0609,146.57213140606396,-0.3631259890867377,0.5585246016478113,-0.6501521831185406,0.5155939245921184,0.8682013795959451,Lung,Treatment vs Control,Lung | Treatment vs Control,0.8682013795959451,0.06137952839085704,FALSE,NS
Gene_0610,142.0503674886851,0.4706749320454915,0.6004005945695235,0.7839348200228832,0.43307835705421815,0.8102034380032402,Lung,Treatment vs Control,Lung | Treatment vs Control,0.8102034380032402,0.0914059182708358,FALSE,NS
Gene_0611,164.84268170775232,-0.22148586839753695,0.570161573855425,-0.38846158449411533,0.6976744774184221,0.9187844694408034,Lung,Treatment vs Control,Lung | Treatment vs Control,0.9187844694408034,0.0367863544578179,FALSE,NS
Gene_0612,210.35176493793247,0.3489576927143407,0.5406192429404012,0.6454777503227173,0.5186176324074345,0.8682013795959451,Lung,Treatment vs Control,Lung | Treatment vs Control,0.8682013795959451,0.06137952839085704,FALSE,NS
Gene_0613,187.30009460356553,-0.25320807052621586,0.5644238042582979,-0.4486133799033394,0.6537105801190748,0.9187844694408034,Lung,Treatment vs Control,Lung | Treatment vs Control,0.9187844694408034,0.0367863544578179,FALSE,NS
Gene_0614,170.29770369061163,-2.6658039979227333,0.693349296926384,-3.8448210876397173,1.2064042573195075e-4,0.009549473816353416,Lung,Treatment vs Control,Lung | Treatment vs Control,0.009549473816353416,2.0200205577303736,TRUE,Down
Gene_0615,145.55329622808472,-0.03440299300867409,0.4768648790709626,-0.07214411150533599,0.9424872217564833,0.9881693531686803,Lung,Treatment vs Control,Lung | Treatment vs Control,0.9881693531686803,0.005168619335612781,FALSE,NS
Gene_0616,163.04081498173457,-0.687310427611017,0.47650007742742,-1.442414094288804,0.1491855901145998,0.5252361894021138,Lung,Treatment vs Control,Lung | Treatment vs Control,0.5252361894021138,0.2796453581420141,FALSE,NS
Gene_0617,205.30219329987605,-0.0681222826834009,0.5928034769667039,-0.11491545736535404,0.9085121330565415,0.9785568044309744,Lung,Treatment vs Control,Lung | Treatment vs Control,0.9785568044309744,0.009413958830841018,FALSE,NS
Gene_0618,139.65311527197528,1.5490574241932722,0.4827537580512115,3.208794128183555,0.0013329289627147477,0.04386548040933987,Lung,Treatment vs Control,Lung | Treatment vs Control,0.04386548040933987,1.3578771099396856,TRUE,Up
Gene_0619,116.78954614605665,0.13160865350756937,0.4957887969610644,0.26545306048515843,0.7906604653750506,0.9430604969475158,Lung,Treatment vs Control,Lung | Treatment vs Control,0.9430604969475158,0.025460446554566408,FALSE,NS
Gene_0620,115.48191915990839,-1.4642749045687986,0.586742044220644,-2.495602486632369,0.012574342547121704,0.16451062281819828,Lung,Treatment vs Control,Lung | Treatment vs Control,0.16451062281819828,0.7838060534442635,FALSE,NS
Gene_0621,147.43761587351372,-0.019547314199973145,0.5462681342161393,-0.03578336896407535,0.9714550942183733,0.9920077407815264,Lung,Treatment vs Control,Lung | Treatment vs Control,0.9920077407815264,0.0034849389692222657,FALSE,NS
Gene_0622,304.1605496627968,0.8590062933215376,0.7297051862650022,1.177196365724579,0.2391171388982914,0.6396042828817421,Lung,Treatment vs Control,Lung | Treatment vs Control,0.6396042828817421,0.19408863681811106,FALSE,NS
Gene_0623,110.45238820831845,-0.4505341837025155,0.6502861678314908,-0.6928244917232543,0.4884197001935982,0.8546852418349934,Lung,Treatment vs Control,Lung | Treatment vs Control,0.8546852418349934,0.06819379509896496,FALSE,NS
Gene_0624,144.84423409887756,-0.9573790225693833,0.5251829486866417,-1.8229438426429527,0.06831189673244599,0.3863891658928976,Lung,Treatment vs Control,Lung | Treatment vs Control,0.3863891658928976,0.41297505942759916,FALSE,NS
Gene_0625,160.542011808087,0.6006019097580273,0.4830436119139303,1.2433699462007248,0.21373153980900045,0.6177743697669102,Lung,Treatment vs Control,Lung | Treatment vs Control,0.6177743697669102,0.20917011367733374,FALSE,NS
Gene_0626,315.69305037833107,1.2065584953067006,0.5919316376314334,2.038340947840948,0.04151584748583659,0.2955807898096868,Lung,Treatment vs Control,Lung | Treatment vs Control,0.2955807898096868,0.5293237947384802,FALSE,NS
Gene_0627,107.84821594237886,-0.14161029339147546,0.6098410372980251,-0.23220853424180357,0.8163760495397283,0.9517814168546913,Lung,Treatment vs Control,Lung | Treatment vs Control,0.9517814168546913,0.021462778877722168,FALSE,NS
Gene_0628,193.04859993723454,0.11055197384687358,0.49459837757429903,0.22351867466501416,0.8231318504719497,0.9525196285890993,Lung,Treatment vs Control,Lung | Treatment vs Control,0.9525196285890993,0.021126066045939293,FALSE,NS
Gene_0629,129.04421552912567,-0.2268489249231378,0.603783386816193,-0.3757124324326538,0.7071306942118567,0.9189468878944494,Lung,Treatment vs Control,Lung | Treatment vs Control,0.9189468878944494,0.03670958868018685,FALSE,NS
Gene_0630,171.91494041989841,0.7441063866010361,0.5142231904154597,1.4470494533703262,0.14788307338427584,0.5252361894021138,Lung,Treatment vs Control,Lung | Treatment vs Control,0.5252361894021138,0.2796453581420141,FALSE,NS
Gene_0631,169.9842671594438,-0.4191710262606538,0.4842088250719769,-0.8656823348858722,0.3866643899842263,0.7885909957466122,Lung,Treatment vs Control,Lung | Treatment vs Control,0.7885909957466122,0.10314818607573657,FALSE,NS
Gene_0632,129.3676056876893,0.7990673342300099,0.5448967557451986,1.4664563989506758,0.14252399115825504,0.5252361894021138,Lung,Treatment vs Control,Lung | Treatment vs Control,0.5252361894021138,0.2796453581420141,FALSE,NS
Gene_0633,136.99307359393777,0.8085473945624225,0.5407088180872749,1.4953471582405675,0.13482386360059664,0.514614222020075,Lung,Treatment vs Control,Lung | Treatment vs Control,0.514614222020075,0.2885182156781577,FALSE,NS
Gene_0634,181.8599448124774,0.8390119611804214,0.505825810925564,1.6586974074043213,0.09717678209265951,0.45984307343193126,Lung,Treatment vs Control,Lung | Treatment vs Control,0.45984307343193126,0.3373903508621791,FALSE,NS
Gene_0635,175.72217329394925,0.7012354980470534,0.5379416643406506,1.3035530514383011,0.19238601695763566,0.6070726102037837,Lung,Treatment vs Control,Lung | Treatment vs Control,0.6070726102037837,0.21675936110777383,FALSE,NS
Gene_0636,114.5062723139303,-0.4885195876386896,0.6095155821060888,-0.8014882670442717,0.4228490338184527,0.8084495076441023,Lung,Treatment vs Control,Lung | Treatment vs Control,0.8084495076441023,0.09234709911727451,FALSE,NS
Gene_0637,188.55364358737305,1.2929575709686287,0.5861752009769943,2.205752766090447,0.02740131514204576,0.245772972319608,Lung,Treatment vs Control,Lung | Treatment vs Control,0.245772972319608,0.6094658782349279,FALSE,NS
Gene_0638,239.58325037662374,-0.1723462375770126,0.5409109552635137,-0.31862219816393117,0.7500130184153203,0.9320196507930064,Lung,Treatment vs Control,Lung | Treatment vs Control,0.9320196507930064,0.030574930842371856,FALSE,NS
Gene_0639,127.34924749758535,-0.65741926389096506,0.5693709055529388,-1.1546414779527925,0.24823727377641996,0.6488223329029893,Lung,Treatment vs Control,Lung | Treatment vs Control,0.6488223329029893,0.18787420983018155,FALSE,NS
Gene_0640,136.67672706118145,-0.1786538895957498,0.7531728295926995,-0.23720171861797268,0.8125003030942933,0.9517814168546913,Lung,Treatment vs Control,Lung | Treatment vs Control,0.9517814168546913,0.021462778877722168,FALSE,NS
Gene_0641,114.14087225883571,-0.1779257730588789,0.5495484541713308,-0.3237672159903986,0.7461142782268858,0.9315843052213407,Lung,Treatment vs Control,Lung | Treatment vs Control,0.9315843052213407,0.030777836811018745,FALSE,NS
Gene_0642,251.03147701500657,0.0622065326669576,0.635910223404644,0.09782282211772869,0.9220729848668264,0.9785568044309744,Lung,Treatment vs Control,Lung | Treatment vs Control,0.9785568044309744,0.009413958830841018,FALSE,NS
Gene_0643,153.82719245858212,-0.8051697671644223,0.5042131713981964,-1.596883645327363,0.11029164602887831,0.48394637409035085,Lung,Treatment vs Control,Lung | Treatment vs Control,0.48394637409035085,0.3152027596922543,FALSE,NS
Gene_0644,204.91160229012812,0.8147802847674647,0.5135407483147033,1.5865932497885415,0.11260479724906095,0.48411793032209877,Lung,Treatment vs Control,Lung | Treatment vs Control,0.48411793032209877,0.3150488320549587,FALSE,NS
Gene_0645,184.43242747804084,0.8999813468660901,0.5717216286536743,1.5741600488080576,0.11545045293143866,0.4888077656278456,Lung,Treatment vs Control,Lung | Treatment vs Control,0.4888077656278456,0.3108619031285711,FALSE,NS
Gene_0646,124.07037608436545,0.09715497865235173,0.4884605579079938,0.19890035557518196,0.8423406913631282,0.9571062630295936,Lung,Treatment vs Control,Lung | Treatment vs Control,0.9571062630295936,0.019039841862227076,FALSE,NS
Gene_0647,125.7801245242888,0.8716876103899345,0.6941251977765275,1.2558074727472621,0.20918578162115953,0.6177743697669102,Lung,Treatment vs Control,Lung | Treatment vs Control,0.6177743697669102,0.20917011367733374,FALSE,NS
Gene_0648,126.524844936029,0.5076283784628401,0.5837736585355936,0.8695636931207804,0.38453888630911015,0.7885909957466122,Lung,Treatment vs Control,Lung | Treatment vs Control,0.7885909957466122,0.10314818607573657,FALSE,NS
Gene_0649,107.29407960423315,0.33398529105799085,0.8134624248087726,0.41057248727438583,0.6813860411812294,0.9187844694408034,Lung,Treatment vs Control,Lung | Treatment vs Control,0.9187844694408034,0.0367863544578179,FALSE,NS
Gene_0650,97.79124998322708,-0.6468716420466339,0.5286385516641701,-1.2236558230765853,0.2210820914478952,0.6180055374836917,Lung,Treatment vs Control,Lung | Treatment vs Control,0.6180055374836917,0.20900763350691773,FALSE,NS
Gene_0651,201.27324532179463,1.0653530537281735,0.619470557913531,1.7197799639040814,0.08547244598399732,0.42677276477526943,Lung,Treatment vs Control,Lung | Treatment vs Control,0.42677276477526943,0.36980330359907004,FALSE,NS
Gene_0652,158.39679903434066,0.7855029950290436,0.5347825326451117,1.4688269475516194,0.1418797329684825,0.5252361894021138,Lung,Treatment vs Control,Lung | Treatment vs Control,0.5252361894021138,0.2796453581420141,FALSE,NS
Gene_0653,235.68861471041652,-1.042937096721441,0.5187695866699298,-2.010405242559094,0.04438831607661996,0.2955807898096868,Lung,Treatment vs Control,Lung | Treatment vs Control,0.2955807898096868,0.5293237947384802,FALSE,NS
Gene_0654,226.19197391840058,0.702900673139412,0.5984964258256291,1.1744442285845844,0.24021713851808568,0.6396042828817421,Lung,Treatment vs Control,Lung | Treatment vs Control,0.6396042828817421,0.19408863681811106,FALSE,NS
Gene_0655,176.23759803729695,-0.5064567469540477,0.5740131237531351,-0.8823086546220829,0.37760991751514966,0.7833512328967575,Lung,Treatment vs Control,Lung | Treatment vs Control,0.7833512328967575,0.10604346871242577,FALSE,NS
Gene_0656,155.33866072766884,0.4202787504599654,0.762882741019908,0.5509087148807288,0.5816962530225145,0.8944780867359686,Lung,Treatment vs Control,Lung | Treatment vs Control,0.8944780867359686,0.04843029447751549,FALSE,NS
Gene_0657,197.8121562968298,-0.23349400427733602,0.6907144937296426,-0.3380470605395021,0.7353277239388845,0.929105186966409,Lung,Treatment vs Control,Lung | Treatment vs Control,0.929105186966409,0.031935115357194996,FALSE,NS
Gene_0658,202.16034126781128,0.5346241845550072,0.6296333795118569,0.8491039419947706,0.3958234571116257,0.8049892779461151,Lung,Treatment vs Control,Lung | Treatment vs Control,0.8049892779461151,0.09420990417852661,FALSE,NS
Gene_0659,135.84430141782923,-0.09977016146986067,0.5232252977609307,-0.19068298474254414,0.8487739702951533,0.9584095795126877,Lung,Treatment vs Control,Lung | Treatment vs Control,0.9584095795126877,0.018448854065043666,FALSE,NS
Gene_0660,115.69959031688062,-0.20870101950839368,0.7755610403054214,-0.2690968326957292,0.7878551677129257,0.9430604969475158,Lung,Treatment vs Control,Lung | Treatment vs Control,0.9430604969475158,0.025460446554566408,FALSE,NS
Gene_0661,171.48144442988055,0.4867415675235736,0.5192631905625814,0.9373696737414159,0.34856843481559424,0.7540442454189249,Lung,Treatment vs Control,Lung | Treatment vs Control,0.7540442454189249,0.12260317007516262,FALSE,NS
Gene_0662,120.74160852785499,-0.2363339402677693,0.49177798052341415,-0.4805703988947044,0.63082185785042455,0.9187844694408034,Lung,Treatment vs Control,Lung | Treatment vs Control,0.9187844694408034,0.0367863544578179,FALSE,NS
Gene_0663,206.17989757262902,-0.46705694635374284,0.5878630814207239,-0.7944995375878655,0.42690467804851323,0.8084495076441023,Lung,Treatment vs Control,Lung | Treatment vs Control,0.8084495076441023,0.09234709911727451,FALSE,NS
Gene_0664,204.91584347671542,-0.3337254486299321,0.6570240186258084,-0.5079349295752262,0.6114989776813862,0.9069706532164497,Lung,Treatment vs Control,Lung | Treatment vs Control,0.9069706532164497,0.042406765147569775,FALSE,NS
Gene_0665,137.21285535642585,0.21735031788083375,0.5600946094680254,0.38806000666078866,0.6979716273376269,0.9187844694408034,Lung,Treatment vs Control,Lung | Treatment vs Control,0.9187844694408034,0.0367863544578179,FALSE,NS
Gene_0666,171.53912956199468,-1.0606513479822532,0.6469961733478048,-1.639347173406048,0.10114097676253657,0.4724262398456547,Lung,Treatment vs Control,Lung | Treatment vs Control,0.4724262398456547,0.3256659884850883,FALSE,NS
Gene_0667,179.03918614268747,-0.007715521922987401,0.7239415465935213,-0.010657658700888889,0.9914965796463691,0.9986231227094864,Lung,Treatment vs Control,Lung | Treatment vs Control,0.9986231227094864,5.983822535950885e-4,FALSE,NS
Gene_0668,117.48812562017223,0.19608349388401036,0.4926567506859139,0.3980123962799822,0.690621048121377,0.9187844694408034,Lung,Treatment vs Control,Lung | Treatment vs Control,0.9187844694408034,0.0367863544578179,FALSE,NS
Gene_0669,186.06562162258012,-0.866436214601803,0.5351344960263218,-1.6190999104628556,0.10542576808607611,0.47408854716968385,Lung,Treatment vs Control,Lung | Treatment vs Control,0.47408854716968385,0.3241405360564635,FALSE,NS
Gene_0670,174.7066371552025,0.6458547074559283,0.6563095681266911,0.9840702296926676,0.3250809832891973,0.7381639743678056,Lung,Treatment vs Control,Lung | Treatment vs Control,0.7381639743678056,0.1318471540943755,FALSE,NS
Gene_0671,103.14498312744274,-0.6876965917242843,0.5392869962272483,-1.2751959467505836,0.20223989559572705,0.6126430310096502,Lung,Treatment vs Control,Lung | Treatment vs Control,0.6126430310096502,0.21279250234871622,FALSE,NS
Gene_0672,94.28385570032023,-1.0031480842384082,0.5805857417335516,-1.7278207371113554,0.08402036834874943,0.42664792601406826,Lung,Treatment vs Control,Lung | Treatment vs Control,0.42664792601406826,0.3699303611829537,FALSE,NS
Gene_0673,192.35878130870248,0.1356365703913748,0.486014006470384,0.2790795503537407,0.7801837763488291,0.9430604969475158,Lung,Treatment vs Control,Lung | Treatment vs Control,0.9430604969475158,0.025460446554566408,FALSE,NS
Gene_0674,193.05770151744696,0.10824387272147888,0.8238288567980399,0.13139121290578276,0.895465839488125,0.9785568044309744,Lung,Treatment vs Control,Lung | Treatment vs Control,0.9785568044309744,0.009413958830841018,FALSE,NS
Gene_0675,95.03030477024777,-0.590524592322318,0.607793879773568,-0.9715869342783057,0.33125608515246385,0.7381639743678056,Lung,Treatment vs Control,Lung | Treatment vs Control,0.7381639743678056,0.1318471540943755,FALSE,NS
Gene_0676,224.46183577581917,-1.8124693929929883,0.5225255479269115,-3.468671340920747,5.230388823634442e-4,0.0210377861572852,Lung,Treatment vs Control,Lung | Treatment vs Control,0.0210377861572852,1.6769999636751949,TRUE,Down
Gene_0677,162.81933048840094,0.7186331149509559,0.5578041219251028,1.2883252143616248,0.19763277953021754,0.6073391209610347,Lung,Treatment vs Control,Lung | Treatment vs Control,0.6073391209610347,0.21656874346117208,FALSE,NS
Gene_0678,187.9807722388772,-0.18340458755376418,0.6133978711148627,-0.2989977569051923,0.7649417570447908,0.9430604969475158,Lung,Treatment vs Control,Lung | Treatment vs Control,0.9430604969475158,0.025460446554566408,FALSE,NS
Gene_0679,157.08147347794235,1.0723015747942573,0.6995243417847202,1.5329010167944375,0.12530024532465261,0.49970460200248146,Lung,Treatment vs Control,Lung | Treatment vs Control,0.49970460200248146,0.3012866509274747,FALSE,NS
Gene_0680,195.4814616753287,0.28900683555490453,0.7371533165341239,0.3920579736569984,0.6950153788674773,0.9187844694408034,Lung,Treatment vs Control,Lung | Treatment vs Control,0.9187844694408034,0.0367863544578179,FALSE,NS
Gene_0681,157.51246174196183,1.1451924351555427,0.5840446036891894,1.9607961924856323,0.04990280239921679,0.3114623184226979,Lung,Treatment vs Control,Lung | Treatment vs Control,0.3114623184226979,0.5065944879806942,FALSE,NS
Gene_0682,182.00771696695688,-0.39895071243060864,0.680926876769093,-0.5858936194787558,0.5579470053231044,0.8762551667113396,Lung,Treatment vs Control,Lung | Treatment vs Control,0.8762551667113396,0.05736940826339159,FALSE,NS
Gene_0683,154.74490681296504,0.4629130537248056,0.5716324145368491,0.8098089645596277,0.418049979525337,0.8084495076441023,Lung,Treatment vs Control,Lung | Treatment vs Control,0.8084495076441023,0.09234709911727451,FALSE,NS
Gene_0684,196.54107227363303,0.19548470730371384,0.6628975043145446,0.2948943177963096,0.7680746127742807,0.9430604969475158,Lung,Treatment vs Control,Lung | Treatment vs Control,0.9430604969475158,0.025460446554566408,FALSE,NS
Gene_0685,145.86743568266255,0.049922157144750595,0.4887825069581104,0.10213572792413585,0.9186489425047506,0.9785568044309744,Lung,Treatment vs Control,Lung | Treatment vs Control,0.9785568044309744,0.009413958830841018,FALSE,NS
Gene_0686,122.61836735923164,-1.6540695088826536,0.5459849003026126,-3.029515116564367,0.002449466453502961,0.05720689394632721,Lung,Treatment vs Control,Lung | Treatment vs Control,0.05720689394632721,1.2425516316538459,FALSE,NS
Gene_0687,166.99574788324702,2.057383897896204,0.5020337897624209,4.098098454428389,4.165581059494514e-5,0.0037698508588425357,Lung,Treatment vs Control,Lung | Treatment vs Control,0.0037698508588425357,2.423675830818854,TRUE,Up
Gene_0688,132.4842970650746,-0.3346055470995167,0.5699628302166619,-0.5870655582440734,0.5571596779196311,0.8762551667113396,Lung,Treatment vs Control,Lung | Treatment vs Control,0.8762551667113396,0.05736940826339159,FALSE,NS
Gene_0689,138.9303559821454,-0.8416202720915315,0.6075203523318965,-1.3853367526883167,0.1659495206282671,0.5562382080317841,Lung,Treatment vs Control,Lung | Treatment vs Control,0.5562382080317841,0.25473918273642293,FALSE,NS
Gene_0690,200.63031062778094,-0.2032106390909623,0.595249965094743,-0.3413870659507191,0.7328122107807382,0.929105186966409,Lung,Treatment vs Control,Lung | Treatment vs Control,0.929105186966409,0.031935115357194996,FALSE,NS
Gene_0691,119.59845569097112,1.066910712831811,0.4958952027816006,2.151484238700518,0.0314379985451951,0.26777777584377943,Lung,Treatment vs Control,Lung | Treatment vs Control,0.26777777584377943,0.5722254700011051,FALSE,NS
Gene_0692,186.7497833738529,-1.875263716299254,0.5138415590212129,-3.649497950051638,2.627533365609967e-4,0.013588101119297258,Lung,Treatment vs Control,Lung | Treatment vs Control,0.013588101119297258,1.866841229877561,TRUE,Down
Gene_0693,166.47355204147078,-0.14706957179976846,0.5534377951162341,-0.26573821502176337,0.7904408298672108,0.9430604969475158,Lung,Treatment vs Control,Lung | Treatment vs Control,0.9430604969475158,0.025460446554566408,FALSE,NS
Gene_0694,162.71573116207946,-0.06704619285148637,0.562984501472985,-0.1190906546735614,0.905203534542627,0.9785568044309744,Lung,Treatment vs Control,Lung | Treatment vs Control,0.9785568044309744,0.009413958830841018,FALSE,NS
Gene_0695,119.52225200293144,-1.3185796389835616,0.5203209189209239,-2.534166109865657,0.011271528663950875,0.15397333495661195,Lung,Treatment vs Control,Lung | Treatment vs Control,0.15397333495661195,0.8125544836044261,FALSE,NS
Gene_0696,180.48395233768042,-0.2708890309179302,0.5940021768104103,-0.4560404683573925,0.6483608778192227,0.9187844694408034,Lung,Treatment vs Control,Lung | Treatment vs Control,0.9187844694408034,0.0367863544578179,FALSE,NS
Gene_0697,110.53323487775398,-1.4191073399402199,0.537020538579989,-2.642556919131398,0.00822826338293615,0.12157678957644433,Lung,Treatment vs Control,Lung | Treatment vs Control,0.12157678957644433,0.9151493290190523,FALSE,NS
Gene_0698,158.29575711881273,-0.7305508648694942,0.7067692230869548,-1.0336483833841383,0.3013005716768759,0.7105590029122416,Lung,Treatment vs Control,Lung | Treatment vs Control,0.7105590029122416,0.14839985359115934,FALSE,NS
Gene_0699,125.72730512138915,-1.0708584308898004,0.6860542182811621,-1.560894754896669,0.11854858508084952,0.49055578742929684,Lung,Treatment vs Control,Lung | Treatment vs Control,0.49055578742929684,0.3093115962452929,FALSE,NS
Gene_0700,104.47879709593197,0.7052085151240771,0.7012281917656868,1.0056762169649338,0.3145713473190378,0.7276346819775826,Lung,Treatment vs Control,Lung | Treatment vs Control,0.7276346819775826,0.13808660890415905,FALSE,NS
