Gene,baseMean,log2FoldChange,lfcSE,stat,pvalue,padj,log2FoldChange_shrunk,lfcSE_shrunk,model_id,contrast_name,comparison_label,padj_plot,log_padj,significant,direction
Ifit3,16018.664087574869,4.379255416655071,0.18150003245218507,24.128124703276598,1.2672017646985385e-128,4.474489431150539e-125,4.337382652368918,0.1806302313581752,Brain,Treatment vs Control,Brain | Treatment vs Control,4.474489431150539e-125,124.34925651339485,TRUE,Up
Ifit2,1001.7961382448714,4.62883710686096,0.21381688745080163,21.64860391546966,6.264940784795488e-104,1.1060752955556434e-100,4.567640630851777,0.21239878008607901,Brain,Treatment vs Control,Brain | Treatment vs Control,1.1060752955556434e-100,99.95621530763235,TRUE,Up
Gene_0211,3212.829334069022,3.4975928463212886,0.16909327472131552,20.684399495401042,4.786970149422647e-95,5.634263865870456e-92,3.468529305846888,0.1683892617978664,Brain,Treatment vs Control,Brain | Treatment vs Control,5.634263865870456e-92,91.2491628178387,TRUE,Up
Ifit1,2151.7017125045986,4.121509136684189,0.20348716576005027,20.254393545115395,3.2492640310016903e-91,2.189822354279594e-88,4.072095987571827,0.20226367446618207,Brain,Treatment vs Control,Brain | Treatment vs Control,2.189822354279594e-88,87.6595911151532,TRUE,Up
Tnf,3535.5463910956387,3.324053880709138,0.16416933150507415,20.24771527199889,3.721023541681553e-91,2.189822354279594e-88,3.2980051914716313,0.16352481626082993,Brain,Treatment vs Control,Brain | Treatment vs Control,2.189822354279594e-88,87.6595911151532,TRUE,Up
Gene_0244,4214.436289160981,3.2086838897900427,0.15833329965680276,20.26537624583751,2.599660306110166e-91,2.189822354279594e-88,3.185282429914039,0.15775486766593888,Brain,Treatment vs Control,Brain | Treatment vs Control,2.189822354279594e-88,87.6595911151532,TRUE,Up
Irf7,2162.418864175819,4.503751091292995,0.226052795619252,19.923447878427513,2.5482535686994565e-88,1.285411907296826e-85,4.437301971930216,0.22437898782296575,Brain,Treatment vs Control,Brain | Treatment vs Control,1.285411907296826e-85,84.89095768135937,TRUE,Up
Gene_2485,17812.0817537519,3.099063064167429,0.15752808839318558,19.67308240567394,3.667911225046786e-86,1.6189243169550253e-83,3.0766887337598745,0.15695840489316246,Brain,Treatment vs Control,Brain | Treatment vs Control,1.6189243169550253e-83,82.79077345359195,TRUE,Up
Gene_1212,8795.053594798228,3.082022591226581,0.1620869736208338,19.01462234982734,1.2906284848518313e-80,5.063565755568684e-78,3.0584747226839046,0.16146658212652143,Brain,Treatment vs Control,Brain | Treatment vs Control,5.063565755568684e-78,77.29554354589092,TRUE,Up
Gene_1119,7042.928960311095,-3.230491993433449,0.17027482482726422,-18.972223267359876,2.894038969682584e-80,1.0218851601949204e-77,-3.203274661931136,0.16955601340182874,Brain,Treatment vs Control,Brain | Treatment vs Control,1.0218851601949204e-77,76.99059790762203,TRUE,Down
Gene_2938,4927.472965893684,3.2773857449314145,0.17631592662944506,18.58814349664136,4.008126811038768e-77,1.2866087063434446e-74,3.247797276792954,0.17551822585310303,Brain,Treatment vs Control,Brain | Treatment vs Control,1.2866087063434446e-74,73.89055351410141,TRUE,Up
Gene_2612,984.6897177505397,3.50979276631218,0.1926822218241019,18.21544682786688,3.892270000350051e-74,1.1453004476030024e-71,3.4720167994216884,0.1916424953812541,Brain,Treatment vs Control,Brain | Treatment vs Control,1.1453004476030024e-71,70.94108056955137,TRUE,Up
Stat1,10101.379744430613,4.142302327246702,0.230635631104908,17.960374584803485,3.981120940656988e-72,1.0813336954969097e-69,4.078721332274194,0.22885875099305886,Brain,Treatment vs Control,Brain | Treatment vs Control,1.0813336954969097e-69,68.96604026372529,TRUE,Up
Gene_3115,5934.6664991742,3.0097929399339884,0.16894804511255798,17.81490243304549,5.4152233817021664e-71,1.3657966971993107e-68,2.984825399962684,0.16824583708480767,Brain,Treatment vs Control,Brain | Treatment vs Control,1.3657966971993107e-68,67.86461394183715,TRUE,Up
Gene_1086,990.0946165423019,-3.3361099046939637,0.18968029267820585,-17.58806809916569,3.0406844593118816e-69,7.157771217220169e-67,-3.3013018194708152,0.1886881610699577,Brain,Treatment vs Control,Brain | Treatment vs Control,7.157771217220169e-67,66.14522218701428,TRUE,Down
Gene_0850,58548.63841041958,3.164404874005634,0.1805387048879107,17.527570478420607,8.826093986796647e-69,1.947808616711185e-66,3.1344646871127573,0.17968258669027484,Brain,Treatment vs Control,Brain | Treatment vs Control,1.947808616711185e-66,65.7104537172672,TRUE,Up
Gene_2709,5125.044874585077,3.022317089116347,0.17308349965588238,17.461613008317926,2.8088422916483365e-68,5.834130665770751e-66,2.996014066169808,0.1723286867504166,Brain,Treatment vs Control,Brain | Treatment vs Control,5.834130665770751e-66,65.23402384830518,TRUE,Up
Usp18,38727.88692565389,3.341537369010179,0.19260881942235009,17.348828465029424,2.0130782906427495e-67,3.9489885801441934e-65,3.3055994401201114,0.19157027438815274,Brain,Treatment vs Control,Brain | Treatment vs Control,3.9489885801441934e-65,64.40351412217319,TRUE,Up
Gene_2113,19478.784850292737,2.661423429729233,0.15575309954539607,17.087450827606357,1.8404524439096342e-65,3.4203355681289044e-63,2.6426362639937047,0.15520239018476029,Brain,Treatment vs Control,Brain | Treatment vs Control,3.4203355681289044e-63,62.46593128334813,TRUE,Up
Gene_2726,5843.747609629829,2.961328011602518,0.17435564664527434,16.984411279935916,1.0712309149378513e-64,1.8912581803227764e-62,2.9351788909200955,0.17358414205716904,Brain,Treatment vs Control,Brain | Treatment vs Control,1.8912581803227764e-62,61.723249180496126,TRUE,Up
Gene_2851,21134.126038604096,2.6982395680497344,0.1629618190540091,16.55749539194502,1.4135703258105048e-61,2.376817533541377e-59,2.677402535120101,0.16233136689984726,Brain,Treatment vs Control,Brain | Treatment vs Control,2.376817533541377e-59,58.62400415744632,TRUE,Up
Irf9,6411.505617044365,3.499614628552878,0.21193002131356392,16.513066940030058,2.9547769907955837e-61,4.7424170702269114e-59,3.4541496910680776,0.21054888575199365,Brain,Treatment vs Control,Brain | Treatment vs Control,4.7424170702269114e-59,58.324000254800445,TRUE,Up
Gene_2742,816.9200676295617,-2.943167895054708,0.17848647350013191,-16.48958510602504,4.359325485280531e-61,6.692512299358937e-59,-2.9159446200981005,0.1776590870298011,Brain,Treatment vs Control,Brain | Treatment vs Control,6.692512299358937e-59,58.17441082200299,TRUE,Down
Fos,1087.3804118554451,2.9947948617606226,0.18219646183789004,16.437173540863007,1.0364114143073478e-60,1.5248202932996855e-58,2.9659417291105448,0.18131665834750949,Brain,Treatment vs Control,Brain | Treatment vs Control,1.5248202932996855e-58,57.81678133679401,TRUE,Up
Gene_2404,4649.271459008048,2.640603206717279,0.16242216223992723,16.257653329455284,1.971453699491169e-59,2.784481205161327e-57,2.620345067933142,0.16179792877430998,Brain,Treatment vs Control,Brain | Treatment vs Control,2.784481205161327e-57,56.555255709188216,TRUE,Up
Gene_0773,4681.386340212025,3.005236066262215,0.18516025419343293,16.23045982169969,3.0714988655876933e-59,4.1713317286115946e-57,2.9753421419674133,0.18423703213160178,Brain,Treatment vs Control,Brain | Treatment vs Control,4.1713317286115946e-57,56.3797252711523,TRUE,Up
Gene_1937,930.6971374951977,-3.020287842414528,0.1863328133585154,-16.20910342078781,4.3486641038207404e-59,5.68708627799668e-57,-2.9898663207237828,0.18539202985220898,Brain,Treatment vs Control,Brain | Treatment vs Control,5.68708627799668e-57,56.24511018307654,TRUE,Down
Gene_3177,2548.5562674214684,2.9095040525729443,0.17994835439333767,16.16855048428642,8.405274301051224e-59,1.0599651270361384e-56,2.8821536721091348,0.17910056781441872,Brain,Treatment vs Control,Brain | Treatment vs Control,1.0599651270361384e-56,55.9747084228342,TRUE,Up
Gene_0959,2995.826661683125,2.7516588869750005,0.170624036719673,16.127029578463453,1.647562842125201e-58,2.0060497915669257e-56,2.728381405681394,0.16990081242410776,Brain,Treatment vs Control,Brain | Treatment vs Control,2.0060497915669257e-56,55.69765829168729,TRUE,Up
Gene_3273,10752.874052476265,2.755055361251352,0.17268109013443378,15.954586336619236,2.6472182335318954e-57,3.115775860867041e-55,2.731188695563662,0.17193150695195603,Brain,Treatment vs Control,Brain | Treatment vs Control,3.115775860867041e-55,54.5064337916573,TRUE,Up
Gene_3451,760.1251529193723,3.1971574137813787,0.20140927582720056,15.873933316380054,9.602958365312885e-57,1.093807935094187e-54,3.1595960819672038,0.2002226667856311,Brain,Treatment vs Control,Brain | Treatment vs Control,1.093807935094187e-54,53.961058930335014,TRUE,Up
Gene_1755,5719.323841811871,2.6029094360737646,0.16547235731386398,15.730176800084068,9.39483856427064e-56,1.0366617178262385e-53,2.5821894485243937,0.16481243507720394,Brain,Treatment vs Control,Brain | Treatment vs Control,1.0366617178262385e-53,52.98436293893323,TRUE,Up
Gene_3354,3819.2641336197103,2.6820852946835685,0.17141410470528304,15.64681797507242,3.492511571004903e-55,3.7369873809752458e-53,2.659187557849433,0.17068083044618693,Brain,Treatment vs Control,Brain | Treatment vs Control,3.7369873809752458e-53,52.42747836866951,TRUE,Up
Gene_1061,3312.5182472778183,2.5992379986408967,0.16686284655087982,15.577092518605314,1.0418698015599086e-54,1.0820124321494228e-52,2.5782008669143024,0.16618621606788067,Brain,Treatment vs Control,Brain | Treatment vs Control,1.0820124321494228e-52,51.96576774922679,TRUE,Up
Gene_1470,968.8718373046123,2.862580462037536,0.18765608945773152,15.254396861351607,1.5391059257384504e-52,1.552738006794991e-50,2.833340648674049,0.18669522339045916,Brain,Treatment vs Control,Brain | Treatment vs Control,1.552738006794991e-50,49.80890181651994,TRUE,Up
Icam1,2040.0525851116788,3.386616780616583,0.22310376027831114,15.179559396004544,4.830153260662459e-52,4.737575323166429e-50,3.3379266378713903,0.22149414769989986,Brain,Treatment vs Control,Brain | Treatment vs Control,4.737575323166429e-50,49.32444387207918,TRUE,Up
Gene_1303,1150.8875858550969,2.8971225042527835,0.19231565439674805,15.064413312272578,2.776191272980356e-51,2.649386860782064e-49,2.8660579786387634,0.1912818189886986,Brain,Treatment vs Control,Brain | Treatment vs Control,2.649386860782064e-49,48.57685462183267,TRUE,Up
Gene_3437,1475.759588051649,2.7235313754792005,0.18150719499165738,15.005087680432625,6.800102979971537e-51,6.31872726902092e-49,2.6974879750758567,0.180637291411417,Brain,Treatment vs Control,Brain | Treatment vs Control,6.31872726902092e-49,48.19937038939237,TRUE,Up
Gene_1725,7751.45679558949,3.0453822631295155,0.2033612437740878,14.97523425118605,1.0659160440490415e-50,9.650639875736322e-49,3.0089155303301456,0.20214000883848757,Brain,Treatment vs Control,Brain | Treatment vs Control,9.650639875736322e-49,48.01544389025326,TRUE,Up
Gene_3490,8959.35340464484,2.8603912635107736,0.19228685457156253,14.875646439191373,4.743808463629984e-50,4.187596921269368e-48,2.8297296771631966,0.1912534810624545,Brain,Treatment vs Control,Brain | Treatment vs Control,4.187596921269368e-48,47.378035128161585,TRUE,Up
Gene_1892,1060.5615498501938,2.8742138811877327,0.19448444197367754,14.778631401152092,2.012133333955685e-49,1.7328884883408595e-47,2.842703635075402,0.19341542941475395,Brain,Treatment vs Control,Brain | Treatment vs Control,1.7328884883408595e-47,46.76122938330824,TRUE,Up
Gene_1980,322.62679094089685,-3.253375080523329,0.22093849118470224,-14.72525254915198,4.438085829184206e-49,3.5615638779203255e-47,-3.207491347791378,0.21937496407346563,Brain,Treatment vs Control,Brain | Treatment vs Control,3.5615638779203255e-47,46.4483592620229,TRUE,Down
Gene_0776,9705.191304593289,2.9446468812162587,0.1999573178898647,14.726377170342685,4.364861758831444e-49,3.5615638779203255e-47,2.9105433649131798,0.19879603991223357,Brain,Treatment vs Control,Brain | Treatment vs Control,3.5615638779203255e-47,46.4483592620229,TRUE,Up
Gene_2172,6444.847310938431,2.706473985138336,0.18377422537738625,14.727168511147335,4.3140596363774544e-49,3.5615638779203255e-47,2.679949540542063,0.1828714804835404,Brain,Treatment vs Control,Brain | Treatment vs Control,3.5615638779203255e-47,46.4483592620229,TRUE,Up
Gene_2559,1251.7359656873248,2.5917206531566697,0.17631558720349744,14.699328030285796,6.5102534839730094e-49,5.108378900424155e-47,2.568322506783069,0.1755178910133002,Brain,Treatment vs Control,Brain | Treatment vs Control,5.108378900424155e-47,46.29171689757531,TRUE,Up
Gene_1850,1516.6125418338888,-2.8751992632067136,0.19617450897695,-14.656334700165058,1.2272117216897719e-48,9.420183889753444e-47,-2.8431341351806783,0.19507754200678054,Brain,Treatment vs Control,Brain | Treatment vs Control,9.420183889753444e-47,46.02594061933815,TRUE,Down
Gene_2547,2416.146518656729,2.859186771907054,0.19601778602796507,14.58636397157932,3.4299748826299764e-48,2.57685985331201e-46,2.827350580863646,0.19492343141106724,Brain,Treatment vs Control,Brain | Treatment vs Control,2.57685985331201e-46,45.58890920061415,TRUE,Up
Gene_2685,6205.13344433706,2.3264955319908185,0.15960378855790458,14.576693655030383,3.951985183557305e-48,2.9071791006543425e-46,2.3092566508425736,0.15901137251990483,Brain,Treatment vs Control,Brain | Treatment vs Control,2.9071791006543425e-46,45.53652821211334,TRUE,Up
Oas1a,18072.638224029593,3.054084616226148,0.2106168531358501,14.500665880978817,1.1998030352963237e-47,8.645927587002691e-46,3.0148916237115975,0.20926106896507304,Brain,Treatment vs Control,Brain | Treatment vs Control,8.645927587002691e-46,45.06318840617188,TRUE,Up
Gene_0977,1998.8309241931734,3.002544544681771,0.20724399173761496,14.487969081792237,1.443479735549494e-47,1.0193853892450527e-45,2.9652219707619745,0.2059519099059484,Brain,Treatment vs Control,Brain | Treatment vs Control,1.0193853892450527e-45,44.99166159540468,TRUE,Up
Gene_3457,962.9505133542357,2.869486672359986,0.19822565613583074,14.47585912084821,1.7216110646129827e-47,1.1919624841467533e-45,2.836820216262285,0.19709411851293293,Brain,Treatment vs Control,Brain | Treatment vs Control,1.1919624841467533e-45,44.92373741337468,TRUE,Up
Gene_1781,921.3763887017838,2.756496591543022,0.19068382476597176,14.455849073334347,2.302725200656814e-47,1.563638977599848e-45,2.7274341257373207,0.18967594638190294,Brain,Treatment vs Control,Brain | Treatment vs Control,1.563638977599848e-45,44.80586351223215,TRUE,Up
Cxcl9,962.9642422159972,2.539523030249935,0.17832669751699357,14.240845961990253,5.110463925629048e-46,3.4047260606407864e-44,2.5160749769623743,0.1775015207642111,Brain,Treatment vs Control,Brain | Treatment vs Control,3.4047260606407864e-44,43.467917825054585,TRUE,Up
Gene_1158,246.73151996651308,-3.2983666942667083,0.23224933959233235,-14.201834545821903,8.92451061617734e-46,5.835638330689293e-44,-3.2470395578598845,0.23043519419329705,Brain,Treatment vs Control,Brain | Treatment vs Control,5.835638330689293e-44,43.233911631763704,TRUE,Down
Gene_0974,239.24210108348558,-3.443402033087189,0.24313303303707196,-14.162625251181531,1.5605361982694012e-45,1.0018642392889556e-43,-3.3847656702672806,0.24105403518053506,Brain,Treatment vs Control,Brain | Treatment vs Control,1.0018642392889556e-43,42.99919112489819,TRUE,Down
Gene_1571,524.0702735296586,2.751134235382105,0.19467261356456492,14.132107156765873,2.408288329741903e-45,1.5185118021997607e-43,2.720915571007213,0.1936005121452793,Brain,Treatment vs Control,Brain | Treatment vs Control,1.5185118021997607e-43,42.81858182830264,TRUE,Up
Gene_1025,293.5880298921429,3.458862918898719,0.2450910099605982,14.11256544846251,3.178028510690102e-45,1.9687050300432895e-43,3.3990272853304706,0.24296181969856603,Brain,Treatment vs Control,Brain | Treatment vs Control,1.9687050300432895e-43,42.70581934908327,TRUE,Up
Gene_2723,3615.2926497775184,2.317520780040512,0.16608749350546828,13.953614032739978,2.990588594620287e-44,1.8206497116559023e-42,2.298936263273353,0.16542021387413156,Brain,Treatment vs Control,Brain | Treatment vs Control,1.8206497116559023e-42,41.739773603314646,TRUE,Up
Gene_1578,1386.3935200040562,2.755822963508799,0.1978107893244906,13.931610974910587,4.0706903904758147e-44,2.4362047065712037e-42,2.7245801582677536,0.1966863012497061,Brain,Treatment vs Control,Brain | Treatment vs Control,2.4362047065712037e-42,41.61328622211508,TRUE,Up
Gene_0958,365.48622206277906,-3.0810671997522956,0.22171395970580204,-13.896586411792216,6.643505003398052e-44,3.9097026944997534e-42,-3.037312368277997,0.22013402900215168,Brain,Treatment vs Control,Brain | Treatment vs Control,3.9097026944997534e-42,41.4078562664014,TRUE,Down
Gene_2560,690.0548304998731,-2.4628400036894984,0.177504415775257,-13.874809778297374,9.003162114183547e-44,5.211502528718378e-42,-2.4403072991507364,0.17669054948217663,Brain,Treatment vs Control,Brain | Treatment vs Control,5.211502528718378e-42,41.2830370471697,TRUE,Down
Gene_2290,420.09774517786525,-3.2513174382932326,0.235212500821886,-13.822893880777551,1.8546147373280917e-43,1.0562330060492729e-41,-3.1994439110085247,0.2333285935697343,Brain,Treatment vs Control,Brain | Treatment vs Control,1.0562330060492729e-41,40.97624026543955,TRUE,Down
Gene_1098,6504.3428519063455,2.322758103145363,0.1694009274342767,13.711602045664918,8.652601219213742e-43,4.849576969054559e-41,2.303387238614807,0.16869308089496055,Brain,Treatment vs Control,Brain | Treatment vs Control,4.849576969054559e-41,40.31429614346331,TRUE,Up
Gene_0289,12058.580785041686,3.0518939924271695,0.2233167446463324,13.666212075858736,1.615905244630323e-42,8.915252216858861e-41,3.007933625809697,0.22170255113966184,Brain,Treatment vs Control,Brain | Treatment vs Control,8.915252216858861e-41,40.04986636591088,TRUE,Up
Gene_2123,2722.4738276974726,2.8146680176659866,0.20628203985418572,13.644755596054736,2.1693960054480306e-42,1.1784826608056917e-40,2.7800008592512997,0.2050077566293131,Brain,Treatment vs Control,Brain | Treatment vs Control,1.1784826608056917e-40,39.928676802933296,TRUE,Up
Gene_0577,3756.4385089136113,-2.2949551063955616,0.16835312009793774,-13.631794320535874,2.5912972927640204e-42,1.3863440516287509e-40,-2.2760501946239136,0.16765827372384465,Brain,Treatment vs Control,Brain | Treatment vs Control,1.3863440516287509e-40,39.85812897666401,TRUE,Down
Gene_2237,345.1036539422456,-2.999010860398475,0.22007931895776092,-13.626954475327437,2.7689663110914744e-42,1.4592865738005965e-40,-2.9570382586485406,0.21853383440855928,Brain,Treatment vs Control,Brain | Treatment vs Control,1.4592865738005965e-40,39.835859413247725,TRUE,Down
Gene_3328,454.8167097953424,-2.572613751706737,0.19140954528500848,-13.440362902885118,3.5071245033178676e-41,1.821125973708146e-39,-2.545285355713227,0.1903901769701615,Brain,Treatment vs Control,Brain | Treatment vs Control,1.821125973708146e-39,38.739660011484574,TRUE,Down
Gene_1198,3932.525424737777,2.829460544410524,0.21122251242873585,13.395639091099026,6.412169751756129e-41,3.2813581729638975e-39,2.7929437142235227,0.20985507421364014,Brain,Treatment vs Control,Brain | Treatment vs Control,3.2813581729638975e-39,38.48394636210042,TRUE,Up
Ube2c,689.4248191197004,-2.6017572855697066,0.19476815948615558,-13.35822699374352,1.0606034947164899e-40,5.349987056919894e-39,-2.573151638171288,0.19369448741228065,Brain,Treatment vs Control,Brain | Treatment vs Control,5.349987056919894e-39,38.27164726865448,TRUE,Down
Gene_2843,5116.022246310034,-2.1085192979875855,0.15843228012921035,-13.308647052658529,2.0618154300106626e-40,1.0253901807560071e-38,-2.0931224275103704,0.1578527666240714,Brain,Treatment vs Control,Brain | Treatment vs Control,1.0253901807560071e-38,37.98911084572525,TRUE,Down
Gene_1985,1001.2282928786453,2.8764747466456453,0.21641702762305415,13.291351324054617,2.5984267730588314e-40,1.274311796620935e-38,2.8375277959719596,0.21494691057006626,Brain,Treatment vs Control,Brain | Treatment vs Control,1.274311796620935e-38,37.894724296502666,TRUE,Up
Gene_2521,24779.425651802474,2.3608697629854123,0.17931280168572214,13.166208663245696,1.3732231034199918e-39,6.64226133996711e-38,2.338831769157871,0.17847392447677712,Brain,Treatment vs Control,Brain | Treatment vs Control,6.64226133996711e-38,37.177684041072354,TRUE,Up
Gene_3406,4407.499005783198,-2.283789434579737,0.17411570643071048,-13.116504429131288,2.64873286921048e-39,1.26387510286246e-37,-2.2636780928053843,0.17334736858301267,Brain,Treatment vs Control,Brain | Treatment vs Control,1.26387510286246e-37,36.89829584125749,TRUE,Down
Gene_2387,235.54937931521903,-3.3003630213163895,0.2524025613397568,-13.075790530008927,4.5283163290161245e-39,2.1319313277007914e-37,-3.2398754276437356,0.2500789041127936,Brain,Treatment vs Control,Brain | Treatment vs Control,2.1319313277007914e-37,36.67122678861401,TRUE,Down
Gene_0226,1848.702342951455,2.5304724378620445,0.1936899206652324,13.064554052018194,5.249132494341254e-39,2.4387745838840746e-37,2.5029544002290347,0.19263388540209514,Brain,Treatment vs Control,Brain | Treatment vs Control,2.4387745838840746e-37,36.612828339702446,TRUE,Up
Gene_2544,3592.0072782142247,-2.7273523988554946,0.20911001952755556,-13.04266722855954,6.99658698758611e-39,3.20843489002163e-37,-2.692845055088437,0.2077829447550934,Brain,Treatment vs Control,Brain | Treatment vs Control,3.20843489002163e-37,36.49370676958496,TRUE,Down
Gene_0965,18588.127458569757,2.238385355308827,0.1718162267896152,13.027787870406883,8.503745322444742e-39,3.849580094045177e-37,2.219186618285147,0.1710778020534991,Brain,Treatment vs Control,Brain | Treatment vs Control,3.849580094045177e-37,36.414586640045954,TRUE,Up
Gene_0490,264.1051974732612,-3.005293409371802,0.23091117751355056,-13.014932588940793,1.0063106088275581e-38,4.49782627819001e-37,-2.959055991277992,0.22912797027803405,Brain,Treatment vs Control,Brain | Treatment vs Control,4.49782627819001e-37,36.346997322551,TRUE,Down
Gene_2250,2739.7585930929404,2.2854793465613836,0.1765021916136625,12.948730696579473,2.388709814732407e-38,1.0543167944775163e-36,2.264802654951653,0.17570197148943784,Brain,Treatment vs Control,Brain | Treatment vs Control,1.0543167944775163e-36,35.97702887544082,TRUE,Up
Gene_0599,3429.824399652867,2.1253059962187137,0.16679704771191234,12.741868188755287,3.460088223035848e-37,1.508342162412294e-35,2.1081181230309842,0.16612121412116176,Brain,Treatment vs Control,Brain | Treatment vs Control,1.508342162412294e-35,34.82150012902879,TRUE,Up
Gene_2603,1961.148646401118,-2.526264497741135,0.20064989474947176,-12.590410281028994,2.3843085087131018e-36,1.026706505398288e-34,-2.4968058286389976,0.199476579030272,Brain,Treatment vs Control,Brain | Treatment vs Control,1.026706505398288e-34,33.988553686200746,TRUE,Down
Gene_3310,190.59865104881794,-3.082804898477946,0.2459919777244793,-12.532135913516695,4.980307256206999e-36,2.1187307134538448e-34,-3.029088810657543,0.24383942598931416,Brain,Treatment vs Control,Brain | Treatment vs Control,2.1187307134538448e-34,33.67392423776432,TRUE,Down
Gene_0940,984.1813336808946,2.4750950966630887,0.1976409185565892,12.52319162822759,5.574751415940324e-36,2.343386577343486e-34,2.4470825350396943,0.1965193085819211,Brain,Treatment vs Control,Brain | Treatment vs Control,2.343386577343486e-34,33.63015606199695,TRUE,Up
Gene_1381,366.33048905094256,3.1259645027093166,0.24987229473423772,12.510248509279785,6.561861921704325e-36,2.725874640651526e-34,3.0697955733137703,0.24761720203801799,Brain,Treatment vs Control,Brain | Treatment vs Control,2.725874640651526e-34,33.56449412066758,TRUE,Up
Gene_2842,405.2458108854584,-2.723251493645965,0.2178218094817076,-12.502198471887453,7.26149450207699e-36,2.981434544980681e-34,-2.685905507406462,0.21632307666959893,Brain,Treatment vs Control,Brain | Treatment vs Control,2.981434544980681e-34,33.52557472080281,TRUE,Down
Gene_2112,316.53166922696397,-2.886823778580307,0.23108605185361256,-12.492418973037111,8.21183077929255e-36,3.3328706300783904e-34,-2.842342793239778,0.22929882144612934,Brain,Treatment vs Control,Brain | Treatment vs Control,3.3328706300783904e-34,33.47718154374526,TRUE,Down
Gene_0160,2112.2323111903734,2.17184951782796,0.17387004511512505,12.49122306484655,8.336216941609602e-36,3.3449070478208528e-34,2.152777390503103,0.17310494058439393,Brain,Treatment vs Control,Brain | Treatment vs Control,3.3449070478208528e-34,33.47561594641017,TRUE,Up
Gene_0174,371.9980158026578,3.260866120284019,0.2640061676214853,12.351477049427247,4.7825211715161306e-35,1.8974249726543208e-33,3.1955936314236464,0.26135051608537563,Brain,Treatment vs Control,Brain | Treatment vs Control,1.8974249726543208e-33,32.72183538782058,TRUE,Up
Gene_2979,361.7514912317652,3.2125496030450007,0.26037828264853896,12.338009031964198,5.653666011829616e-35,2.2181216319744858e-33,3.1499652510963054,0.2578295666386734,Brain,Treatment vs Control,Brain | Treatment vs Control,2.2181216319744858e-33,32.654014642746375,TRUE,Up
Gene_3166,962.8758906135728,2.2586734181517905,0.1835189793786572,12.307573994793417,8.246485541408873e-35,3.1998176315071134e-33,2.2365984306399374,0.18261997240107547,Brain,Treatment vs Control,Brain | Treatment vs Control,3.1998176315071134e-33,32.4948747728948,TRUE,Up
Gene_3408,6481.269420638036,2.7194506817159834,0.22211592031198207,12.243384796084255,1.822696632881468e-34,6.995588924678764e-33,2.6806930752509537,0.22052744239697142,Brain,Treatment vs Control,Brain | Treatment vs Control,6.995588924678764e-33,32.155175718488515,TRUE,Up
Gene_2852,870.7695043572058,-2.2725405016099116,0.1857968269053519,-12.231320305419333,2.114731012031877e-34,8.029156132779095e-33,-2.249780763281412,0.18486409804929504,Brain,Treatment vs Control,Brain | Treatment vs Control,8.029156132779095e-33,32.09533009683038,TRUE,Down
Gene_1556,268.257868870223,-2.8540199786082163,0.23376726474123183,-12.20880939753249,2.7894114408000065e-34,1.0478097656877472e-32,-2.8090342350790785,0.23191759938656903,Brain,Treatment vs Control,Brain | Treatment vs Control,1.0478097656877472e-32,31.97971755820289,TRUE,Down
Gene_1684,449.66850398665844,2.4069356325920808,0.1974765216572357,12.18846479770315,3.5810393879618525e-34,1.3310157977782424e-32,2.3797392716901054,0.19635769239921735,Brain,Treatment vs Control,Brain | Treatment vs Control,1.3310157977782424e-32,31.875816789869276,TRUE,Up
Gene_2502,1164.9391478869213,2.3454044927788966,0.19320873392187515,12.139226033784125,6.544210811097653e-34,2.4070425389568555e-32,2.3200242071239514,0.19216050722960112,Brain,Treatment vs Control,Brain | Treatment vs Control,2.4070425389568555e-32,31.61851623449814,TRUE,Up
Stat2,222.96358266181622,3.1242195487946804,0.2577668066910674,12.120333059558932,8.242350089571022e-34,3.0003853779665237e-32,3.0645475174013637,0.25529328899332165,Brain,Treatment vs Control,Brain | Treatment vs Control,3.0003853779665237e-32,31.522822959688583,TRUE,Up
Oas2,378.0007777720155,2.803988541253067,0.23192386495868236,12.090125100979161,1.191052262020998e-33,4.2914342216287184e-32,2.7604749260856596,0.23011727678335825,Brain,Treatment vs Control,Brain | Treatment vs Control,4.2914342216287184e-32,31.367397539879732,TRUE,Up
Gene_2566,189.8975300982384,-3.1433914310469113,0.26041312639732483,-12.070787193157413,1.5068591566625963e-33,5.374464325429927e-32,-3.0821382927783927,0.2578633970327538,Brain,Treatment vs Control,Brain | Treatment vs Control,5.374464325429927e-32,31.269664815524575,TRUE,Down
Gene_0136,1858.619327862547,2.6501366994261466,0.2210667752169122,11.987946613984914,4.109665679433684e-33,1.451122951408034e-31,2.612717891178619,0.21950054228775673,Brain,Treatment vs Control,Brain | Treatment vs Control,1.451122951408034e-31,30.838295788902126,TRUE,Up
Gene_0470,337.0842301827902,2.8805205982455337,0.24094866503534976,11.954914121740124,6.119680646884731e-33,2.1394645905098997e-31,2.832332066023773,0.238924736921195,Brain,Treatment vs Control,Brain | Treatment vs Control,2.1394645905098997e-31,30.66969489696851,TRUE,Up
Gene_0690,4622.035445033493,2.4762838420213584,0.20798892525986407,11.905844693064582,1.1034027854200148e-32,3.8197208189392865e-31,2.4452839487336386,0.206682947990869,Brain,Treatment vs Control,Brain | Treatment vs Control,3.8197208189392865e-31,30.417968378246652,TRUE,Up
Gene_2604,224.6201705071967,3.069071022275322,0.25833447798063225,11.880222284945702,1.499680327950968e-32,5.141137124266862e-31,3.01019880358745,0.25584473974198296,Brain,Treatment vs Control,Brain | Treatment vs Control,5.141137124266862e-31,30.288940812488104,TRUE,Up
Gene_0203,558.5933705467266,2.201602031411576,0.18611366990926756,11.829340813519398,2.752951897164481e-32,9.346801104699792e-31,2.1794782395884975,0.1851761851657043,Brain,Treatment vs Control,Brain | Treatment vs Control,9.346801104699792e-31,30.029336998783524,TRUE,Up
Gene_1995,430.7285359908754,2.5098096841361843,0.21284312691249924,11.79182866058897,4.3009949308207694e-32,1.4463631524502986e-30,2.476925827733799,0.2114441801941612,Brain,Treatment vs Control,Brain | Treatment vs Control,1.4463631524502986e-30,29.83972265081461,TRUE,Up
Gene_2395,1871.394454245682,2.3322610619681474,0.19860763710924448,11.743058302865178,7.666310867905726e-32,2.5537494032618035e-30,2.305609169043788,0.19746958297179526,Brain,Treatment vs Control,Brain | Treatment vs Control,2.5537494032618035e-30,29.592821721841684,TRUE,Up
Gene_0784,79405.1088457603,2.023587162635436,0.17248318420541095,11.732083750410924,8.728311998623495e-32,2.8803429595457534e-30,2.0060969168404825,0.17173616418514445,Brain,Treatment vs Control,Brain | Treatment vs Control,2.8803429595457534e-30,29.540555798153793,TRUE,Up
Gene_2342,183.81252262879696,3.049311097517707,0.25996610236357864,11.729648864962622,8.983054418723198e-32,2.9369597363436677e-30,2.990091105155325,0.257429353652974,Brain,Treatment vs Control,Brain | Treatment vs Control,2.9369597363436677e-30,29.532102007308875,TRUE,Up
Gene_3324,26684.623745145298,1.8913189723691604,0.16127604606692966,11.727215655970769,9.244994197256561e-32,2.994869221147974e-30,1.877011688559184,0.16066488461651407,Brain,Treatment vs Control,Brain | Treatment vs Control,2.994869221147974e-30,29.52362213747295,TRUE,Up
Gene_1518,213.47454655367508,3.2130202902102933,0.2744843389407496,11.705659793230893,1.1922818442221474e-31,3.8272247199530934e-30,3.14361149768815,0.27150339868026907,Brain,Treatment vs Control,Brain | Treatment vs Control,3.8272247199530934e-30,29.41711603692095,TRUE,Up
Gene_1339,333.89733139016926,2.8433623822647984,0.24396892045233037,11.654609025580244,2.1737585288108653e-31,6.914902130838888e-30,2.7946160837938576,0.2418685911317351,Brain,Treatment vs Control,Brain | Treatment vs Control,6.914902130838888e-30,29.160213962241208,TRUE,Up
Gene_2104,11351.492029291308,2.4539071213338435,0.2116902104732632,11.59197260868979,4.525874908433324e-31,1.4268628840783987e-29,2.422098573433465,0.21031372773960172,Brain,Treatment vs Control,Brain | Treatment vs Control,1.4268628840783987e-29,28.845617758875008,TRUE,Up
Gene_0585,381.93951173219403,-2.494264685486233,0.21698541806790322,-11.49507975096133,1.3965198183516089e-30,4.3638154677871954e-29,-2.4603175801122172,0.2155037665934294,Brain,Treatment vs Control,Brain | Treatment vs Control,4.3638154677871954e-29,28.36013362266119,TRUE,Down
Mx1,420.80379729761665,2.8518768934738827,0.2483962478139978,11.481159311268678,1.6406573659367566e-30,5.081720315019901e-29,2.8012258189207655,0.2461805311215134,Brain,Treatment vs Control,Brain | Treatment vs Control,5.081720315019901e-29,28.293989241093215,TRUE,Up
Gene_0749,256.9143159132015,-2.5322041852151553,0.22069688720836594,-11.473674220082826,1.7889862496374077e-30,5.492965606495379e-29,-2.496568397396788,0.21913844772923077,Brain,Treatment vs Control,Brain | Treatment vs Control,5.492965606495379e-29,28.26019312024972,TRUE,Down
Gene_0508,4034.2931277775947,1.785065226124173,0.1556957064616676,11.465089607744947,1.9755499729442687e-30,6.013505995229494e-29,1.7724735508173048,0.15514560351817147,Brain,Treatment vs Control,Brain | Treatment vs Control,6.013505995229494e-29,28.220872251719026,TRUE,Up
Gene_1938,291.4443392006363,-2.6863567390168397,0.23638682695270155,-11.36424044286677,6.3010146702242854e-30,1.9016139145779446e-28,-2.6430748227884684,0.23447479103296578,Brain,Treatment vs Control,Brain | Treatment vs Control,1.9016139145779446e-28,27.72087765342843,TRUE,Down
Gene_1777,490.42150391546636,-2.8462906804289103,0.25062148991588434,-11.356929852201445,6.851017390669858e-30,2.050079864953836e-28,-2.794845476112951,0.2483462363450575,Brain,Treatment vs Control,Brain | Treatment vs Control,2.050079864953836e-28,27.688229219806132,TRUE,Down
Gene_3424,130.61273419130993,3.3762160817241376,0.29791603193708066,11.332777426483675,9.029526840612377e-30,2.6792654852270843e-28,3.290627284338457,0.2941156302178454,Brain,Treatment vs Control,Brain | Treatment vs Control,2.6792654852270843e-28,27.571984250536417,TRUE,Up
Isg15,1104.3033731915427,2.4040495398518194,0.2121622922596774,11.3311819656877,9.195538102623732e-30,2.7057870866970334e-28,2.372749935457141,0.21077664027326068,Brain,Treatment vs Control,Brain | Treatment vs Control,2.7057870866970334e-28,27.56770638021088,TRUE,Up
Gene_0879,518.6056068998332,-2.393582288644083,0.21133585752339928,-11.325963878983782,9.759933165829511e-30,2.8481259511193393e-28,-2.362658140306141,0.20996623101192527,Brain,Treatment vs Control,Brain | Treatment vs Control,2.8481259511193393e-28,27.545440809042688,TRUE,Down
Gene_1498,2950.020962776557,1.9734909794302165,0.17601048529417052,11.212348946892988,3.546545566351698e-29,1.026463311048184e-27,1.9557352862216306,0.17521690442180785,Brain,Treatment vs Control,Brain | Treatment vs Control,1.026463311048184e-27,26.98865656903482,TRUE,Up
Gene_1021,145.32702920988243,-3.0832049436315923,0.2762565690850571,-11.160657478093487,6.35200590303901e-29,1.8234904750919302e-27,-3.015756492759962,0.27321815406251837,Brain,Treatment vs Control,Brain | Treatment vs Control,1.8234904750919302e-27,26.739096500859013,TRUE,Down
Gene_2066,262.4038770175837,-3.1035884811912116,0.2781818367053947,-11.156689875759328,6.641872327180226e-29,1.891326708651079e-27,-3.034765549901623,0.27508016569498456,Brain,Treatment vs Control,Brain | Treatment vs Control,1.891326708651079e-27,26.723233444444876,TRUE,Down
Gene_1345,466.35024994216616,-2.121650322400622,0.19074031715815867,-11.123239984137099,9.669539286901156e-29,2.7314514577638385e-27,-2.099268090788876,0.18973154745146237,Brain,Treatment vs Control,Brain | Treatment vs Control,2.7314514577638385e-27,26.56360651318441,TRUE,Down
Gene_0138,1272.826779755716,-1.9368273711327222,0.17429095285355845,-11.112609917051001,1.0892845454838363e-28,3.052590261986846e-27,-1.9197373740518198,0.17352030294607518,Brain,Treatment vs Control,Brain | Treatment vs Control,3.052590261986846e-27,26.515331485547453,TRUE,Down
Gene_1925,168.01904988077314,-2.735345635990218,0.24723881654914256,-11.06357680468239,1.8843026420125268e-28,5.238954825941915e-27,-2.687207965416074,0.24505365789446446,Brain,Treatment vs Control,Brain | Treatment vs Control,5.238954825941915e-27,26.280755346337077,TRUE,Down
Gene_1331,279.0846937314338,2.4514896933576864,0.22327911044754506,10.979485221182905,4.796492129861982e-28,1.3231573211361452e-26,2.4161894539294257,0.22166572701243167,Brain,Treatment vs Control,Brain | Treatment vs Control,1.3231573211361452e-26,25.878388515873446,TRUE,Up
Gene_2471,143.91371991128582,-3.5152196941303187,0.3203716495589348,-10.972318240299433,5.1923764391736675e-28,1.421262109048234e-26,-3.4125740053695464,0.31565951154918104,Brain,Treatment vs Control,Brain | Treatment vs Control,1.421262109048234e-26,25.847325822131527,TRUE,Down
Gene_1591,355.23300918580975,2.3780432341903857,0.21674645848940333,10.971543667951776,5.237055975349591e-28,1.4224649729968774e-26,2.345748189479229,0.21526966350021223,Brain,Treatment vs Control,Brain | Treatment vs Control,1.4224649729968774e-26,25.846958418937437,TRUE,Up
Gene_2539,149.13681767282205,-3.1284358706617144,0.2865548474865484,-10.91740690517745,9.517432581742092e-28,2.5653476676436128e-26,-3.05492252307222,0.2831680377706158,Brain,Treatment vs Control,Brain | Treatment vs Control,2.5653476676436128e-26,25.59085376898988,TRUE,Down
Gene_3305,7666.589775023252,2.4581257504111775,0.2252581190185242,10.912484580451604,1.0047217522850533e-27,2.6876306873625174e-26,2.422108955558189,0.22360177298592496,Brain,Treatment vs Control,Brain | Treatment vs Control,2.6876306873625174e-26,25.570630408780353,TRUE,Up
Gene_0896,257.96401484700357,-2.4720732443162428,0.22762054077546223,-10.860501586958426,1.7777006667614777e-27,4.7195947776953217e-26,-2.43509978012751,0.2259119292743393,Brain,Treatment vs Control,Brain | Treatment vs Control,4.7195947776953217e-26,25.326095288095928,TRUE,Down
Gene_2466,399.2323744241981,2.6903160884033817,0.2482302189447347,10.837987815666981,2.274179847463324e-27,5.992633612979848e-26,2.6425971532698163,0.246018902837861,Brain,Treatment vs Control,Brain | Treatment vs Control,5.992633612979848e-26,25.222382274068117,TRUE,Up
Gene_0865,1443.822377072854,2.0547795735440806,0.19040145367566308,10.791827130922375,3.762340432773142e-27,9.840610420831085e-26,2.0331789344286473,0.18939802266316957,Brain,Treatment vs Control,Brain | Treatment vs Control,9.840610420831085e-26,25.0069779611036,TRUE,Up
Gene_0130,2905.741961818338,1.9965314659376237,0.1854925070270211,10.763407632669413,5.123967471526029e-27,1.3303477310263535e-25,1.976600782779687,0.1845643310278828,Brain,Treatment vs Control,Brain | Treatment vs Control,1.3303477310263535e-25,24.87603482675664,TRUE,Up
Gene_0439,411.7173436373233,2.3391639222613088,0.21749071496696065,10.755235793016059,5.599063835461769e-27,1.4430871827018617e-25,2.307181330772249,0.21599875943552124,Brain,Treatment vs Control,Brain | Treatment vs Control,1.4430871827018617e-25,24.840707430637217,TRUE,Up
Gene_2182,114.81048083306415,-3.359402834276624,0.3128915640694759,-10.736636010840762,6.849485832876844e-27,1.7525749620208794e-25,-3.2657080227891075,0.30849738612728234,Brain,Treatment vs Control,Brain | Treatment vs Control,1.7525749620208794e-25,24.756323397101237,TRUE,Down
Gene_1069,1002.4434039991655,2.362569312466564,0.22043733271049104,10.717646069368016,8.411687680300282e-27,2.1368107337511005e-25,2.3293978630919745,0.21888434668088672,Brain,Treatment vs Control,Brain | Treatment vs Control,2.1368107337511005e-25,24.67023394340808,TRUE,Up
Gene_0549,815.978984521704,2.674827201014323,0.25089677882029193,10.661066330111009,1.5481215441342965e-26,3.904583694527286e-25,2.6263767661747575,0.24861408754430633,Brain,Treatment vs Control,Brain | Treatment vs Control,3.904583694527286e-25,24.40842526365803,TRUE,Up
Gene_1983,108.90740765600177,-3.2781296216300686,0.3078435430919986,-10.648687280247437,1.7684115950959644e-26,4.428554143463723e-25,-3.1895487752241425,0.3036558215974218,Brain,Treatment vs Control,Brain | Treatment vs Control,4.428554143463723e-25,24.353738041273235,TRUE,Down
B2m,69.45914717571459,5.2482943883359034,0.49603281678881705,10.580538647245053,3.6684314524646754e-26,9.12199398496674e-25,4.895313031897134,0.4790618088444696,Brain,Treatment vs Control,Brain | Treatment vs Control,9.12199398496674e-25,24.03991021846831,TRUE,Up
Gene_2246,663.9419574124938,2.2372535639111026,0.2116052342294532,10.572770432914464,3.985440241533918e-26,9.782865571423033e-25,2.2082763442734614,0.21023039772484114,Brain,Treatment vs Control,Brain | Treatment vs Control,9.782865571423033e-25,24.009533914172458,TRUE,Up
Gene_2118,1743.2263014270231,1.6946877572482495,0.16028944331628114,10.572672299474599,3.9896138269184844e-26,9.782865571423033e-25,1.6820231336741835,0.15968938813918315,Brain,Treatment vs Control,Brain | Treatment vs Control,9.782865571423033e-25,24.009533914172458,TRUE,Up
Gene_3298,697.7683624821198,2.116896266319571,0.20047226634962628,10.559546738638032,4.588721608266801e-26,1.1174328275027637e-24,2.092254401511486,0.19930204582986724,Brain,Treatment vs Control,Brain | Treatment vs Control,1.1174328275027637e-24,23.951778574255712,TRUE,Up
Gene_1306,246.315691533653,-2.2882497302391314,0.21828474474770293,-10.482866005519202,1.0355703432697595e-25,2.5045197822503566e-24,-2.256737560442307,0.2167765019553288,Brain,Treatment vs Control,Brain | Treatment vs Control,2.5045197822503566e-24,23.601275533633785,TRUE,Down
Gene_1524,767.330867449031,1.963551704067075,0.18752964175855813,10.470620461138198,1.1786788577623234e-25,2.831234725686234e-24,1.943521760044675,0.18657070684925314,Brain,Treatment vs Control,Brain | Treatment vs Control,2.831234725686234e-24,23.548024123625193,TRUE,Up
Gene_1273,323.8173418071737,2.2803279919075394,0.2179191123691112,10.464102790787445,1.2626703428190376e-25,3.0124925543878528e-24,2.249028585722092,0.21641838397814941,Brain,Treatment vs Control,Brain | Treatment vs Control,3.0124925543878528e-24,23.521074017808697,TRUE,Up
Gene_2352,1004.7852163776954,1.9042527063965624,0.1835029597586153,10.377231565645957,3.147707748682053e-25,7.459433597715658e-24,1.8856448423357326,0.18260418703603631,Brain,Treatment vs Control,Brain | Treatment vs Control,7.459433597715658e-24,23.127294147691586,TRUE,Up
Ccl2,182.63508663260595,2.8683199230931975,0.27784410658843783,10.323486642608382,5.518210464579703e-25,1.298986743362062e-23,2.8048650714517414,0.2747535937723747,Brain,Treatment vs Control,Brain | Treatment vs Control,1.298986743362062e-23,22.88639528103943,TRUE,Up
Gene_0997,94.8633898184206,-3.389080905978602,0.32884258007969447,-10.306089026418853,6.613828557360251e-25,1.5465846778833808e-23,-3.284978885978182,0.3237526783211249,Brain,Treatment vs Control,Brain | Treatment vs Control,1.5465846778833808e-23,22.81062629672079,TRUE,Down
Gene_2147,157.3990337016835,3.0705376262976363,0.2982332061761296,10.295760373793682,7.363548812084774e-25,1.7105717668073248e-23,2.992536314884192,0.29442080806788223,Brain,Treatment vs Control,Brain | Treatment vs Control,1.7105717668073248e-23,22.76685870033038,TRUE,Up
Gene_0986,338.6556450654322,2.8298248389720664,0.2749949425324263,10.290461391443172,7.780265975607721e-25,1.7955633437824094e-23,2.768471258440042,0.27199751679112394,Brain,Treatment vs Control,Brain | Treatment vs Control,1.7955633437824094e-23,22.745799269251407,TRUE,Up
Gene_1702,246.70620490543857,-2.2949147078831387,0.22342890808596796,-10.271341911585283,9.487565948993615e-25,2.1753633354478214e-23,-2.26182535495107,0.22181229868410804,Brain,Treatment vs Control,Brain | Treatment vs Control,2.1753633354478214e-23,22.662468195536157,TRUE,Down
Gene_0474,272.0327164526208,-2.5573091409987536,0.2496673962363813,-10.242863824227703,1.2740816781444022e-24,2.902440261630893e-23,-2.511432080660287,0.2474177968327867,Brain,Treatment vs Control,Brain | Treatment vs Control,2.902440261630893e-23,22.537236710197845,TRUE,Down
Cxcl10,257.7087881666571,2.6853381118022828,0.26236659497048054,10.235061030175798,1.3810807721092342e-24,3.1260232091780166e-23,2.63223832633164,0.25975962899840105,Brain,Treatment vs Control,Brain | Treatment vs Control,3.1260232091780166e-23,22.505007801882883,TRUE,Up
Gene_0808,194.4978920056701,2.7693353560176917,0.27166285737632384,10.19401541588529,2.1087031520186754e-24,4.7425674075018747e-23,2.71070886713292,0.26877194080605055,Brain,Treatment vs Control,Brain | Treatment vs Control,4.7425674075018747e-23,22.323986487640553,TRUE,Up
Gene_2964,130.63042122246748,3.200189741588012,0.3145746946153292,10.173067943374447,2.6153860319188316e-24,5.844891189054047e-23,3.1099997388587446,0.31011023177894104,Brain,Treatment vs Control,Brain | Treatment vs Control,5.844891189054047e-23,22.233223569435122,TRUE,Up
Jun,128.09711924977364,3.4413122556167983,0.3383207727979217,10.171743896057741,2.6511889879828047e-24,5.887640450671247e-23,3.329625121265805,0.3327854220204847,Brain,Treatment vs Control,Brain | Treatment vs Control,5.887640450671247e-23,22.23005871957023,TRUE,Up
Gene_1039,114.08026944374345,-2.932326720281482,0.2884690756098758,-10.165133694424656,2.8373250065403147e-24,6.261621623808657e-23,-2.8625199526915326,0.28501475599973586,Brain,Treatment vs Control,Brain | Treatment vs Control,6.261621623808657e-23,22.203313179398254,TRUE,Down
Gene_1330,96.27617717968262,3.903390552971665,0.38508524909531483,10.136432289063123,3.807521909731751e-24,8.350534076560752e-23,3.740823883438154,0.3769810422680513,Brain,Treatment vs Control,Brain | Treatment vs Control,8.350534076560752e-23,22.078285747380377,TRUE,Up
Gene_2856,148.1994033286893,-2.563398027432277,0.2535614412591648,-10.109573501012843,5.010190659615716e-24,1.0920360011792034e-22,-2.515992793254851,0.25120592882564186,Brain,Treatment vs Control,Brain | Treatment vs Control,1.0920360011792034e-22,21.961763043997816,TRUE,Down
Gene_2384,154.0081434957611,-2.678373373659321,0.2652340059851184,-10.098152247527405,5.629282554977825e-24,1.2194476504065462e-22,-2.6242708472633947,0.2625415066799978,Brain,Treatment vs Control,Brain | Treatment vs Control,1.2194476504065462e-22,21.913836838751283,TRUE,Down
Gene_0873,439.83656909514934,2.354005344618974,0.23350029000746977,10.081380817744032,6.678095727379891e-24,1.4378265861816095e-22,2.31698432091459,0.2316569048560786,Brain,Treatment vs Control,Brain | Treatment vs Control,1.4378265861816095e-22,21.84229349031329,TRUE,Up
Gene_2217,123.50258503935753,-2.774120124628091,0.2761241433081153,-10.046640947048832,9.505230106445907e-24,2.034119242779424e-22,-2.7134901355234406,0.2730900478543371,Brain,Treatment vs Control,Brain | Treatment vs Control,2.034119242779424e-22,21.691623591746026,TRUE,Down
Gene_1822,9193.934000779538,2.101268180995092,0.20979209177952962,10.015955144788363,1.2970293665531266e-23,2.758922104397042e-22,2.074510751085037,0.20845207187493894,Brain,Treatment vs Control,Brain | Treatment vs Control,2.758922104397042e-22,21.559260561249012,TRUE,Up
Gene_2763,196.15263793937592,-2.58292945915165,0.2591583434777652,-9.966607381765641,2.1339371162948938e-23,4.511935303974413e-22,-2.533072195558482,0.25664494017692296,Brain,Treatment vs Control,Brain | Treatment vs Control,4.511935303974413e-22,21.345637136269474,TRUE,Down
Gene_2030,351.4048275220656,2.1053795516505756,0.21159168691099484,9.950199756837304,2.5167751630371394e-23,5.289722083740559e-22,2.0781138288858876,0.21021711273589108,Brain,Treatment vs Control,Brain | Treatment vs Control,5.289722083740559e-22,21.276567144726346,TRUE,Up
Gene_2668,5243.025807795453,1.7168657417185973,0.1726135389693575,9.946298256612286,2.61738599470524e-23,5.468633104913729e-22,1.7020043032633438,0.17186483132389824,Brain,Treatment vs Control,Brain | Treatment vs Control,5.468633104913729e-22,21.262121212821455,TRUE,Up
Gene_3005,1094.5715442923731,2.183208627345468,0.2196674314448379,9.938699665151352,2.8249046602108075e-23,5.867493150120212e-22,2.1527662406559847,0.21813054758155512,Brain,Treatment vs Control,Brain | Treatment vs Control,5.867493150120212e-22,21.23154740873691,TRUE,Up
Gene_3342,335.41806930926595,-2.2292944278229045,0.22550409170178717,-9.885826953290874,4.796054047062346e-23,9.903430900688388e-22,-2.1965601745571592,0.223842353706341,Brain,Treatment vs Control,Brain | Treatment vs Control,9.903430900688388e-22,21.004214324280333,TRUE,Down
Gene_2074,239.3986303987119,2.921667205658827,0.296009186497344,9.8701909904578,5.605777131957305e-23,1.1508138984268165e-21,2.8485228913745853,0.2922803868003472,Brain,Treatment vs Control,Brain | Treatment vs Control,1.1508138984268165e-21,20.938994901757706,TRUE,Up
Gene_1585,272.56060005548846,2.132087858213869,0.21666014900982755,9.84070152244361,7.518473346098048e-23,1.5345508315070641e-21,2.1031557559087233,0.21518510554234155,Brain,Treatment vs Control,Brain | Treatment vs Control,1.5345508315070641e-21,20.814018721127635,TRUE,Up
Gene_0819,613.8678509215882,2.322516761874745,0.23682780081436702,9.80677417891156,1.0528037338014673e-22,2.136465508076426e-21,2.284959463512129,0.23490513123114257,Brain,Treatment vs Control,Brain | Treatment vs Control,2.136465508076426e-21,20.670304114207887,TRUE,Up
Il6,6084.059806532661,1.8063744432055018,0.18484857085923512,9.772185063746488,1.4822028637957564e-22,2.9906618926073236e-21,1.7884657742678436,0.18392998010718742,Brain,Treatment vs Control,Brain | Treatment vs Control,2.9906618926073236e-21,20.524232683082012,TRUE,Up
Gene_3200,180.00369484458557,2.911211696656609,0.298345501164875,9.757853513091128,1.7073041923273736e-22,3.425279035856793e-21,2.8372034780957067,0.29452884982850136,Brain,Treatment vs Control,Brain | Treatment vs Control,3.425279035856793e-21,20.46530404350099,TRUE,Up
Gene_1424,151.21470869785517,-2.920291266724921,0.29939462597763083,-9.753986923409606,1.7736262546185179e-22,3.518356351156172e-21,-2.845542579448283,0.29553808854719005,Brain,Treatment vs Control,Brain | Treatment vs Control,3.518356351156172e-21,20.453660175821394,TRUE,Down
Gene_1747,3574.9739286707413,-1.8329527153294927,0.18790837939770752,-9.754502280337663,1.7646413823478678e-22,3.518356351156172e-21,-1.8141801687980743,0.18694365257729004,Brain,Treatment vs Control,Brain | Treatment vs Control,3.518356351156172e-21,20.453660175821394,TRUE,Down
Gene_1063,248.7978983635574,2.24392982361417,0.2308660136009423,9.719619569006198,2.487089559050103e-22,4.906096778215594e-21,2.209419528244391,0.22908384443918478,Brain,Treatment vs Control,Brain | Treatment vs Control,4.906096778215594e-21,20.309263889103452,TRUE,Up
Gene_1047,164.42855529564423,2.6745444674049565,0.27524711756355225,9.716884562060589,2.554785903920048e-22,5.011638348189828e-21,2.6164534409423252,0.2722415280270902,Brain,Treatment vs Control,Brain | Treatment vs Control,5.011638348189828e-21,20.30002027627574,TRUE,Up
Gene_0300,245.02309238335317,2.353676392341497,0.24256949760183358,9.70310123742329,2.9247098535497536e-22,5.705608007118332e-21,2.3137789800267115,0.24050480014037973,Brain,Treatment vs Control,Brain | Treatment vs Control,5.705608007118332e-21,20.24369806902548,TRUE,Up
Gene_2864,261.77302238093137,2.5106839420748877,0.2591489473994346,9.688188847647872,3.3847750942273277e-22,6.566835636108074e-21,2.4622246513157227,0.25663581482508946,Brain,Treatment vs Control,Brain | Treatment vs Control,6.566835636108074e-21,20.182643853702448,TRUE,Up
Gene_1758,80.75812803178565,3.781954837926563,0.39069376730718586,9.680100258556141,3.6635654431223276e-22,7.068879551729475e-21,3.6200220967142167,0.3822380567904796,Brain,Treatment vs Control,Brain | Treatment vs Control,7.068879551729475e-21,20.15064941831959,TRUE,Up
Gene_1015,95.607005998556,-3.1000653377968,0.32142537728028503,-9.644743560784633,5.174035151887815e-22,9.929085935497757e-21,-3.0089633806131304,0.31666727866959915,Brain,Treatment vs Control,Brain | Treatment vs Control,9.929085935497757e-21,20.00309073050174,TRUE,Down
Gene_0649,2039.0437762158892,1.8176085475726675,0.18889093530166773,9.622529237148733,6.423199118043269e-22,1.2259630316654477e-20,1.7987999857172907,0.18791107478884855,Brain,Treatment vs Control,Brain | Treatment vs Control,1.2259630316654477e-20,19.911522625564558,TRUE,Up
Gene_2191,396.28197709629325,2.6573255175378168,0.2771418200353357,9.58832383073405,8.952757243046225e-22,1.6995798830750657e-20,2.5988286967753185,0.27407442559535417,Brain,Treatment vs Control,Brain | Treatment vs Control,1.6995798830750657e-20,19.769658418039807,TRUE,Up
Gene_1941,417.1412106286294,1.874378333444848,0.19556578474476816,9.584387861563254,9.30075196357897e-22,1.756200811946382e-20,1.8536027657871335,0.19447894131694807,Brain,Treatment vs Control,Brain | Treatment vs Control,1.756200811946382e-20,19.755425826394642,TRUE,Up
Gene_0314,658.250472215926,-2.269017618010962,0.2367583890295699,-9.583684140237892,9.3643661618573609e-22,1.7588072828467202e-20,-2.2323466090176445,0.23483739582127053,Brain,Treatment vs Control,Brain | Treatment vs Control,1.7588072828467202e-20,19.754781744727566,TRUE,Down
Gene_2721,490.36016275065606,2.3096930083907248,0.24128875282173445,9.572319394833706,1.0453378095086252e-21,1.9529565107803997e-20,2.2709465905312007,0.23925631470343944,Brain,Treatment vs Control,Brain | Treatment vs Control,1.9529565107803997e-20,19.70930742764834,TRUE,Up
Gene_2836,14894.265764377737,2.3542570130315785,0.24704026264460383,9.529851481814733,1.5750840416935484e-21,2.927169342747326e-20,2.3128912374288837,0.2448603181070476,Brain,Treatment vs Control,Brain | Treatment vs Control,2.927169342747326e-20,19.533552152013314,TRUE,Up
Gene_0189,127.28233080950871,-2.788871886298217,0.29288007516925085,-9.522231530043726,1.6949949896811864e-21,3.133522151080769e-20,-2.720484440865643,0.2892668513656449,Brain,Treatment vs Control,Brain | Treatment vs Control,3.133522151080769e-20,19.503967230895988,TRUE,Down
Gene_1870,602.003484838249,1.8364999555166945,0.19314070701019045,9.508611539978455,1.9322422013976048e-21,3.5535141735077826e-20,1.816640510466991,0.19209358115051609,Brain,Treatment vs Control,Brain | Treatment vs Control,3.5535141735077826e-20,19.449341947995876,TRUE,Up
Gene_0892,241.7264513524582,2.3023326729537006,0.2423397083923941,9.500435105029448,2.090151194871603e-21,3.8240020047106896e-20,2.2633782495641457,0.24028082347798377,Brain,Treatment vs Control,Brain | Treatment vs Control,3.8240020047106896e-20,19.417481888719536,TRUE,Up
Gene_1567,1343.2487466384268,2.014563503485339,0.21208240680611296,9.498965679539205,2.1198534020590432e-21,3.8583517333353e-20,1.9883543168573345,0.2106983092617839,Brain,Treatment vs Control,Brain | Treatment vs Control,3.8583517333353e-20,19.41359818392809,TRUE,Up
Gene_2483,731.0653929206546,2.2650919953289166,0.2395021486961901,9.457501770483901,3.153881239854258e-21,5.710951106628402e-20,2.2276451429630697,0.2375141546529042,Brain,Treatment vs Control,Brain | Treatment vs Control,5.710951106628402e-20,19.24329155796032,TRUE,Up
Gene_1283,648.2490930875682,-1.8372403940640305,0.19429907329746818,-9.455734208527337,3.2076286984106138e-21,5.778641292901978e-20,-1.8171365318881094,0.19323309782989231,Brain,Treatment vs Control,Brain | Treatment vs Control,5.778641292901978e-20,19.238174263372052,TRUE,Down
Gene_0384,3518.9897702155163,1.6612220668684292,0.1760779353207186,9.43458397466203,3.925489015181006e-21,7.035990717057936e-20,1.6462645336386679,0.17528344587290742,Brain,Treatment vs Control,Brain | Treatment vs Control,7.035990717057936e-20,19.1526747422011,TRUE,Up
Gene_0920,576.1730501491695,2.040897168268766,0.21648382239245637,9.427481211824185,4.200545481755596e-21,7.490972775797479e-20,2.0132469587223314,0.2150123529478546,Brain,Treatment vs Control,Brain | Treatment vs Control,7.490972775797479e-20,19.12546178126865,TRUE,Up
Gene_0560,75.59241694202916,-3.262727687366504,0.34641144558108694,-9.418648630080483,4.5693077104653764e-21,8.107651017916203e-20,-3.151885428356039,0.3404764121953248,Brain,Treatment vs Control,Brain | Treatment vs Control,8.107651017916203e-20,19.091104953153067,TRUE,Down
Gene_0224,190.5410484798649,2.667229881593329,0.2833754421484016,9.412353665412263,4.851491738919915e-21,8.56530866506311e-20,2.605905446637784,0.28009884213866904,Brain,Treatment vs Control,Brain | Treatment vs Control,8.56530866506311e-20,19.067256981896573,TRUE,Up
Gene_2120,937.9287290677648,1.7722541754762493,0.18866443945510886,9.393684260768932,5.79373930456793e-21,1.0177956957427542e-19,1.7539584397755548,0.1876880813417535,Brain,Treatment vs Control,Brain | Treatment vs Control,1.0177956957427542e-19,18.992339390089885,TRUE,Up
Gene_3245,1883.6501562713747,1.5747640010828332,0.16897296713245782,9.319620929946602,1.167566878549158e-20,2.0409300238401374e-19,1.5616968272462084,0.16827044959506685,Brain,Treatment vs Control,Brain | Treatment vs Control,2.0409300238401374e-19,18.690171885426544,TRUE,Up
Gene_0604,193.6196431024331,2.466334112791814,0.26513546381707603,9.302166059887798,1.3761312971869687e-20,2.3936549804764465e-19,2.4165509954616353,0.26244593410068057,Brain,Treatment vs Control,Brain | Treatment vs Control,2.3936549804764465e-19,18.620938448279492,TRUE,Up
Gene_2754,87.90219362055882,-3.5057990504586263,0.3769697160407143,-9.299948779121518,1.4051335940255588e-20,2.432120941423651e-19,-3.365636926802132,0.3693572132901942,Brain,Treatment vs Control,Brain | Treatment vs Control,2.432120941423651e-19,18.61401483281749,TRUE,Down
Gene_0299,346.25290380598267,-2.1208107459920833,0.22811920620424342,-9.296940758654246,1.4454471333864752e-20,2.4896945502378747e-19,-2.088953880966967,0.22639942525730639,Brain,Treatment vs Control,Brain | Treatment vs Control,2.4896945502378747e-19,18.60385393133129,TRUE,Down
Gene_1693,4384.324314834362,-2.0128114591787525,0.21654741500022462,-9.295014947080595,1.471855187973474e-20,2.522874111036086e-19,-1.9855259504596323,0.2150746572354743,Brain,Treatment vs Control,Brain | Treatment vs Control,2.522874111036086e-19,18.598104419813936,TRUE,Down
Gene_0952,30647.229290147607,-1.7677081976696891,0.19122980594310615,-9.243894741992312,2.3768438949718993e-20,4.054413426640472e-19,-1.7489650391997373,0.1902132913691758,Brain,Treatment vs Control,Brain | Treatment vs Control,4.054413426640472e-19,18.39207196857985,TRUE,Down
Gene_2828,180.1638813223644,2.395474278170644,0.2598243003385651,9.21959291355432,2.982302801329305e-20,5.0627457651412385e-19,2.3490020591143836,0.2572916601772564,Brain,Treatment vs Control,Brain | Treatment vs Control,5.0627457651412385e-19,18.295613880941918,TRUE,Up
Gene_2491,2458.026066834127,-1.544633426248133,0.16803544928641886,-9.19230693765863,3.84505108873694e-20,6.496112628866093e-19,-1.5319569408113094,0.167344512771998,Brain,Treatment vs Control,Brain | Treatment vs Control,6.496112628866093e-19,18.187346453952994,TRUE,Down
Gene_2670,556.8149546675799,1.954840166467632,0.2129342567353063,9.180486956110819,4.291463366629846e-20,7.215789117890469e-19,1.92920594431103,0.21153352415201818,Brain,Treatment vs Control,Brain | Treatment vs Control,7.215789117890469e-19,18.141716167577364,TRUE,Up
Gene_0694,112.36475205772528,2.96959722628901,0.32360750442716446,9.176540054426916,4.451650120111872e-20,7.449657144130343e-19,2.881175821519504,0.31875330073470876,Brain,Treatment vs Control,Brain | Treatment vs Control,7.449657144130343e-19,18.127863714344144,TRUE,Up
Gene_2548,2889.424679934463,-1.8516693901683603,0.2020279093622937,-9.165413808484196,4.935723746336694e-20,8.220773843544748e-19,-1.8297830661955405,0.20083039758763316,Brain,Treatment vs Control,Brain | Treatment vs Control,8.220773843544748e-19,18.085087299228444,TRUE,Down
Gene_0095,196.96839262390245,-2.3596883121931365,0.2580020931396957,-9.146004528403106,5.907821501985715e-20,9.793670292728433e-19,-2.31453794935099,0.2555218608601356,Brain,Treatment vs Control,Brain | Treatment vs Control,9.793670292728433e-19,18.009054520744485,TRUE,Down
Gene_0615,951.4576643263164,1.6544178924405883,0.18209634736456812,9.085398561720416,1.0331943833050542e-19,1.7047707324533393e-18,1.6384958675153225,0.18121798641873488,Brain,Treatment vs Control,Brain | Treatment vs Control,1.7047707324533393e-18,17.768334019208403,TRUE,Up
Gene_2078,238.27379386134226,2.1489068378112037,0.23708241581930997,9.06396550070998,1.257922126110637e-19,2.065917687114725e-18,2.1140834283017167,0.23515358874119874,Brain,Treatment vs Control,Brain | Treatment vs Control,2.065917687114725e-18,17.68488698617749,TRUE,Up
Gene_2963,197.15676571951184,2.3134506114651283,0.2564188607439708,9.022154629159918,1.8442566384135387e-19,3.0148473102954655e-18,2.269716330056728,0.25398358046203323,Brain,Treatment vs Control,Brain | Treatment vs Control,3.0148473102954655e-18,17.520734678208843,TRUE,Up
Gene_3369,105.20523843101996,-2.843024590654834,0.31580484556083355,-9.00247298487756,2.206895047113415e-19,3.5910352126071285e-18,-2.76229041860172,0.31128855234942493,Brain,Treatment vs Control,Brain | Treatment vs Control,3.5910352126071285e-18,17.444780336292474,TRUE,Down
Gene_2794,139.05506057341228,2.527143764379077,0.28187970578502886,8.96532709703608,3.0936128190415924e-19,5.010801313777919e-18,2.4696379977199,0.27865413011465034,Brain,Treatment vs Control,Brain | Treatment vs Control,5.010801313777919e-18,17.30009281738137,TRUE,Up
Gene_1176,310.8156479318531,-2.6352730988093067,0.2940857252503207,-8.960901099725966,3.220358001594544e-19,5.192275846406545e-18,-2.57013218749233,0.29042825173475006,Brain,Treatment vs Control,Brain | Treatment vs Control,5.192275846406545e-18,17.284642243135668,TRUE,Down
Gene_0383,112.95943246369187,2.8146464138755363,0.3146535570204133,8.945223567559843,3.7119759889657666e-19,5.957721462290056e-18,2.7352834090422387,0.3101857831500812,Brain,Treatment vs Control,Brain | Treatment vs Control,5.957721462290056e-18,17.224919804950808,TRUE,Up
Gene_1282,784.7542351198028,1.7856739753517157,0.20005940675383713,8.925718636909167,4.428147909824958e-19,7.07501822153481e-18,1.7649722607216665,0.19889635951338006,Brain,Treatment vs Control,Brain | Treatment vs Control,7.07501822153481e-18,17.150272437287512,TRUE,Up
Gene_2306,167.99109554848363,2.4428885927641346,0.2738216097392057,8.921460198451102,4.601801649140211e-19,7.319352082483822e-18,2.3903655071481924,0.2708619777020425,Brain,Treatment vs Control,Brain | Treatment vs Control,7.319352082483822e-18,17.13552736149024,TRUE,Up
Gene_2651,98.04278111008095,-2.7236644016717357,0.30533899562976263,-8.920132838107262,4.657292501728251e-19,7.374394539732041e-18,-2.65122715006071,0.3012513103659903,Brain,Treatment vs Control,Brain | Treatment vs Control,7.374394539732041e-18,17.13227363078675,TRUE,Down
Gene_0142,191.1217778562996,-2.1701247087471884,0.2435024013818629,-8.91212857216951,5.006203273302814e-19,7.891474891978677e-18,-2.133060045541053,0.24141399508375666,Brain,Treatment vs Control,Brain | Treatment vs Control,7.891474891978677e-18,17.102841820924066,TRUE,Down
Gene_1064,7582.431282968827,-1.5133567877610765,0.16984178069708222,-8.910391668939178,5.085259598638092e-19,7.980467396796047e-18,-1.5006707799189056,0.16912841667986833,Brain,Treatment vs Control,Brain | Treatment vs Control,7.980467396796047e-18,17.097971672320323,TRUE,Down
Gene_3230,4684.388074817908,1.4374106548079328,0.16290855862702092,8.823420125512767,1.1101588616713652e-18,1.734500416177695e-17,1.4263175147122258,0.16227872203281593,Brain,Treatment vs Control,Brain | Treatment vs Control,1.734500416177695e-17,16.760825591616875,TRUE,Up
Gene_0934,2647.796881059875,1.4587258476046563,0.1655854742538881,8.80950369697301,1.257011429479558e-18,1.9552895847983785e-17,1.447098170923364,0.1649242031259852,Brain,Treatment vs Control,Brain | Treatment vs Control,1.9552895847983785e-17,16.708788913067906,TRUE,Up
Cdk1,224.6671004287154,-2.250866319252923,0.256209042622068,-8.785272745322883,1.55985594822647e-18,2.4157242777138883e-17,-2.2083834470881003,0.2537796791151862,Brain,Treatment vs Control,Brain | Treatment vs Control,2.4157242777138883e-17,16.61695263606943,TRUE,Down
Gene_2683,281.50290956941024,2.1830581062438856,0.24997639454150802,8.733057016235161,2.4788005620363236e-18,3.822115626441161e-17,2.143799698142058,0.24771850757163652,Brain,Treatment vs Control,Brain | Treatment vs Control,3.822115626441161e-17,16.417696178828418,TRUE,Up
Gene_2359,83.57284354438453,2.92284846488167,0.33512789705600843,8.721591041981169,2.7431953959184252e-18,4.211401279559982e-17,2.8297132188003964,0.32974532206716417,Brain,Treatment vs Control,Brain | Treatment vs Control,4.211401279559982e-17,16.375573375251406,TRUE,Up
Gene_2918,517.3594642543397,-1.8043950332560859,0.20709504168615003,-8.712883797530141,2.9624028284583514e-18,4.528244323500623e-17,-1.7819976638694754,0.20580572649157694,Brain,Treatment vs Control,Brain | Treatment vs Control,4.528244323500623e-17,16.344070148629523,TRUE,Down
Cdk2,522.6421901901803,-1.8077710186945568,0.20749948017361994,-8.712171313306184,2.9810869901160186e-18,4.537163000905027e-17,-1.7852451080014602,0.20620264370813024,Brain,Treatment vs Control,Brain | Treatment vs Control,4.537163000905027e-17,16.34321561810626,TRUE,Down
Gene_1734,178.99819800753733,-2.2656182133885068,0.2605717469824999,-8.6947961151777,3.474531216227954e-18,5.265480568455325e-17,-2.2214168973062858,0.25801740113825045,Brain,Treatment vs Control,Brain | Treatment vs Control,5.265480568455325e-17,16.278561985598365,TRUE,Down
Gene_2597,59.56853801750662,3.447980728992022,0.3970227967878158,8.68459130530672,3.801065316056267e-18,5.735710098715675e-17,3.2957388416357496,0.38815878934359044,Brain,Treatment vs Control,Brain | Treatment vs Control,5.735710098715675e-17,16.241412807429132,TRUE,Up
Gene_2370,92.92441293197862,-2.848636041574493,0.3296174636831566,-8.642248531809384,5.5117370160062375e-18,8.281678044050224e-17,-2.760734684843197,0.324492054158899,Brain,Treatment vs Control,Brain | Treatment vs Control,8.281678044050224e-17,16.081881657003194,TRUE,Down
Gene_1926,157.8362417087657,-2.323285148397283,0.2689330454629833,-8.638897999305431,5.675782033375349e-18,8.492028118579812e-17,-2.275064555664398,0.266127512147129,Brain,Treatment vs Control,Brain | Treatment vs Control,8.492028118579812e-17,16.07098857647921,TRUE,Down
Gene_2978,102.48217786108746,-2.596356032677889,0.3015217580602252,-8.610841384651582,7.252628059986132e-18,1.0805497755194529e-16,-2.5289758059407523,0.2975835161242412,Brain,Treatment vs Control,Brain | Treatment vs Control,1.0805497755194529e-16,15.966355222547028,TRUE,Down
Gene_1083,150.80415812740284,-2.201880127676275,0.25609826956952575,-8.597793852248216,8.126310092539326e-18,1.2056302914603515e-16,-2.160357071869782,0.2536720259980534,Brain,Treatment vs Control,Brain | Treatment vs Control,1.2056302914603515e-16,15.918785848907747,TRUE,Down
Gene_2695,170.59211809536106,-2.0351936317029375,0.23674267764201695,-8.596648698805343,8.20777530713053e-18,1.2126215317773183e-16,-2.002305892769377,0.23482206374832756,Brain,Treatment vs Control,Brain | Treatment vs Control,1.2126215317773183e-16,15.916274724531654,TRUE,Down
Gene_2734,77.2185712283877,-3.047743350462683,0.3545655657864922,-8.595711610353993,8.275038203026391e-18,1.2174649956202578e-16,-2.9394481050917465,0.34820921375110847,Brain,Treatment vs Control,Brain | Treatment vs Control,1.2174649956202578e-16,15.914543516706765,TRUE,Down
Gene_3117,8815.82728052933,1.5301128573475011,0.17808336762293359,8.592115466882339,8.538252005034508e-18,1.250977918248002e-16,1.516023115922632,0.17726154863493054,Brain,Treatment vs Control,Brain | Treatment vs Control,1.250977918248002e-16,15.902750356227989,TRUE,Up
Gene_2363,96.9133211519121,3.2558942540165683,0.3791043938189839,8.588384379346454,8.820076756338622e-18,1.2869293812657717e-16,3.1243046758227853,0.37136447945877676,Brain,Treatment vs Control,Brain | Treatment vs Control,1.2869293812657717e-16,15.89044528384002,TRUE,Up
Gene_0047,298.89382815332806,1.923321759099686,0.22721132064410868,8.464902865083344,2.5636626317286097e-17,3.725223354993301e-16,1.8946574736872783,0.22551183932859176,Brain,Treatment vs Control,Brain | Treatment vs Control,3.725223354993301e-16,15.428847682933663,TRUE,Up
Gene_2426,223.7112832775821,2.5267713833440846,0.299525204566605,8.435922402591032,3.2860076633382244e-17,4.75528404067511e-16,2.4620403713045347,0.29566368375735885,Brain,Treatment vs Control,Brain | Treatment vs Control,4.75528404067511e-16,15.322823536851994,TRUE,Up
Gene_1230,79.05978116615577,3.828937138868072,0.45654561026187146,8.386757101161962,4.997360673319414e-17,7.20231858673096e-16,3.608518766506589,0.44320998630290104,Brain,Treatment vs Control,Brain | Treatment vs Control,7.20231858673096e-16,15.142527671995682,TRUE,Up
Gene_2438,970.8484267568202,-1.5390481529078286,0.18354904644942557,-8.384942241211219,5.075066923237896e-17,7.284577766647566e-16,-1.5240014918676275,0.18264959969229172,Brain,Treatment vs Control,Brain | Treatment vs Control,7.284577766647566e-16,15.137595616018816,TRUE,Down
Gene_1461,119.6287780019585,-2.3034106685105216,0.2751447709361552,-8.37163163476949,5.68258453961107e-17,8.123565185978416e-16,-2.2534170487171243,0.2721424964769364,Brain,Treatment vs Control,Brain | Treatment vs Control,8.123565185978416e-16,15.09025333026771,TRUE,Down
Gene_0360,455.2077222199036,-1.5562072615736646,0.1863963977613252,-8.348912748659123,6.889420621302851e-17,9.809090408798534e-16,-1.5405219410247362,0.18545465568535863,Brain,Treatment vs Control,Brain | Treatment vs Control,9.809090408798534e-16,15.008371262625605,TRUE,Down
Gene_3271,1142.2633792515458,-1.8587786914646387,0.22278458195254763,-8.34339017167962,7.219048696474068e-17,1.0237132910542142e-15,-1.8321299309879184,0.2211818182892083,Brain,Treatment vs Control,Brain | Treatment vs Control,1.0237132910542142e-15,14.989821658153064,TRUE,Down
Gene_0875,73.1337814782321,-3.049282480805312,0.3657011325695142,-8.338181671410847,7.5441607156477e-17,1.0655372594780812e-15,-2.934280653499782,0.35873875876740874,Brain,Treatment vs Control,Brain | Treatment vs Control,1.0655372594780812e-15,14.972431359368072,TRUE,Down
Gene_1121,6800.100379726429,1.3805901572807846,0.16608342612149313,8.312630522631784,9.360360716407358e-17,1.3167901868380232e-15,1.369519553486572,0.16541619531720775,Brain,Treatment vs Control,Brain | Treatment vs Control,1.3167901868380232e-15,14.880483418627838,TRUE,Up
Gene_0996,66.46141875436585,-2.858429961022402,0.3449788082745647,-8.285813193335084,1.173047833423741e-16,1.6436634523092183e-15,-2.7620971431880403,0.3391158698648076,Brain,Treatment vs Control,Brain | Treatment vs Control,1.6436634523092183e-15,14.784187101496414,TRUE,Down
Gene_0105,237.32592425691843,1.841382588309841,0.22279196217600766,8.265031513368207,1.3965784570956737e-16,1.9491377596857012e-15,1.8149815065969053,0.22118904036602083,Brain,Treatment vs Control,Brain | Treatment vs Control,1.9491377596857012e-15,14.710157465060403,TRUE,Up
Gene_2589,93.72083685120737,-2.4655384279847983,0.29845487304137647,-8.261009119603106,1.4444604883729316e-16,2.008027552931032e-15,-2.40281522835858,0.29463407621072063,Brain,Treatment vs Control,Brain | Treatment vs Control,2.008027552931032e-15,14.697230332361773,TRUE,Down
Gene_2187,3242.7042885756305,1.2840412090732192,0.15803628070511658,8.12497739977278,4.474457775353726e-16,6.19580800187216e-15,1.2747113318786143,0.1574610860746133,Brain,Treatment vs Control,Brain | Treatment vs Control,6.19580800187216e-15,14.207902048792013,TRUE,Up
Gene_1658,574.496068590435,-1.4752329773355006,0.1829256961988609,-8.064656896162667,7.344183151221874e-16,1.0129808869907982e-14,-1.4609070580257975,0.1820353378801853,Brain,Treatment vs Control,Brain | Treatment vs Control,1.0129808869907982e-14,13.994398748867496,TRUE,Down
Gene_1382,65.7893840973812,-2.916118648597581,0.3616139560042155,-8.064176175113072,7.37313678184061e-16,1.0130173531781786e-14,-2.808493379366695,0.35487817433002455,Brain,Treatment vs Control,Brain | Treatment vs Control,1.0130173531781786e-14,13.994383115029674,TRUE,Down
Gene_1068,51.10436118225269,-3.3007982674236818,0.41011786529683936,-8.04841375304291,8.387398313365584e-16,1.143471175463084e-14,-3.145741444674539,0.40036924485351666,Brain,Treatment vs Control,Brain | Treatment vs Control,1.143471175463084e-14,13.941774778582467,TRUE,Down
Gene_2401,60.4274466539894,-2.940283816772913,0.3653161985247263,-8.048599620402271,8.374672680406492e-16,1.143471175463084e-14,-2.8296173488127656,0.35837537279549775,Brain,Treatment vs Control,Brain | Treatment vs Control,1.143471175463084e-14,13.941774778582467,TRUE,Down
Gene_2397,189.120949891598,2.0040041162637365,0.2493241718587583,8.037745002113159,9.150680830408616e-16,1.2427328466220317e-14,1.9681501278894777,0.24708375451454667,Brain,Treatment vs Control,Brain | Treatment vs Control,1.2427328466220317e-14,13.90562222269213,TRUE,Up
Gene_2641,222.90571144010661,-1.8741147255941022,0.23366617990974295,-8.020479156709829,1.0533346053617038e-15,1.425028540816926e-14,-1.8445996219509613,0.23181889409348364,Brain,Treatment vs Control,Brain | Treatment vs Control,1.425028540816926e-14,13.846176437413245,TRUE,Down
Gene_2542,68.71999345378961,-3.036974884275172,0.37902453957668475,-8.0126075416305,1.1230156272688271e-15,1.513499305300087e-14,-2.914282722264061,0.3712894160765217,Brain,Treatment vs Control,Brain | Treatment vs Control,1.513499305300087e-14,13.820017774049601,TRUE,Down
Gene_2299,257.09721984401756,1.981887550193241,0.24752019438345188,8.006973148715906,1.1756614714446844e-15,1.5784261048179392e-14,1.946931494267047,0.24532763258186358,Brain,Treatment vs Control,Brain | Treatment vs Control,1.5784261048179392e-14,13.801775745112282,TRUE,Up
Gene_0555,61.61431599294347,-2.9042507072377544,0.3644183221264279,-7.969551833428893,1.5925082595161806e-15,2.1299797971028916e-14,-2.7954570171468482,0.35752759027848824,Brain,Treatment vs Control,Brain | Treatment vs Control,2.1299797971028916e-14,13.671624515832786,TRUE,Down
Gene_3494,416.19122438388854,-1.5772371970879857,0.19817717375731872,-7.9587228296000365,1.738241292662793e-15,2.316124529959367e-14,-1.5592904901278,0.1970464614755382,Brain,Treatment vs Control,Brain | Treatment vs Control,2.316124529959367e-14,13.635238093813237,TRUE,Down
Gene_2070,98.14675452067256,2.494022073773625,0.31356459801507824,7.953774404257512,1.8091343136016544e-15,2.4015237824539254e-14,2.4241718295851755,0.30914240254786696,Brain,Treatment vs Control,Brain | Treatment vs Control,2.4015237824539254e-14,13.619513108155827,TRUE,Up
Gene_2751,164.17595860359134,-1.9626734142099154,0.24683003745519164,-7.951517710101267,1.8424027660652876e-15,2.4365259052346556e-14,-1.9282456469751459,0.24465560460916735,Brain,Treatment vs Control,Brain | Treatment vs Control,2.4365259052346556e-14,13.613228966822946,TRUE,Down
Gene_2171,4043.731521576262,-1.2960347167733903,0.16395608108608445,-7.9047675950055964,2.6843393958377993e-15,3.536717315934056e-14,-1.2859046037718824,0.16331406441080462,Brain,Treatment vs Control,Brain | Treatment vs Control,3.536717315934056e-14,13.451399651250037,TRUE,Down
Gene_2655,401.7600649206786,1.6401642266632261,0.20751586001249128,7.903801794062861,2.7052306714307593e-15,3.5509923794877364e-14,1.619723610537491,0.20621871833920807,Brain,Treatment vs Control,Brain | Treatment vs Control,3.5509923794877364e-14,13.449650259703446,TRUE,Up
Gene_3061,48.939897667003606,-3.3034580149584665,0.4180105393080744,-7.902810346424813,2.7268432394092743e-15,3.566104991983018e-14,-3.142539615267563,0.40770235176656366,Brain,Treatment vs Control,Brain | Treatment vs Control,3.566104991983018e-14,13.447805874630202,TRUE,Down
Gene_0772,196.35080154048364,-2.1208488653685045,0.26864945253594036,-7.894484225999954,2.9151826091182386e-15,3.798343096972878e-14,-2.076920774370807,0.2658526933461267,Brain,Treatment vs Control,Brain | Treatment vs Control,3.798343096972878e-14,13.420405808848026,TRUE,Down
Gene_0035,68.02511731408717,3.0412543277182222,0.38592994721511553,7.880327374602628,3.265244410875092e-15,4.2388154466176286e-14,2.9140605091453398,0.37777341563576866,Brain,Treatment vs Control,Brain | Treatment vs Control,4.2388154466176286e-14,13.372755491726279,TRUE,Up
Gene_2573,224.13194487090928,1.9189041312614135,0.2442038321370608,7.857796966037853,3.909483167840287e-15,5.0565513060967234e-14,1.885944351306646,0.24209748217903934,Brain,Treatment vs Control,Brain | Treatment vs Control,5.0565513060967234e-14,13.296145581849302,TRUE,Up
Gene_0411,102.10376386464725,-2.3477842492595555,0.2990319600458413,-7.851282013132116,4.118057828842464e-15,5.306884012278373e-14,-2.2878314156440913,0.29518924129419527,Brain,Treatment vs Control,Brain | Treatment vs Control,5.306884012278373e-14,13.27516040424511,TRUE,Down
Gene_2884,92.52788495971215,-2.367418472414809,0.30322095925706605,-7.807568705723103,5.8301695874839565e-15,7.4859377503294e-14,-2.305303398634562,0.2992166433368185,Brain,Treatment vs Control,Brain | Treatment vs Control,7.4859377503294e-14,13.125753788602955,TRUE,Down
Gene_1027,221.19767464781748,1.8323045929510549,0.23509768201683073,7.7938011860954015,6.50228295668732e-15,8.31868156524019e-14,1.8030989524118735,0.23321651032899426,Brain,Treatment vs Control,Brain | Treatment vs Control,8.31868156524019e-14,13.07994549994889,TRUE,Up
Gene_2372,133.38377088505197,2.040249195132421,0.26179439238961505,7.793326573993318,6.526764247634783e-15,8.319857241299069e-14,2.0000776971401577,0.2592042784373132,Brain,Treatment vs Control,Brain | Treatment vs Control,8.319857241299069e-14,13.07988412561408,TRUE,Up
Gene_3380,457.4896805501449,-1.6360776508790311,0.21050943311589648,-7.771992098702221,7.726126995771308e-15,9.813292957578594e-14,-1.6151030435341072,0.20915570907631065,Brain,Treatment vs Control,Brain | Treatment vs Control,9.813292957578594e-14,13.008185235909183,TRUE,Down
Gene_0004,206.7244118540871,1.7695732478903636,0.22777458937548722,7.768966910409905,7.912883407165834e-15,1.0014477172294824e-13,1.7430713972815466,0.22606253254347242,Brain,Treatment vs Control,Brain | Treatment vs Control,1.0014477172294824e-13,12.999371719072787,TRUE,Up
Gene_2157,96.768327118973815,2.5085880161845115,0.32326794078539306,7.76008907684997,8.48697549316013e-15,1.070268230941015e-13,2.434045433749248,0.3184287745081261,Brain,Treatment vs Control,Brain | Treatment vs Control,1.070268230941015e-13,12.9705073656617,TRUE,Up
Gene_0235,613.3762363966617,1.7313318180408168,0.2234506844159172,7.748160729811073,9.32330837115323e-15,1.171551667563774e-13,1.7063637196279868,0.2218336057361339,Brain,Treatment vs Control,Brain | Treatment vs Control,1.171551667563774e-13,12.931238553466477,TRUE,Up
Gene_2764,53.53427636229378,-3.7568584185020106,0.4870570889407255,-7.713384126432903,1.2252459885254814e-14,1.5341643920154165e-13,-3.5126581672948696,0.4709614923054771,Brain,Treatment vs Control,Brain | Treatment vs Control,1.5341643920154165e-13,12.814128101456191,TRUE,Down
Gene_3206,75.81905546503378,3.0444818577441732,0.3954993243603254,7.697818100367862,1.3840920706379737e-14,1.7269360782412315e-13,2.911040568303218,0.3867347343333045,Brain,Treatment vs Control,Brain | Treatment vs Control,1.7269360782412315e-13,12.76272373734909,TRUE,Up
Gene_0061,56.77613606580975,2.9385162194775307,0.3827470658753246,7.677436305768359,1.6230389941951825e-14,2.017940383275771e-13,2.8175548754605093,0.3747865662108243,Brain,Treatment vs Control,Brain | Treatment vs Control,2.017940383275771e-13,12.695091668424586,TRUE,Up
Gene_0542,55.317479638607516,-2.9994074587105004,0.3908996527703477,-7.673088060972627,1.6790413101835558e-14,2.080243812722153e-13,-2.870851622821044,0.38243085522364756,Brain,Treatment vs Control,Brain | Treatment vs Control,2.080243812722153e-13,12.681885761039908,TRUE,Down
Gene_2673,180.1337991131863,-2.077023608452033,0.2710226619205473,-7.663652898003528,1.8071789369142695e-14,2.231170918267233e-13,-2.0332559073280234,0.26815192036928337,Brain,Treatment vs Control,Brain | Treatment vs Control,2.231170918267233e-13,12.651467159426112,TRUE,Down
Gene_0220,69.30142635638684,2.9475516104216797,0.38516362120423486,7.652725875839469,1.9676306757528515e-14,2.4208027582171844e-13,2.824745404696969,0.37705456886461336,Brain,Treatment vs Control,Brain | Treatment vs Control,2.4208027582171844e-13,12.616040594493633,TRUE,Up
Gene_0565,154.50671786038,1.9802311988619434,0.25932313358378767,7.636153286810904,2.238078438591651e-14,2.743977418981639e-13,1.9419598949652226,0.2568049791997401,Brain,Treatment vs Control,Brain | Treatment vs Control,2.743977418981639e-13,12.56161946689095,TRUE,Up
Gene_1865,264.1299442444038,1.814605655747579,0.23801533998770133,7.62390212261673,2.461200130806632e-14,3.007092616566857e-13,1.784971560148651,0.23606384064543018,Brain,Treatment vs Control,Brain | Treatment vs Control,3.007092616566857e-13,12.521853195695794,TRUE,Up
Gene_1232,202.63515003260147,1.712571184134663,0.22484853980402106,7.616554617732217,2.6053637489926484e-14,3.172254964721738e-13,1.6875681936726472,0.22320114663298513,Brain,Treatment vs Control,Brain | Treatment vs Control,3.172254964721738e-13,12.49863191425426,TRUE,Up
Gene_0612,263.61711923069106,-1.6022689041163087,0.2104000787952891,-7.615343650490039,2.6299081125985962e-14,3.19113592631809e-13,-1.581748789237986,0.20904844989546825,Brain,Treatment vs Control,Brain | Treatment vs Control,3.19113592631809e-13,12.496054696654927,TRUE,Down
Gene_2414,627.8280673429288,-1.3689030937213569,0.18000771941741883,-7.604691055204225,2.855852868073521e-14,3.453430300399864e-13,-1.3560265022144586,0.17915909760582535,Brain,Treatment vs Control,Brain | Treatment vs Control,3.453430300399864e-13,12.461749304811214,TRUE,Down
Gene_0135,192.71268173001465,2.212944562788722,0.2920071747090806,7.578391061772448,3.498664912099154e-14,4.216309148335193e-13,2.1589948506636616,0.2884257685737094,Brain,Treatment vs Control,Brain | Treatment vs Control,4.216309148335193e-13,12.37506755327611,TRUE,Up
Gene_2959,91.10195943346022,2.4062373904478696,0.3180334403216252,7.5659886206131555,3.8492574985977226e-14,4.623036812091346e-13,2.336966845226399,0.3134222524903274,Brain,Treatment vs Control,Brain | Treatment vs Control,4.623036812091346e-13,12.335072648369296,TRUE,Up
Gene_2453,92.68270291597263,-2.369444683342047,0.31480150379728256,-7.52678959522334,5.200306617301373e-14,6.224502598539372e-13,-2.302573713857604,0.310327514251518,Brain,Treatment vs Control,Brain | Treatment vs Control,6.224502598539372e-13,12.20589534741945,TRUE,Down
Gene_2786,733.7999441894499,-1.3814837273243898,0.183986447117107,-7.508616797437685,5.975535964454423e-14,7.128249152192083e-13,-1.3679136961098513,0.1830805868259369,Brain,Treatment vs Control,Brain | Treatment vs Control,7.128249152192083e-13,12.147017128902283,TRUE,Down
Gene_0616,267.46279460269574,1.9241491974846938,0.25703844459942216,7.485842051695249,7.108985057647644e-14,8.451793346314422e-13,1.8876017524266653,0.2545856373176971,Brain,Treatment vs Control,Brain | Treatment vs Control,8.451793346314422e-13,12.073051130367064,TRUE,Up
Gene_0904,60.53258386388193,3.0775951346094783,0.412918722047167,7.453270995685029,9.105398226813091e-14,1.078898024794531e-12,2.9311362776735783,0.40297382439073554,Brain,Treatment vs Control,Brain | Treatment vs Control,1.078898024794531e-12,11.967019601991725,TRUE,Up
Gene_3003,4748.083950419132,-1.4731425845735961,0.19969897999411698,-7.376815768498137,1.6212009571975503e-13,1.9145353109914885e-12,-1.4561248869613386,0.1985421718153519,Brain,Treatment vs Control,Brain | Treatment vs Control,1.9145353109914885e-12,11.717936619273289,TRUE,Down
Gene_0513,63.205476692139165,-2.790482265198338,0.37957003278720386,-7.351692768545692,1.9571225050483414e-13,2.3035331884418976e-12,-2.6774367004369646,0.37180214497617453,Brain,Treatment vs Control,Brain | Treatment vs Control,2.3035331884418976e-12,11.637605526214276,TRUE,Down
Gene_1759,233.0544902372998,-1.7828084420521455,0.2426971113603485,-7.345816487305,2.0450680614108712e-13,2.3990482806783346e-12,-1.752556605081014,0.24062918185017257,Brain,Treatment vs Control,Brain | Treatment vs Control,2.3990482806783346e-12,11.619961011798242,TRUE,Down
Gene_0951,87.02676859070647,-2.2435294424823664,0.30600013070249654,-7.331792432022194,2.2709464191524267e-13,2.655202584777225e-12,-2.1836098635288357,0.30188619255123744,Brain,Treatment vs Control,Brain | Treatment vs Control,2.655202584777225e-12,11.57590233782379,TRUE,Down
Gene_3376,67.68421292381126,2.4304275260923953,0.33287862067522667,7.301242480404424,2.851223665026126e-13,3.322663617560149e-12,2.353986542976759,0.32760200775248544,Brain,Treatment vs Control,Brain | Treatment vs Control,3.322663617560149e-12,11.478513623943114,TRUE,Up
Gene_0190,52.2537610467322,-3.3809828279333205,0.46363265816125765,-7.292374185507375,3.0453992194900347e-13,3.5372712644800368e-12,-3.180622971248908,0.44968524174651747,Brain,Treatment vs Control,Brain | Treatment vs Control,3.5372712644800368e-12,11.4513316339513,TRUE,Down
Gene_2308,70.48910211062925,-2.5214034715863587,0.3461005467765202,-7.285176215611264,3.212501226757261e-13,3.719128469403242e-12,-2.435894149218198,0.3401812084986271,Brain,Treatment vs Control,Brain | Treatment vs Control,3.719128469403242e-12,11.42955881960035,TRUE,Down
Gene_1078,431.3895596568255,-1.593501828544331,0.21948910037435665,-7.260049933351966,3.8694745323904407e-13,4.46507012217995e-12,-1.5713177990563358,0.21795593162024252,Brain,Treatment vs Control,Brain | Treatment vs Control,4.46507012217995e-12,11.350171716296895,TRUE,Down
Gene_0626,1528.9091831756543,1.2907287806174639,0.1785682036543417,7.228211709605117,4.893953986291073e-13,5.6288441451445524e-12,1.2787791547383558,0.1777396872118572,Brain,Treatment vs Control,Brain | Treatment vs Control,5.6288441451445524e-12,11.249580776182713,TRUE,Up
Gene_3360,347.9585023719644,-1.6430919223412979,0.2274742489727936,-7.223199679792393,5.077836685372752e-13,5.821377057159476e-12,-1.6185481902337777,0.2257689065682404,Brain,Treatment vs Control,Brain | Treatment vs Control,5.821377057159476e-12,11.234974270060533,TRUE,Down
Gene_1141,407.2316266449983,1.5021934959573704,0.20821377643028435,7.214669085358747,5.406528989903439e-13,6.178140408850822e-12,1.4833477903384371,0.20690358730638164,Brain,Treatment vs Control,Brain | Treatment vs Control,6.178140408850822e-12,11.209142225834473,TRUE,Up
Gene_0022,273.0057546551442,1.5560120608963088,0.215712173040939,7.213371591231435,5.458319582665854e-13,6.217202079481655e-12,1.5350791050143457,0.21425627880626172,Brain,Treatment vs Control,Brain | Treatment vs Control,6.217202079481655e-12,11.206405016405771,TRUE,Up
Gene_0553,160.2633911648596,1.8332285695867085,0.2544284620234296,7.205281024800958,5.79242605305587e-13,6.576545464096552e-12,1.7990985278273341,0.2520489317468352,Brain,Treatment vs Control,Brain | Treatment vs Control,6.576545464096552e-12,11.18200217323216,TRUE,Up
Gene_1801,71.51376612228887,-2.464225853038212,0.3427160056533137,-7.190285286911826,6.465608037792068e-13,7.317327558155061e-12,-2.3822279814240868,0.3369657775935883,Brain,Treatment vs Control,Brain | Treatment vs Control,7.317327558155061e-12,11.135647503458454,TRUE,Down
Gene_2220,439.351429259665,1.872727543507175,0.2608183315277393,7.180199077793738,6.960998317104456e-13,7.852806727698348e-12,1.836123538213409,0.2582568000338518,Brain,Treatment vs Control,Brain | Treatment vs Control,7.852806727698348e-12,11.10497509121787,TRUE,Up
Gene_1650,1604.990694930962,1.2865765129109608,0.17925863868636366,7.177207873155804,7.114946811766057e-13,8.000916303294887e-12,1.2745739022569775,0.17842052046799442,Brain,Treatment vs Control,Brain | Treatment vs Control,8.000916303294887e-12,11.096860272673489,TRUE,Up
Gene_0427,116.85592153718187,-1.972747526936187,0.27611139580846467,-7.144752287966627,9.015832555817226e-13,1.0106318969711309e-11,-1.9296358895194115,0.2730777182458585,Brain,Treatment vs Control,Brain | Treatment vs Control,1.0106318969711309e-11,10.995406998933783,TRUE,Down
Gene_2451,155.6086427690285,-1.7267965769624751,0.24284362635195103,-7.110734602767975,1.154269132867176e-12,1.2897861734664552e-11,-1.6974603968771238,0.24077198358085017,Brain,Treatment vs Control,Brain | Treatment vs Control,1.2897861734664552e-11,10.889482283019245,TRUE,Down
Gene_1793,67.3647427386098,-2.592199107603266,0.3661650264714229,-7.079319214571609,1.4486434653743746e-12,1.6136151660053364e-11,-2.4941970987492907,0.35917663123673427,Brain,Treatment vs Control,Brain | Treatment vs Control,1.6136151660053364e-11,10.792200032940137,TRUE,Down
Gene_1018,240.9946294904212,-1.9349753110150134,0.2747210533178993,-7.043418360717755,1.875799259139444e-12,2.0828450264218165e-11,-1.893104726850874,0.27173248228222435,Brain,Treatment vs Control,Brain | Treatment vs Control,2.0828450264218165e-11,10.68134304242559,TRUE,Down
Gene_0587,84.24863189337172,2.7201574963596826,0.3868560206618642,7.0314467168064745,2.044029243882596e-12,2.2625289216769424e-11,2.6058691844439803,0.3786418796047473,Brain,Treatment vs Control,Brain | Treatment vs Control,2.2625289216769424e-11,10.645405860545113,TRUE,Up
Gene_2193,62.698373629524276,-2.578710063019252,0.3675240803889176,-7.0164383794673695,2.2759520950325302e-12,2.5113708898624576e-11,-2.480520591044955,0.3604590784804011,Brain,Treatment vs Control,Brain | Treatment vs Control,2.5113708898624576e-11,10.600089144106702,TRUE,Down
Gene_2943,662.9889802882436,1.2614812842202165,0.17998096172437886,7.00897068297722,2.4007774836225747e-12,2.6408552319848322e-11,1.249618648336912,0.17913272392283264,Brain,Treatment vs Control,Brain | Treatment vs Control,2.6408552319848322e-11,10.578255405560736,TRUE,Up
Gene_1929,47.24392924627411,-3.0198300034017325,0.43160066313393247,-6.996815022187841,2.6184662424109068e-12,2.8713677956375503e-11,-2.863510394842613,0.42028147435064134,Brain,Treatment vs Control,Brain | Treatment vs Control,2.8713677956375503e-11,10.541911174837054,TRUE,Down
Gene_0809,258.8414970837574,1.8928845840221693,0.2706565778969918,6.9936766315820895,2.6777436037510103e-12,2.927279462800253e-11,1.8531025371960756,0.2677973374294249,Brain,Treatment vs Control,Brain | Treatment vs Control,2.927279462800253e-11,10.533535814170786,TRUE,Up
Gene_1665,892.6223544378983,-1.5645648563860701,0.22427262831995554,-6.976173900963094,3.0332723459508647e-12,3.3057051399853406e-11,-1.5418378738582126,0.22263777677341523,Brain,Treatment vs Control,Brain | Treatment vs Control,3.3057051399853406e-11,10.48073588693767,TRUE,Down
Gene_2564,96.46721901132578,-2.5030732788974857,0.359019435750785,-6.9719715136397395,3.1252984730821833e-12,3.395516587216366e-11,-2.4119650866535807,0.3524249905992825,Brain,Treatment vs Control,Brain | Treatment vs Control,3.395516587216366e-11,10.469094143648437,TRUE,Down
Gene_0720,289.3348726631065,1.4224121422361182,0.20433505556367867,6.961175302555169,3.374455498571526e-12,3.6549700507533926e-11,1.4052180196418307,0.20309630809416587,Brain,Treatment vs Control,Brain | Treatment vs Control,3.6549700507533926e-11,10.43711617735067,TRUE,Up
Gene_0257,85.07660726834145,2.094162125763966,0.30132956263973515,6.949740036850328,3.6595994820211914e-12,3.951695954439397e-11,2.0398822211190177,0.29739875735863025,Brain,Treatment vs Control,Brain | Treatment vs Control,3.951695954439397e-11,10.403216477644355,TRUE,Up
Gene_3384,37.21474152547657,-4.119743064845447,0.5928588041716395,-6.948944733310789,3.680286777992604e-12,3.961918479601185e-11,-3.7350218096031296,0.5644985130571476,Brain,Treatment vs Control,Brain | Treatment vs Control,3.961918479601185e-11,10.402094464744872,TRUE,Down
Gene_0990,147.83922032411775,-2.0276137325343457,0.29274211502528824,-6.9262795766819965,4.320522182733117e-12,4.6370102818330205e-11,-1.977939192485001,0.2891339416568479,Brain,Treatment vs Control,Brain | Treatment vs Control,4.6370102818330205e-11,10.333761941124166,TRUE,Down
Gene_3314,29.238752518756428,4.141064598311716,0.5990050238444128,6.913238509644499,4.737124768576055e-12,5.068723502376378e-11,3.7470593587049406,0.5697965012989662,Brain,Treatment vs Control,Brain | Treatment vs Control,5.068723502376378e-11,10.29510139878791,TRUE,Up
Gene_2563,91.95444786812926,-2.3287977270893325,0.33770346630038106,-6.8959840791740925,5.349318661710967e-12,5.706478608610702e-11,-2.2534836848193045,0.332197882468925,Brain,Treatment vs Control,Brain | Treatment vs Control,5.706478608610702e-11,10.243631806397524,TRUE,Down
Gene_3101,102.2930774827616,2.2710500960437088,0.32950381749021207,6.892333185521198,5.4884635781723534e-12,5.837278582688729e-11,2.2010183320993457,0.32438363814924803,Brain,Treatment vs Control,Brain | Treatment vs Control,5.837278582688729e-11,10.233789579597603,TRUE,Up
Gene_3364,354.62093021158114,1.6023154581623635,0.2325244903124792,6.890953533578695,5.5419640570552495e-12,5.87647900464327e-11,1.577323022038637,0.23070395211545297,Brain,Treatment vs Control,Brain | Treatment vs Control,5.87647900464327e-11,10.23088281114681,TRUE,Up
Gene_0428,57.447904886276,2.798324921448617,0.4064577982879752,6.884662893012093,5.792453869312441e-12,6.123698985791086e-11,2.669100003610756,0.396961905595927,Brain,Treatment vs Control,Brain | Treatment vs Control,6.123698985791086e-11,10.212986165462816,TRUE,Up
Gene_0497,35.33129776982687,-3.7943236205689255,0.5523215322974749,-6.869773127956453,6.430408824871761e-12,6.777842853917072e-11,-3.482950085355437,0.5291739373192492,Brain,Treatment vs Control,Brain | Treatment vs Control,6.777842853917072e-11,10.16890850461458,TRUE,Down
Gene_1986,39.83256358022123,-3.1321194776004617,0.45599015773526763,-6.868831321177033,6.47299883838565e-12,6.802428243553491e-11,-2.952227710469957,0.4427017691494622,Brain,Treatment vs Control,Brain | Treatment vs Control,6.802428243553491e-11,10.167336030745282,TRUE,Down
Gene_1969,41.088346180295495,3.43744880728952,0.5025381811548943,6.8401744110066245,7.909682180099294e-12,8.287563138851812e-11,3.200575205079404,0.48491430190753365,Brain,Treatment vs Control,Brain | Treatment vs Control,8.287563138851812e-11,10.081573149899329,TRUE,Up
Gene_2207,51.38980559319518,-2.860332488638168,0.41854128619084274,-6.834050983763496,8.254966489176387e-12,8.623753453633675e-11,-2.7206629018719064,0.4081947722282542,Brain,Treatment vs Control,Brain | Treatment vs Control,8.623753453633675e-11,10.064303668119418,TRUE,Down
Gene_0208,1764.4576847169958,1.2725612545786458,0.18634028141174538,6.829233298015368,8.536964618677124e-12,8.892041908126527e-11,1.2597424953099308,0.18539940734781757,Brain,Treatment vs Control,Brain | Treatment vs Control,8.892041908126527e-11,10.050998499141603,TRUE,Up
Gene_0275,55.864916130005454,-2.495876193827997,0.36574847184162235,-6.824023573525059,8.852534580878822e-12,9.1936175309068e-11,-2.4017222881180023,0.35878346607457473,Brain,Treatment vs Control,Brain | Treatment vs Control,9.1936175309068e-11,10.036513567550221,TRUE,Down
Gene_1864,1455.2058144992366,1.3357908362473578,0.19600535504743916,6.8150731694246645,9.421580049304318e-12,9.755894180086084e-11,1.3209190624499798,0.19491122998043628,Brain,Treatment vs Control,Brain | Treatment vs Control,9.755894180086084e-11,10.010732919023942,TRUE,Up
Gene_1405,347.6288860037548,-1.6048061082064975,0.23590882004630181,-6.802654126672849,1.0270903556940068e-11,1.0604257444314439e-10,-1.5790526496994004,0.23400828794359677,Brain,Treatment vs Control,Brain | Treatment vs Control,1.0604257444314439e-10,9.97451973724902,TRUE,Down
Gene_1122,270.26343366923743,1.5509240529583737,0.2282460686991516,6.794965020854874,1.0833881164699315e-11,1.1152896324359557e-10,1.5276019647848447,0.22652346090850886,Brain,Treatment vs Control,Brain | Treatment vs Control,1.1152896324359557e-10,9.95261233491673,TRUE,Up
Gene_2536,154.93361870358643,-1.7861406970743996,0.264501827907179,-6.752848217371131,1.4497058235303109e-11,1.4880555996760256e-10,-1.7502559810969753,0.26183136926949463,Brain,Treatment vs Control,Brain | Treatment vs Control,1.4880555996760256e-10,9.827380841517707,TRUE,Down
Gene_2817,76.42028442805527,2.172057145683209,0.3217952980830178,6.749810076848465,1.480388089975147e-11,1.515145027739781e-10,2.108083980096573,0.3170210253099265,Brain,Treatment vs Control,Brain | Treatment vs Control,1.515145027739781e-10,9.819545795060948,TRUE,Up
Gene_2221,30.645994550954992,-3.6025026703194705,0.5346624588314877,-6.737900914518649,1.606910833307335e-11,1.6398850151468788e-10,-3.324034580598782,0.5135826761135408,Brain,Treatment vs Control,Brain | Treatment vs Control,1.6398850151468788e-10,9.785186602585176,TRUE,Down
Gene_0539,165.6949934569986,1.8072477276372358,0.2688472593429215,6.722209971767076,1.789887662798072e-11,1.8213525467838593e-10,1.7697610911714918,0.2660444154705842,Brain,Treatment vs Control,Brain | Treatment vs Control,1.8213525467838593e-10,9.739605982648934,TRUE,Up
Gene_1915,108.39309396193,-2.0622868816169864,0.3068775877258141,-6.7202264489239205,1.8144236099738657e-11,1.8410143008096896e-10,-2.0069000334720806,0.3027286702460434,Brain,Treatment vs Control,Brain | Treatment vs Control,1.8410143008096896e-10,9.734942837928026,TRUE,Down
Gene_1225,2521.288182594519,-1.1863355018380375,0.1773708933946668,-6.688445207288494,2.2555406531463057e-11,2.2820384086703742e-10,-1.1754977867455159,0.1765589094006317,Brain,Treatment vs Control,Brain | Treatment vs Control,2.2820384086703742e-10,9.6416770503064,TRUE,Down
Gene_0842,824.2586949972899,-1.237029566065394,0.1849682324475147,-6.687794707755587,2.2655864714540617e-11,2.2856530944869406e-10,-1.2247497254717128,0.18404791792794506,Brain,Treatment vs Control,Brain | Treatment vs Control,2.2856530944869406e-10,9.640989684081879,TRUE,Down
Gene_1834,257.739051333705,1.4961275930339208,0.22438850784474298,6.667576728435259,2.600615101707996e-11,2.61617433735924e-10,1.4743725840506614,0.22275118128223814,Brain,Treatment vs Control,Brain | Treatment vs Control,2.61617433735924e-10,9.582333318745961,TRUE,Up
Gene_0199,130.0626013739891,1.8886195952816736,0.2837891270923224,6.65501041083673,2.8328000044401824e-11,2.841652504454058e-10,1.8450728533511562,0.2804983727580927,Brain,Treatment vs Control,Brain | Treatment vs Control,2.841652504454058e-10,9.546429031484259,TRUE,Up
Gene_3467,47.89497838163496,-2.654377762607202,0.3994874720057761,-6.644458083453548,3.043346991325889e-11,3.044209129283772e-10,-2.5357820947305254,0.3904611636705814,Brain,Treatment vs Control,Brain | Treatment vs Control,3.044209129283772e-10,9.516525515970388,TRUE,Down
Gene_2417,55.290236751481764,-2.636520311319747,0.3974931082164492,-6.632870499691953,3.2922063721551655e-11,3.283836355954771e-10,-2.519843809073386,0.3885983379116915,Brain,Treatment vs Control,Brain | Treatment vs Control,3.283836355954771e-10,9.483618493293347,TRUE,Down
Gene_0526,274.798279324305,1.750389358437136,0.2684857083509228,6.519488017400535,7.054777474886532e-11,7.017019510936436e-10,1.7141776425990205,0.26569412030623224,Brain,Treatment vs Control,Brain | Treatment vs Control,7.017019510936436e-10,9.153847315906663,TRUE,Up
Gene_0057,541.3716760760063,1.345235593623338,0.20681763480441484,6.50445304093876,7.797656930378079e-11,7.734136691338481e-10,1.3285817266204962,0.2055335999105745,Brain,Treatment vs Control,Brain | Treatment vs Control,7.734136691338481e-10,9.111588156575156,TRUE,Up
Gene_1490,40.59617316122523,-2.769046546036919,0.42658236511880576,-6.4912353919406,8.513533650342005e-11,8.420528660884488e-10,-2.6288546059957074,0.4156437522140409,Brain,Treatment vs Control,Brain | Treatment vs Control,8.420528660884488e-10,9.074660641600406,TRUE,Down
Gene_1716,57.21512184928443,2.331429670196872,0.3601347350162258,6.473770629461304,9.558697145658688e-11,9.427865816011403e-10,2.2460602754224874,0.35347993700275154,Brain,Treatment vs Control,Brain | Treatment vs Control,9.427865816011403e-10,9.025586607286929,TRUE,Up
Gene_1823,94.57047383603226,-1.886315502763698,0.29145365750723473,-6.4720941191718415,9.665388179485502e-11,9.506541967064988e-10,-1.8404986262685497,0.2878924831585122,Brain,Treatment vs Control,Brain | Treatment vs Control,9.506541967064988e-10,9.021977430247839,TRUE,Down
Gene_2425,42.58339029892282,-2.79146072320508,0.4320482153322869,-6.460993528368533,1.0401776834088738e-10,1.0202409444768705e-9,-2.646678152403362,0.4206949174331782,Brain,Treatment vs Control,Brain | Treatment vs Control,1.0202409444768705e-9,8.991297251277729,TRUE,Down
Gene_1957,540.0360926338114,1.5013562989877935,0.23259251268058054,6.454878025457368,1.0830609959746168e-10,1.0593596611596597e-9,1.4779250512252367,0.23077054776362066,Brain,Treatment vs Control,Brain | Treatment vs Control,1.0593596611596597e-9,8.974956568373528,TRUE,Up
Gene_2593,859.6096337053808,1.704054944445595,0.26536314031381136,6.421596241401218,1.34852712119657e-10,1.3153727251229528e-9,1.6696005118877948,0.2626669475973556,Brain,Treatment vs Control,Brain | Treatment vs Control,1.3153727251229528e-9,8.880951167685371,TRUE,Up
Gene_1214,60.810357438833805,-2.27726679403777,0.3549175924582704,-6.416325486332495,1.396028106613119e-10,1.3579546127963975e-9,-2.196193725794314,0.3485428615311112,Brain,Treatment vs Control,Brain | Treatment vs Control,1.3579546127963975e-9,8.867114745329065,TRUE,Down
Gene_1384,409.9046430944389,1.515926147520971,0.2371484776217009,6.392308155311777,1.6340017304363185e-10,1.5850714588380882e-9,1.4913467486514351,0.23521829512182713,Brain,Treatment vs Control,Brain | Treatment vs Control,1.5850714588380882e-9,8.79995115396389,TRUE,Up
Gene_0983,71.10122497481255,-2.400206951151749,0.376232373591252,-6.3795864461132,1.7756683109210395e-10,1.7177766591403261e-9,-2.3046064731933344,0.3686638688949623,Brain,Treatment vs Control,Brain | Treatment vs Control,1.7177766591403261e-9,8.765033302674876,TRUE,Down
Gene_1192,253.36155843867428,1.4977897590959135,0.23535833956893162,6.363869501455425,1.9673330771359957e-10,1.897992649007432e-9,1.4738638301224032,0.2334712426668881,Brain,Treatment vs Control,Brain | Treatment vs Control,1.897992649007432e-9,8.721705473943336,TRUE,Up
Gene_2636,102.269459653275,1.7595241436070164,0.2766772047866047,6.35948359014289,2.0243315460261727e-10,1.947660678206653e-9,1.7209178171665234,0.2736253312194223,Brain,Treatment vs Control,Brain | Treatment vs Control,1.947660678206653e-9,8.710486703729849,TRUE,Up
Gene_1240,103.28178345229318,-2.1755091590690743,0.3423957368842666,-6.3537857651668705,2.1007936457162247e-10,2.015734337778258e-9,-2.1032490594112505,0.3366616702396622,Brain,Treatment vs Control,Brain | Treatment vs Control,2.015734337778258e-9,8.695566705976285,TRUE,Down
Gene_1087,2198.7841973001673,1.2919131060144644,0.20343112041177522,6.350616874151004,2.144532067314123e-10,2.0521254009989614e-9,1.2764325550576034,0.2022089747588608,Brain,Treatment vs Control,Brain | Treatment vs Control,2.0521254009989614e-9,8.68779610394139,TRUE,Up
Gene_2045,42.29308966761066,-2.7999657125438526,0.4410744884052899,-6.348056362695476,2.1805220123811408e-10,2.080925196139948e-9,-2.6489412998416504,0.4290147473130328,Brain,Treatment vs Control,Brain | Treatment vs Control,2.080925196139948e-9,8.681743531267253,TRUE,Down
Gene_3195,744.9024069046322,-1.2750849067363792,0.2010411433705775,-6.342407754745135,2.262016547828338e-10,2.1528788222053535e-9,-1.2601587078827148,0.19986135208980338,Brain,Treatment vs Control,Brain | Treatment vs Control,2.1528788222053535e-9,8.666980414360722,TRUE,Down
Gene_1661,335.7149727207938,1.3580964382685625,0.21431973758904982,6.33677725414475,2.346207978151035e-10,2.2270054760352967e-9,1.340057901386352,0.21289202282615172,Brain,Treatment vs Control,Brain | Treatment vs Control,2.2270054760352967e-9,8.652278715067897,TRUE,Up
Gene_0276,72.80691874706007,2.532948166887211,0.4001097316623077,6.330633739808702,2.441562845240511e-10,2.3113025218617277e-9,2.4194407390766473,0.39104249311854206,Brain,Treatment vs Control,Brain | Treatment vs Control,2.3113025218617277e-9,8.636143206846048,TRUE,Up
Gene_0455,44.352419614436954,-2.869867634976178,0.4549758405157103,-6.307736322269801,2.8314605095812913e-10,2.673231834045866e-9,-2.7057285723367204,0.44177396883586273,Brain,Treatment vs Control,Brain | Treatment vs Control,2.673231834045866e-9,8.572963375743715,TRUE,Down
Gene_0898,85.77160053620966,2.2034388550039994,0.3504627793467508,6.28722644701707,3.231877964694771e-10,3.0431362915565965e-9,2.126882926705908,0.34432124441068224,Brain,Treatment vs Control,Brain | Treatment vs Control,3.0431362915565965e-9,8.516678596657453,TRUE,Up
Gene_0881,45.44829198928631,-2.838516403573035,0.45305287624664914,-6.265309310226521,3.7208608254011374e-10,3.4942445676838873e-9,-2.6774621017218374,0.44001311129518184,Brain,Treatment vs Control,Brain | Treatment vs Control,3.4942445676838873e-9,8.456646701334078,TRUE,Down
Gene_0239,34.18227274787718,-3.111677547439842,0.5011513946944156,-6.209056944433394,5.330350661922762e-10,4.992431879906969e-9,-2.898353114238827,0.48366921329274604,Brain,Treatment vs Control,Brain | Treatment vs Control,4.992431879906969e-9,8.301687852222376,TRUE,Down
Gene_3218,35.56374385084001,-3.1722565263580305,0.5110863867503216,-6.2068891064158915,5.404370471274326e-10,5.048368289436414e-9,-2.9466900750333282,0.49258204973973363,Brain,Treatment vs Control,Brain | Treatment vs Control,5.048368289436414e-9,8.296848969882062,TRUE,Down
Gene_2952,44.15224555805425,-2.5608645211239867,0.4132597483920685,-6.196743164772095,5.764344667644297e-10,5.3704224331007945e-9,-2.4388041069501147,0.4032917362261063,Brain,Treatment vs Control,Brain | Treatment vs Control,5.3704224331007945e-9,8.269991551702859,TRUE,Down
Gene_0408,90.79529997554678,2.4205175149713307,0.3911400325262324,6.188365581855892,6.07912133549198e-10,5.648783535690048e-9,2.3166506627943475,0.38265687462835485,Brain,Treatment vs Control,Brain | Treatment vs Control,5.648783535690048e-9,8.248045067334226,TRUE,Up
Gene_1681,300.0851004916985,1.2760659293556686,0.2063100004480757,6.1851869835889515,6.202890120323447e-10,5.748662733559603e-9,1.260344621532371,0.20503605723881035,Brain,Treatment vs Control,Brain | Treatment vs Control,5.748662733559603e-9,8.240433170089561,TRUE,Up
Gene_3390,126.9100708342706,-1.7014414552958321,0.27527602346127855,-6.180855978309218,6.375496033760191e-10,5.893161386179904e-9,-1.6644783302200115,0.2722702923075107,Brain,Treatment vs Control,Brain | Treatment vs Control,5.893161386179904e-9,8.229651665443512,TRUE,Down
Gene_2224,639.2646246734879,1.5905957910517063,0.2577838898614872,6.1702684054708286,6.817416433706341e-10,6.285195150761642e-9,1.5602114560801135,0.2553107295748871,Brain,Treatment vs Control,Brain | Treatment vs Control,6.285195150761642e-9,8.201681233239256,TRUE,Up
Gene_0883,119.3593889604473,-1.7789792935375952,0.28899261627564793,-6.155794969656813,7.470181650162858e-10,6.869065470501315e-9,-1.7364785314984603,0.2855206009434619,Brain,Treatment vs Control,Brain | Treatment vs Control,6.869065470501315e-9,8.163102344252195,TRUE,Down
Gene_2310,27.06379728470656,-3.5147061910499438,0.5743119113599965,-6.119855990322334,9.365996394110485e-10,8.589956692884188e-9,-3.204918198966953,0.5484209472776914,Brain,Treatment vs Control,Brain | Treatment vs Control,8.589956692884188e-9,8.066009025701801,TRUE,Down
Gene_0412,46.75476452525655,-2.930965942608827,0.47954731754333074,-6.111943150102163,9.842524905926947e-10,9.003615399696386e-9,-2.745910654640574,0.4641636521943317,Brain,Treatment vs Control,Brain | Treatment vs Control,9.003615399696386e-9,8.04558306468851,TRUE,Down
Gene_1669,69.39913715874144,-2.0114916480092284,0.32983005500968715,-6.098569907312269,1.0702159262388233e-9,9.764683295992985e-9,-1.9493442690692933,0.32469620464041743,Brain,Treatment vs Control,Brain | Treatment vs Control,9.764683295992985e-9,8.010341837888992,TRUE,Down
Gene_1847,689.9760223708192,1.2697836409648429,0.20841575809686003,6.092551026658541,1.1112540572855127e-9,1.0112984732667901e-8,1.2538225922159594,0.20710318722722112,Brain,Treatment vs Control,Brain | Treatment vs Control,1.0112984732667901e-8,7.995120648402903,TRUE,Up
Gene_3178,498.36912234685735,1.1747327602280075,0.19355026442502876,6.069393724249018,1.2839402257200095e-9,1.1654480557885228e-8,1.1619755455443697,0.1924981995410192,Brain,Treatment vs Control,Brain | Treatment vs Control,1.1654480557885228e-8,7.933507078288523,TRUE,Up
Gene_1269,139.66091426491883,1.5193369980282114,0.25070155028168856,6.060341455093048,1.358328823585239e-9,1.2298100195075586e-8,1.4918580049255217,0.24842568942822224,Brain,Treatment vs Control,Brain | Treatment vs Control,1.2298100195075586e-8,7.910161972993177,TRUE,Up
Gene_1223,39.24818155267258,-2.529338701737623,0.41852884718443195,-6.043403504330077,1.5089663944155458e-9,1.3627008538826833e-08,-2.40583768977392,0.4081854447989251,Brain,Treatment vs Control,Brain | Treatment vs Control,1.3627008538826833e-08,7.865599471947442,TRUE,Down
Gene_2571,74.38346859682193,-1.944893109656409,0.32234678026739033,-6.03354284489238,1.6040343596809435e-9,1.4448585010289315e-8,-1.887419211308041,0.3175501250239012,Brain,Treatment vs Control,Brain | Treatment vs Control,1.4448585010289315e-8,7.840174682479284,TRUE,Down
Gene_0495,43.110498350250744,3.1389152828531652,0.5211953625470148,6.022531105253296,1.717103565603415e-9,1.5427716768818467e-8,2.9074595815344555,0.5016153594875529,Brain,Treatment vs Control,Brain | Treatment vs Control,1.5427716768818467e-8,7.8116983427686835,TRUE,Up
Gene_0825,123.1504988653531,-1.8148206750468316,0.3018143185161459,-6.013037035384211,1.820794174840103e-9,1.631782799837666e-8,-1.7676329491089646,0.29786678696364566,Brain,Treatment vs Control,Brain | Treatment vs Control,1.631782799837666e-8,7.787337648958114,TRUE,Down
Gene_1595,36.83508904614371,-2.9035692706690526,0.4831630112927538,-6.009502389059637,1.860936217998668e-9,1.66353564196286e-8,-2.717646018258299,0.46744145965034245,Brain,Treatment vs Control,Brain | Treatment vs Control,1.66353564196286e-8,7.778967889750391,TRUE,Down
Gene_3340,177.08228878485235,1.6121152561671912,0.2683803480941751,6.006830483733844,1.891851319429474e-9,1.6869007598246142e-8,1.5787890587655176,0.2655939640375064,Brain,Treatment vs Control,Brain | Treatment vs Control,1.6869007598246142e-8,7.7729104661531965,TRUE,Up
Gene_3201,993.8770768883853,1.353563413405574,0.22569842300639273,5.997221404454542,2.00722311529117e-9,1.785265697756454e-8,1.3336535421459161,0.2240346781339298,Brain,Treatment vs Control,Brain | Treatment vs Control,1.785265697756454e-8,7.74829713950566,TRUE,Up
Gene_0765,526.4829175915775,1.3145740333921918,0.2198107013535507,5.980482411899446,2.2247774846608904e-9,1.9737912809893477e-8,1.2962192941984285,0.2182733350938738,Brain,Treatment vs Control,Brain | Treatment vs Control,1.9737912809893477e-8,7.704698773807766,TRUE,Up
Gene_3014,1867.8363960074153,-1.1298147586910738,0.18938882843210922,-5.965582912384306,2.4376222816885427e-9,2.1572040793589584e-8,-1.1180612953950595,0.18840426239636107,Brain,Treatment vs Control,Brain | Treatment vs Control,2.1572040793589584e-8,7.666108767114911,TRUE,Down
Gene_0931,3693.4484936117547,1.1077837629390286,0.1858975909985354,5.959107683906223,2.5361894283932755e-9,2.238821217914164e-8,1.0966761112004866,0.18496653622100925,Brain,Treatment vs Control,Brain | Treatment vs Control,2.238821217914164e-8,7.649980585819545,TRUE,Up
Gene_1682,34.93430553831599,-2.9021410408781287,0.48784039240450017,-5.94895602345239,2.6985812450129653e-9,2.3762320140001947e-8,-2.7129290863359548,0.4716742292287267,Brain,Treatment vs Control,Brain | Treatment vs Control,2.3762320140001947e-8,7.6241111573437665,TRUE,Down
Gene_0746,271.58410375147196,-1.225621903225757,0.20638457870640753,-5.938534317378751,2.875814600809228e-9,2.5259953620540755e-8,-1.2105103929010699,0.20511165972833934,Brain,Treatment vs Control,Brain | Treatment vs Control,2.5259953620540755e-8,7.597567451182181,TRUE,Down
Gene_2148,64.44558073639664,-1.9482033845240327,0.3283395596317122,-5.933501850064212,2.9654065667367367e-9,2.598225952145761e-8,-1.8885368168243406,0.32327585301798445,Brain,Treatment vs Control,Brain | Treatment vs Control,2.598225952145761e-8,7.585323083631322,TRUE,Down
Gene_2320,34.96218862042129,-2.682216938654295,0.45263799336787275,-5.925744144226919,3.108863137914219e-9,2.7171771633601754e-8,-2.5302922808326667,0.439636893686123,Brain,Treatment vs Control,Brain | Treatment vs Control,2.7171771633601754e-8,7.565882044113821,TRUE,Down
Gene_2684,27.081854506224055,-3.3187466321822776,0.5632017645259327,-5.892642461757531,3.800681776257778e-9,3.3093554774645116e-8,-3.036483226923409,0.5387277930277775,Brain,Treatment vs Control,Brain | Treatment vs Control,3.3093554774645116e-8,7.4802565801929894,TRUE,Down
Gene_2367,80.01850491530679,-2.079927554181043,0.3529818874128027,-5.8924483899895534,3.8051496002565605e-9,3.3093554774645116e-8,-2.0066556468639645,0.34671303373004403,Brain,Treatment vs Control,Brain | Treatment vs Control,3.3093554774645116e-8,7.4802565801929894,TRUE,Down
Gene_2046,889.0208848109274,1.4819932563580236,0.2524753564355062,5.8698531107395135,4.361814142168503e-9,3.784168485502944e-8,1.4548149889434805,0.2501540143302832,Brain,Treatment vs Control,Brain | Treatment vs Control,3.784168485502944e-8,7.422029535405755,TRUE,Up
Gene_1836,1581.7294208356448,1.0079484837928847,0.1718853819307196,5.864073328813675,4.5164786406467116e-9,3.908746588265573e-8,0.9992942332133151,0.1711517642092237,Brain,Treatment vs Control,Brain | Treatment vs Control,3.908746588265573e-8,7.407962484821113,TRUE,Up
Gene_1962,53.68165611979571,2.4951940988298014,0.4277526760041894,5.833263562810215,5.43536080353663e-9,4.692483862417565e-8,2.3682055707772953,0.41673282204356,Brain,Treatment vs Control,Brain | Treatment vs Control,4.692483862417565e-8,7.328597212254842,TRUE,Up
Gene_1352,62.72795914972373,1.9778002963488244,0.3395880628453381,5.82411607692345,5.741566170695043e-9,4.944748816761999e-8,1.9131429908792938,0.3339971524907059,Brain,Treatment vs Control,Brain | Treatment vs Control,4.944748816761999e-8,7.305855764787707,TRUE,Up
Gene_0721,368.41057002507245,1.2808070746684879,0.22151349454863076,5.782072452418023,7.3785914463963834e-9,6.339125644093826e-8,1.2626478625658357,0.219944893569832,Brain,Treatment vs Control,Brain | Treatment vs Control,6.339125644093826e-8,7.1979706402463455,TRUE,Up
Gene_2692,87.97180292531327,1.8588931308341157,0.32234995360989455,5.766692720184889,8.084225421675139e-9,6.928495136877405e-8,1.803957382852091,0.31755894955202,Brain,Treatment vs Control,Brain | Treatment vs Control,6.928495136877405e-8,7.1593610835297055,TRUE,Up
Gene_0686,1021.2777989047125,-1.1457954431113848,0.20026214247643861,-5.7214780034933,1.056013318435743e-8,9.02853033267944e-8,-1.1324814873209914,0.19910580335466493,Brain,Treatment vs Control,Brain | Treatment vs Control,9.02853033267944e-8,7.0443829385407035,TRUE,Down
Gene_0010,154.23360633272262,-1.5780200724543119,0.27707002533747155,-5.695383578690196,1.2309485823825117e-8,1.0498742619305915e-7,-1.5432960793394528,0.2740155865193315,Brain,Treatment vs Control,Brain | Treatment vs Control,1.0498742619305915e-7,6.978862711043967,TRUE,Down
Gene_1748,71.28654192485196,-1.8456190142365978,0.3253332548849533,-5.6730106330177,1.4030951715215623e-8,1.1938142290705148e-7,-1.7900900103728934,0.32041456195082463,Brain,Treatment vs Control,Brain | Treatment vs Control,1.1938142290705148e-7,6.923063249058032,TRUE,Down
Gene_2463,56.81367522097467,-2.12651554586084,0.3750815304100554,-5.669475496530158,1.4323533335187428e-8,1.2157787549650676e-7,-2.0423079876626993,0.36759442831130956,Brain,Treatment vs Control,Brain | Treatment vs Control,1.2157787549650676e-7,6.915145449931717,TRUE,Down
Gene_1397,232.4789318803689,-1.2101110445754113,0.2145120682787024,-5.641225942603789,1.6884362172339322e-8,1.4297046242333367e-7,-1.1940040882572125,0.21309487451026207,Brain,Treatment vs Control,Brain | Treatment vs Control,1.4297046242333367e-7,6.8447536781404725,TRUE,Down
Gene_2866,442.71991139781403,-1.2616179386776076,0.22486776368407704,-5.610488217644614,2.0175660937697113e-8,1.7043124107896772e-7,-1.2431891755685562,0.22323672961114138,Brain,Treatment vs Control,Brain | Treatment vs Control,1.7043124107896772e-7,6.768450793462535,TRUE,Down
Gene_0416,47.68292935678458,-2.347553295992956,0.4188011717223348,-5.6054124355444355,2.0775963836575877e-8,1.7508336111443777e-7,-2.2327791107426935,0.4084569855043721,Brain,Treatment vs Control,Brain | Treatment vs Control,1.7508336111443777e-7,6.756755124730605,TRUE,Down
Gene_2174,31.406520086464948,3.237282596434114,0.5790953410284361,5.590241134879291,2.267544976381482e-8,1.9063574551435744e-7,2.947586816921515,0.5526175143256029,Brain,Treatment vs Control,Brain | Treatment vs Control,1.9063574551435744e-7,6.719795662857654,TRUE,Up
Gene_1218,26.12048880687986,-3.1354362654801715,0.5609616986133298,-5.589394558007825,2.2786267777415143e-8,1.9111237891223957e-7,-2.870690712373768,0.5367942822307448,Brain,Treatment vs Control,Brain | Treatment vs Control,1.9111237891223957e-7,6.718711181499874,TRUE,Down
Gene_0817,42.34008406976384,-2.4861297120591845,0.44492428247018156,-5.587759108710374,2.3001840844101762e-8,1.9200827428019699e-7,-2.349801412169603,0.43257915386932133,Brain,Treatment vs Control,Brain | Treatment vs Control,1.9200827428019699e-7,6.716680055688103,TRUE,Down
Gene_2486,458.4898334282008,1.1285884341364576,0.20196092427952067,5.588152451582433,2.2949813148775455e-8,1.9200827428019699e-7,1.115249823157345,0.20078439952575558,Brain,Treatment vs Control,Brain | Treatment vs Control,1.9200827428019699e-7,6.716680055688103,TRUE,Up
Gene_0284,435.3384492201699,-1.127471374739721,0.20261509952934414,-5.564596998736674,2.6275893971677246e-8,2.1882118305186875e-7,-1.1140596067373696,0.20142936974190453,Brain,Treatment vs Control,Brain | Treatment vs Control,2.1882118305186875e-7,6.659910638292752,TRUE,Down
Gene_2194,176.90884665609948,-1.734293453535237,0.3127842122343401,-5.544696265666671,2.9446487339557437e-8,2.4464834540229956e-7,-1.6859467975727505,0.30841764174140857,Brain,Treatment vs Control,Brain | Treatment vs Control,2.4464834540229956e-7,6.611457717100368,TRUE,Down
Gene_1058,41.80939772257436,2.6987684213070384,0.48710378905653395,5.540438161103722,3.017157706218721e-8,2.500841281844672e-7,2.523300006255078,0.4710391488390502,Brain,Treatment vs Control,Brain | Treatment vs Control,2.500841281844672e-7,6.601913870287233,TRUE,Up
Gene_3123,1082.5560740050628,-0.9349596336535443,0.16904644887402415,-5.530785413601262,3.1880012401719234e-8,2.6362605103154706e-7,-0.9271826279442303,0.16837350529142242,Brain,Treatment vs Control,Brain | Treatment vs Control,2.6362605103154706e-7,6.579011675791893,FALSE,NS
Gene_0339,2159.7002487334235,0.9583471260343878,0.17334721672816306,5.528482914941944,3.2301187614395066e-8,2.664847978187593e-7,0.9499695431631673,0.17261899278253667,Brain,Treatment vs Control,Brain | Treatment vs Control,2.664847978187593e-7,6.574327561165518,FALSE,NS
Gene_1947,223.72352337458477,-1.445796768306172,0.2618287240574018,-5.521918091726269,3.353188071361017e-8,2.7599317202740675e-7,-1.4173126478991762,0.2592627854674981,Brain,Treatment vs Control,Brain | Treatment vs Control,2.7599317202740675e-7,6.5591016620923925,TRUE,Down
Gene_0556,77.44353225881287,-1.780139242574201,0.3226463258911332,-5.51730827139452,3.442313040023494e-8,2.8266993824006874e-7,-1.7274293200025992,0.31786140879073127,Brain,Treatment vs Control,Brain | Treatment vs Control,2.8266993824006874e-7,6.548720375983986,TRUE,Down
Gene_2946,36.248903155322864,2.9098195824531388,0.5298518640416678,5.491760584283439,3.9794661682535775e-8,3.2602076659172576e-7,2.688597547754088,0.5093657817358725,Brain,Treatment vs Control,Brain | Treatment vs Control,3.2602076659172576e-7,6.486754735732822,TRUE,Up
Gene_0863,695.1419127697046,-0.9993214980868499,0.18198782008295528,-5.491144943828276,3.9933645298062346e-8,3.2640208691541234e-7,-0.989701747164256,0.1811453541745837,Brain,Treatment vs Control,Brain | Treatment vs Control,3.2640208691541234e-7,6.486247073162814,FALSE,NS
Gene_3168,215.5483341917068,1.225886587921011,0.22337041463279012,5.488133197658731,4.062037238907281e-8,3.312483485122773e-7,1.2082081222408507,0.22178576702363173,Brain,Treatment vs Control,Brain | Treatment vs Control,3.312483485122773e-7,6.479846278289227,TRUE,Up
Gene_0115,133.30477496415097,1.4290100082471437,0.2617129975102443,5.460217955706261,4.755504079065929e-8,3.86905182100963e-7,1.4008772879401017,0.25915929759696565,Brain,Treatment vs Control,Brain | Treatment vs Control,3.86905182100963e-7,6.412395453419667,TRUE,Up
Gene_0987,1933.7632544867377,1.0034947801068874,0.18444016851138023,5.440760481873938,5.3053604456886474e-8,4.306489134190026e-7,0.9935720946080008,0.18357080539446277,Brain,Treatment vs Control,Brain | Treatment vs Control,4.306489134190026e-7,6.3658766442256525,TRUE,Up
Gene_0417,100.88704468183123,-1.5246154300886643,0.2805715536647905,-5.4339629594459185,5.511602673639789e-8,4.463639688216077e-7,-1.4902211845163047,0.27742889671297233,Brain,Treatment vs Control,Brain | Treatment vs Control,4.463639688216077e-7,6.350310869566683,TRUE,Down
Gene_1224,424.4888162059755,1.1778301947432512,0.2169150579255752,5.429914391408325,5.6381091141903006e-8,4.555643771671842e-7,1.1617937123935282,0.21547597411783245,Brain,Treatment vs Control,Brain | Treatment vs Control,4.555643771671842e-7,6.341450242899731,TRUE,Up
Mki67,39.74689628752424,-2.416531678900682,0.4465128700629943,-5.412009016805621,6.232155012435729e-8,5.024141403860859e-7,-2.2831105854476648,0.4340713242882363,Brain,Treatment vs Control,Brain | Treatment vs Control,5.024141403860859e-7,6.2989381459324285,TRUE,Down
Gene_2324,47.995458110538685,-2.037965935566453,0.37691098028642517,-5.407021928673306,6.408130032521628e-8,5.154238529574913e-7,-1.9564924506164967,0.36935195483301037,Brain,Treatment vs Control,Brain | Treatment vs Control,5.154238529574913e-7,6.287835486894721,TRUE,Down
Gene_0652,59.85221308531217,-1.8833365380160239,0.34917977698275054,-5.393601411541828,6.90593199544997e-8,5.542010426348601e-7,-1.8183439508990418,0.3431544272040782,Brain,Treatment vs Control,Brain | Treatment vs Control,5.542010426348601e-7,6.2563326615019275,TRUE,Down
Gene_2362,61.47615698120327,-1.8131039768266555,0.33670798321944223,-5.384796521575207,7.25266480131368e-8,5.793927469103756e-7,-1.7547811357128957,0.3313019121875715,Brain,Treatment vs Control,Brain | Treatment vs Control,5.793927469103756e-7,6.237026945784858,TRUE,Down
Gene_3143,261.87450872015387,-1.104007249509992,0.20501680713564874,-5.384959725665462,7.246087138772454e-8,5.793927469103756e-7,-1.0905527663716772,0.2038180609934749,Brain,Treatment vs Control,Brain | Treatment vs Control,5.793927469103756e-7,6.237026945784858,TRUE,Down
Gene_0303,60.6148698390543,1.8700057342821836,0.3473060135672703,5.38431717629899,7.272017450433598e-8,5.796273954284658e-7,1.8061391023281572,0.3413784106790689,Brain,Treatment vs Control,Brain | Treatment vs Control,5.796273954284658e-7,6.23685109628188,TRUE,Up
Gene_1089,35.6515784405475,-2.346393128235206,0.4365572391240327,-5.374766280232405,7.668208267848322e-8,6.098298061660455e-7,-2.222249449530644,0.42492094768669336,Brain,Treatment vs Control,Brain | Treatment vs Control,6.098298061660455e-7,6.214791352786164,TRUE,Down
Gene_1666,52.68766757284387,-1.9876760693341076,0.3708448901874532,-5.3598583179328285,8.328724487905587e-8,6.608702509392051e-7,-1.9106460206215756,0.36365212864011526,Brain,Treatment vs Control,Brain | Treatment vs Control,6.608702509392051e-7,6.179883797446765,TRUE,Down
Gene_1261,41.87984088785975,-2.1875386953392946,0.40867456810961433,-5.352764439094128,8.662058136446093e-8,6.857786385603398e-7,-2.0854384051166117,0.39909525388409095,Brain,Treatment vs Control,Brain | Treatment vs Control,6.857786385603398e-7,6.163816046925735,TRUE,Down
Gene_3048,29.101302649618237,2.7200860113208516,0.5111854536297648,5.321133439941198,1.0312272418278235e-7,8.146003111619787e-7,2.5265591297719845,0.49277521768172616,Brain,Treatment vs Control,Brain | Treatment vs Control,8.146003111619787e-7,6.089055428357676,TRUE,Up
Nfkbia,41.172859465251754,3.0467883926687667,0.5733796005756795,5.313736989613438,1.0739960064844235e-7,8.457836746571028e-7,2.7789831373628,0.5477401469718506,Brain,Treatment vs Control,Brain | Treatment vs Control,8.457836746571028e-7,6.072740701873867,TRUE,Up
Gene_0561,95.5779073011825,1.5059294712924636,0.2834166266593986,5.313483153909115,1.0754938258879615e-7,8.457836746571028e-7,1.4712678310909253,0.2802073604442324,Brain,Treatment vs Control,Brain | Treatment vs Control,8.457836746571028e-7,6.072740701873867,TRUE,Up
Gene_1690,56.39968823030438,2.04759477701013,0.38578751664661753,5.307571366768025,1.110955134241744e-7,8.717294620016884e-7,1.9619863170020024,0.3777209717396538,Brain,Treatment vs Control,Brain | Treatment vs Control,8.717294620016884e-7,6.059618275835447,TRUE,Up
Gene_2418,40.979899807464506,-2.1604883999006903,0.407447475753233,-5.302495483391266,1.1423029374259144e-7,8.943396168627281e-7,-2.0602191925080655,0.39797070049294686,Brain,Treatment vs Control,Brain | Treatment vs Control,8.943396168627281e-7,6.0484975307329005,TRUE,Down
Gene_2545,49.83592577256026,1.987919780204188,0.3756726347912715,5.291627859209659,1.21232388077192e-7,9.470609785410729e-7,1.908932150159825,0.36822251463302175,Brain,Treatment vs Control,Brain | Treatment vs Control,9.470609785410729e-7,6.023622057119944,TRUE,Up
Gene_1572,19.42919982480041,-3.4076530676592176,0.6482554567843929,-5.256651574616192,1.4670187198084768e-7,1.143497372989786e-6,-3.033913146094969,0.6119076279877643,Brain,Treatment vs Control,Brain | Treatment vs Control,1.143497372989786e-6,5.941764828781195,TRUE,Down
Gene_0924,633.1806942124239,-1.1241114397429,0.2139441490606214,-5.254228473546062,1.486462632346256e-7,1.1561012235274516e-6,-1.1091934247038924,0.2126179447203224,Brain,Treatment vs Control,Brain | Treatment vs Control,1.1561012235274516e-6,5.93700413918985,TRUE,Down
Gene_2067,151.4024504779063,1.309937272703809,0.24961282466146675,5.24787648423269,1.5386239378247594e-7,1.1940398075734561e-6,1.2864093222734414,0.24745795716225294,Brain,Treatment vs Control,Brain | Treatment vs Control,1.1940398075734561e-6,5.922981194210582,TRUE,Up
Gene_1861,21.6106070415324,-3.347372341788528,0.6400493650057365,-5.229865889732626,1.6963305175818691e-7,1.3135401442064869e-6,-2.9884772798020376,0.6050188549037105,Brain,Treatment vs Control,Brain | Treatment vs Control,1.3135401442064869e-6,5.881556649835702,TRUE,Down
Gene_2733,273.93246862498285,-1.1446430203443658,0.2193015072542722,-5.219494542813122,1.794121011651088e-7,1.3862234774923395e-6,-1.1286890862831545,0.21788189158114885,Brain,Treatment vs Control,Brain | Treatment vs Control,1.3862234774923395e-6,5.858166750086365,TRUE,Down
Gene_0261,50.38303496292827,-1.9773364328368968,0.38042655329182923,-5.197682484902837,2.0178841308845586e-7,1.5557093594221345e-6,-1.8968301513529633,0.3727398606685744,Brain,Treatment vs Control,Brain | Treatment vs Control,1.5557093594221345e-6,5.808071535488436,TRUE,Down
Gene_3485,71.30373669185757,-2.020826211683699,0.3888685068882118,-5.196682621214752,2.0287629295187805e-7,1.560688868002356e-6,-1.9350162685614192,0.3806638842483134,Brain,Treatment vs Control,Brain | Treatment vs Control,1.560688868002356e-6,5.806683667326805,TRUE,Down
Gene_3070,71.40124870063362,1.714581631447445,0.33016182638192537,5.193155278539219,2.0675959577285207e-7,1.587104636247697e-6,1.6614529811140677,0.32513644322672536,Brain,Treatment vs Control,Brain | Treatment vs Control,1.587104636247697e-6,5.799394439693202,TRUE,Up
Gene_3309,77.12622241954988,-1.8283030317673787,0.3521417059286856,-5.191952560534365,2.0810003409435702e-7,1.5939288945491858e-6,-1.7641385149578364,0.3460423183570371,Brain,Treatment vs Control,Brain | Treatment vs Control,1.5939288945491858e-6,5.797531056461681,TRUE,Down
Gene_2413,14.753032004404428,-4.567762787919903,0.8824572439317755,-5.176185950458406,2.2646775057646014e-7,1.7308606651200883e-6,-3.718684669460575,0.7970431600795108,Brain,Treatment vs Control,Brain | Treatment vs Control,1.7308606651200883e-6,5.761737891572931,TRUE,Down
Gene_1628,76.42266092510404,-1.581180105577354,0.30559740575872596,-5.1740625927489745,2.2905803347349287e-7,1.7468767088442836e-6,-1.5390033289848406,0.3016323093626201,Brain,Treatment vs Control,Brain | Treatment vs Control,1.7468767088442836e-6,5.75773774559411,TRUE,Down
Gene_1654,663.8276496628205,-1.069274900472103,0.20686524190659578,-5.168944239336757,2.354201194284779e-7,1.791526814012835e-6,-1.0559718362710768,0.20572154243143836,Brain,Treatment vs Control,Brain | Treatment vs Control,1.791526814012835e-6,5.746776687307714,TRUE,Down
Gene_0046,254.79550533744407,1.2059726890091855,0.23387935556168987,5.156387942462449,2.5175903005692374e-7,1.911744376625802e-6,1.186885763605807,0.23217034800470776,Brain,Treatment vs Control,Brain | Treatment vs Control,1.911744376625802e-6,5.718570178609401,TRUE,Up
Gene_0444,131.51054297759725,-1.4076017087399195,0.2759583730491311,-5.1007755017069645,3.382646021720181e-7,2.5631165456424803e-6,-1.3767971423040561,0.27311134155982003,Brain,Treatment vs Control,Brain | Treatment vs Control,2.5631165456424803e-6,5.591231645872464,TRUE,Down
Gene_0074,82.17706264100556,-1.5822266718441793,0.3103754091742102,-5.097783603584695,3.4365333662610284e-7,2.598372444596936e-6,-1.5387059675476615,0.30627301420311914,Brain,Treatment vs Control,Brain | Treatment vs Control,2.598372444596936e-6,5.5852985980512,TRUE,Down
Gene_1267,607.7355758009303,-1.194091063271385,0.23426574941437917,-5.097164507643097,3.4477869743885865e-7,2.601311069779081e-6,-1.1751110159060176,0.23259115634542382,Brain,Treatment vs Control,Brain | Treatment vs Control,2.601311069779081e-6,5.584807710929576,TRUE,Down
Gene_2821,84.0206234320609,-1.516945122262719,0.29815904698487955,-5.0877044906158675,3.624235092659094e-7,2.728608552703467e-6,-1.4783462298387935,0.29454418636270313,Brain,Treatment vs Control,Brain | Treatment vs Control,2.728608552703467e-6,5.564058763925059,TRUE,Down
Gene_1763,188.0144883583807,1.281208927709051,0.2521085520369365,5.08197329030449,3.735339462891074e-7,2.8062731156315708e-6,1.2576971186455892,0.24999059788772773,Brain,Treatment vs Control,Brain | Treatment vs Control,2.8062731156315708e-6,5.55187006429852,TRUE,Up
Gene_1854,79.78410875852016,-1.5785504292555694,0.31334696973656295,-5.037707658646542,4.7114029564971607e-7,3.5320517705714387e-6,-1.5342942859366615,0.30917992176896425,Brain,Treatment vs Control,Brain | Treatment vs Control,3.5320517705714387e-6,5.451972939435147,TRUE,Down
Gene_3088,65.5020995133093,1.7706340854082976,0.35409064209161084,5.000510815392282,5.717862034159478e-7,4.277493822588372e-6,1.7077494715505097,0.3480637640897502,Brain,Treatment vs Control,Brain | Treatment vs Control,4.277493822588372e-6,5.368810608979783,TRUE,Up
Gene_2698,770.0943704481211,1.0791676821807867,0.21636637621851398,4.987686631544392,6.110657906711793e-7,4.5616771815220594e-6,1.064427600703048,0.21520633623533025,Brain,Treatment vs Control,Brain | Treatment vs Control,4.5616771815220594e-6,5.3408754519055455,TRUE,Up
Gene_2914,31.899518262848936,-2.3750852696915077,0.47745073888108475,-4.974513758754604,6.541161856099686e-7,4.872751585208437e-6,-2.2261628616449762,0.4626967202191476,Brain,Treatment vs Control,Brain | Treatment vs Control,4.872751585208437e-6,5.312225728557792,TRUE,Down
Gene_2689,91.45105438994356,-1.4174802978697782,0.28527518134985236,-4.968817445536651,6.736245048634901e-7,5.007511845627334e-6,-1.3843200984756776,0.2822587747210249,Brain,Treatment vs Control,Brain | Treatment vs Control,5.007511845627334e-6,5.30037801467852,TRUE,Down
Gene_2743,100.24705715985115,1.9914786336304042,0.4014048084772658,4.961272489946255,7.00328648481767e-7,5.1950849953552925e-6,1.9015129304937815,0.3926415394583875,Brain,Treatment vs Control,Brain | Treatment vs Control,5.1950849953552925e-6,5.28440734267623,TRUE,Up
Gene_0171,58.5975962245439,1.6712415692067553,0.33762152379286753,4.950044506736099,7.419651214534781e-7,5.492408477677633e-6,1.6170571845164292,0.3324899167088473,Brain,Treatment vs Control,Brain | Treatment vs Control,5.492408477677633e-6,5.260237171179548,TRUE,Up
Gene_2328,55.354995491240594,1.830419457671717,0.3705340221934626,4.9399497698919035,7.81426980769196e-7,5.772423993924752e-6,1.75944350108476,0.36370259926216225,Brain,Treatment vs Control,Brain | Treatment vs Control,5.772423993924752e-6,5.238641776771355,TRUE,Up
Gene_2935,38.84897115668567,-2.1142684393625606,0.4280432215819555,-4.939380727835568,7.837106242850757e-7,5.777207128080589e-6,-2.0063312337941293,0.4174468969357614,Brain,Treatment vs Control,Brain | Treatment vs Control,5.777207128080589e-6,5.23828206157926,TRUE,Down
Gene_3269,324.5712558515098,1.030050615787882,0.208637622037789,4.937031997044697,7.932046111340272e-7,5.835011420654687e-6,1.0169036184891953,0.20770886690393997,Brain,Treatment vs Control,Brain | Treatment vs Control,5.835011420654687e-6,5.233958289589055,TRUE,Up
Gene_3407,75.08464373589518,1.7613347870103397,0.35750849346635516,4.92669354490762,8.363276775571181e-7,6.139444967680216e-6,1.6975596341431858,0.35141563296830197,Brain,Treatment vs Control,Brain | Treatment vs Control,6.139444967680216e-6,5.211870889179565,TRUE,Up
Gene_1385,397.3932486333387,1.0421179321106788,0.21201689273774066,4.915258961934469,8.866517929736024e-7,6.495368217821141e-6,1.0283795292769122,0.21105864525881785,Brain,Treatment vs Control,Brain | Treatment vs Control,6.495368217821141e-6,5.187396224046682,TRUE,Up
Gene_0487,270.9944235109364,-1.2886599378523083,0.2629386635315879,-4.900990674190052,9.535458331326838e-7,6.970953078243285e-6,-1.2628772974287052,0.2607484698279188,Brain,Treatment vs Control,Brain | Treatment vs Control,6.970953078243285e-6,5.15670784050673,TRUE,Down
Gene_1276,270.35149820045285,-1.373141575627465,0.28031190313058485,-4.898620287943246,9.651194792946556e-7,7.040985292126919e-6,-1.342040195361457,0.27757866550114313,Brain,Treatment vs Control,Brain | Treatment vs Control,7.040985292126919e-6,5.152366562876006,TRUE,Down
Gene_0060,58.43767148591441,1.991884572672345,0.4068597947763824,4.895751800118568,9.793060601879967e-7,7.129751955719209e-6,1.8994964472435778,0.3978571235142599,Brain,Treatment vs Control,Brain | Treatment vs Control,7.129751955719209e-6,5.14692557900315,TRUE,Up
Gene_1802,48.34929413000892,-2.080182779362844,0.42526524453010217,-4.891494910808775,1.0007298171290157e-6,7.270734535560811e-6,-1.9752395823065159,0.4149746616380598,Brain,Treatment vs Control,Brain | Treatment vs Control,7.270734535560811e-6,5.138421711750819,TRUE,Down
Gene_1533,57.57393745548218,-1.8153180947857728,0.37366661424286707,-4.858122255487066,1.1850423358820148e-6,8.592165273099372e-6,-1.743701816427973,0.3668236945793037,Brain,Treatment vs Control,Brain | Treatment vs Control,8.592165273099372e-6,5.0658973777682705,TRUE,Down
Gene_2300,34.50099262359934,-2.3048092901425137,0.4756562798908687,-4.845535290044553,1.262707635616253e-6,9.136517748690551e-6,-2.161160170215901,0.46137252648738775,Brain,Treatment vs Control,Brain | Treatment vs Control,9.136517748690551e-6,5.039219297777284,TRUE,Down
Gene_2586,2579.0432866739716,1.149894837526231,0.23827257793502787,4.825963807886379,1.3932781076170503e-6,1.0060664617578332e-5,1.130805454897858,0.23691453458267248,Brain,Treatment vs Control,Brain | Treatment vs Control,1.0060664617578332e-5,4.997373328404075,TRUE,Up
Gene_0510,1687.6189484390698,0.9080271882807414,0.18827782032277152,4.8228048674245185,1.4155343610574331e-6,1.0200513936517952e-5,0.8983887628325001,0.18796717404400592,Brain,Treatment vs Control,Brain | Treatment vs Control,1.0200513936517952e-5,4.99137794645662,FALSE,NS
Gene_1853,136.81940399785427,-1.3940108507332076,0.2897677980883708,-4.810785946297852,1.5033795459927579e-6,1.0811472865377653e-5,-1.3602453044852332,0.2869057121500079,Brain,Treatment vs Control,Brain | Treatment vs Control,1.0811472865377653e-5,4.966115137338704,TRUE,Down
Gene_2583,113.67403302259066,1.2998749011981787,0.27132564322964203,4.790829520297139,1.6609320536997764e-6,1.1920225775638029e-5,1.272111356152023,0.2691345149716565,Brain,Treatment vs Control,Brain | Treatment vs Control,1.1920225775638029e-5,4.923715518741323,TRUE,Up
Gene_0036,53.61359452403168,-1.9621312873528887,0.41019209045263166,-4.783444959135487,1.7231609223420834e-6,1.2341746890040357e-5,-1.8695487536235709,0.40127145020716004,Brain,Treatment vs Control,Brain | Treatment vs Control,1.2341746890040357e-5,4.908623364532065,TRUE,Down
Gene_2787,158.46904857602698,-1.1727523636975072,0.24566869006880387,-4.7737152152724756,1.8085808208535786e-6,1.2927325664846126e-5,-1.1520321753314673,0.24426619483262538,Brain,Treatment vs Control,Brain | Treatment vs Control,1.2927325664846126e-5,4.88849131031906,TRUE,Down
Gene_2538,573.7332396124541,-0.8918335186382663,0.1871169968823055,-4.766181231516984,1.8775039336558208e-6,1.3392861393411522e-5,-0.8823878616875275,0.1869983628598644,Brain,Treatment vs Control,Brain | Treatment vs Control,1.3392861393411522e-5,4.873126625780429,FALSE,NS
Gene_0878,200.43415017040263,-1.0905592226201095,0.22927839479986353,-4.756484899382062,1.9699296725499163e-6,1.402383401970515e-5,-1.0736437142029995,0.22833702826001082,Brain,Treatment vs Control,Brain | Treatment vs Control,1.402383401970515e-5,4.853133237013572,TRUE,Down
Gene_3028,125.20902128547219,-1.3685819065918228,0.28814291074392795,-4.749663641067605,2.0375526287866004e-6,1.4476052982385284e-5,-1.3356983157137636,0.28552120011881926,Brain,Treatment vs Control,Brain | Treatment vs Control,1.4476052982385284e-5,4.839349836042184,TRUE,Down
Gene_1890,295.2164879535753,-1.1013695929492842,0.23220603914152735,-4.74307040859523,2.105030652547158e-6,1.4925428181012077e-5,-1.0838464555377882,0.23124060873702038,Brain,Treatment vs Control,Brain | Treatment vs Control,1.4925428181012077e-5,4.826073200970224,TRUE,Down
Gene_2911,127.86248136133895,-1.3442116546768985,0.2838816878896487,-4.73511223872751,2.1893390607870314e-6,1.5492096640559135e-5,-1.3127990126402873,0.2814573661816429,Brain,Treatment vs Control,Brain | Treatment vs Control,1.5492096640559135e-5,4.80988980252441,TRUE,Down
Gene_2832,477.98055692207043,-1.0916883777250954,0.23149845019334978,-4.7157481046344225,2.4082423147300035e-6,1.7007007226623286e-5,-1.0743685610353477,0.23064937031780386,Brain,Treatment vs Control,Brain | Treatment vs Control,1.7007007226623286e-5,4.769372103748769,TRUE,Down
Gene_1270,132.0994023267587,1.2402174777812442,0.26324358782214635,4.711292259924541,2.4615093228916976e-6,1.7348481874512146e-5,1.215091831601602,0.2615643636915349,Brain,Treatment vs Control,Brain | Treatment vs Control,1.7348481874512146e-5,4.760738523315117,TRUE,Up
Gene_0391,27.133229599561496,-2.483888875788728,0.5289610944929398,-4.695787462724031,2.655815789402358e-6,1.8680648510716588e-5,-2.2949355614436007,0.5100483541591779,Brain,Treatment vs Control,Brain | Treatment vs Control,1.8680648510716588e-5,4.728608051032217,TRUE,Down
Gene_0909,39.143993856251264,2.1889527611182436,0.4663440199960033,4.693858326170889,2.680997399850629e-6,1.882028194606873e-5,2.0571815066688224,0.45349027287194416,Brain,Treatment vs Control,Brain | Treatment vs Control,1.882028194606873e-5,4.725373874707665,TRUE,Up
Gene_2080,20.39403308887607,-3.0114089020643298,0.6418794637427144,-4.691548915594217,2.711444250760958e-6,1.899624930443838e-5,-2.6859781314017876,0.6084075528369157,Brain,Treatment vs Control,Brain | Treatment vs Control,1.899624930443838e-5,4.721332139425278,TRUE,Down
Gene_1972,63.047292726939766,1.664075158477764,0.3554147092782372,4.682066090784777,2.8399787984744857e-6,1.9857356707749326e-5,1.6041386143656988,0.35016328841186567,Brain,Treatment vs Control,Brain | Treatment vs Control,1.9857356707749326e-5,4.702078562670466,TRUE,Up
Gene_0333,25.658305629343914,-2.37167261276876,0.5087273392653876,-4.661972002907299,3.13193804503165e-6,2.1855480705546952e-5,-2.20369395189886,0.49212385095715416,Brain,Treatment vs Control,Brain | Treatment vs Control,2.1855480705546952e-5,4.660439636876431,TRUE,Down
Gene_1403,967.8770285052013,-0.9135738682527024,0.19661785819187594,-4.646444003886776,3.377057456889509e-6,2.3519506667212735e-5,-0.9027135678812316,0.19682658583147888,Brain,Treatment vs Control,Brain | Treatment vs Control,2.3519506667212735e-5,4.628571792032729,FALSE,NS
Gene_0660,58.60784279494703,1.5827142579978837,0.3418790137619786,4.629457188910091,3.6662551097837016e-6,2.54833598280438e-5,1.5296424155692752,0.337563713886221,Brain,Treatment vs Control,Brain | Treatment vs Control,2.54833598280438e-5,4.593743313440889,TRUE,Up
Gene_3358,38.04756347342605,-1.8753208447128409,0.4109839330416368,-4.563002818221734,5.042713752792656e-6,3.4981969078803277e-5,-1.785916604450846,0.4031668698272318,Brain,Treatment vs Control,Brain | Treatment vs Control,3.4981969078803277e-5,4.456155748431086,TRUE,Down
Gene_0866,95.64732165472041,1.3732480573882224,0.3011526230024803,4.5599737558218525,5.11600141048163e-6,3.542078623609929e-5,1.3368513479353519,0.2989911270883049,Brain,Treatment vs Control,Brain | Treatment vs Control,3.542078623609929e-5,4.450741802993214,TRUE,Up
Gene_1611,1340.7941077926764,-2.1146308887253116,0.46438991386451905,-4.553567649925819,5.2743699685711104e-6,3.6445793266192935e-5,-1.987831378031588,0.4526522679013641,Brain,Treatment vs Control,Brain | Treatment vs Control,3.6445793266192935e-5,4.438352592633061,TRUE,Down
Gene_3453,34.33075076609609,2.1736245791386275,0.48101063455265075,4.518870110138294,6.217051902641182e-6,4.287580130512894e-5,2.0342931014243573,0.4681676047158584,Brain,Treatment vs Control,Brain | Treatment vs Control,4.287580130512894e-5,4.367787750351065,TRUE,Up
Gene_3499,154.77635931929956,1.4392293415636304,0.31898784998280955,4.511862572951262,6.4260820707842955e-6,4.423098594919951e-5,1.3965138003162327,0.3164858803698677,Brain,Treatment vs Control,Brain | Treatment vs Control,4.423098594919951e-5,4.354273379700612,TRUE,Up
Gene_3076,118.63678757075638,1.4933889717071946,0.33102422095425343,4.511419035749582,6.439536312042318e-6,4.423735937319343e-5,1.4458702461029243,0.3280119625438174,Brain,Treatment vs Control,Brain | Treatment vs Control,4.423735937319343e-5,4.35421080493749,TRUE,Up
Gene_3116,12.097320617399673,-3.8942693423382413,0.8644840370608882,-4.504732505620525,6.6456600583253355e-6,4.556471003096458e-5,-3.1905848539051087,0.7906437665185183,Brain,Treatment vs Control,Brain | Treatment vs Control,4.556471003096458e-5,4.341371389186222,TRUE,Down
Gene_2496,32.99333353420351,-2.124220423989616,0.47235579438458863,-4.497077095787866,6.889401204062385e-6,4.7144332658031554e-5,-1.9924487214629027,0.46048646811638233,Brain,Treatment vs Control,Brain | Treatment vs Control,4.7144332658031554e-5,4.3265705074500325,TRUE,Down
Gene_1615,66.87751929478452,-1.838927446547538,0.4091401754485082,-4.4946146990616755,6.969602850764617e-6,4.760090457649877e-5,-1.7516791569119996,0.40203302809010183,Brain,Treatment vs Control,Brain | Treatment vs Control,4.760090457649877e-5,4.322384794152425,TRUE,Down
Gene_0658,16.29670137338139,-2.8701992155277276,0.639531857084905,-4.487969103854472,7.190535361228031e-6,4.901502000095787e-5,-2.560818608154367,0.6086623612805258,Brain,Treatment vs Control,Brain | Treatment vs Control,4.901502000095787e-5,4.309670815808774,TRUE,Down
Gene_3173,160.5583065210809,-1.2166205772376706,0.27151126952139953,-4.4809211027676366,7.432158409292667e-6,5.056445345512988e-5,-1.1897394932134044,0.27098140555007505,Brain,Treatment vs Control,Brain | Treatment vs Control,5.056445345512988e-5,4.296154682632859,TRUE,Down
Gene_2697,353.4461062924835,1.0206325349037644,0.22866111214325327,4.463516009947293,8.062557105944259e-6,5.4747863732863806e-5,1.0039713833902326,0.2294690217661397,Brain,Treatment vs Control,Brain | Treatment vs Control,5.4747863732863806e-5,4.261632822371491,TRUE,Up
Il1b,58.62321651450898,1.6858561604204354,0.37829533488984285,4.456455062844869,8.332605761931146e-6,5.6472996056389404e-5,1.6166047901749925,0.37343921114816714,Brain,Treatment vs Control,Brain | Treatment vs Control,5.6472996056389404e-5,4.248159171068835,TRUE,Up
Gene_2656,91.95172342915066,1.4809231798019007,0.3329829222573883,4.4474448412017376,8.689776294133104e-6,5.8672664400181224e-5,1.432948400324228,0.33048060889482694,Brain,Treatment vs Control,Brain | Treatment vs Control,5.8672664400181224e-5,4.231564189472054,TRUE,Up
Gene_2339,643.8031674002832,0.9552300190142955,0.21478250257550957,4.447429411427367,8.69040030622905e-6,5.8672664400181224e-5,0.9411235463536701,0.2160771342602997,Brain,Treatment vs Control,Brain | Treatment vs Control,5.8672664400181224e-5,4.231564189472054,FALSE,NS
Gene_1584,556.6941888901534,0.8029498476449817,0.180734274980756,4.442709318586512,8.883314260782064e-6,5.9860653921415016e-5,0.7938342228607959,0.18283318162298667,Brain,Treatment vs Control,Brain | Treatment vs Control,5.9860653921415016e-5,4.222858543210646,FALSE,NS
Gene_0714,79.00994803528519,1.459148821865998,0.32936290196745566,4.430216072149427,9.41387173319017e-6,6.331501159979903e-5,1.4127290305284383,0.327202667599529,Brain,Treatment vs Control,Brain | Treatment vs Control,6.331501159979903e-5,4.1984933092238,TRUE,Up
Top2a,42.96029116079953,-1.8677869092161272,0.42164352229596547,-4.429777312943198,9.433044281591324e-6,6.332334478764062e-5,-1.7736333250927243,0.41441144741341845,Brain,Treatment vs Control,Brain | Treatment vs Control,6.332334478764062e-5,4.198436153436175,TRUE,Down
Gene_1712,17.83336139698489,-3.000803783359185,0.6805561935465897,-4.409340201168495,1.0368603411662228e-5,6.947161033506513e-5,-2.6389170041466525,0.6448828453786313,Brain,Treatment vs Control,Brain | Treatment vs Control,6.947161033506513e-5,4.158192634168293,TRUE,Down
Gene_0170,49.47318957738605,2.1061619434225674,0.47860532047589094,4.400623756811458,1.0794014405158265e-5,7.21849713344959e-5,1.9716039836723123,0.46741409112754256,Brain,Treatment vs Control,Brain | Treatment vs Control,7.21849713344959e-5,4.141553211653178,TRUE,Up
Gene_2006,81.49768692048525,1.5581207481336263,0.35617073217825723,4.374645661097762,1.2162988481869765e-5,8.118622368522143e-5,1.5003972887309691,0.35345789143768863,Brain,Treatment vs Control,Brain | Treatment vs Control,8.118622368522143e-5,4.090517658998724,TRUE,Up
Gene_1959,103.33705950001857,1.2137033013545657,0.27868733231082243,4.355071654282843,1.330233975607868e-5,8.86237012805921e-5,1.18478393448642,0.2793378509549777,Brain,Treatment vs Control,Brain | Treatment vs Control,8.86237012805921e-5,4.052450116049273,TRUE,Up
Gene_0745,153.49063176575393,1.26971603158097,0.2924295353513256,4.3419555075226235,1.4122013546328074e-5,9.390740081371832e-5,1.2366542680381607,0.2928088882936578,Brain,Treatment vs Control,Brain | Treatment vs Control,9.390740081371832e-5,4.027300179768993,TRUE,Up
Gene_2231,809.2854655072895,2.012135022888536,0.46585146526757326,4.319263054658027,1.5655108974009543e-5,1.0390637178050318e-4,1.8890634970436164,0.4570624847456916,Brain,Treatment vs Control,Brain | Treatment vs Control,1.0390637178050318e-4,3.983357819678008,TRUE,Up
Gene_2861,19.0909636711481,-2.637845199687111,0.6110441081819437,-4.316947278217875,1.5820192582014755e-5,1.0480506567935103e-4,-2.3738685052042885,0.5873787386492101,Brain,Treatment vs Control,Brain | Treatment vs Control,1.0480506567935103e-4,3.9796177255257583,TRUE,Down
Gene_3329,57.853043203896554,1.5016815903791336,0.3489823303793082,4.303030439240173,1.6847769291552796e-5,1.1127442792868403e-4,1.4474751971214395,0.34770552344373296,Brain,Treatment vs Control,Brain | Treatment vs Control,1.1127442792868403e-4,3.9536046297846394,TRUE,Up
Gene_0908,62.67474169457592,-1.4587644412676963,0.3390210432351188,-4.302872846320664,1.685976180737637e-5,1.1127442792868403e-4,-1.4087973706931207,0.3381948585384136,Brain,Treatment vs Control,Brain | Treatment vs Control,1.1127442792868403e-4,3.9536046297846394,TRUE,Down
Gene_3056,22.640937373783732,2.6415844372501667,0.6162673354710415,4.286426174496303,1.815705047575371e-5,1.1961295751844468e-4,2.3727147816167373,0.5927121372788713,Brain,Treatment vs Control,Brain | Treatment vs Control,1.1961295751844468e-4,3.922221771234353,TRUE,Up
Gene_2876,417.8194215841168,0.9358973816723485,0.2191221020519068,4.271122688712835,1.9449136681335002e-5,1.278862227593927e-4,0.920205841798912,0.22274201975331354,Brain,Treatment vs Control,Brain | Treatment vs Control,1.278862227593927e-4,3.8931762397422696,FALSE,NS
Gene_3057,29.57656536787743,-2.5105914188204945,0.5879865119024277,-4.269811242263853,1.9563846666675133e-5,1.284013802602786e-4,-2.27534398389983,0.5683504185536176,Brain,Treatment vs Control,Brain | Treatment vs Control,1.284013802602786e-4,3.8914303077609294,TRUE,Down
Gene_1633,16.900008358058617,2.6248566179328736,0.6149652170696635,4.268300946255842,1.969674793881532e-5,1.290337977216269e-4,2.358385828867459,0.5920749704186821,Brain,Treatment vs Control,Brain | Treatment vs Control,1.290337977216269e-4,3.8892965203866767,TRUE,Up
Gene_1126,9.971475804731519,-4.501532980434909,1.0582006134585178,-4.253950454368521,2.10031792678484e-5,1.3733745554587537e-4,-3.3729658070462407,0.9455315967401723,Brain,Treatment vs Control,Brain | Treatment vs Control,1.3733745554587537e-4,3.8622110030509025,TRUE,Down
Gene_1927,62.134024524541736,1.5714565873074025,0.36953448198617744,4.2525303156044405,2.1136859195520082e-5,1.379560994812965e-4,1.5079368624716059,0.3682130121257637,Brain,Treatment vs Control,Brain | Treatment vs Control,1.379560994812965e-4,3.8602590932093777,TRUE,Up
Gene_3428,120.87117014032076,1.1170917178622084,0.26286346626713347,4.249703215611448,2.1405393712894107e-5,1.3945100590448173e-4,1.0920524510188654,0.26571567471714846,Brain,Treatment vs Control,Brain | Treatment vs Control,1.3945100590448173e-4,3.8555783486823336,TRUE,Up
Gene_2562,113.45582692551294,-1.1820516924061564,0.27834350975590666,-4.246737038858052,2.1690628360126024e-5,1.4104900320369244e-4,-1.1529046715831008,0.2807873008511396,Brain,Treatment vs Control,Brain | Treatment vs Control,1.4104900320369244e-4,3.8506299786661167,TRUE,Down
Gene_1111,83.72852139902037,1.5189849125760109,0.35779730730583426,4.245378267415603,2.1822495995712494e-5,1.4164564956040593e-4,1.4609650593436951,0.3571942932931415,Brain,Treatment vs Control,Brain | Treatment vs Control,1.4164564956040593e-4,3.8487967596604795,TRUE,Up
Gene_1733,31.947303830851563,-1.9743904086085122,0.46524807610474117,-4.243736857847894,2.1982811220107375e-5,1.4242441544623695e-4,-1.8529645068927596,0.45810366549146714,Brain,Treatment vs Control,Brain | Treatment vs Control,1.4242441544623695e-4,3.8464155543462315,TRUE,Down
Gene_3100,72.37410223859072,1.3256319407222266,0.31245444270049644,4.242640716723342,2.2090494083569566e-5,1.428599534964911e-4,1.2857618555415338,0.3138147735074929,Brain,Treatment vs Control,Brain | Treatment vs Control,1.428599534964911e-4,3.8450894955821933,TRUE,Up
Socs3,414.00054751731204,1.0236332640124326,0.24203454579853123,4.229285784949482,2.3443438466925513e-5,1.5133232399764898e-4,1.0032410823890605,0.24586833154773002,Brain,Treatment vs Control,Brain | Treatment vs Control,1.5133232399764898e-4,3.820068298450972,TRUE,Up
Gene_2479,15.075239259550138,-3.03989056830141,0.7205869146465892,-4.218631377440874,2.4578973793607034e-5,1.5837291325771248e-4,-2.631311634344035,0.6841511750151742,Brain,Treatment vs Control,Brain | Treatment vs Control,1.5837291325771248e-4,3.800319094391887,TRUE,Down
Gene_0331,2597.967991682465,-0.7167148332069454,0.17011374689338274,-4.213150590681774,2.5183303828888338e-5,1.6197130386121078e-4,-0.7069433992248069,0.1761961461462857,Brain,Treatment vs Control,Brain | Treatment vs Control,1.6197130386121078e-4,3.790561921745319,FALSE,NS
Gene_2279,20.827095164068933,-2.609385056861328,0.619872849870792,-4.209548873458864,2.5588108924660073e-5,1.6427565929631768e-4,-2.3395787885374646,0.5981805595216332,Brain,Treatment vs Control,Brain | Treatment vs Control,1.6427565929631768e-4,3.7844267811566032,TRUE,Down
Gene_2458,388.9695216291485,0.9927744375666199,0.23616350021083926,4.20375899188614,2.6251845740161884e-5,1.6823097515156373e-4,0.9733670043024076,0.24069470916864008,Brain,Treatment vs Control,Brain | Treatment vs Control,1.6823097515156373e-4,3.7740940376767305,FALSE,NS
Gene_2774,135.834235642068,1.3257083101816447,0.31771733124634044,4.172603065061515,3.0113930524967953e-5,1.9263095776025696e-4,1.2836987617631976,0.32045557576798056,Brain,Treatment vs Control,Brain | Treatment vs Control,1.9263095776025696e-4,3.715273916048261,TRUE,Up
Gene_0133,83.22898494899049,-1.2647508931837206,0.304776479879633,-4.149765407367443,3.3281619067765484e-5,2.1250885520484615e-4,-1.2270039582998487,0.3085665196620455,Brain,Treatment vs Control,Brain | Treatment vs Control,2.1250885520484615e-4,3.672622968265559,TRUE,Down
Gene_1832,47.50769540936414,1.7114118163178524,0.41273688559793226,4.1464959300609365,3.376021780091658e-5,2.1517568421486723e-4,1.6252345610712489,0.4117012944482314,Brain,Treatment vs Control,Brain | Treatment vs Control,2.1517568421486723e-4,3.6672068073920734,TRUE,Up
Gene_1423,41.126202046263295,1.9876999164702198,0.4810062344244026,4.132378697437895,3.5902825186484515e-5,2.2841959591617448e-4,1.8558414442209403,0.4758274056737338,Brain,Treatment vs Control,Brain | Treatment vs Control,2.2841959591617448e-4,3.641266641086425,TRUE,Up
Gene_0835,65.3261687911507,-1.4539867850815216,0.3522638634833396,-4.127550213932994,3.6664838513219715e-5,2.3284810214060938e-4,-1.3981938938207972,0.35483896674866255,Brain,Treatment vs Control,Brain | Treatment vs Control,2.3284810214060938e-4,3.6329272974916953,TRUE,Down
Gene_3089,233.80040920382737,-1.1605276398747295,0.281714216954689,-4.119521025314065,3.796607816697582e-5,2.4067903412494006e-4,-1.1294652692236207,0.28708530412937955,Brain,Treatment vs Control,Brain | Treatment vs Control,2.4067903412494006e-4,3.6185617400549472,TRUE,Down
Gene_1912,32.63827335666721,-1.9465936298500837,0.4770026928994377,-4.080886038646467,4.486434921061962e-5,2.8389967215537254e-4,-1.8181772943137253,0.4739901491857775,Brain,Treatment vs Control,Brain | Treatment vs Control,2.8389967215537254e-4,3.546835108992969,TRUE,Down
Gene_3287,47.42628037409437,-1.4994237234421768,0.3688106587782372,-4.065565047413036,4.791622712777338e-5,3.026694060611231e-4,-1.4358579686596011,0.37267242508905507,Brain,Treatment vs Control,Brain | Treatment vs Control,3.026694060611231e-4,3.5190314754766203,TRUE,Down
Gene_2839,18.956922283161134,-2.649841918951432,0.6531710399043682,-4.056888252944282,4.973086102118098e-5,3.13011889956845e-4,-2.3449571572909007,0.6338989215666908,Brain,Treatment vs Control,Brain | Treatment vs Control,3.13011889956845e-4,3.5044391651865463,TRUE,Down
Gene_2295,71.92221680827261,-1.3605754135342623,0.33534766301431873,-4.057208573647249,4.966272774238445e-5,3.13011889956845e-4,-1.311097603941186,0.3408877969103398,Brain,Treatment vs Control,Brain | Treatment vs Control,3.13011889956845e-4,3.5044391651865463,TRUE,Down
Gene_3355,129.70301383029616,1.036136778428925,0.2555098447461876,4.0551736057691965,5.009708128965699e-5,3.147558612700691e-4,1.0107743588399163,0.2636464691779218,Brain,Treatment vs Control,Brain | Treatment vs Control,3.147558612700691e-4,3.5020261738696727,TRUE,Up
Gene_1177,158.85888778069975,-1.3646718403755744,0.3370298548006087,-4.0491126258916506,5.1412200210846466e-5,3.2244490043427864e-4,-1.314451039841486,0.34279760940196596,Brain,Treatment vs Control,Brain | Treatment vs Control,3.2244490043427864e-4,3.491544487173735,TRUE,Down
Gene_0266,302.58244394102866,-1.000521721935267,0.24776328040526638,-4.038216318006096,5.38591755174094e-5,3.371928169361216e-4,-0.9765480404059594,0.2566991539492371,Brain,Treatment vs Control,Brain | Treatment vs Control,3.371928169361216e-4,3.4721216855248533,TRUE,Down
Gene_1510,49.42053998696006,-1.4613577658277208,0.36208249030004824,-4.035980211627279,5.437479926197872e-5,3.3981843574167585e-4,-1.400569952932647,0.3673378777873576,Brain,Treatment vs Control,Brain | Treatment vs Control,3.3981843574167585e-4,3.4687530635961923,TRUE,Down
Gene_2314,19.16360703095802,2.5724888346224835,0.6383628384810065,4.029822351100132,5.581902169899118e-5,3.482278544507736e-4,2.2870353944095076,0.6223861156482802,Brain,Treatment vs Control,Brain | Treatment vs Control,3.482278544507736e-4,3.4581364929819305,TRUE,Up
Gene_0269,129.39957458799668,1.2249479468176108,0.3045590501665243,4.022037585643388,5.769684812230739e-5,3.5930788486749103e-4,1.1857947586509165,0.3124650122204263,Brain,Treatment vs Control,Brain | Treatment vs Control,3.5930788486749103e-4,3.4445332522724765,TRUE,Up
Gene_0558,144.8074555885405,1.1550632596773414,0.28779648938068503,4.0134723747428085,5.9832007784752205e-5,3.719486258590846e-4,1.1207976525724495,0.2965445783709645,Brain,Treatment vs Control,Brain | Treatment vs Control,3.719486258590846e-4,3.4295170414264136,TRUE,Up
Gene_0995,101.7451198505154,-1.1982149199532954,0.30089287932578174,-3.9821976599717672,6.82809559480857e-5,4.2372593225428924e-4,-1.1594991953745952,0.3105237805277904,Brain,Treatment vs Control,Brain | Treatment vs Control,4.2372593225428924e-4,3.3729149561304554,TRUE,Down
Gene_0080,86.72392841803078,1.6247518187551153,0.41218980700816127,3.941756421751947,8.088709813984392e-5,5.010742868978753e-4,1.5377703284488498,0.41941039740536423,Brain,Treatment vs Control,Brain | Treatment vs Control,5.010742868978753e-4,3.3000978829188377,TRUE,Up
Gene_1539,92.4313726327427,1.2260301410330845,0.3122723897240839,3.9261560784044156,8.631415921035783e-5,5.3375708611519e-4,1.1824832055869503,0.3241447523385221,Brain,Treatment vs Control,Brain | Treatment vs Control,5.3375708611519e-4,3.272656346270813,TRUE,Up
Gene_3163,40.92702168882754,1.807297089769243,0.460593145262447,3.923847127033211,8.714604660131785e-5,5.379592492119814e-4,1.6902211209117508,0.46618657422406146,Brain,Treatment vs Control,Brain | Treatment vs Control,5.379592492119814e-4,3.2692506211973,TRUE,Up
Gene_1851,25.76310187591379,4.920237553030326,1.2541692203427586,3.923105011049185,8.741502674676176e-5,5.38677939690778e-4,3.3017875797540905,1.1283607214921738,Brain,Treatment vs Control,Brain | Treatment vs Control,5.38677939690778e-4,3.2686708096159878,TRUE,Up
Gene_3205,568.9096666802096,-0.7361850221975148,0.18782471863202768,-3.919532144434057,8.872102817716585e-5,5.457734329156318e-4,-0.7185377586253804,0.2033815107484043,Brain,Treatment vs Control,Brain | Treatment vs Control,5.457734329156318e-4,3.2629876086788703,FALSE,NS
Gene_2813,28.03835565688666,1.9952923337527664,0.5116795749336461,3.8994957616033687,9.63932245753748e-5,5.919382190880842e-4,1.8398159491558927,0.515465332456363,Brain,Treatment vs Control,Brain | Treatment vs Control,5.919382190880842e-4,3.227723618461661,TRUE,Up
Gene_2133,1573.2035326124937,0.8307700577198994,0.2130730196969968,3.8989922745794217,9.65938561090942e-5,5.921404616687701e-4,0.8093989351432904,0.22889578765043359,Brain,Treatment vs Control,Brain | Treatment vs Control,5.921404616687701e-4,3.2275752620406237,FALSE,NS
Gene_3372,25.621772325341624,2.1594696887331817,0.5550241412271478,3.8907671366485705,9.992779673378712e-5,6.115165515892589e-4,1.9659087562189455,0.5561234908937822,Brain,Treatment vs Control,Brain | Treatment vs Control,6.115165515892589e-4,3.2135917836536967,TRUE,Up
Gene_3410,66.0115379499718,1.5853568574912016,0.407761137311419,3.8879547667153447,1.0109245975887026e-4,6.175734868660395e-4,1.4998449393753985,0.41820043884836855,Brain,Treatment vs Control,Brain | Treatment vs Control,6.175734868660395e-4,3.2093113570294105,TRUE,Up
Gene_0743,27.618067580279046,1.7978633665938573,0.46287699867464305,3.8841060837796744,1.0270705999060635e-4,6.263534176629206e-4,1.6786969374343859,0.47075830452603346,Brain,Treatment vs Control,Brain | Treatment vs Control,6.263534176629206e-4,3.2031805485302622,TRUE,Up
Gene_2898,18.54887820529274,-2.264125886737445,0.5843181476096965,-3.8748169913931885,1.0670486066989514e-4,6.496118328024133e-4,-2.0417940813596047,0.5841188142183744,Brain,Treatment vs Control,Brain | Treatment vs Control,6.496118328024133e-4,3.1873460729386944,TRUE,Down
Gene_2705,22.701530081999096,-2.1820516431532178,0.5638551096486151,-3.8698800557345936,1.088889116972678e-4,6.617672068899356e-4,-1.9800300272813032,0.5657572514006941,Brain,Treatment vs Control,Brain | Treatment vs Control,6.617672068899356e-4,3.179294757604708,TRUE,Down
Gene_2011,10.677950254027325,-3.2493663650917926,0.8416876345544505,-3.860537130038572,1.1313804630167243e-4,6.86409693283858e-4,-2.661308183990831,0.8113709150983722,Brain,Treatment vs Control,Brain | Treatment vs Control,6.86409693283858e-4,3.1634165921320103,TRUE,Down
Gene_1703,835.1443248146206,0.932160743787597,0.24191124554912496,3.8533171191427846,1.1652830796296805e-4,7.057657897379763e-4,0.9044457597311256,0.25946687510878974,Brain,Treatment vs Control,Brain | Treatment vs Control,7.057657897379763e-4,3.151339396823459,FALSE,NS
Gene_3223,15.584440577950225,-2.6267378702861808,0.6825239982745892,-3.848564851824311,1.1881184491940764e-4,7.183640828945691e-4,-2.289622202814083,0.674756608964077,Brain,Treatment vs Control,Brain | Treatment vs Control,7.183640828945691e-4,3.1436553898577917,TRUE,Down
Gene_2598,33.91912236655223,1.9221032318591613,0.5002596937047422,3.842210867769019,1.2193100964298695e-4,7.359630684604905e-4,1.7750155492683903,0.5087922945021757,Brain,Treatment vs Control,Brain | Treatment vs Control,7.359630684604905e-4,3.133143978551418,TRUE,Up
Gene_2048,26.71763651064964,-1.8844447916601093,0.4921269450854244,-3.829184340501826,1.2856867739516144e-4,7.747030714715274e-4,-1.7433330303484034,0.5021291126553151,Brain,Treatment vs Control,Brain | Treatment vs Control,7.747030714715274e-4,3.110864722179021,TRUE,Down
Gene_0807,9.467447784348808,-3.6446241746800627,0.9571662290720103,-3.807723323266002,1.4025206337743736e-4,8.436627526162374e-4,-2.828888497917839,0.9144284499786915,Brain,Treatment vs Control,Brain | Treatment vs Control,8.436627526162374e-4,3.073831124402712,TRUE,Down
Gene_3412,18.275185356397724,-2.1925225868609384,0.5790856929160734,-3.786179858494103,1.529809657661313e-4,9.186663097282477e-4,-1.974822192227181,0.5867673480449505,Brain,Treatment vs Control,Brain | Treatment vs Control,9.186663097282477e-4,3.03684221022473,TRUE,Down
Gene_2484,743.4630984831452,-0.7319650595282323,0.19336964028008807,-3.785315308380419,1.5351381111542014e-4,9.203009627309823e-4,-0.7083926359999295,0.21628123951293654,Brain,Treatment vs Control,Brain | Treatment vs Control,9.203009627309823e-4,3.03607012365579,FALSE,NS
Gene_0966,363.94467525008235,0.8603133927870082,0.22826474089355336,3.7689280850790614,1.6395011172021728e-4,9.811997364137072e-4,0.8314130837979168,0.2513947612927065,Brain,Treatment vs Control,Brain | Treatment vs Control,9.811997364137072e-4,3.0082425771330876,FALSE,NS
Gene_0680,19.72337971980348,-2.227687473755327,0.5913376029725692,-3.7672007708575643,1.650882325751805e-4,9.863393387867384e-4,-1.997300771047988,0.599875379441929,Brain,Treatment vs Control,Brain | Treatment vs Control,9.863393387867384e-4,3.0059736452933974,TRUE,Down
Gene_1246,11.937524151821032,-2.767900230207738,0.7362124056818292,-3.7596489937497037,1.7015191867773654e-4,0.0010148757176538644,-2.3570454690208424,0.731748533637979,Brain,Treatment vs Control,Brain | Treatment vs Control,0.0010148757176538644,2.9935871384817094,TRUE,Down
Gene_0572,365.346562517265,-0.8118181334056128,0.21601343839233542,-3.758183469729991,1.711513711814895e-4,0.0010191155002391894,-0.7842099945507555,0.24014802753711523,Brain,Treatment vs Control,Brain | Treatment vs Control,0.0010191155002391894,2.9917765929573066,FALSE,NS
Gene_3335,27.904428336200738,1.8843780344037455,0.501805063425882,3.75519932289817,1.7320358178577025e-4,0.001029599069504301,1.7339935061704852,0.5173669486664746,Brain,Treatment vs Control,Brain | Treatment vs Control,0.001029599069504301,2.9873318585952493,TRUE,Up
Ccl5,31.44947063114528,1.771592598135477,0.47302895137611006,3.745209659961946,1.8024318801082074e-4,0.0010696448686827026,1.6419078735317993,0.49095390710544534,Brain,Treatment vs Control,Brain | Treatment vs Control,0.0010696448686827026,2.9707603878958424,TRUE,Up
Gene_1833,703.1994880697313,0.755969728729661,0.2019340946762537,3.7436458164316058,1.813692677037306e-4,0.0010745216178890482,0.7293561693965114,0.22741288191175693,Brain,Treatment vs Control,Brain | Treatment vs Control,0.0010745216178890482,2.9687848426802335,FALSE,NS
Gene_2195,33.17544456144481,-1.9572463902718966,0.5229358373609272,-3.7428040888332097,1.819781069272142e-4,0.001076322773132317,-1.7895930125532653,0.5384482439178653,Brain,Treatment vs Control,Brain | Treatment vs Control,0.001076322773132317,2.9680574707054688,TRUE,Down
Gene_3215,19.544495463305168,-2.1684282459562367,0.5798283355488852,-3.7397762630960916,1.841841216266069e-4,0.00108754871816647,-1.9490681233007896,0.591953954150768,Brain,Treatment vs Control,Brain | Treatment vs Control,0.00108754871816647,2.9635512791485357,TRUE,Down
Gene_1057,74.17979652420367,1.4353513728703586,0.38483419900496196,3.729791626060374,1.9163818849104203e-4,0.0011296735284839223,1.3561890484838013,0.4074404129371662,Brain,Treatment vs Control,Brain | Treatment vs Control,0.0011296735284839223,2.947047047900296,TRUE,Up
Gene_1839,46.189296047240965,-1.4437183392294388,0.3874247953549619,-3.7264479623889115,1.941971421513656e-4,0.0011428501815607865,-1.3631673692435726,0.41023745405460293,Brain,Treatment vs Control,Brain | Treatment vs Control,0.0011428501815607865,2.94201069837639,TRUE,Down
Gene_1908,10.254706912225283,-3.1526469728846958,0.8478176413959417,-3.718543727981203,2.0037460937739922e-4,0.001177242505343755,-2.559601071877919,0.8349605346238952,Brain,Treatment vs Control,Brain | Treatment vs Control,0.001177242505343755,2.929134065717019,TRUE,Down
Gene_0726,62.259999424025736,-1.3352112596730348,0.359301528408296,-3.716130197352664,2.022973674609814e-4,0.0011865647915360886,-1.2667053922472447,0.38374276711142724,Brain,Treatment vs Control,Brain | Treatment vs Control,0.0011865647915360886,2.9257085424543634,TRUE,Down
Gene_0141,9.395268461824164,3.4936113972008807,0.9440569047638023,3.7006364548278605,2.1505939623453675e-4,0.0012593279073037302,2.7129604093544515,0.9201903273777677,Brain,Treatment vs Control,Brain | Treatment vs Control,0.0012593279073037302,2.8998611723618457,TRUE,Up
Gene_0358,22.726726305522366,-2.0499956374326125,0.5562805143614828,-3.685183256482865,2.285381420372652e-4,0.00133604003234037,-1.851283626228462,0.5757316908833824,Brain,Treatment vs Control,Brain | Treatment vs Control,0.00133604003234037,2.8741805287137305,TRUE,Down
Gene_1610,199.65913503811012,0.8351179219928346,0.22677402470665886,3.682599552894528,2.3086766463080766e-4,0.001347427642663441,0.8016556708096897,0.2563186787844531,Brain,Treatment vs Control,Brain | Treatment vs Control,0.001347427642663441,2.8704945472809107,FALSE,NS
Gene_0790,260.0522337111185,-0.7935581565202755,0.2165982182384929,-3.663733538410279,2.485653713973125e-4,0.0014483239709635486,-0.7603261333427317,0.24783629946922026,Brain,Treatment vs Control,Brain | Treatment vs Control,0.0014483239709635486,2.839134281326469,FALSE,NS
Gene_1942,230.51141114588015,1.0028188706337424,0.27598164616309223,3.6336433403296806,2.7944708409202934e-4,0.0016255809784661542,0.9564406847958524,0.3090864382613424,Brain,Treatment vs Control,Brain | Treatment vs Control,0.0016255809784661542,2.788991391209363,TRUE,Up
Gene_2117,14.24252329301288,-2.6683658914076736,0.7408850424668769,-3.601592336812454,3.162740479387437e-4,0.001836782340907408,-2.2488962190255455,0.7576392543162701,Brain,Treatment vs Control,Brain | Treatment vs Control,0.001836782340907408,2.735942304632368,TRUE,Down
Gene_2017,22.780823633956487,-1.9507556961144052,0.5463351016970927,-3.5706211994337,3.561356185324937e-4,0.0020648848424273157,-1.7547081994729345,0.5802881775072168,Brain,Treatment vs Control,Brain | Treatment vs Control,0.0020648848424273157,2.685104163713595,TRUE,Down
Gene_0410,75.63282332236628,1.1182005306692049,0.3138772008035899,3.562541426412567,3.672819280369894e-4,0.0021260204719649334,1.0558606606590468,0.35375391999909556,Brain,Treatment vs Control,Brain | Treatment vs Control,0.0021260204719649334,2.6724325578660624,TRUE,Up
Gene_3260,10.668572904755166,-3.224487288346318,0.9074985114484265,-3.5531598649124247,3.806330749401664e-4,0.002197981094089396,-2.52030025273227,0.9153915912319831,Brain,Treatment vs Control,Brain | Treatment vs Control,0.002197981094089396,2.6579760474757506,TRUE,Down
Gene_3069,824.1014045997036,-0.8289679607450525,0.23331919825149716,-3.5529350647412197,3.809584903944237e-4,0.002197981094089396,-0.7846851154866062,0.27439722781332293,Brain,Treatment vs Control,Brain | Treatment vs Control,0.002197981094089396,2.6579760474757506,FALSE,NS
Gene_2507,155.8874405464843,0.9858730399653048,0.2777165380493653,3.5499255711954096,3.8534007948382064e-4,0.002219634291447587,0.932442782735299,0.31904411322060533,Brain,Treatment vs Control,Brain | Treatment vs Control,0.002219634291447587,2.653718574328486,FALSE,NS
Gene_1226,20.909984633343505,-1.9295376067006975,0.5480794770419035,-3.52054343854436,4.3066344619906605e-4,0.0024766655187767137,-1.7280953392923561,0.5889609289379202,Brain,Treatment vs Control,Brain | Treatment vs Control,0.0024766655187767137,2.606132642246727,TRUE,Down
Gene_3300,38.74543968192619,3.3874289310427645,0.9635467274713786,3.5155834527427063,4.3878883242473425e-4,0.002519290028116645,2.568785100717306,0.9722425076109257,Brain,Treatment vs Control,Brain | Treatment vs Control,0.002519290028116645,2.5987218323589447,TRUE,Up
Gene_0216,158.1136000434792,0.8682920966131381,0.24731962632485535,3.5108095120305287,4.467444002924919e-4,0.002560802723105177,0.8176449706414007,0.29273597981219124,Brain,Treatment vs Control,Brain | Treatment vs Control,0.002560802723105177,2.5916238770438196,FALSE,NS
Gene_0126,29.616942431729452,1.7559963879969962,0.5011092774124126,3.5042184751886207,4.579494870384864e-4,0.002620777372338566,1.5911253966252397,0.5457406971361348,Brain,Treatment vs Control,Brain | Treatment vs Control,0.002620777372338566,2.5815698695804365,TRUE,Up
Gene_2347,202.95913306470422,0.7548768233530699,0.2156057531180138,3.5011905407731914,4.631845531453413e-4,0.0026464476653012946,0.708138410639746,0.2618486606469176,Brain,Treatment vs Control,Brain | Treatment vs Control,0.0026464476653012946,2.5773366899574643,FALSE,NS
Gene_1551,5.814437660119272,-4.64923075185802,1.3299034949621615,-3.495915883723803,4.7243760409521073e-4,0.002694955056640047,-2.8712857040040594,1.2803707808252867,Brain,Treatment vs Control,Brain | Treatment vs Control,0.002694955056640047,2.5694484730805747,TRUE,Down
Gene_2302,211.83527807936156,0.9587010115587429,0.27531600611558826,3.4821840730765334,4.973416909778306e-4,0.002832441146520516,0.8992502289490996,0.32408189694072204,Brain,Treatment vs Control,Brain | Treatment vs Control,0.002832441146520516,2.5478391052975478,FALSE,NS
Gene_1808,362.77765567259075,-0.6975863604027858,0.20074452717191088,-3.4749956585635644,5.10861618822256e-4,0.0029047542287622963,-0.6496901466625141,0.24951604384314277,Brain,Treatment vs Control,Brain | Treatment vs Control,0.0029047542287622963,2.536890607372697,FALSE,NS
Gene_2216,1152.2346598006839,-0.6893144403315278,0.19906728356858033,-3.462720884991899,5.347427954862602e-4,0.003035654036755603,-0.6402098787873095,0.24905876690052456,Brain,Treatment vs Control,Brain | Treatment vs Control,0.003035654036755603,2.5177477250326166,FALSE,NS
Gene_1426,7.43540193549962,-3.603513103362273,1.040822537064913,-3.462178205252999,5.35822243381617e-4,0.003036899424366757,-2.612545745788534,1.051235451090934,Brain,Treatment vs Control,Brain | Treatment vs Control,0.003036899424366757,2.517569590750753,TRUE,Down
Gene_1699,13.757116889770108,-2.411086807827442,0.6970621283899906,-3.458926700545827,5.423324747595735e-4,0.0030688717441923943,-2.0429368089199156,0.7411389294754601,Brain,Treatment vs Control,Brain | Treatment vs Control,0.0030688717441923943,2.5130212614389613,TRUE,Down
Gene_2941,9.368309526976779,-3.22322075789665,0.9334797245260618,-3.452909231138486,5.545755776665605e-4,0.0031331301835850005,-2.464270531283501,0.9592175112997415,Brain,Treatment vs Control,Brain | Treatment vs Control,0.0031331301835850005,2.5040215595268527,TRUE,Down
Gene_0488,202.86076572412802,0.8358342635355086,0.24229569481049756,3.4496455423577577,5.613230573326481e-4,0.0031661848489482115,0.7795298787756343,0.29436481543166837,Brain,Treatment vs Control,Brain | Treatment vs Control,0.0031661848489482115,2.499463733650947,FALSE,NS
Gene_1620,32.12326614645002,-1.483917726905424,0.430285597432819,-3.448680912767734,5.633319622729019e-4,0.0031724484191158163,-1.3596578544215498,0.4838605577580553,Brain,Treatment vs Control,Brain | Treatment vs Control,0.0031724484191158163,2.498605430376042,TRUE,Down
Gene_2933,32.999945039583686,-1.4718495980922095,0.42737207330881277,-3.443953617972302,5.7327403797119e-4,0.0032232971784654013,-1.3486870335867869,0.48163619924322854,Brain,Treatment vs Control,Brain | Treatment vs Control,0.0032232971784654013,2.49169965197514,TRUE,Down
Plk1,6.272754289397122,-4.146440086339526,1.211823815872463,-3.4216525802096576,6.22417904031732e-4,0.003488504157358802,-2.718940919117428,1.2047228006893231,Brain,Treatment vs Control,Brain | Treatment vs Control,0.003488504157358802,2.4573607551223002,TRUE,Down
Gene_0204,10.629999341417314,-2.83958804495624,0.8298190470846009,-3.421936451004048,6.217684420536643e-4,0.003488504157358802,-2.270003654428026,0.8720369733210115,Brain,Treatment vs Control,Brain | Treatment vs Control,0.003488504157358802,2.4573607551223002,TRUE,Down
Gene_2095,18.524812155140403,1.8965598341249452,0.5595143831814158,3.389653405049301,6.998104145446622e-4,0.003916054792008244,1.67106605529202,0.6210159145325387,Brain,Treatment vs Control,Brain | Treatment vs Control,0.003916054792008244,2.407151240336632,TRUE,Up
Gene_3348,20.436875016878275,-1.9953790824366595,0.5898078770820799,-3.38310009067406,7.167250601569667e-4,0.004004361056035205,-1.7406222895134673,0.6518471834054822,Brain,Treatment vs Control,Brain | Treatment vs Control,0.004004361056035205,2.397466770959369,TRUE,Down
Gene_2747,192.67683245185955,0.7536329091779483,0.22384549634608145,3.3667548442108344,7.605827029765085e-4,0.004242681712812088,0.6896834972423,0.2848710118208262,Brain,Treatment vs Control,Brain | Treatment vs Control,0.004242681712812088,2.372359547906795,FALSE,NS
Gene_1388,151.06814748585597,0.8284436923489041,0.2468095769195517,3.3566108037166558,7.890409722065747e-4,0.004394485288424945,0.7593744769503507,0.30991836939492967,Brain,Treatment vs Control,Brain | Treatment vs Control,0.004394485288424945,2.35709198509245,FALSE,NS
Gene_3280,10.579035490794672,2.8201351035367153,0.8404438299647176,3.35553073624814,7.921285362009401e-4,0.0044032635305476095,2.225808957585349,0.8961572731854036,Brain,Treatment vs Control,Brain | Treatment vs Control,0.0044032635305476095,2.356225321708832,TRUE,Up
Gene_1300,15.766268998367407,-2.0503807571754513,0.6111075957399672,-3.3551878122096035,7.931111881700027e-4,0.0044032635305476095,-1.7703590021502424,0.677792973469008,Brain,Treatment vs Control,Brain | Treatment vs Control,0.0044032635305476095,2.356225321708832,TRUE,Down
Gene_1174,63.83068276682605,1.4896101528611678,0.44431476849532703,3.352601035310476,8.005601564815843e-4,0.004437641934908123,1.344695703594428,0.5125793075205235,Brain,Treatment vs Control,Brain | Treatment vs Control,0.004437641934908123,2.3528477431060675,TRUE,Up
Gene_2552,7.005297292272042,-3.735368161622872,1.1197152360652323,-3.335998333602435,8.499367323515287e-4,0.004703960191117944,-2.5488963470979,1.1491440965678175,Brain,Treatment vs Control,Brain | Treatment vs Control,0.004703960191117944,2.327536362282888,TRUE,Down
Gene_0698,26.899067897762276,-1.5688196254474716,0.4722995572876046,-3.321662282423327,8.948292918931793e-4,0.004944667026095174,-1.401479805730216,0.5459484883593932,Brain,Treatment vs Control,Brain | Treatment vs Control,0.004944667026095174,2.3058629484749615,TRUE,Down
Gene_2829,21.770780908663408,1.8271184450877933,0.551707430983146,3.311752466034139,9.271354144066088e-4,0.005115179919171462,1.5971959286211068,0.6273099672236124,Brain,Treatment vs Control,Brain | Treatment vs Control,0.005115179919171462,2.291139085993044,TRUE,Up
Gene_1735,37.12915126211185,-1.388099117574074,0.42043582330315865,-3.3015719418684593,9.6144675261034e-4,0.005296206682475992,-1.2488024564297404,0.49667638267006065,Brain,Treatment vs Control,Brain | Treatment vs Control,0.005296206682475992,2.2760350750586587,TRUE,Down
Gene_1499,112.87247436730608,-1.0757149153783114,0.3261430247658233,-3.2982919568820903,9.727493410986927e-4,0.00535012137604281,-0.9771401638609023,0.40009016535494535,Brain,Treatment vs Control,Brain | Treatment vs Control,0.00535012137604281,2.2716363652035034,TRUE,Down
Gene_0377,22.71788005050855,1.7797389004084558,0.5401218360781971,3.295069337190787,9.839739787174497e-4,0.005403440309255545,1.5569814720240645,0.6188425160131017,Brain,Treatment vs Control,Brain | Treatment vs Control,0.005403440309255545,2.2673296417355244,TRUE,Up
Gene_0329,57.13711671620413,-1.2255523664601349,0.372346140747016,-3.2914329768569153,9.967836574010676e-4,0.005465284307893121,-1.108011824232879,0.4489417874940298,Brain,Treatment vs Control,Brain | Treatment vs Control,0.005465284307893121,2.2623872408254395,TRUE,Down
Gene_2863,79.73725756050058,0.974040591735829,0.29629160883855954,3.287439004951891,0.00101103088146314,0.0055348062673586775,0.8828748811241514,0.37051330133088917,Brain,Treatment vs Control,Brain | Treatment vs Control,0.0055348062673586775,2.256897575957721,FALSE,NS
Gene_2940,73.17894184496437,-1.0598529540237207,0.32379051264489517,-3.2732674758326654,0.0010631182186698026,0.0058109449382710105,-0.9578373941038929,0.40129204692570974,Brain,Treatment vs Control,Brain | Treatment vs Control,0.0058109449382710105,2.235753239708079,TRUE,Down
Gene_0413,46.90044499736381,-1.3203371630506753,0.40474702886186475,-3.2621293521620647,0.0011057867329274161,0.0060348268222051105,-1.1824138008624299,0.4870767273164428,Brain,Treatment vs Control,Brain | Treatment vs Control,0.0060348268222051105,2.219335188075303,TRUE,Down
Gene_0020,255.57710018435384,0.8588291009726989,0.26473795710156106,3.244072404182025,0.0011783378941578188,0.006420850469554411,0.7680563462698495,0.3430101669357429,Brain,Treatment vs Control,Brain | Treatment vs Control,0.006420850469554411,2.192407443929256,FALSE,NS
Gene_1368,38.4619238209583,-1.2967755432146129,0.40123768628197054,-3.2319385430393033,0.0012295349676590844,0.0066895038070943404,-1.1549633953305203,0.48845434435162466,Brain,Treatment vs Control,Brain | Treatment vs Control,0.0066895038070943404,2.1746060947632384,TRUE,Down
Birc5,36.00612856238236,-1.3671368321150723,0.42365438731064087,-3.227009734972085,0.0012509120419123222,0.006795339107680631,-1.2125708037552607,0.5125334985183433,Brain,Treatment vs Control,Brain | Treatment vs Control,0.006795339107680631,2.167788865801283,TRUE,Down
Gene_0906,9.621448457854257,-3.0488060849937346,0.9460081575362692,-3.2228116224006724,0.0012693900527713541,0.006885124848441861,-2.240417568450997,1.0239930845226177,Brain,Treatment vs Control,Brain | Treatment vs Control,0.006885124848441861,2.1620881802439817,TRUE,Down
Gene_1955,23.757276693753607,-1.6100898280114975,0.500584357216337,-3.216420578870919,0.0012980045507029999,0.007029530779957504,-1.4038882687076792,0.5935644306785308,Brain,Treatment vs Control,Brain | Treatment vs Control,0.007029530779957504,2.153073663099128,TRUE,Down
Gene_0848,22.605574871002762,-1.6461433020304024,0.5137474731322835,-3.204187637155621,0.0013544417312504554,0.00732394142885966,-1.4274815407365413,0.6093181038326242,Brain,Treatment vs Control,Brain | Treatment vs Control,0.00732394142885966,2.1352551375031594,TRUE,Down
Gene_1700,33.90828272794238,-1.6183783505684897,0.5074853664205501,-3.1890148123549027,0.001427585624282277,0.007707652659542386,-1.4012804827824432,0.6057911504195648,Brain,Treatment vs Control,Brain | Treatment vs Control,0.007707652659542386,2.1130778647798136,TRUE,Down
Gene_1881,26.501971419126324,-1.7027323494137168,0.5358657450310222,-3.1775353532163964,0.0014853258003694697,0.008007153284129157,-1.4606291986776176,0.6370410181042603,Brain,Treatment vs Control,Brain | Treatment vs Control,0.008007153284129157,2.0965218575407554,TRUE,Down
Gene_3470,10.364644180810865,-2.636191970814848,0.8346906749191875,-3.1582861172734162,0.0015869971527212635,0.008542205710760338,-2.0191887303130316,0.9358849380524652,Brain,Treatment vs Control,Brain | Treatment vs Control,0.008542205710760338,2.0684299742376475,TRUE,Down
Gene_0957,85.33363499095687,0.9354603149211843,0.29669145747107334,3.1529735399017658,0.001616164555759335,0.008685962018852682,0.8185061217716137,0.3897044451507941,Brain,Treatment vs Control,Brain | Treatment vs Control,0.008685962018852682,2.0611820740111786,FALSE,NS
Gene_0994,11.12323755028876,-2.33557919488789,0.7410881298852823,-3.151553912015065,0.001624041784532128,0.008715032737360098,-1.860249061998064,0.8475013876118308,Brain,Treatment vs Control,Brain | Treatment vs Control,0.008715032737360098,2.0597309771566112,TRUE,Down
Gene_3481,50.151074589520434,1.224412068168951,0.3887894634486885,3.1492933406888635,0.001636658201433,0.008769408360030232,1.071337302816798,0.48914365348369365,Brain,Treatment vs Control,Brain | Treatment vs Control,0.008769408360030232,2.057029705908937,TRUE,Up
Gene_2890,25.38634554781107,2.0287498340265167,0.6464369456148922,3.1383568773235346,0.0016989788313472153,0.009089536747707601,1.669609197286749,0.7568807332398741,Brain,Treatment vs Control,Brain | Treatment vs Control,0.009089536747707601,2.0414582502258924,TRUE,Up
Gene_0821,504.56333085786855,0.6675846400617088,0.21306586085437684,3.133231374490256,0.0017289309430372835,0.009235786928690844,0.564747043790066,0.2988441970043818,Brain,Treatment vs Control,Brain | Treatment vs Control,0.009235786928690844,2.034526094893148,FALSE,NS
Gene_1313,532.5927958974581,0.7187251555813929,0.22959764704466526,3.130368123683664,0.0017458736881617155,0.009312205427339905,0.612611848211812,0.31803152549868646,Brain,Treatment vs Control,Brain | Treatment vs Control,0.009312205427339905,2.0309474520481285,FALSE,NS
Gene_3484,16.730762567749032,-4.369674102364207,1.3992134844385122,-3.1229502509530955,0.0017904800964456556,0.009535646551338641,-2.3893137086928387,1.412248642673083,Brain,Treatment vs Control,Brain | Treatment vs Control,0.009535646551338641,2.020649854882369,TRUE,Down
Gene_2321,53.650537415616895,1.4725546399592435,0.47159339680144796,3.1225090299116807,0.0017931660464709312,0.009535646551338641,1.265734942398908,0.5810503248126262,Brain,Treatment vs Control,Brain | Treatment vs Control,0.009535646551338641,2.020649854882369,TRUE,Up
Gene_2159,444.29630946983053,0.6643904547802055,0.21386936054378036,3.1065247171962285,0.001893004823171609,0.010051428617472108,0.5558279918058142,0.3023139330987966,Brain,Treatment vs Control,Brain | Treatment vs Control,0.010051428617472108,1.997772207239419,FALSE,NS
Gene_0283,7.068062029705667,-3.389666297751365,1.0947542489229634,-3.0962805589347315,0.00195964849313409,0.010389667911796505,-2.2343332614543554,1.1838435171866881,Brain,Treatment vs Control,Brain | Treatment vs Control,0.010389667911796505,1.9833983337112728,TRUE,Down
Gene_3489,5.0812724008957,-4.168053321549859,1.3641483280112305,-3.055425305271895,0.0022474157545672034,0.011897488799665361,-2.289384458415782,1.3979179110298932,Brain,Treatment vs Control,Brain | Treatment vs Control,0.011897488799665361,1.9245446953752499,TRUE,Down
Gene_1754,327.666508274352,0.6579338435247093,0.21675040518863734,3.035444584069456,0.0024018135613625927,0.012695813899957057,0.533036885974931,0.3118668735051653,Brain,Treatment vs Control,Brain | Treatment vs Control,0.012695813899957057,1.896339452259359,FALSE,NS
Gene_2167,164.67335887251187,0.7212335204343238,0.23800670216055278,3.0303076085134757,0.002443047790918337,0.012894471972694542,0.590822641829783,0.3377143251711533,Brain,Treatment vs Control,Brain | Treatment vs Control,0.012894471972694542,1.8895964374764347,FALSE,NS
Gene_0900,6.110364032323494,-3.646788830301957,1.2056779910318618,-3.024678941995869,0.0024889718664492205,0.013117253224525668,-2.2033970876841344,1.2871375744122673,Brain,Treatment vs Control,Brain | Treatment vs Control,0.013117253224525668,1.8821570974543722,TRUE,Down
Gene_1349,637.9355533883962,0.5659527950450228,0.18715384482147807,3.0239976933675754,0.0024945834054154944,0.01312723398587498,0.44341639599745114,0.2760912651938671,Brain,Treatment vs Control,Brain | Treatment vs Control,0.01312723398587498,1.8818267736226726,FALSE,NS
Gene_1467,12.084762935721482,-2.184403409080611,0.7227299314805553,-3.0224338496756737,0.0025075088090785284,0.01317561548341709,-1.7003477545503838,0.8574538129125175,Brain,Treatment vs Control,Brain | Treatment vs Control,0.01317561548341709,1.8802290880844237,TRUE,Down
Gene_1419,401.97057986616556,0.8203218608630426,0.27321791510565313,3.002445357749783,0.0026782004853256377,0.014051598683038376,0.6740838962517105,0.38180479160372105,Brain,Treatment vs Control,Brain | Treatment vs Control,0.014051598683038376,1.8522742622553878,FALSE,NS
Gene_0574,14.846898890208797,2.151616209711475,0.7217585928101786,2.981074601875016,0.0028723880977492614,0.015048074737615196,1.6562538207630082,0.8648838139871076,Brain,Treatment vs Control,Brain | Treatment vs Control,0.015048074737615196,1.822519060489757,TRUE,Up
Gene_0627,62.93518905624033,-0.9948715773379695,0.33408832821253526,-2.9778699024321114,0.0029025916081151892,0.015183779212229234,-0.8213562394629054,0.4546498599980221,Brain,Treatment vs Control,Brain | Treatment vs Control,0.015183779212229234,1.8186201199594365,FALSE,NS
Gene_2894,6327.9093778655,-0.48495154890002207,0.1637623042948022,-2.9613136612136346,0.0030632979423062087,0.016000747092134945,-0.3525875482774617,0.24736076053253997,Brain,Treatment vs Control,Brain | Treatment vs Control,0.016000747092134945,1.795859739193018,FALSE,NS
Gene_0116,26.385747230229892,1.4819970727887481,0.501259300741714,2.956547779953081,0.003111040262760803,0.01622611989336543,1.20710986061452,0.6419442509176804,Brain,Treatment vs Control,Brain | Treatment vs Control,0.01622611989336543,1.7897853193827773,TRUE,Up
Cdc20,61.3374055548188,-1.0111105013974302,0.34304554080248517,-2.947452688153716,0.003204037773757904,0.016686515308464836,-0.8251062249084227,0.4685540317455888,Brain,Treatment vs Control,Brain | Treatment vs Control,0.016686515308464836,1.7776343487800572,TRUE,Down
Gene_3492,399.46173952195284,0.6513708891307984,0.22123400679170416,2.944262044415604,0.0032372577725278025,0.0168346939540437,0.5034307477826113,0.32356429988890395,Brain,Treatment vs Control,Brain | Treatment vs Control,0.0168346939540437,1.7737947744513114,FALSE,NS
Gene_0245,449.0853435451516,-0.6116550609942745,0.2083275832857232,-2.936025327742529,0.0033244717744644343,0.017262808581814584,-0.4646363434719342,0.307503909615574,Brain,Treatment vs Control,Brain | Treatment vs Control,0.017262808581814584,1.762888545100844,FALSE,NS
Gene_2719,75.01233472871058,1.1788963380884645,0.4032075478221074,2.9237953120078646,0.003457920481628542,0.017929393862893366,0.9567773278932173,0.5395854269198589,Brain,Treatment vs Control,Brain | Treatment vs Control,0.017929393862893366,1.7464343923368877,TRUE,Up
Gene_3158,3411.3116044432763,-0.5122317162760498,0.1760230374573906,-2.910026571948256,0.003613980290228027,0.018711091502632206,-0.3663064789472945,0.2650062883255618,Brain,Treatment vs Control,Brain | Treatment vs Control,0.018711091502632206,1.7279008773987812,FALSE,NS
Gene_2757,7.729547835474584,-2.9482000004771245,1.0147468092320422,-2.9053552804056757,0.003668364455835156,0.018964853431264913,-1.9252820658588725,1.15084379724318,Brain,Treatment vs Control,Brain | Treatment vs Control,0.018964853431264913,1.7220505093671405,TRUE,Down
Gene_2158,18.031596839083644,1.6658326007067785,0.5737923176409635,2.9031978112839294,0.0036937324947875776,0.019068083975284995,1.3116742091727556,0.7278524745427541,Brain,Treatment vs Control,Brain | Treatment vs Control,0.019068083975284995,1.7196929441205682,TRUE,Up
Gene_2047,37.84475816211694,1.5130955906475414,0.5231385919671867,2.8923417501235478,0.0038238176082438127,0.01971080288278672,1.1995026200354564,0.6756564878117162,Brain,Treatment vs Control,Brain | Treatment vs Control,0.01971080288278672,1.7052956851846754,TRUE,Up
Gene_3127,35.48740004662482,1.1954554782063906,0.4134099887941528,2.891694711328414,0.003831700779815836,0.019722646433716788,0.9572209865991105,0.5551758521005835,Brain,Treatment vs Control,Brain | Treatment vs Control,0.019722646433716788,1.7050348107717654,TRUE,Up
Gene_2081,36.27159244758184,-1.458583306530872,0.5052084371056739,-2.887092137429569,0.003888203507941629,0.019984347287542784,-1.157384706120983,0.6570846120376433,Brain,Treatment vs Control,Brain | Treatment vs Control,0.019984347287542784,1.6993100317445125,TRUE,Down
Gene_2630,4.228284153264273,-4.026116365273086,1.3954705793832833,-2.8851316715343396,0.003912499861607226,0.020079995656010343,-2.043834921514465,1.4312447509002955,Brain,Treatment vs Control,Brain | Treatment vs Control,0.020079995656010343,1.6972363854797543,TRUE,Down
Gene_2985,96.67608915439854,0.7944482406450938,0.2760334431839357,2.8780869139675618,0.004000948913714474,0.020504137321227585,0.6129109970167963,0.39575644420971057,Brain,Treatment vs Control,Brain | Treatment vs Control,0.020504137321227585,1.6881584982376008,FALSE,NS
Gene_1163,180.76435985510454,-0.7942849100599827,0.2761322517047913,-2.876465552850887,0.004021560872973296,0.020579900641258995,-0.6122417618954962,0.3959820572431946,Brain,Treatment vs Control,Brain | Treatment vs Control,0.020579900641258995,1.686556726320773,FALSE,NS
Gene_0703,592.7628864381958,-0.5152771304352012,0.17968871104834286,-2.867609920673162,0.00413585108027965,0.021134139167101947,-0.35890780924040033,0.27027144391270513,Brain,Treatment vs Control,Brain | Treatment vs Control,0.021134139167101947,1.6750154370988029,FALSE,NS
Gene_0533,32.82348926090142,-1.2340460639469417,0.4323031953189183,-2.854584646399762,0.004309314637902657,0.02198871385322873,-0.9719846090377227,0.5809285044533002,Brain,Treatment vs Control,Brain | Treatment vs Control,0.02198871385322873,1.6578001723118325,TRUE,Down
Gene_2109,4926.857748362638,0.4470270882500531,0.1567073064987542,2.8526244132312164,0.004335983564595426,0.022092868638652882,0.2938561809660653,0.23654731760531716,Brain,Treatment vs Control,Brain | Treatment vs Control,0.022092868638652882,1.6557478896943576,FALSE,NS
Gene_1003,19.770138337143283,1.7988550158199998,0.6320528665171444,2.8460515110585387,0.00442650338127666,0.022521589970155454,1.3649588255315515,0.7976324330821727,Brain,Treatment vs Control,Brain | Treatment vs Control,0.022521589970155454,1.6474009525911189,TRUE,Up
Gene_2532,16.149366074479076,2.0029200041794826,0.7040758895378945,2.8447501667669055,0.004444626878050738,0.022548818256317753,1.4834708528179603,0.8712459121944691,Brain,Treatment vs Control,Brain | Treatment vs Control,0.022548818256317753,1.6468762137952708,TRUE,Up
Gene_3000,54.032741821395184,-0.997183900107858,0.350501074134293,-2.8450238064770987,0.004440810392443819,0.022548818256317753,-0.7758028591238325,0.4878008848496869,Brain,Treatment vs Control,Brain | Treatment vs Control,0.022548818256317753,1.6468762137952708,FALSE,NS
Gene_1978,39.21485500313414,1.2749323109860113,0.44831025173800154,2.843861602636512,0.004457040292781647,0.02257935333402008,0.9989460242067478,0.6001502675375624,Brain,Treatment vs Control,Brain | Treatment vs Control,0.02257935333402008,1.6462885002980445,TRUE,Up
Gene_0914,76.53641022052932,0.9504478246115623,0.33918028401279243,2.802190662048374,0.005075686674084839,0.02567657542434609,0.7201105228665197,0.47749787162970037,Brain,Treatment vs Control,Brain | Treatment vs Control,0.02567657542434609,1.5904629001314734,FALSE,NS
Gene_1175,22.044791946714543,1.8623391815638783,0.6738880090028205,2.7635737046570354,0.005717217861158389,0.02888053829434946,1.348609137695438,0.8512787624218364,Brain,Treatment vs Control,Brain | Treatment vs Control,0.02888053829434946,1.539394716362546,TRUE,Up
Gene_1587,6.338817234065904,-3.036668280308012,1.0992194755282985,-2.7625677564060185,0.005734865727786216,0.028928301264018758,-1.7892035587411992,1.233373675939741,Brain,Treatment vs Control,Brain | Treatment vs Control,0.028928301264018758,1.5386770683680444,TRUE,Down
Gene_2122,25.984995274552688,-1.4680283715681692,0.5341453183903824,-2.748368882071254,0.005989258435222916,0.03016843300252798,-1.0912244454483717,0.7052684961571039,Brain,Treatment vs Control,Brain | Treatment vs Control,0.03016843300252798,1.5204472472008512,TRUE,Down
Gene_1037,11.313862772293998,-2.0565142574056456,0.7501394628185283,-2.7415092250694615,0.006115764338735444,0.03076177190893854,-1.435557316723404,0.9296747194614084,Brain,Treatment vs Control,Brain | Treatment vs Control,0.03076177190893854,1.5119886523520383,TRUE,Down
Gene_0370,29.50480787720678,1.338821777906894,0.4886080410654822,2.740073157591502,0.006142551019254262,0.03085255711093428,0.9955741928159837,0.6555375895716137,Brain,Treatment vs Control,Brain | Treatment vs Control,0.03085255711093428,1.5107088350944207,TRUE,Up
Gene_2551,64.8491994983565,1.2118153221715444,0.4424093735930904,2.739126687867426,0.006160263048103439,0.03089756935064381,0.9010982615474264,0.6031463009382475,Brain,Treatment vs Control,Brain | Treatment vs Control,0.03089756935064381,1.5100756843008416,TRUE,Up
Gene_2610,46.91665161211365,-1.081904956273264,0.39569172732298585,-2.7342117147426546,0.0062529824348539435,0.03131812904605571,-0.7984121390942377,0.5489118191476452,Brain,Treatment vs Control,Brain | Treatment vs Control,0.03131812904605571,1.504204190715124,TRUE,Down
Gene_2245,3.879306641357855,-3.880832038620347,1.4205106322409258,-2.731997881985679,0.006295154566725765,0.03148468948315677,-1.8190566263367502,1.4391086412119047,Brain,Treatment vs Control,Brain | Treatment vs Control,0.03148468948315677,1.5019005855576164,TRUE,Down
Gene_1586,103.81004014134392,0.8338946605750929,0.3076806869318395,2.7102600065366653,0.006723048268594343,0.03357720429477599,0.5875804800952685,0.4415650860413784,Brain,Treatment vs Control,Brain | Treatment vs Control,0.03357720429477599,1.473955466920337,FALSE,NS
Gene_2715,662.2719011836127,0.4934554273743855,0.1821990771685388,2.7083311015781195,0.006762252166277489,0.03372529999876527,0.30068489550459726,0.2689381342380244,Brain,Treatment vs Control,Brain | Treatment vs Control,0.03372529999876527,1.4720441784320744,FALSE,NS
Gene_0072,85.82384149714429,0.7917527110045085,0.29278520396709584,2.704210118122937,0.006846697968255409,0.034098294112707823,0.5503266149546523,0.42239522684949615,Brain,Treatment vs Control,Brain | Treatment vs Control,0.034098294112707823,1.467267347575521,FALSE,NS
Gene_3125,6.673429513276793,-2.8811967426557854,1.065965657212226,-2.7028982811611915,0.00687377782449702,0.034184942955350676,-1.688393494855698,1.2093681816737716,Brain,Treatment vs Control,Brain | Treatment vs Control,0.034184942955350676,1.466165140473526,TRUE,Down
Gene_0381,5.801709889497842,-3.0214351870764062,1.1192173979278235,-2.699596336395812,0.006942365296417478,0.03447748503748258,-1.7117129619790044,1.2493078543212233,Brain,Treatment vs Control,Brain | Treatment vs Control,0.03447748503748258,1.4624644213327973,TRUE,Down
Gene_2514,9.171740051550827,-2.1160536667283614,0.7856651527635018,-2.6933276336430927,0.007074271357588684,0.03508321933096298,-1.4249328394757708,0.967723070880023,Brain,Treatment vs Control,Brain | Treatment vs Control,0.03508321933096298,1.4549005614427635,TRUE,Down
Gene_2922,76.41141453780087,0.9263258279467063,0.34603821149483394,2.676946641080809,0.007429646618966678,0.036793944195752236,0.649736089909898,0.4900795107994837,Brain,Treatment vs Control,Brain | Treatment vs Control,0.036793944195752236,1.4342236546631262,FALSE,NS
Gene_1183,222.31629447126085,0.6187234445775662,0.2325182919649191,2.660966753836792,0.007791665016985287,0.03853272993693985,0.391876609272215,0.33961634570146554,Brain,Treatment vs Control,Brain | Treatment vs Control,0.03853272993693985,1.414170221338678,FALSE,NS
Gene_3072,234.02323172245917,0.6065642413541795,0.22838187619747696,2.6559210890696785,0.007909211955825389,0.039059339043383844,0.3803290345400168,0.33346454574385015,Brain,Treatment vs Control,Brain | Treatment vs Control,0.039059339043383844,1.4082751100558415,FALSE,NS
Gene_1694,21.231574805915752,-1.4305504173220136,0.5389754659199852,-2.6542032203268953,0.007949593448059658,0.03920393081717689,-1.0112687256588422,0.7164913080740666,Brain,Treatment vs Control,Brain | Treatment vs Control,0.03920393081717689,1.4066703858718166,TRUE,Down
Gene_3270,112.60468695254681,-0.7023925885471342,0.26485435135387125,-2.6519956532965137,0.00800175720069099,0.03940614320172927,-0.4579333328753298,0.38398895242090775,Brain,Treatment vs Control,Brain | Treatment vs Control,0.03940614320172927,1.4044360687672846,FALSE,NS
Gene_1474,4.934264158816248,-3.352259146034968,1.266121742974525,-2.647659409244042,0.008105113705005053,0.039859549432274155,-1.6856069064540982,1.3443278906214449,Brain,Treatment vs Control,Brain | Treatment vs Control,0.039859549432274155,1.3994676148222602,TRUE,Down
Gene_0297,21.65484547730371,-1.353921393273826,0.5128741149867617,-2.639870786438059,0.008293764219439283,0.04073057226542435,-0.9511276699523664,0.6878400779623055,Brain,Treatment vs Control,Brain | Treatment vs Control,0.04073057226542435,1.3900794880242398,TRUE,Down
Gene_0624,307.0533950579731,-0.6183207951424785,0.23490878412344032,-2.6321740051132445,0.008484039868574067,0.04154943796939672,-0.3827810334078294,0.3412692668833565,Brain,Treatment vs Control,Brain | Treatment vs Control,0.04154943796939672,1.3814348464512425,FALSE,NS
Gene_0725,309.9562530811613,-0.5151841577771913,0.19569175573167438,-2.632630873237162,0.00847263737372144,0.04154943796939672,-0.2995161816884776,0.2839678198920039,Brain,Treatment vs Control,Brain | Treatment vs Control,0.04154943796939672,1.3814348464512425,FALSE,NS
Gene_1130,31.897500748201914,-1.1565360380760268,0.4416648923882184,-2.618582681141531,0.008829589126691418,0.04318182715560581,-0.799686830987109,0.606096352450443,Brain,Treatment vs Control,Brain | Treatment vs Control,0.04318182715560581,1.3646989852808817,TRUE,Down
Gene_3264,1903.2609197305314,0.42497170802290735,0.1623515532081026,2.6176017390987174,0.008855008683982894,0.043246245730489075,0.22534706755240938,0.23079415677967102,Brain,Treatment vs Control,Brain | Treatment vs Control,0.043246245730489075,1.3640515882986204,FALSE,NS
Gene_2965,17.020646960565365,-1.5260469910193182,0.5836271861802617,-2.6147633748986747,0.008928929036981979,0.04354702821765659,-1.0485074355830253,0.7661545321345308,Brain,Treatment vs Control,Brain | Treatment vs Control,0.04354702821765659,1.361041477228313,TRUE,Down
Gene_0783,15.795804118211326,1.6226522564989765,0.6212354068832476,2.6119764561390024,0.009002045331827468,0.04384306491956247,1.1052658371719415,0.8062492863991548,Brain,Treatment vs Control,Brain | Treatment vs Control,0.04384306491956247,1.358099093412218,TRUE,Up
Gene_1244,412.2180282948919,0.5515338791454237,0.21239747035904954,2.596706440114741,0.009412232714226833,0.04577767729192141,0.3189431800117618,0.305856395952617,Brain,Treatment vs Control,Brain | Treatment vs Control,0.04577767729192141,1.3393462467181014,FALSE,NS
Gene_0342,20.789093563755188,1.6252610519923538,0.6263574153336986,2.5947821678242264,0.009465088566042458,0.04597142740948544,1.0950467069751553,0.8117452726076431,Brain,Treatment vs Control,Brain | Treatment vs Control,0.04597142740948544,1.3375120112281835,TRUE,Up
Gene_2626,6.0699310249081035,-2.6974822912709233,1.0413008139644464,-2.5904928288695497,0.009583861831690927,0.04648436281277564,-1.5207028422199027,1.187209329610757,Brain,Treatment vs Control,Brain | Treatment vs Control,0.04648436281277564,1.3326931177822026,TRUE,Down
Gene_0664,167.01457866299273,0.6350451767043597,0.24540035229349316,2.587792441083623,0.009659316439494801,0.04678607180775877,0.38251601143166053,0.35288604195783796,Brain,Treatment vs Control,Brain | Treatment vs Control,0.04678607180775877,1.3298834169542268,FALSE,NS
Gene_0029,24.332523368571326,-1.2518167900851462,0.4867559157192836,-2.571754650860946,0.010118457086926623,0.04894283832046288,-0.8425599520552831,0.6579879349397162,Brain,Treatment vs Control,Brain | Treatment vs Control,0.04894283832046288,1.3103108484053279,TRUE,Down
Gene_0754,3066.456290796266,0.42887482046205805,0.1668399014011224,2.570577043383297,0.010152924080659795,0.04904237336362481,0.21868095862269274,0.23322211120593825,Brain,Treatment vs Control,Brain | Treatment vs Control,0.04904237336362481,1.3094285206718488,FALSE,NS
Gene_1189,15.774130904151466,1.5317846688360597,0.5962177696380065,2.569169767895516,0.010194250222962071,0.04917472341158343,1.0223410323687099,0.7795652924562733,Brain,Treatment vs Control,Brain | Treatment vs Control,0.04917472341158343,1.3082580741368592,TRUE,Up
Ccnb2,3.792864650679039,-3.552238009418584,1.3849686193127422,-2.5648508997852226,0.010322014962431143,0.04972310345476721,-1.5795296263447627,1.395594219439128,Brain,Treatment vs Control,Brain | Treatment vs Control,0.04972310345476721,1.303441772805581,TRUE,Down
Gene_2318,689.5366943822199,0.5511167123063582,0.21509789174387364,2.5621669642517775,0.010402129776074305,0.05004076326882612,0.3092266246394164,0.3065721539355995,Brain,Treatment vs Control,Brain | Treatment vs Control,0.05004076326882612,1.300676074659846,FALSE,NS
Gene_1315,57.654431300077,-0.9676194151914165,0.3787522097505879,-2.5547558279029015,0.010626231044581401,0.05104928138560126,-0.6287181035184679,0.5276441266167294,Brain,Treatment vs Control,Brain | Treatment vs Control,0.05104928138560126,1.2920103670435668,FALSE,NS
Gene_1740,1722.3203938524664,-0.4316734956236588,0.1690640941217787,-2.553312682187382,0.010670365649787858,0.05119165911603387,-0.21721569557702278,0.23489005469295343,Brain,Treatment vs Control,Brain | Treatment vs Control,0.05119165911603387,1.2908007947853313,FALSE,NS
Gene_0917,13.898329945332183,-1.9052491253817863,0.7465797977160027,-2.551969837933572,0.010711579137788895,0.05131965527209306,-1.2105473510575777,0.932121963740362,Brain,Treatment vs Control,Brain | Treatment vs Control,0.05131965527209306,1.2897162695599806,FALSE,NS
Gene_1104,301.10055611204683,0.5078817060283445,0.1996054281700129,2.5444283288516525,0.010945677169208877,0.05237017084617417,0.2716699404927914,0.2814162948636502,Brain,Treatment vs Control,Brain | Treatment vs Control,0.05237017084617417,1.2809160093058911,FALSE,NS
Gene_2272,229.1698420633297,0.6767471536571605,0.26640538737500424,2.540290796388966,0.01107603345183156,0.0529221571291167,0.39991045115640417,0.37822176997274093,Brain,Treatment vs Control,Brain | Treatment vs Control,0.0529221571291167,1.2763624621001999,FALSE,NS
Gene_0607,6.001503202639792,-2.6493881825813235,1.0433718602985202,-2.5392559291596233,0.011108852626564067,0.05300724138432124,-1.4527567601855778,1.1841347216527296,Brain,Treatment vs Control,Brain | Treatment vs Control,0.05300724138432124,1.275664796843958,FALSE,NS
Gene_1479,24.7800262158658,-1.252316717888969,0.4933868845162934,-2.5382043122542974,0.011142291455037406,0.053095048755380674,-0.8242033872737795,0.6643791853024451,Brain,Treatment vs Control,Brain | Treatment vs Control,0.053095048755380674,1.2749459760649324,FALSE,NS
Gene_1924,63.777554048781674,0.9243679273188941,0.36440075800558897,2.536679485460117,0.011190935995625576,0.05325497978511309,0.5882204528205218,0.508338405451392,Brain,Treatment vs Control,Brain | Treatment vs Control,0.05325497978511309,1.2736397758314295,FALSE,NS
Gene_2949,40.53698032800325,-0.9736925969318118,0.385046847058436,-2.528763978643983,0.011446497243760016,0.054397822029228285,-0.6214677969509832,0.5338124736381715,Brain,Treatment vs Control,Brain | Treatment vs Control,0.054397822029228285,1.2644184881625398,FALSE,NS
Gene_2765,12.99173216526049,-1.6228509200544468,0.6449919408194691,-2.5160793761122,0.011866845343537165,0.056291517936438426,-1.038685897612369,0.8289848217007167,Brain,Treatment vs Control,Brain | Treatment vs Control,0.056291517936438426,1.2495570401560936,FALSE,NS
Gene_2945,291.86002872321865,0.5624188045334523,0.22355624170603947,2.515782159520256,0.011876856658920031,0.056291517936438426,0.3051962855666353,0.314047459300487,Brain,Treatment vs Control,Brain | Treatment vs Control,0.056291517936438426,1.2495570401560936,FALSE,NS
Gene_0829,76.49795969971939,-0.8586306314113443,0.34314050437711013,-2.502271286713831,0.012339932760409343,0.0584079123016158,-0.5244150724034903,0.47801830933522454,Brain,Treatment vs Control,Brain | Treatment vs Control,0.0584079123016158,1.2335283166517934,FALSE,NS
Gene_3165,19.977635958525163,1.7882037590964586,0.7179338101382635,2.4907640980887593,0.012746872225314157,0.060253287587127564,1.1057567377019564,0.9007125077006175,Brain,Treatment vs Control,Brain | Treatment vs Control,0.060253287587127564,1.2200192517905095,FALSE,NS
Gene_1277,449.2522228143428,-0.5367607334450215,0.215910106922467,-2.4860380141341483,0.012917416645789867,0.06097780504850805,-0.278334747584631,0.29905820445349907,Brain,Treatment vs Control,Brain | Treatment vs Control,0.06097780504850805,1.214828212513725,FALSE,NS
Gene_0662,4.642165297737769,-3.075123489687781,1.2417783005857237,-2.476386878589602,0.01327196754563519,0.06248442320485048,-1.4410345453388433,1.3022651183169252,Brain,Treatment vs Control,Brain | Treatment vs Control,0.06248442320485048,1.2042282348051243,FALSE,NS
Gene_0864,14447.102895339067,-0.4054951607327004,0.1637155607534684,-2.4768272415064843,0.013255604644901267,0.06248442320485048,-0.18433883931819114,0.21724701672975077,Brain,Treatment vs Control,Brain | Treatment vs Control,0.06248442320485048,1.2042282348051243,FALSE,NS
Gene_0564,615.544686921654,-0.43419883556795247,0.1758949641022225,-2.4685120337817916,0.013567609012197971,0.06379124823178567,-0.20202421178438473,0.23547202704176812,Brain,Treatment vs Control,Brain | Treatment vs Control,0.06379124823178567,1.1952388997327053,FALSE,NS
Gene_2659,166.3119776562077,-0.6389759675475608,0.25891251469786253,-2.467922295271098,0.0135899816787816,0.06381146982417264,-0.34821024266626754,0.35941179215763913,Brain,Treatment vs Control,Brain | Treatment vs Control,0.06381146982417264,1.1951012517860742,FALSE,NS
Gene_0322,481.25885249411704,0.5365333542779134,0.21762798207046413,2.4653693388757025,0.013687208496123336,0.06418264701170186,0.2728833466886126,0.2989256208587771,Brain,Treatment vs Control,Brain | Treatment vs Control,0.06418264701170186,1.1925823757592142,FALSE,NS
Gene_1789,129.3847359892053,-0.6437404452085139,0.2620510137037642,-2.4565462888696583,0.014027972873125818,0.06569333185014226,-0.348194234357701,0.3623754169705651,Brain,Treatment vs Control,Brain | Treatment vs Control,0.06569333185014226,1.1824787109220736,FALSE,NS
Gene_3081,21.924813497046767,1.5355478070824773,0.6258904244091581,2.4533812105082733,0.014152027292151642,0.06618650115044696,0.9465212913673657,0.8040653819908162,Brain,Treatment vs Control,Brain | Treatment vs Control,0.06618650115044696,1.179230576627721,FALSE,NS
Gene_1430,53.25974273572958,-0.8518500057774607,0.3477711938328046,-2.4494553340924448,0.014307245355328041,0.06682391977468692,-0.49788746251639254,0.4781686235399146,Brain,Treatment vs Control,Brain | Treatment vs Control,0.06682391977468692,1.1750680529931912,FALSE,NS
Gene_1151,68.8746714615865,0.8617999402785085,0.3520313171114329,2.4480774817136854,0.014362076693832548,0.06699140397083583,0.5045295658713553,0.4835570945362276,Brain,Treatment vs Control,Brain | Treatment vs Control,0.06699140397083583,1.173980920396727,FALSE,NS
Gene_0903,18.1920873774343,-1.6029348656285618,0.6557784470880954,-2.4443237998232474,0.01451239502611885,0.06760325440267237,-0.9768343267205447,0.8340602049266392,Brain,Treatment vs Control,Brain | Treatment vs Control,0.06760325440267237,1.1700323967343649,FALSE,NS
Aurkb,6.055864691279398,-2.5664888721475005,1.0517094624822991,-2.4403021592008316,0.014674981638920158,0.06827056675497639,-1.3255774215080727,1.1751730531334814,Brain,Treatment vs Control,Brain | Treatment vs Control,0.06827056675497639,1.1657664917940358,FALSE,NS
Gene_1420,17.807868777233494,-1.3696056836179575,0.562016884887868,-2.436947573009692,0.014811826659511947,0.06881652622991669,-0.8395332393819985,0.7336461726204956,Brain,Treatment vs Control,Brain | Treatment vs Control,0.06881652622991669,1.1623072537908665,FALSE,NS
Gene_0301,6.628691822131412,-2.3937156736460192,0.9879489077169042,-2.4229144391462154,0.015396552483312063,0.07143919424254257,-1.2672144847569826,1.1256722467580618,Brain,Treatment vs Control,Brain | Treatment vs Control,0.07143919424254257,1.1460634524676476,FALSE,NS
Gene_0492,41.54562492118343,0.9429536416895457,0.38957812486245713,2.4204481245512977,0.015501390872449136,0.07183124825540406,0.5505274998946645,0.5281451487499564,Brain,Treatment vs Control,Brain | Treatment vs Control,0.07183124825540406,1.1436865865010784,FALSE,NS
Gene_3259,18.83350655454214,-1.3119507267874486,0.5426181696042781,-2.417815694863722,0.015613983133565486,0.07225815785664448,-0.7928696734064378,0.709799315951588,Brain,Treatment vs Control,Brain | Treatment vs Control,0.07225815785664448,1.1411131144935995,FALSE,NS
Gene_2802,5.682701333503963,-3.230691590471218,1.3388075987706123,-2.413111184488247,0.01581699374957469,0.07310183891328301,-1.36924756454207,1.3352113989101129,Brain,Treatment vs Control,Brain | Treatment vs Control,0.07310183891328301,1.1360716980100403,FALSE,NS
Gene_3325,8.246414160705537,-2.1329937573429323,0.8859484650300746,-2.407582203182129,0.01605854654087998,0.0741212128573166,-1.175635868696352,1.0424272173533473,Brain,Treatment vs Control,Brain | Treatment vs Control,0.0741212128573166,1.130057482864603,FALSE,NS
Gene_2877,5.162688356917543,-2.74782940026334,1.1426382972672966,-2.404811222269528,0.016180821897890343,0.07458809676429609,-1.317466679582766,1.2273010777878715,Brain,Treatment vs Control,Brain | Treatment vs Control,0.07458809676429609,1.1273304744315191,FALSE,NS
Gene_1616,4.274936564422574,-3.030960789942443,1.261000523553136,-2.403615806123592,0.016233824301522894,0.07473485477011386,-1.3466412176134928,1.294198626421482,Brain,Treatment vs Control,Brain | Treatment vs Control,0.07473485477011386,1.1264768050931,FALSE,NS
Gene_2618,38.289110625532516,1.1137863966407429,0.46396176152405544,2.4005995515279017,0.01636823781178639,0.07525553087684601,0.6572287240570247,0.6166902570011589,Brain,Treatment vs Control,Brain | Treatment vs Control,0.07525553087684601,1.123461576252072,FALSE,NS
Gene_1523,9.690005561959378,1.9358876979575153,0.8069834135752904,2.3989188196330877,0.01644355977453883,0.07550352349011262,1.0958839280620012,0.9729267072957906,Brain,Treatment vs Control,Brain | Treatment vs Control,0.07550352349011262,1.1220327808660826,FALSE,NS
Gene_1038,90.51955760809668,-0.6980640994571806,0.29183575372001075,-2.3919759335825184,0.016757941181705246,0.07684713027610549,-0.3665653030224544,0.39470937331862876,Brain,Treatment vs Control,Brain | Treatment vs Control,0.07684713027610549,1.1143723458418189,FALSE,NS
Gene_0306,273.75536357551056,0.5051013775595754,0.21178808312151168,2.3849376703115897,0.01708201526278133,0.078231641884411,0.23184560482922636,0.2785630983147285,Brain,Treatment vs Control,Brain | Treatment vs Control,0.078231641884411,1.1066175549149506,FALSE,NS
Gene_2745,4.684562515271798,-3.183845448589837,1.3358890785110102,-2.3833157256877717,0.01715747205456252,0.07847543241536303,-1.329594565469011,1.3246627467048542,Brain,Treatment vs Control,Brain | Treatment vs Control,0.07847543241536303,1.105266282571677,FALSE,NS
Gene_1643,10.351794810825895,-1.9193465556564602,0.8064591317544118,-2.3799675396830304,0.017314163159604934,0.07908966379891981,-1.0732343523484953,0.9691966362256694,Brain,Treatment vs Control,Brain | Treatment vs Control,0.07908966379891981,1.1018802705909478,FALSE,NS
Gene_2091,343.32502224802795,-0.4537144141442886,0.19115770901746781,-2.3735083271103057,0.01761999573820514,0.08038269373592034,-0.1961742876382553,0.2457207104182483,Brain,Treatment vs Control,Brain | Treatment vs Control,0.08038269373592034,1.094837444087706,FALSE,NS
Gene_1800,9.329729169732243,-1.7834645964197122,0.7515639232952991,-2.373004532468712,0.017644047407018124,0.08038855663765289,-1.010793611790931,0.917819459626437,Brain,Treatment vs Control,Brain | Treatment vs Control,0.08038855663765289,1.0948057689484556,FALSE,NS
Gene_1219,22.526994421032498,1.297915249082614,0.5490151563012136,2.364079086316738,0.01807495358945585,0.08224569732521728,0.752525036554978,0.7090610336410645,Brain,Treatment vs Control,Brain | Treatment vs Control,0.08224569732521728,1.084886812852678,FALSE,NS
Gene_0395,3857.3456946325996,-0.4725043681087865,0.20072496835026615,-2.35398900292396,0.0185731605523262,0.08440389949840901,-0.20413963382053713,0.2571636885665058,Brain,Treatment vs Control,Brain | Treatment vs Control,0.08440389949840901,1.073637488308946,FALSE,NS
Gene_2983,1487.7814637771862,-0.4441495794806144,0.18874813949687283,-2.3531335496314814,0.018615946723213102,0.08448959881705072,-0.1863273644125047,0.23896574358281808,Brain,Treatment vs Control,Brain | Treatment vs Control,0.08448959881705072,1.073196752049061,FALSE,NS
Gene_0779,9.319064964807163,-2.128182338436845,0.9098815016227576,-2.3389664859009325,0.01933716805059429,0.08765024439877848,-1.1103204806047402,1.0479234983584071,Brain,Treatment vs Control,Brain | Treatment vs Control,0.08765024439877848,1.0572468686073466,FALSE,NS
Gene_1581,220.4514738784336,0.5110838905048107,0.2187547021942078,2.3363332782262964,0.019473878404382357,0.08808603694987345,0.2248361464780001,0.2811060199514355,Brain,Treatment vs Control,Brain | Treatment vs Control,0.08808603694987345,1.055092928775486,FALSE,NS
Gene_3414,349.20581652026044,0.48294235574014055,0.2067253729097334,2.336154236621052,0.019483204434395687,0.08808603694987345,0.2070392967687443,0.26327755601378233,Brain,Treatment vs Control,Brain | Treatment vs Control,0.08808603694987345,1.055092928775486,FALSE,NS
Gene_0777,640.2780995928066,-0.48578765797514833,0.20830776388240504,-2.3320669807073906,0.019697167770748016,0.08893951329732895,-0.20797121049315723,0.26496207940781374,Brain,Treatment vs Control,Brain | Treatment vs Control,0.08893951329732895,1.0509052514652573,FALSE,NS
Gene_0532,56.47522491471181,-0.8651229043484255,0.3719954246001834,-2.3256278092082723,0.020038414702969135,0.09034313070854777,-0.4572711392971236,0.49027878625826965,Brain,Treatment vs Control,Brain | Treatment vs Control,0.09034313070854777,1.0441048636762391,FALSE,NS
Gene_3252,51.20456748584456,-0.8071223287329596,0.34711373512456317,-2.3252388109716273,0.02005919413069993,0.09034313070854777,-0.4182670333670748,0.457813271449102,Brain,Treatment vs Control,Brain | Treatment vs Control,0.09034313070854777,1.0441048636762391,FALSE,NS
Gene_1328,23.234100162634093,-1.1573115003283552,0.4978756786654887,-2.3244989661483872,0.02009876691192805,0.09040604581658336,-0.6453034730927666,0.6439628378644683,Brain,Treatment vs Control,Brain | Treatment vs Control,0.09040604581658336,1.0438025255314465,FALSE,NS
Gene_2882,26.78961295698723,1.173074248233792,0.5052133463341824,2.3219383588054323,0.02023625497846662,0.09090867217425652,0.6536079426787663,0.651958648464081,Brain,Treatment vs Control,Brain | Treatment vs Control,0.09090867217425652,1.0413946855593395,FALSE,NS
Gene_2124,2920.1712838724534,-0.43318566602360614,0.1867820196646114,-2.319204315283885,0.02038396060508891,0.09145586390923627,-0.1735977387875964,0.2307483760060861,Brain,Treatment vs Control,Brain | Treatment vs Control,0.09145586390923627,1.0387884434759267,FALSE,NS
Gene_0422,360.8053357648589,-0.4473283335498903,0.19345377197005892,-2.3123267589691863,0.020759683133757312,0.09302340246865111,-0.18071920659374252,0.2396516183201262,Brain,Treatment vs Control,Brain | Treatment vs Control,0.09302340246865111,1.0314077795704102,FALSE,NS
Gene_0143,282.5978752381153,0.49061707040406494,0.21280085805804264,2.305522049494022,0.021137353312841188,0.09459568383731588,0.2054786053838525,0.26717530841365394,Brain,Treatment vs Control,Brain | Treatment vs Control,0.09459568383731588,1.0241286789089903,FALSE,NS
Gene_2665,35.99200473689802,-0.9346302951094104,0.40628485266442343,-2.300431062049417,0.021423810724442268,0.0957562983139312,-0.4926610113971619,0.5289420561390429,Brain,Treatment vs Control,Brain | Treatment vs Control,0.0957562983139312,1.0188326509569738,FALSE,NS
Gene_1958,294.3954387983327,-0.5005348444416872,0.2181361327886736,-2.294598506184193,0.021756143965116808,0.09711876654971865,-0.20926910788522657,0.27311335469907544,Brain,Treatment vs Control,Brain | Treatment vs Control,0.09711876654971865,1.0126968419612863,FALSE,NS
Gene_3432,726.4140234247958,-0.4070457396369637,0.17748314030948617,-2.293433274434844,0.02182307278793474,0.09729453284620905,-0.15437024997947968,0.21280608182312627,Brain,Treatment vs Control,Brain | Treatment vs Control,0.09729453284620905,1.011911562829608,FALSE,NS
Gene_1322,64.11071418264464,-0.8016464441286173,0.34995611061511833,-2.2907056622602253,0.021980442924152868,0.09787256489934903,-0.40198239146842296,0.454866231812285,Brain,Treatment vs Control,Brain | Treatment vs Control,0.09787256489934903,1.0093390301848977,FALSE,NS
Gene_0753,93.63508639485181,0.6534126552247503,0.28569468165659834,2.287101220911577,0.02218991564741612,0.09868084653781653,0.30398591899190197,0.3676754746747247,Brain,Treatment vs Control,Brain | Treatment vs Control,0.09868084653781653,1.0057671335527363,FALSE,NS
Gene_3396,22.371889265952706,1.1534493308102145,0.5069853506131876,2.2751137274778115,0.022899108383835413,0.10170660591612936,0.6171777437527852,0.6444037678551592,Brain,Treatment vs Control,Brain | Treatment vs Control,0.10170660591612936,0.9926508384267941,FALSE,NS
Gene_0361,256.57298852802364,0.5029042993278995,0.2211011661854998,2.274543857023224,0.022933307327246053,0.10173053790515807,0.20653271454501804,0.2739069879219651,Brain,Treatment vs Control,Brain | Treatment vs Control,0.10173053790515807,0.9925486591430227,FALSE,NS
Gene_1621,242.52795271361467,-0.5778347164240524,0.25439177015937486,-2.2714363599971907,0.0231205754072989,0.10243256181075586,-0.25173052548420316,0.3209395128774327,Brain,Treatment vs Control,Brain | Treatment vs Control,0.10243256181075586,0.9895619655592158,FALSE,NS
Gene_2608,4.294652031841088,-2.7886179048203372,1.2289922562867457,-2.2690280516866848,0.023266620050622085,0.10295042029918118,-1.1673007349835045,1.2343832218415087,Brain,Treatment vs Control,Brain | Treatment vs Control,0.10295042029918118,0.9873718760178534,FALSE,NS
Gene_0684,12.326301326206003,-1.544206510064597,0.6820533222778447,-2.264055403919785,0.023570707382204095,0.10416541647880183,-0.8208366773889991,0.8282582823043512,Brain,Treatment vs Control,Brain | Treatment vs Control,0.10416541647880183,0.9822764453878813,FALSE,NS
Gene_0248,322.82653946539114,0.5375662644985081,0.23796057753014332,2.2590559750613,0.02387990320926459,0.10539992278989159,0.22408617293215455,0.2953009722016737,Brain,Treatment vs Control,Brain | Treatment vs Control,0.10539992278989159,0.9771597072632854,FALSE,NS
Gene_0108,68.51858284726318,-0.7568422253749405,0.33524454344413107,-2.2575825324389487,0.02397169867963423,0.10567299380497935,-0.36143419757611317,0.4286707487468166,Brain,Treatment vs Control,Brain | Treatment vs Control,0.10567299380497935,0.9760359884736076,FALSE,NS
Gene_0151,390.2411167416868,0.5037108037903992,0.2235666370827015,2.25306785647121,0.02425487080987606,0.10676440208143011,0.2026081712729394,0.2736096337076907,Brain,Treatment vs Control,Brain | Treatment vs Control,0.10676440208143011,0.9715735278007904,FALSE,NS
Gene_1662,2087.5158889993218,-0.37056896141423845,0.1645018652922507,-2.252673310153007,0.02427975499048099,0.10676440208143011,-0.12919610233866635,0.18739568739563897,Brain,Treatment vs Control,Brain | Treatment vs Control,0.10676440208143011,0.9715735278007904,FALSE,NS
Gene_2883,746.3233199933329,0.5891169093426947,0.26181936058341454,2.2500891761020267,0.02444328504111093,0.10734980034846106,0.2534441635611751,0.3272526229223377,Brain,Treatment vs Control,Brain | Treatment vs Control,0.10734980034846106,0.9691987589374884,FALSE,NS
Gene_0885,1573.9532406657866,-0.4162773958773931,0.18589800103463408,-2.239278494446198,0.02513780126328537,0.11026282765299458,-0.15098762183482792,0.2167030770803259,Brain,Treatment vs Control,Brain | Treatment vs Control,0.11026282765299458,0.9575708743785538,FALSE,NS
Gene_0888,216.17607483305375,-0.5847687652017406,0.2614656319586067,-2.236503363066534,0.025318817258390573,0.1109190368974902,-0.2474520055331893,0.32407333942787847,Brain,Treatment vs Control,Brain | Treatment vs Control,0.1109190368974902,0.9549939100274739,FALSE,NS
Gene_2399,4.09625092761311,-2.831619303174602,1.27224455286778,-2.2256878968684277,0.026035094014860077,0.11391563440702716,-1.12253610210402,1.2390288802760778,Brain,Treatment vs Control,Brain | Treatment vs Control,0.11391563440702716,0.9434166668714324,FALSE,NS
Gene_1093,48.49145248335675,2.9983445638962767,1.3488428671440484,2.2229013007606846,0.026222456055304988,0.11459343110307169,1.128947582828709,1.2712440720233047,Brain,Treatment vs Control,Brain | Treatment vs Control,0.11459343110307169,0.940840276936289,FALSE,NS
Gene_0523,528.5018437509126,-0.4545360648797729,0.20506049592059325,-2.2165949752495746,0.02665078125313001,0.1163212714521657,-0.1679168028658152,0.24054895611985078,Brain,Treatment vs Control,Brain | Treatment vs Control,0.1163212714521657,0.9343408593938947,FALSE,NS
Gene_2287,915.5753256350938,-0.4870125844004678,0.21998496099123632,-2.2138449019697726,0.02683945004011236,0.1170001211007861,-0.185361730502274,0.26132720835336903,Brain,Treatment vs Control,Brain | Treatment vs Control,0.1170001211007861,0.9318136887378047,FALSE,NS
Gene_0780,25.699264831412115,1.0194298901010805,0.46082648500736245,2.212177301581947,0.026954416566284802,0.11735640554322026,0.5069771225487544,0.575794646897762,Brain,Treatment vs Control,Brain | Treatment vs Control,0.11735640554322026,0.9304932007722296,FALSE,NS
Gene_0045,1784.4333789147363,0.4928812690026431,0.22292817965649586,2.2109419713654455,0.027039855720588247,0.11758341200664668,0.18810344676644666,0.26496302975907116,Brain,Treatment vs Control,Brain | Treatment vs Control,0.11758341200664668,0.9296539417131968,FALSE,NS
Gene_2452,9.134921176332865,1.7658150196010842,0.8013279360948442,2.203610956341455,0.02755171609662268,0.11966188134953834,0.871783674902899,0.9218498145690792,Brain,Treatment vs Control,Brain | Treatment vs Control,0.11966188134953834,0.9220441733701215,FALSE,NS
Gene_2062,10.096451748246139,1.7574972471671884,0.7984432285587981,2.201154927870698,0.02772505786489127,0.12026680506256889,0.8667817809185773,0.918615304294954,Brain,Treatment vs Control,Brain | Treatment vs Control,0.12026680506256889,0.9198542260891536,FALSE,NS
Gene_2427,8.053925552390956,-2.1396444182796093,0.9735409363085541,-2.197796043782868,0.027963643505526395,0.12115291437793092,-0.9844246974849881,1.0549100004897936,Brain,Treatment vs Control,Brain | Treatment vs Control,0.12115291437793092,0.9166661342872671,FALSE,NS
Gene_0469,35.57496901337358,0.9452049880868684,0.4319165505829102,2.1883972420395312,0.028640679008438072,0.12393411467989562,0.45261695922797623,0.5351608619396389,Brain,Treatment vs Control,Brain | Treatment vs Control,0.12393411467989562,0.9068091312517967,FALSE,NS
Gene_2691,50.34072207660553,-0.8330909489552174,0.38107764680155964,-2.1861448866063684,0.028805006921205405,0.12436623141595353,-0.38435136475935733,0.4716799270058217,Brain,Treatment vs Control,Brain | Treatment vs Control,0.12436623141595353,0.9052975255982684,FALSE,NS
Gene_2268,155.10085111657276,-0.5160610258128887,0.23607756816312456,-2.185980776692437,0.02881701175890129,0.12436623141595353,-0.19624546071031015,0.27867889977207644,Brain,Treatment vs Control,Brain | Treatment vs Control,0.12436623141595353,0.9052975255982684,FALSE,NS
Gene_2462,353.4451445649848,-0.4736825162950162,0.21673061166357852,-2.185581965829049,0.028846203208628136,0.12436623141595353,-0.17291935717887222,0.2515291337326449,Brain,Treatment vs Control,Brain | Treatment vs Control,0.12436623141595353,0.9052975255982684,FALSE,NS
Gene_3434,10.93481555896409,-1.964909540358098,0.9007281001011812,-2.181468014750927,0.02914881773074329,0.12551765293567627,-0.9218354493971994,0.9957677417116709,Brain,Treatment vs Control,Brain | Treatment vs Control,0.12551765293567627,0.9012951902513823,FALSE,NS
Gene_0742,177.73635581934752,-0.5094439971925415,0.23361384426760265,-2.1807097896517544,0.0292048885007989,0.12560592118918504,-0.19154234068055928,0.2742227346612175,Brain,Treatment vs Control,Brain | Treatment vs Control,0.12560592118918504,0.9009898870385048,FALSE,NS
Gene_2799,4.441436419946103,-2.9522631514155724,1.356006463584096,-2.177174837067051,0.029467525004600967,0.12630950861482512,-1.0756431776144704,1.2547020158143853,Brain,Treatment vs Control,Brain | Treatment vs Control,0.12630950861482512,0.8985639544050115,FALSE,NS
Gene_2672,164.57161153555882,0.5754634892066174,0.26433007969622274,2.1770639568071855,0.02947579583648142,0.12630950861482512,0.2280268372181226,0.3158733668097177,Brain,Treatment vs Control,Brain | Treatment vs Control,0.12630950861482512,0.8985639544050115,FALSE,NS
Gene_0595,259.17590512061196,-0.4576311785776358,0.21017289269861933,-2.1774034353415077,0.029450479596170323,0.12630950861482512,-0.16298618920743296,0.24082801472971832,Brain,Treatment vs Control,Brain | Treatment vs Control,0.12630950861482512,0.8985639544050115,FALSE,NS
Gene_3151,24.263183312090923,-1.1567496943780504,0.5328037710446795,-2.171061387403447,0.029926532322858773,0.12808555834183555,-0.5663000843922062,0.6478050153849527,Brain,Treatment vs Control,Brain | Treatment vs Control,0.12808555834183555,0.8924998342367153,FALSE,NS
Gene_3013,13.476500798660089,-1.5930802726162772,0.7340410216427978,-2.170287798154568,0.029985050398542892,0.12818064522670092,-0.7788658448450614,0.8517364601382313,Brain,Treatment vs Control,Brain | Treatment vs Control,0.12818064522670092,0.8921775466254852,FALSE,NS
Gene_1053,24.502550033498107,2.67337917646153,1.2352406915349792,2.16425769874812,0.030444577279499254,0.1299876691341135,1.0428790719954633,1.196590358823071,Brain,Treatment vs Control,Brain | Treatment vs Control,0.1299876691341135,0.8860978437009082,FALSE,NS
Gene_2026,605.4540998039427,0.4292428027278559,0.1987385210748828,2.159836957658155,0.030785293503502915,0.1312836610638512,0.14567892652966175,0.2217138503117716,Brain,Treatment vs Control,Brain | Treatment vs Control,0.1312836610638512,0.8817893207601228,FALSE,NS
Gene_0657,275.1477971496389,0.5504673772174492,0.2550691521611913,2.158110349892803,0.030919253258172533,0.13169587847359135,0.20976906380433125,0.2992639881921211,Brain,Treatment vs Control,Brain | Treatment vs Control,0.13169587847359135,0.8804278164139568,FALSE,NS
Gene_0618,416.38839981147873,0.4291807217060583,0.1994444719175417,2.1518807594902842,0.031406747014551296,0.13361111290166341,0.14447493138232545,0.22131832533749515,Brain,Treatment vs Control,Brain | Treatment vs Control,0.13361111290166341,0.8741574185733784,FALSE,NS
Gene_3210,28.163021476718892,1.0511587880970656,0.488832120211427,2.1503472145865214,0.03152776032886369,0.13396452674033416,0.4978760832425228,0.592342968834974,Brain,Treatment vs Control,Brain | Treatment vs Control,0.13396452674033416,0.8730101858176541,FALSE,NS
Gene_0362,170.8498258738712,0.5309036936497912,0.2477022795879294,2.143313717310102,0.03208791609639003,0.1360173250136293,0.1960169923270656,0.2861645919946425,Brain,Treatment vs Control,Brain | Treatment vs Control,0.1360173250136293,0.866405770463545,FALSE,NS
Gene_1745,234.89716737262154,-0.5115295425546315,0.23863024583030734,-2.143607323433702,0.03206436349415783,0.1360173250136293,-0.18563737055845297,0.2738387790960905,Brain,Treatment vs Control,Brain | Treatment vs Control,0.1360173250136293,0.866405770463545,FALSE,NS
Gene_0464,93.19274220070646,-0.6382310886049358,0.2978887745847132,-2.142514733879093,0.03215208432855666,0.13602128200243196,-0.2558145994457134,0.3534815365059249,Brain,Treatment vs Control,Brain | Treatment vs Control,0.13602128200243196,0.8663931362391537,FALSE,NS
Gene_1251,4506.166432044777,0.3593178018211451,0.16772188547077202,2.142342967422468,0.032165893648266976,0.13602128200243196,0.1105935954931937,0.17579035432264473,Brain,Treatment vs Control,Brain | Treatment vs Control,0.13602128200243196,0.8663931362391537,FALSE,NS
Gene_1538,6309.603296009621,0.3841791125965571,0.17936733883538714,2.141856567037181,0.03220502582641675,0.13602385908262865,0.12165404352701471,0.1918080562569098,Brain,Treatment vs Control,Brain | Treatment vs Control,0.13602385908262865,0.8663849081068341,FALSE,NS
Gene_0421,1885.3459634648877,0.4148172485377517,0.19379367361987096,2.1405097534371613,0.03231359342861588,0.13615668066401274,0.13585104632983752,0.21153620867765316,Brain,Treatment vs Control,Brain | Treatment vs Control,0.13615668066401274,0.8659610447071561,FALSE,NS
Gene_1825,2860.3661403750625,-0.3714355428801794,0.1735236070027246,-2.140547613641683,0.032310537212238664,0.13615668066401274,-0.11573717404658083,0.18353030316128083,Brain,Treatment vs Control,Brain | Treatment vs Control,0.13615668066401274,0.8659610447071561,FALSE,NS
Gene_3071,367.0327734366762,-0.5405213541895393,0.2526992581495767,-2.1389906648225936,0.032436424419302855,0.13651134043451535,-0.20038352798842515,0.2920666152713314,Brain,Treatment vs Control,Brain | Treatment vs Control,0.13651134043451535,0.8648312688902192,FALSE,NS
Gene_0118,36.87593674938043,-0.8599764555313616,0.40232062190872264,-2.1375400829601783,0.032554089182965845,0.1368434391726814,-0.3831204723321004,0.4858447710133639,Brain,Treatment vs Control,Brain | Treatment vs Control,0.1368434391726814,0.8637760195867352,FALSE,NS
Gene_1534,520.5655737480523,-0.4307500012486094,0.20224787900440305,-2.129812205542248,0.03318712060244153,0.13933855273153511,-0.1420351024815505,0.22133496935766017,Brain,Treatment vs Control,Brain | Treatment vs Control,0.13933855273153511,0.85592870466676,FALSE,NS
Gene_2165,127.05253084713554,0.5683476127317557,0.26708232383535574,2.127986624386706,0.03333819258592783,0.13980660097495387,0.21330592234541904,0.3091395501816393,Brain,Treatment vs Control,Brain | Treatment vs Control,0.13980660097495387,0.8544723228727458,FALSE,NS
Gene_0676,2502.6525946103516,0.4207348711840222,0.19783419416895012,2.126704500965668,0.033444643313099175,0.1400866376495293,0.13677469211059823,0.2147391196696586,Brain,Treatment vs Control,Brain | Treatment vs Control,0.1400866376495293,0.8536032884960857,FALSE,NS
Gene_0872,127.13419897004596,0.5677827341770708,0.2670829397476028,2.12586672407318,0.0335143583006642,0.1402123212792006,0.2125492218770495,0.3086812751396118,Brain,Treatment vs Control,Brain | Treatment vs Control,0.1402123212792006,0.8532138206885809,FALSE,NS
Gene_1876,5.376310118523565,-2.2898534489073565,1.077702310436422,-2.1247550707950755,0.033607055591678064,0.14043374354345,-0.9508661117904517,1.09548987439834,Brain,Treatment vs Control,Brain | Treatment vs Control,0.14043374354345,0.8525285270070333,FALSE,NS
Gene_3382,224.09534013227295,-0.5049756279718398,0.23819485880156446,-2.120010610273185,0.034005150517501095,0.14192929843652052,-0.17786902256111564,0.2685223339398888,Brain,Treatment vs Control,Brain | Treatment vs Control,0.14192929843652052,0.8479279439653795,FALSE,NS
Gene_0651,34.553485005810124,-1.0196100715147447,0.4810941954921167,-2.119356419321946,0.03406035691765637,0.14199187753984016,-0.4668953275277805,0.5746743584401787,Brain,Treatment vs Control,Brain | Treatment vs Control,0.14199187753984016,0.8477364981558106,FALSE,NS
Gene_2740,3072.979008170337,-0.36559269337544087,0.17265274944986733,-2.117502875224104,0.03421719153781519,0.14247748033021868,-0.11055395609498395,0.17884391857886953,Brain,Treatment vs Control,Brain | Treatment vs Control,0.14247748033021868,0.8462537738392976,FALSE,NS
Gene_3367,12.65128214772617,-1.4338816554195233,0.6777189867676922,-2.1157466197874544,0.03436636326331133,0.14276191609735564,-0.6747548735017505,0.7813643874269736,Brain,Treatment vs Control,Brain | Treatment vs Control,0.14276191609735564,0.8453876317382046,FALSE,NS
Gene_2906,59.65794795804606,-0.7101980950619667,0.33562372593865636,-2.116054498458709,0.03434017276057932,0.14276191609735564,-0.2899387138013501,0.3964094604260478,Brain,Treatment vs Control,Brain | Treatment vs Control,0.14276191609735564,0.8453876317382046,FALSE,NS
Gene_1125,293.6177507974598,-0.47071068499113666,0.22265483969236446,-2.1140824319898166,0.03450822739725725,0.14318278606312027,-0.15935866349467082,0.24630021487523912,Brain,Treatment vs Control,Brain | Treatment vs Control,0.14318278606312027,0.8441091912961187,FALSE,NS
Gene_2369,73.38461365448389,-0.7245528804841082,0.3432114207795211,-2.1110978149808153,0.03476390521570515,0.14407435365804566,-0.2967120280537879,0.40488330308864523,Brain,Treatment vs Control,Brain | Treatment vs Control,0.14407435365804566,0.8414133200608442,FALSE,NS
Gene_3359,214.67461405047735,-0.4619063560590888,0.2192428357537646,-2.106825312996151,0.03513272447431899,0.14543218067857017,-0.15383686334036423,0.24030423902085854,Brain,Treatment vs Control,Brain | Treatment vs Control,0.14543218067857017,0.837339483815723,FALSE,NS
Gene_3153,91.5219658914161,0.5851072840291586,0.2778821056843897,2.1055954020073036,0.03523951240460771,0.14570341721389907,0.21765963873472483,0.31859775541363355,Brain,Treatment vs Control,Brain | Treatment vs Control,0.14570341721389907,0.8365302625077277,FALSE,NS
Gene_3045,165.97398522334902,-0.490508163787045,0.23301675203189476,-2.1050339064030275,0.0352883567072206,0.1457347222610479,-0.1678389556978658,0.25854583391833913,Brain,Treatment vs Control,Brain | Treatment vs Control,0.1457347222610479,0.8364369623699404,FALSE,NS
Gene_1278,15.49978977363163,1.3299340001005202,0.6360964993774088,2.0907739649600616,0.03654833099129217,0.1507618653390802,0.6127581519232993,0.7323597233286241,Brain,Treatment vs Control,Brain | Treatment vs Control,0.1507618653390802,0.8217084977715321,FALSE,NS
Gene_3337,220.9593775373516,0.5747669686746605,0.275320474598853,2.0876288605564355,0.03683132652849056,0.15175194162438763,0.20834111328159632,0.31119181308515154,Brain,Treatment vs Control,Brain | Treatment vs Control,0.15175194162438763,0.8188657435386161,FALSE,NS
Gene_1910,16.408022382922976,1.2999677940199887,0.625982568046666,2.076683697561173,0.03783076222142661,0.15568813683433258,0.5911079105780106,0.7175483549446491,Brain,Treatment vs Control,Brain | Treatment vs Control,0.15568813683433258,0.8077444786564982,FALSE,NS
Gene_0397,49.7839875699536,-0.7336106808360556,0.35391456228849016,-2.072846836514344,0.03818653600637405,0.15696933485274359,-0.29107658470451064,0.4085790607585096,Brain,Treatment vs Control,Brain | Treatment vs Control,0.15696933485274359,0.8041851820175985,FALSE,NS
Gene_3371,418.25624490567236,-0.4842331815273098,0.23377927445906851,-2.071326393871978,0.03832830434080843,0.1571861122269391,-0.15918578967627461,0.25287746281122137,Brain,Treatment vs Control,Brain | Treatment vs Control,0.1571861122269391,0.8035858275691432,FALSE,NS
Gene_1718,993.2718882475418,0.3705046970531779,0.17884988906295396,2.071595900866132,0.038303142531102806,0.1571861122269391,0.10761079610945926,0.18014206135882724,Brain,Treatment vs Control,Brain | Treatment vs Control,0.1571861122269391,0.8035858275691432,FALSE,NS
Gene_1350,43.46602527907677,0.8582875258342011,0.414654152062505,2.069887692104486,0.0384628627808622,0.1575549518320469,0.3589582534926564,0.4822801618593946,Brain,Treatment vs Control,Brain | Treatment vs Control,0.1575549518320469,0.8025679427309349,FALSE,NS
Gene_2126,5.9774238180579085,-2.1238942604079427,1.0272449897564564,-2.067563513657521,0.03868108599891417,0.1582652545332166,-0.8677807664503391,1.0408260839520829,Brain,Treatment vs Control,Brain | Treatment vs Control,0.1582652545332166,0.8006144194444872,FALSE,NS
Gene_0026,158.6435171025391,0.5049843090910876,0.24436353693505786,2.06652889144133,0.03877856728501382,0.1584804642168794,0.16858878973094932,0.26587859347627774,Brain,Treatment vs Control,Brain | Treatment vs Control,0.1584804642168794,0.8000242653434755,FALSE,NS
Gene_3204,41.66429016514845,0.8376157958047783,0.4062361103512065,2.0618939933247877,0.03921782953857171,0.16009035387363782,0.3449999847286668,0.4698860535610938,Brain,Treatment vs Control,Brain | Treatment vs Control,0.16009035387363782,0.7956348353865008,FALSE,NS
Gene_0751,36.76525652030586,-0.9617752975942232,0.46807569006678085,-2.054743106733455,0.03990382399287168,0.16270254332428394,-0.4097608248583938,0.540532572973194,Brain,Treatment vs Control,Brain | Treatment vs Control,0.16270254332428394,0.7886056582305099,FALSE,NS
Gene_2623,7.111863434290245,-1.8753862235849579,0.9151702594809886,-2.0492211194106407,0.04044049782823488,0.16451082699481262,-0.7916254087951394,0.9571999613405939,Brain,Treatment vs Control,Brain | Treatment vs Control,0.16451082699481262,0.7838055144351685,FALSE,NS
Gene_2920,138.2979165998894,-0.5494505081645004,0.26810256820786377,-2.049404121106753,0.04042261460604956,0.16451082699481262,-0.1877728607489006,0.29323745380229443,Brain,Treatment vs Control,Brain | Treatment vs Control,0.16451082699481262,0.7838055144351685,FALSE,NS
Gene_0460,328.9542743095229,0.4094185998329674,0.1998814559359904,2.0483070723883396,0.04052992044330593,0.16468486661140766,0.12143367883895517,0.2039682164670205,Brain,Treatment vs Control,Brain | Treatment vs Control,0.16468486661140766,0.7833463076251777,FALSE,NS
Gene_1106,632.4670520785708,-0.4256980692007154,0.20789713431576184,-2.0476379850149806,0.04059548449952582,0.16476167329635133,-0.1284867008997926,0.21432830624654056,Brain,Treatment vs Control,Brain | Treatment vs Control,0.16476167329635133,0.7831438060596246,FALSE,NS
Gene_0477,13.821077317342766,1.2965810317198614,0.6340033220935731,2.0450697757203513,0.04084797953424119,0.1655961145067803,0.5730628166115392,0.7147283646795591,Brain,Treatment vs Control,Brain | Treatment vs Control,0.1655961145067803,0.7809498575756646,FALSE,NS
Gene_3042,1056.4021799324607,-0.3753878392043813,0.18375464250478746,-2.0428754021526347,0.0410647738839498,0.1662840786516362,-0.10654368424974352,0.1820835907209743,Brain,Treatment vs Control,Brain | Treatment vs Control,0.1662840786516362,0.7791493315667419,FALSE,NS
Gene_3350,11.200399105117537,-1.6454143226705282,0.8062256263161202,-2.0408856639659367,0.04126219309824308,0.16689210060698317,-0.7127020660255293,0.86938752722644,Brain,Treatment vs Control,Brain | Treatment vs Control,0.16689210060698317,0.7775642190067147,FALSE,NS
Gene_0012,1325.9243909018512,-0.3646853034115914,0.17915586292888094,-2.0355756013207316,0.041792989863928556,0.16884559177291958,-0.1015184269152548,0.17501758161179878,Brain,Treatment vs Control,Brain | Treatment vs Control,0.16884559177291958,0.7725102734572774,FALSE,NS
Gene_2103,2322.055919017039,0.35659860800702714,0.17552834231903494,2.031572812092559,0.04219692140774294,0.1702826622751318,0.09797992166772532,0.16976228368468466,Brain,Treatment vs Control,Brain | Treatment vs Control,0.1702826622751318,0.768829568488085,FALSE,NS
Gene_1359,236.62001452471014,-0.4592136949852442,0.22658417228937117,-2.0266803737675962,0.04269511088668815,0.17190015569087327,-0.14071917452746552,0.23472079855822986,Brain,Treatment vs Control,Brain | Treatment vs Control,0.17190015569087327,0.7647237299699777,FALSE,NS
Gene_2468,211.83142843128277,-0.4438684280926001,0.21900318139379574,-2.0267670326417218,0.042686243469328734,0.17190015569087327,-0.13382841752187097,0.22494705772970297,Brain,Treatment vs Control,Brain | Treatment vs Control,0.17190015569087327,0.7647237299699777,FALSE,NS
Gene_3009,244.70488030938054,0.4671890079659663,0.2306580100185773,2.0254618858817808,0.04281995834505394,0.17201054939292998,0.14418248037994935,0.2397425362501699,Brain,Treatment vs Control,Brain | Treatment vs Control,0.17201054939292998,0.7644449170305836,FALSE,NS
Gene_2351,1303.5966916576176,0.37864300870028794,0.18691838727395316,2.0257130088830557,0.042794202817508516,0.17201054939292998,0.10604237343209526,0.18344741552992566,Brain,Treatment vs Control,Brain | Treatment vs Control,0.17201054939292998,0.7644449170305836,FALSE,NS
Gene_1115,63.556606998310784,-0.6572758325498305,0.32475490140281466,-2.023913510498702,0.04297905156822244,0.17245344441749255,-0.2378202077876744,0.3593642079000705,Brain,Treatment vs Control,Brain | Treatment vs Control,0.17245344441749255,0.7633281270340706,FALSE,NS
Gene_0661,35.94975581258536,0.8889353439949254,0.4396587057396461,2.021875905992701,0.04318917346371211,0.17309985414343637,0.35950182638209305,0.49770850366379354,Brain,Treatment vs Control,Brain | Treatment vs Control,0.17309985414343637,0.7617032980675722,FALSE,NS
Gene_3293,6.562999604279279,1.997791842653318,0.988758503136697,2.0205053471758827,0.04333099605870144,0.1734713685751415,0.8016488723350155,0.9959768571812816,Brain,Treatment vs Control,Brain | Treatment vs Control,0.1734713685751415,0.7607721952011902,FALSE,NS
Gene_0144,94.38055483268721,0.6967826107215784,0.3453114671072095,2.0178380305721126,0.043608132688695234,0.17438314442104516,0.2569617774609428,0.38333822257565625,Brain,Treatment vs Control,Brain | Treatment vs Control,0.17438314442104516,0.7584954955427929,FALSE,NS
Gene_2285,184.27863091846578,-0.5270076415236888,0.26168600605679077,-2.013893098316149,0.04402075831500107,0.1758340470704398,-0.1704573856604632,0.27717339299459115,Brain,Treatment vs Control,Brain | Treatment vs Control,0.1758340470704398,0.7548970278790824,FALSE,NS
Gene_1170,654.3741220389788,0.4078239273764169,0.20263102245764153,2.012643091023584,0.04415219027456684,0.17615975577344126,0.1165247637734421,0.20138139152753648,Brain,Treatment vs Control,Brain | Treatment vs Control,0.17615975577344126,0.7540933004745051,FALSE,NS
Gene_2706,30.92956576387072,-0.8994750217177592,0.447886822188183,-2.0082640907435274,0.04461523562019428,0.17780631712743342,-0.36050000747823685,0.5030629436394612,Brain,Treatment vs Control,Brain | Treatment vs Control,0.17780631712743342,0.7500528134172695,FALSE,NS
Gene_0925,539.8411181323211,-0.3888114332588017,0.1942422891291007,-2.0016827180222485,0.045318866249556486,0.1804068959720225,-0.10756151157733251,0.18888384606257366,Brain,Treatment vs Control,Brain | Treatment vs Control,0.1804068959720225,0.7437468657665993,FALSE,NS
Gene_0467,154.2439459182442,0.5419112965887855,0.27079637830059183,2.0011763081530143,0.04537339319499439,0.18042055334631213,0.175442355047129,0.2859367415801264,Brain,Treatment vs Control,Brain | Treatment vs Control,0.18042055334631213,0.7437139895411053,FALSE,NS
Gene_1565,133.7301673154682,0.561210174622694,0.2808917107373366,1.997959189146328,0.045721084791265285,0.18159859437340578,0.1841804707245826,0.29794401475147103,Brain,Treatment vs Control,Brain | Treatment vs Control,0.18159859437340578,0.7408875173690969,FALSE,NS
Gene_1944,7.690050650179875,1.8227957095064788,0.9146852016549362,1.992812069342001,0.046282029650087424,0.18362005246568394,0.736248332907486,0.9332794019009956,Brain,Treatment vs Control,Brain | Treatment vs Control,0.18362005246568394,0.7360798928534218,FALSE,NS
Gene_3429,28.419236232523637,-0.9388048492963227,0.4713980709289901,-1.9915330740454837,0.04642231284441594,0.1839699064575002,-0.375086651135596,0.5245565523038668,Brain,Treatment vs Control,Brain | Treatment vs Control,0.1839699064575002,0.7352532124705307,FALSE,NS
Gene_0139,496.54266433866053,0.429035682676797,0.21555707109259495,1.990357729867743,0.04655154278749579,0.18427522150521036,0.12276550266185327,0.21383234547035385,Brain,Treatment vs Control,Brain | Treatment vs Control,0.18427522150521036,0.7345330580908686,FALSE,NS
Gene_2970,26.944526215233903,-0.9114117237745727,0.4600415649766101,-1.9811508201892836,0.047574362539965956,0.18811318491446785,-0.35767456880489124,0.5084408611907547,Brain,Treatment vs Control,Brain | Treatment vs Control,0.18811318491446785,0.725580763540957,FALSE,NS
Gene_2183,5.805847255886362,2.385701475779611,1.2080919521029732,1.9747681222664604,0.04829446817374155,0.19074694308890539,0.8322820751151423,1.0976913245721465,Brain,Treatment vs Control,Brain | Treatment vs Control,0.19074694308890539,0.7195424133220102,FALSE,NS
Gene_1964,127.33607925673034,-0.5056456547742989,0.2563188149586755,-1.9727215688626707,0.04852729319408231,0.19123869672801858,-0.15393684052429155,0.26152006247253445,Brain,Treatment vs Control,Brain | Treatment vs Control,0.19123869672801858,0.7184242246382362,FALSE,NS
Gene_1932,169.28916929500417,0.4931401629548745,0.24997657067924947,1.9727455321708276,0.04852456157733109,0.19123869672801858,0.14830888689872102,0.25360685493741253,Brain,Treatment vs Control,Brain | Treatment vs Control,0.19123869672801858,0.7184242246382362,FALSE,NS
Gene_1714,20.892858741608826,-1.028575311523982,0.5225224515499282,-1.9684806049443013,0.04901276555056585,0.19293653863884952,-0.4115562392428888,0.5731037006134801,Brain,Treatment vs Control,Brain | Treatment vs Control,0.19293653863884952,0.7145855171641525,FALSE,NS
Gene_0438,10.186031967273912,1.521705085076843,0.7737026433232692,1.9667828437818102,0.04920825128159843,0.19349035108610696,0.6229878269703812,0.8127985423684866,Brain,Treatment vs Control,Brain | Treatment vs Control,0.19349035108610696,0.7133406873610536,FALSE,NS
Gene_0125,55.24901961189769,-0.6961521322260331,0.35480143345335285,-1.962089401528754,0.04975207664904584,0.19541110416883298,-0.2433910540339014,0.3798547353276227,Brain,Treatment vs Control,Brain | Treatment vs Control,0.19541110416883298,0.7090507612813715,FALSE,NS
Gene_0563,7.892851494453423,1.8211754497923034,0.929430434160377,1.9594532122648916,0.050059734134746986,0.19640102358865735,0.7128518030431372,0.9291627428641489,Brain,Treatment vs Control,Brain | Treatment vs Control,0.19640102358865735,0.7068562531185844,FALSE,NS
Gene_1084,1648.5105063448473,-0.4243465398997698,0.21669271689271827,-1.9582870434443729,0.05019634027021251,0.1967183989945842,-0.1170449150025583,0.20942914448936595,Brain,Treatment vs Control,Brain | Treatment vs Control,0.1967183989945842,0.7061550187886915,FALSE,NS
Gene_2322,46.484186605974024,-0.7023749463206087,0.35883125640604707,-1.9573962239393485,0.05030090210751808,0.19690962898186956,-0.24540063396186063,0.38339304333187907,Brain,Treatment vs Control,Brain | Treatment vs Control,0.19690962898186956,0.7057330461196563,FALSE,NS
Gene_0929,214.00493585939455,0.4355505644776272,0.22273983073089879,1.955422894272708,0.05053317606024017,0.19738124410255314,0.12127913576055274,0.2163633286666513,Brain,Treatment vs Control,Brain | Treatment vs Control,0.19738124410255314,0.7046941179772422,FALSE,NS
Gene_1913,1259.1463762286096,0.3636511755983184,0.18596601542509758,1.9554711368475166,0.05052748689199978,0.19738124410255314,0.09346957045061845,0.17130867280625334,Brain,Treatment vs Control,Brain | Treatment vs Control,0.19738124410255314,0.7046941179772422,FALSE,NS
Gene_3079,239.1045796239779,-0.42173946908952636,0.2159977792444222,-1.952517616453305,0.0508767815127049,0.19850377405675249,-0.11533826902828273,0.20753319959535033,Brain,Treatment vs Control,Brain | Treatment vs Control,0.19850377405675249,0.702231231790334,FALSE,NS
Gene_2391,52.38251987939346,-0.7147549288278449,0.36681569426505983,-1.9485396617500375,0.05135042390156463,0.20013062560311776,-0.24946688385078566,0.39043757838228216,Brain,Treatment vs Control,Brain | Treatment vs Control,0.20013062560311776,0.6986864470324051,FALSE,NS
Gene_1484,13.319307106910182,1.289423161939225,0.6625931874975267,1.9460253837035382,0.05165169055167789,0.20093087028909157,0.52097812155714,0.7057777661536476,Brain,Treatment vs Control,Brain | Treatment vs Control,0.20093087028909157,0.696953334698895,FALSE,NS
Gene_1987,24.62902506254454,1.1464021221842362,0.5891443063633691,1.9458766040881752,0.051669563925940284,0.20093087028909157,0.458203770047578,0.6343314385028613,Brain,Treatment vs Control,Brain | Treatment vs Control,0.20093087028909157,0.696953334698895,FALSE,NS
Gene_0379,24.442021526533466,0.9776146712493096,0.5028371953114528,1.9441972080919432,0.051871674344197996,0.20149491981228065,0.3780778448445334,0.5436469874752418,Brain,Treatment vs Control,Brain | Treatment vs Control,0.20149491981228065,0.6957358990281146,FALSE,NS
Gene_1744,61.24562044853337,-0.6757478789936856,0.3477033215319531,-1.9434610978589286,0.051960471329732555,0.20161804864317104,-0.229185099978443,0.3662782035009496,Brain,Treatment vs Control,Brain | Treatment vs Control,0.20161804864317104,0.6954705928848428,FALSE,NS
Gene_1976,436.5644110109239,0.4135974496255131,0.2128967475421646,1.942713800940521,0.05205074780249653,0.20174664159233288,0.11102694309009765,0.20199254887663742,Brain,Treatment vs Control,Brain | Treatment vs Control,0.20174664159233288,0.6951936860981232,FALSE,NS
Gene_1169,522.9592294517845,-0.382240565099614,0.19705237095642533,-1.9397917581217015,0.05240500269926781,0.20267476947548155,-0.09878906585433211,0.18226973839433905,Brain,Treatment vs Control,Brain | Treatment vs Control,0.20267476947548155,0.6932003122817393,FALSE,NS
Gene_1729,4880.775301631624,0.3284256019205361,0.16929524886191338,1.9399575837383263,0.0523848449556142,0.20267476947548155,0.08010978068799438,0.14910793871228425,Brain,Treatment vs Control,Brain | Treatment vs Control,0.20267476947548155,0.6932003122817393,FALSE,NS
Gene_2543,16.935871665746525,-1.0943383114739211,0.5645258018377632,-1.9385089360156802,0.0525611616654911,0.2030563039834235,-0.4313353336389665,0.6066532541863633,Brain,Treatment vs Control,Brain | Treatment vs Control,0.2030563039834235,0.6923835230775816,FALSE,NS
Gene_1238,15.229283544634733,-1.2600148436730836,0.6505655314952294,-1.936799265674473,0.05276988573196617,0.20357424720263856,-0.5042563733213746,0.6908813239980846,Brain,Treatment vs Control,Brain | Treatment vs Control,0.20357424720263856,0.6912771625100463,FALSE,NS
Gene_0788,32.3082254155628,1.0182916623769835,0.5258502704279446,1.9364669367732432,0.05281053821512799,0.20357424720263856,0.39488223269968303,0.5656194178665558,Brain,Treatment vs Control,Brain | Treatment vs Control,0.20357424720263856,0.6912771625100463,FALSE,NS
Gene_1901,6.648149347191503,-1.9188920621678067,0.9921873986476885,-1.9340016460430554,0.05311292546612118,0.20407153408147322,-0.7196969278309105,0.9594642783638367,Brain,Treatment vs Control,Brain | Treatment vs Control,0.20407153408147322,0.6902175707544181,FALSE,NS
Gene_0816,273.79479889090715,-0.46435045888986326,0.24001131065226097,-1.93470240059909,0.053026825628967586,0.20407153408147322,-0.1306703977788063,0.23355993077084503,Brain,Treatment vs Control,Brain | Treatment vs Control,0.20407153408147322,0.6902175707544181,FALSE,NS
Gene_0613,180.57101532161326,0.4543702653029384,0.234881640443512,1.9344647987172605,0.05305600605985121,0.20407153408147322,0.126494651447811,0.22726174437658062,Brain,Treatment vs Control,Brain | Treatment vs Control,0.20407153408147322,0.6902175707544181,FALSE,NS
Gene_2868,33.32552612552624,1.1760482729254178,0.608366363725977,1.9331250756906386,0.05322079171961407,0.20426371256734488,0.4661865575432174,0.6487356672894201,Brain,Treatment vs Control,Brain | Treatment vs Control,0.20426371256734488,0.6898087788962484,FALSE,NS
Gene_2333,524.5333378259023,0.36410256958159165,0.18862958228892754,1.9302516877967146,0.053575659988956435,0.20540244888274176,0.09137487614380274,0.17066264723899863,Brain,Treatment vs Control,Brain | Treatment vs Control,0.20540244888274176,0.687394382891021,FALSE,NS
Gene_0122,20.185433240052628,-0.9880152402674759,0.5124630948200075,-1.9279734487309699,0.053858428807827506,0.2060303981259886,-0.3774986480940467,0.5484462476483966,Brain,Treatment vs Control,Brain | Treatment vs Control,0.2060303981259886,0.6860686982501473,FALSE,NS
Gene_1367,82.18999750669927,-0.6181391289438087,0.320690824282621,-1.9275235901325634,0.053914411064802305,0.2060303981259886,-0.19837759096962634,0.32974254602048797,Brain,Treatment vs Control,Brain | Treatment vs Control,0.2060303981259886,0.6860686982501473,FALSE,NS
Gene_0876,143.82206774525898,-0.46762917013239635,0.24260628477533247,-1.9275229022424054,0.05391449670586618,0.2060303981259886,-0.13112739332363532,0.23528550966157766,Brain,Treatment vs Control,Brain | Treatment vs Control,0.2060303981259886,0.6860686982501473,FALSE,NS
Gene_1320,294.00250704991953,-0.4848409293848968,0.2520407144152639,-1.9236611454214092,0.0543970712974386,0.20764979324460076,-0.13785915043471042,0.24593826329822216,Brain,Treatment vs Control,Brain | Treatment vs Control,0.20764979324460076,0.6826684969777664,FALSE,NS
Gene_1112,8.930001159862424,-1.5719788239847834,0.8183700328856947,-1.9208655752480963,0.054748656709262204,0.20876620609114996,-0.6141014185276455,0.8299117853833569,Brain,Treatment vs Control,Brain | Treatment vs Control,0.20876620609114996,0.680339801148449,FALSE,NS
Gene_2785,174.43069836799933,-0.45163126956933386,0.23539927807771927,-1.9185754232441765,0.05503808839855507,0.209643462929124,-0.12344993128308154,0.2248072683858799,Brain,Treatment vs Control,Brain | Treatment vs Control,0.209643462929124,0.678518675154387,FALSE,NS
Gene_2811,205.5211801540082,0.4229862516589093,0.22073017004656034,1.9163046518275482,0.0553263291165805,0.21051429753302345,0.11183144267116044,0.20674514260026708,Brain,Treatment vs Control,Brain | Treatment vs Control,0.21051429753302345,0.6767184027792308,FALSE,NS
Gene_2954,12.884825271283079,1.2696780243780457,0.6629335209193162,1.9152418520296466,0.05546166736929124,0.21051807505040845,0.4984956137159735,0.694088648812609,Brain,Treatment vs Control,Brain | Treatment vs Control,0.21051807505040845,0.6767106097682298,FALSE,NS
Gene_1815,13.000660025954932,1.24982977325647,0.6526891749133297,1.9148927564524636,0.05550618178191172,0.21051807505040845,0.4900834642297753,0.6843813369061333,Brain,Treatment vs Control,Brain | Treatment vs Control,0.21051807505040845,0.6767106097682298,FALSE,NS
Gene_3171,40.70823890580449,-0.7628260023110359,0.39824296917355123,-1.9154788944399472,0.055431458213646874,0.21051807505040845,-0.2650283134069535,0.4175806716063198,Brain,Treatment vs Control,Brain | Treatment vs Control,0.21051807505040845,0.6767106097682298,FALSE,NS
Gene_3001,129.93382476556232,0.5971891388392483,0.3119748463672547,1.914222078456419,0.055591785847744574,0.21061651912916962,0.18621606980069244,0.3159596834655745,Brain,Treatment vs Control,Brain | Treatment vs Control,0.21061651912916962,0.6765075691177981,FALSE,NS
Gene_2261,99.25239083820452,0.5419775938138152,0.283432616542708,1.9121920420621359,0.0558515664601943,0.2113739348027289,0.16097453427938266,0.2812949550111147,Brain,Treatment vs Control,Brain | Treatment vs Control,0.2113739348027289,0.6749485679711983,FALSE,NS
Gene_2646,18.863752547921006,1.1575469321203398,0.6065862356004745,1.9082973931554115,0.05635278975287233,0.21304250601433852,0.44777247904643835,0.6376397296671135,Brain,Treatment vs Control,Brain | Treatment vs Control,0.21304250601433852,0.6715337379425772,FALSE,NS
Gene_2975,119.40366450951886,-0.5374339921001269,0.2818551836783363,-1.9067734894436668,0.056549925729190625,0.21337714390911175,-0.15814870167462547,0.27816278160627866,Brain,Treatment vs Control,Brain | Treatment vs Control,0.21337714390911175,0.6708521022768849,FALSE,NS
Gene_0084,132.24677528141413,0.48403863182468926,0.25386477069045477,1.906679018550757,0.05656216559018085,0.21337714390911175,0.1352877056408908,0.24461381504680574,Brain,Treatment vs Control,Brain | Treatment vs Control,0.21337714390911175,0.6708521022768849,FALSE,NS
Gene_3240,9.539529287726445,1.6369968736259453,0.8590046870230729,1.9056902696294316,0.05669040247729273,0.2136326693141095,0.6259468653193451,0.854503437080327,Brain,Treatment vs Control,Brain | Treatment vs Control,0.2136326693141095,0.6703323330201313,FALSE,NS
Gene_0380,27.764682954907393,-0.8709261331032665,0.4574597610063381,-1.9038311286382188,0.05693218101959099,0.21431506522406799,-0.3139662777511537,0.4806472359224999,Brain,Treatment vs Control,Brain | Treatment vs Control,0.21431506522406799,0.668947299262811,FALSE,NS
Gene_0083,5.909689344369816,2.1814039282996567,1.1464786662761974,1.9026991015758998,0.05707981925163413,0.2146420040229181,0.746703842410701,1.0324645036198898,Brain,Treatment vs Control,Brain | Treatment vs Control,0.2146420040229181,0.6682852854906461,FALSE,NS
Gene_0861,1014.0499238909202,0.3509407422927646,0.185371854902002,1.89317166016541,0.058335044877946045,0.21912876964258243,0.08379748598745143,0.1613042728268181,Brain,Treatment vs Control,Brain | Treatment vs Control,0.21912876964258243,0.6593005997246608,FALSE,NS
Gene_0295,418.15587342946725,0.4196489203962553,0.2218891771284606,1.8912545705341166,0.05859036989328443,0.2198539809704435,0.10790942840381176,0.20360656179439,Brain,Treatment vs Control,Brain | Treatment vs Control,0.2198539809704435,0.657865666055905,FALSE,NS
Gene_2549,411.3096481363421,0.3575751023142958,0.18928040713262248,1.8891289792279178,0.05887454822315548,0.22068580655622294,0.08566178688723272,0.16521319889279404,Brain,Treatment vs Control,Brain | Treatment vs Control,0.22068580655622294,0.6562255976608686,FALSE,NS
Gene_2899,411.63822602718875,-0.41534293329426836,0.22037361846569442,-1.8847216658055865,0.05946742567210501,0.22259917576569702,-0.10563234196220142,0.20065989900792242,Brain,Treatment vs Control,Brain | Treatment vs Control,0.22259917576569702,0.652476448092381,FALSE,NS
Gene_1145,319.57193414518076,-0.38351871564867546,0.20352313803295938,-1.8843985964218322,0.05951107955899688,0.22259917576569702,-0.09411177530018273,0.18095414806517973,Brain,Treatment vs Control,Brain | Treatment vs Control,0.22259917576569702,0.652476448092381,FALSE,NS
Gene_3033,195.40161899014055,0.43127225185127566,0.22905996880356322,1.882791891153732,0.05972857640386795,0.22317629976937328,0.11142091519083873,0.21049211496516554,Brain,Treatment vs Control,Brain | Treatment vs Control,0.22317629976937328,0.6513519272339587,FALSE,NS
Gene_3114,47.117842428562675,-0.7445561575865473,0.3956740818319026,-1.8817410383297812,0.059871184826216166,0.22347267824669056,-0.24834338901512454,0.40460417687993294,Brain,Treatment vs Control,Brain | Treatment vs Control,0.22347267824669056,0.6507755660981192,FALSE,NS
Gene_3113,665.3697630542229,-0.3528994582919407,0.18838158333350527,-1.8733224981296488,0.06102386495075715,0.2275346009937946,-0.08286952163950442,0.16184449749272659,Brain,Treatment vs Control,Brain | Treatment vs Control,0.2275346009937946,0.6429525511912982,FALSE,NS
Gene_2202,41.529792253028404,0.8092473800885044,0.43327589131368194,1.8677415390800676,0.06179810563544139,0.23017838712947633,0.2752042867461419,0.4423771216367956,Brain,Treatment vs Control,Brain | Treatment vs Control,0.23017838712947633,0.6379354573833075,FALSE,NS
Gene_2923,326.88142667569025,-0.38685553793245064,0.20748947765433115,-1.8644585851092454,0.062257332312598,0.23164451042759068,-0.09349774455457416,0.18227368871317703,Brain,Treatment vs Control,Brain | Treatment vs Control,0.23164451042759068,0.6351779873635005,FALSE,NS
Gene_1726,31.15648473489143,0.8493571648576551,0.45603588839779985,1.8624787795577205,0.06253563385165026,0.23243507697913374,0.29243921502269565,0.4655865786970083,Brain,Treatment vs Control,Brain | Treatment vs Control,0.23243507697913374,0.6336983315788091,FALSE,NS
Gene_1473,678.1502971268677,0.3376844676975105,0.1815203620900817,1.8603117788511816,0.06284142803263297,0.23332605928835648,0.07710368794613058,0.1522602834704141,Brain,Treatment vs Control,Brain | Treatment vs Control,0.23332605928835648,0.6320367538204208,FALSE,NS
Gene_0165,9.866490543005263,-1.5694005778292588,0.8450157363057502,-1.8572442031557694,0.06327641873321385,0.234694364019935,-0.57790427007237255,0.8224052390581296,Brain,Treatment vs Control,Brain | Treatment vs Control,0.234694364019935,0.6294973394786614,FALSE,NS
Gene_2850,383.3298589576201,0.3777357938175852,0.2035373429674388,1.8558549910814846,0.06347422985661352,0.2351810132462774,0.08964420280926819,0.1763796716279467,Brain,Treatment vs Control,Brain | Treatment vs Control,0.2351810132462774,0.6285977428646737,FALSE,NS
Gene_1354,5.932815494588543,-1.8833584222250288,1.015567311914215,-1.8544890133132959,0.06366923053221792,0.2354094795908497,-0.6583783218740829,0.9364072773087623,Brain,Treatment vs Control,Brain | Treatment vs Control,0.2354094795908497,0.6281760527453275,FALSE,NS
Gene_1803,28.654470246682077,0.8939535856308092,0.48204206866060006,1.8545136280630954,0.06366571227090703,0.2354094795908497,0.31075049959994,0.490860426926883,Brain,Treatment vs Control,Brain | Treatment vs Control,0.2354094795908497,0.6281760527453275,FALSE,NS
Gene_0106,16.869767613720924,-1.1121330299552927,0.600062040295678,-1.853363411235435,0.06383028794902368,0.23575810329288976,-0.40702277708889395,0.6103298844824432,Brain,Treatment vs Control,Brain | Treatment vs Control,0.23575810329288976,0.6275333711042853,FALSE,NS
Gene_1302,48.43064416566513,0.7062803733806475,0.3812966906530773,1.8523118366722373,0.06398105697447859,0.23606803780238653,0.22431373081293302,0.37971875481678213,Brain,Treatment vs Control,Brain | Treatment vs Control,0.23606803780238653,0.6269628098112059,FALSE,NS
Gene_0719,6.64874503284986,-2.0895202213985127,1.128743571231337,-1.8511912489734692,0.06414204426869806,0.2364149878003892,-0.6948609620838501,0.9978951277450291,Brain,Treatment vs Control,Brain | Treatment vs Control,0.2364149878003892,0.626324994319234,FALSE,NS
Gene_1685,15.502607734920765,-1.173271333483257,0.6340599641171861,-1.8504106864984373,0.06425437993160123,0.23658208085347646,-0.43147476367486703,0.6415330561905531,Brain,Treatment vs Control,Brain | Treatment vs Control,0.23658208085347646,0.6260181526969576,FALSE,NS
Gene_1062,164.81893753099575,-0.48353684073292036,0.26145298126973965,-1.849421790429148,0.06439693137499329,0.2368599632136472,-0.12792923768811182,0.241621536624533,Brain,Treatment vs Control,Brain | Treatment vs Control,0.2368599632136472,0.6255083425057797,FALSE,NS
Gene_2058,447.6777450149567,0.41367185994349764,0.2241706424714009,1.8453435979971053,0.06498757217417886,0.2387836809022118,0.10116820759358537,0.19806293064835243,Brain,Treatment vs Control,Brain | Treatment vs Control,0.2387836809022118,0.6219953573429013,FALSE,NS
Gene_1204,29.043769927167578,-0.8133042182305215,0.44137451196368915,-1.8426624016237487,0.0653783168003276,0.23972049493453454,-0.27086693711228305,0.4432532145319587,Brain,Treatment vs Control,Brain | Treatment vs Control,0.23972049493453454,0.6202948343164698,FALSE,NS
Gene_2990,169.8006855883836,0.45942323150216685,0.24930909475721683,1.8427856871790587,0.06536030736240528,0.23972049493453454,0.11780560964025105,0.22630793722100515,Brain,Treatment vs Control,Brain | Treatment vs Control,0.23972049493453454,0.6202948343164698,FALSE,NS
Gene_3315,164.463693177731,0.6107945345240152,0.3325645364508124,1.836619565761649,0.06626607685245062,0.24247203872124676,0.17903286523254044,0.320225921000741,Brain,Treatment vs Control,Brain | Treatment vs Control,0.24247203872124676,0.6153383359450897,FALSE,NS
Gene_0176,3514.5695163868636,-0.3029853024741866,0.16493545822380357,-1.8369931228678613,0.06621091063431753,0.24247203872124676,-0.06560091896943056,0.13113501034136105,Brain,Treatment vs Control,Brain | Treatment vs Control,0.24247203872124676,0.6153383359450897,FALSE,NS
Gene_1617,61.63495613174488,0.5938066710425631,0.32363319000638013,1.8348138861494916,0.06653327041167278,0.24319769961036916,0.17144014806204239,0.30960531620648624,Brain,Treatment vs Control,Brain | Treatment vs Control,0.24319769961036916,0.61404053734028885,FALSE,NS
Gene_2116,5.21905054500212,-1.987372446112613,1.0846690356985556,-1.8322385729695811,0.06691588435951377,0.24409089635686276,-0.6644967661076028,0.9651704072825016,Brain,Treatment vs Control,Brain | Treatment vs Control,0.24409089635686276,0.6124484177794804,FALSE,NS
Gene_3180,870.3734502712781,-0.3448816359161114,0.18819218501490637,-1.8326033883330166,0.06686157390682655,0.24409089635686276,-0.07730658836973425,0.15575199244458368,Brain,Treatment vs Control,Brain | Treatment vs Control,0.24409089635686276,0.6124484177794804,FALSE,NS
Gene_0371,96.75553946784025,-0.5547163504187039,0.3031992185283742,-1.829544129800559,0.06731813470078378,0.24530478186632354,-0.1541862694000981,0.2850496870727207,Brain,Treatment vs Control,Brain | Treatment vs Control,0.24530478186632354,0.6102939857605288,FALSE,NS
Gene_1181,5269.869380996767,-0.34095494261346776,0.18666069400350294,-1.826602780160398,0.06775951507463321,0.24665860590570088,-0.07569783478434507,0.15323241978798005,Brain,Treatment vs Control,Brain | Treatment vs Control,0.24665860590570088,0.6079037274260185,FALSE,NS
Gene_2772,41.978606309298314,0.7292905800313102,0.39962623132760494,1.8249317058305252,0.06801133592310751,0.24732031631770612,0.22901506849242517,0.3920865182240615,Brain,Treatment vs Control,Brain | Treatment vs Control,0.24732031631770612,0.6067402067189069,FALSE,NS
Gene_0926,128.5473900906488,0.5251904664734625,0.28797367833068566,1.823744689160015,0.0681906793033121,0.24771737512345168,0.14133055480491244,0.26639200896062176,Brain,Treatment vs Control,Brain | Treatment vs Control,0.24771737512345168,0.6060435305332894,FALSE,NS
Gene_0847,3113.7977336970253,-0.3337148997137448,0.18331240528609327,-1.8204709015351161,0.0686873236467483,0.2492650974272027,-0.07314081516251114,0.14875767808226237,Brain,Treatment vs Control,Brain | Treatment vs Control,0.2492650974272027,0.6033385279781607,FALSE,NS
Gene_1872,87.71336750713343,-0.5868123020846281,0.32271797740003816,-1.818344012974589,0.06901156973400913,0.2501846537277066,-0.16592862747060824,0.3044228878132051,Brain,Treatment vs Control,Brain | Treatment vs Control,0.2501846537277066,0.6017393333547466,FALSE,NS
Gene_2700,49.121748294382215,-0.7571774960731343,0.4175859788537988,-1.8132253821152124,0.069797066541277,0.25251377249718143,-0.23892798819594915,0.408171282597443,Brain,Treatment vs Control,Brain | Treatment vs Control,0.25251377249718143,0.5977149297971627,FALSE,NS
Gene_0056,52.772502738962736,0.6694066803659294,0.3691197041364889,1.8135219357414845,0.0697513584785923,0.25251377249718143,0.20045071184775087,0.3550564574312069,Brain,Treatment vs Control,Brain | Treatment vs Control,0.25251377249718143,0.5977149297971627,FALSE,NS
Gene_1845,482.22751906131225,0.39043593650814634,0.21546523345494917,1.8120600258685406,0.06997692210426244,0.2529053346470324,0.09020867941115841,0.18261007974105856,Brain,Treatment vs Control,Brain | Treatment vs Control,0.2529053346470324,0.597042009788319,FALSE,NS
Gene_2435,450.79406371471543,-0.3750598859039064,0.20710256589029832,-1.8109861859585776,0.07014299004392213,0.25324631681501947,-0.08511128855065843,0.173244598167255,Brain,Treatment vs Control,Brain | Treatment vs Control,0.25324631681501947,0.596456862250189,FALSE,NS
Gene_1215,7.043832787705905,-1.7996378020494461,0.9989409919210775,-1.8015456534509984,0.0716169183467273,0.25830371673370184,-0.6073507197176756,0.9006882961791521,Brain,Treatment vs Control,Brain | Treatment vs Control,0.25830371673370184,0.5878693447158647,FALSE,NS
Gene_1506,185.6797239146478,-0.411168677618368,0.22843485009220857,-1.7999384833461192,0.07187035226277719,0.25895327942843493,-0.09613288240388235,0.19483643035383522,Brain,Treatment vs Control,Brain | Treatment vs Control,0.25895327942843493,0.5867785846319737,FALSE,NS
Gene_2088,222.29881055664927,-0.44178028918960216,0.24576933950144259,-1.7975402875142164,0.07224988827706576,0.2600554082633223,-0.10658973877733044,0.21353783316092342,Brain,Treatment vs Control,Brain | Treatment vs Control,0.2600554082633223,0.5849341099549283,FALSE,NS
Gene_1838,44.75183089555252,-0.6652443707929053,0.3710463190197259,-1.7928876711415078,0.07299088710055529,0.26245501257847326,-0.19498820821843732,0.35140010972936525,Brain,Treatment vs Control,Brain | Treatment vs Control,0.26245501257847326,0.5809451283087479,FALSE,NS
Gene_2769,7.588810174404382,-1.513743821955744,0.8482844318904595,-1.784476721542871,0.07434623410212782,0.26677190921297095,-0.5237065151737468,0.7917328056650847,Brain,Treatment vs Control,Brain | Treatment vs Control,0.26677190921297095,0.5738599030766377,FALSE,NS
Gene_0999,53.46306795389418,0.6247115205438595,0.35010731776028553,1.7843429395885757,0.07436795686508905,0.26677190921297095,0.17649611366036336,0.3261008969515053,Brain,Treatment vs Control,Brain | Treatment vs Control,0.26677190921297095,0.5738599030766377,FALSE,NS
Gene_1398,165.45065440092105,0.4052991976171227,0.22718129173499457,1.7840342156778537,0.07441810551537138,0.26677190921297095,0.09278332292539562,0.190699985296333,Brain,Treatment vs Control,Brain | Treatment vs Control,0.26677190921297095,0.5738599030766377,FALSE,NS
Gene_0969,16.111000568445732,1.0374772014514875,0.581951152833864,1.7827565018118754,0.07462594935167488,0.2669749008721013,0.3519256476903949,0.5658373083574288,Brain,Treatment vs Control,Brain | Treatment vs Control,0.2669749008721013,0.5735295660703369,FALSE,NS
Gene_0514,1003.940038832181,-0.3591202994440248,0.20138940005424086,-1.7832135124654116,0.07455155369210703,0.2669749008721013,-0.07808444415950608,0.16282174041999453,Brain,Treatment vs Control,Brain | Treatment vs Control,0.2669749008721013,0.5735295660703369,FALSE,NS
Gene_0259,88.99565974567886,-0.5388730050780525,0.30264545330839493,-1.7805422126363228,0.07498726740063223,0.2679959931089397,-0.14119440329027483,0.2728871888495476,Brain,Treatment vs Control,Brain | Treatment vs Control,0.2679959931089397,0.5718716991939199,FALSE,NS
Gene_1482,20.68143441994123,1.0783298823314056,0.6058370046908311,1.7799009865395983,0.07509216622754451,0.26809953382149615,0.3676593545772097,0.587343126906591,Brain,Treatment vs Control,Brain | Treatment vs Control,0.26809953382149615,0.5717039411791041,FALSE,NS
Gene_1505,14.751457556023865,1.1454658056524858,0.6440077026584837,1.7786523374238654,0.07529677783955792,0.26855850762775657,0.39386341079724757,0.6219876798025714,Brain,Treatment vs Control,Brain | Treatment vs Control,0.26855850762775657,0.5709610851158343,FALSE,NS
Gene_1371,10.151734888088873,1.3304046503027822,0.7483128275938673,1.7778723031924748,0.07542483004904538,0.26874376882258244,0.4616804086929142,0.7114217016366031,Brain,Treatment vs Control,Brain | Treatment vs Control,0.26874376882258244,0.5706615966478396,FALSE,NS
Gene_3226,231.5528108760192,0.43193790436776647,0.24375128284583752,1.772043614806118,0.07638731756034481,0.2718988087757838,0.10073291211792477,0.20654175273039854,Brain,Treatment vs Control,Brain | Treatment vs Control,0.2718988087757838,0.5655926951092158,FALSE,NS
Gene_2051,9.402297038825331,-1.432960538440208,0.8098036410861488,-1.7695160477646783,0.0768077951089098,0.2729521440231116,-0.4919313417706773,0.7561995701568597,Brain,Treatment vs Control,Brain | Treatment vs Control,0.2729521440231116,0.5639134899868918,FALSE,NS
Gene_0588,170.6332806514989,-0.5035458665294229,0.2845959789196358,-1.769335843889819,0.07683784513139985,0.2729521440231116,-0.1262759679477619,0.25053242206963094,Brain,Treatment vs Control,Brain | Treatment vs Control,0.2729521440231116,0.5639134899868918,FALSE,NS
Gene_3040,375.3519223520385,0.46363887116504793,0.262207683941629,1.7682123734720918,0.07702540640721074,0.2731958559879745,0.11149824145552586,0.22586179213801344,Brain,Treatment vs Control,Brain | Treatment vs Control,0.2731958559879745,0.5635258926010659,FALSE,NS
Gene_0033,525.4309979404418,-0.34860226768093094,0.1971734213600086,-1.7679982691198342,0.07706119302294608,0.2731958559879745,-0.07393634287646164,0.15615522806455032,Brain,Treatment vs Control,Brain | Treatment vs Control,0.2731958559879745,0.5635258926010659,FALSE,NS
Gene_1857,2580.5112965306935,0.300413162139088,0.1699668603305422,1.7674807992267492,0.07714774182899145,0.27322836148261664,0.060954325069592655,0.12815023558035338,Brain,Treatment vs Control,Brain | Treatment vs Control,0.27322836148261664,0.5634742222814866,FALSE,NS
Gene_0845,18.107221195033084,0.98903629667858906,0.5626165096341679,1.7579226342321408,0.07876067402071196,0.27864217922479617,0.3246612796529062,0.5379030867744873,Brain,Treatment vs Control,Brain | Treatment vs Control,0.27864217922479617,0.554953141975018,FALSE,NS
Gene_0484,98.33522965348021,-0.5931396699659415,0.33753616726496916,-1.7572625617340767,0.07887306599025698,0.27864217922479617,-0.15956805874803576,0.30534123900978766,Brain,Treatment vs Control,Brain | Treatment vs Control,0.27864217922479617,0.554953141975018,FALSE,NS
Gene_2686,125.62279807420532,-0.4969951649641042,0.28286133222331555,-1.757027590366196,0.07891310654907849,0.27864217922479617,-0.1224633387729468,0.24597856698904438,Brain,Treatment vs Control,Brain | Treatment vs Control,0.27864217922479617,0.554953141975018,FALSE,NS
Gene_2620,9516.203645873944,0.2733211077073223,0.15585569177768313,1.7536806297532919,0.07948524644010402,0.28038202315685046,0.053952193403661024,0.11274461090536066,Brain,Treatment vs Control,Brain | Treatment vs Control,0.28038202315685046,0.5522498348354051,FALSE,NS
Gene_2054,407.4949424251565,-0.3801640689786321,0.2170502753321854,-1.7515023576763888,0.0798594155277336,0.28142075471898936,-0.08218244401576277,0.17448573123714156,Brain,Treatment vs Control,Brain | Treatment vs Control,0.28142075471898936,0.5506438765972765,FALSE,NS
Gene_1683,18.471769739430737,1.0334611187129237,0.59025337437286,1.7508771039402677,0.0799670814897204,0.2815192071188462,0.34059382538110133,0.5614808134892161,Brain,Treatment vs Control,Brain | Treatment vs Control,0.2815192071188462,0.5504919693342558,FALSE,NS
Gene_2826,129.89891278645936,-0.4801222956110394,0.27466010216158243,-1.7480598449955562,0.08045366524373156,0.28295009160917944,-0.11536497620472297,0.2352275461703756,Brain,Treatment vs Control,Brain | Treatment vs Control,0.28295009160917944,0.5482901611195183,FALSE,NS
Gene_3120,10.450131715126414,-1.3117422867319741,0.7531255510410255,-1.7417312225282855,0.08155548643632841,0.28653972398674193,-0.4406091769668331,0.6995306930489037,Brain,Treatment vs Control,Brain | Treatment vs Control,0.28653972398674193,0.542815161786154,FALSE,NS
Gene_2628,636.9098318176178,0.33369804883101956,0.1917641147956404,1.7401485631794855,0.0818329348023103,0.28722872046417264,0.06800344029537667,0.14672620330631717,Brain,Treatment vs Control,Brain | Treatment vs Control,0.28722872046417264,0.54177213645103806,FALSE,NS
Gene_0786,65.47623798512801,0.6335067525241098,0.3643758981248179,1.7386077284044195,0.08210378619146624,0.28771870746891265,0.17301950261245339,0.3292419294674711,Brain,Treatment vs Control,Brain | Treatment vs Control,0.28771870746891265,0.5410318993665933,FALSE,NS
Gene_2470,88.21044893865951,-0.48468131396378,0.27887864309306903,-1.7379649749731079,0.08221698551009145,0.28771870746891265,-0.11596404541227683,0.23764443408410457,Brain,Treatment vs Control,Brain | Treatment vs Control,0.28771870746891265,0.5410318993665933,FALSE,NS
Gene_1727,290.509399071284,0.360899698754442,0.20765285062756011,1.7379953979140927,0.0822116246842148,0.28771870746891265,0.07548414136529566,0.162638976875494,Brain,Treatment vs Control,Brain | Treatment vs Control,0.28771870746891265,0.5410318993665933,FALSE,NS
Gene_3404,516.2004569252823,-0.39419557385546017,0.22696384442996825,-1.736821011494158,0.08241876910249482,0.28807817114850176,-0.08542224176190907,0.18247451293734873,Brain,Treatment vs Control,Brain | Treatment vs Control,0.28807817114850176,0.5404896487272843,FALSE,NS
Gene_1458,579.4199025632657,-0.3454008611692907,0.1989111457162688,-1.7364580548039175,0.08248287483181402,0.28807817114850176,-0.07098194990147107,0.15347240720530658,Brain,Treatment vs Control,Brain | Treatment vs Control,0.28807817114850176,0.5404896487272843,FALSE,NS
Gene_1227,1541.138575704686,-0.40543837286332307,0.23362490318864787,-1.735424466012251,0.08266564966877916,0.2884312341704143,-0.0888537120566527,0.18920520500715035,Brain,Treatment vs Control,Brain | Treatment vs Control,0.2884312341704143,0.5399577117287363,FALSE,NS
Gene_0231,435.14974725122516,0.3703477255231,0.2135815804449632,1.7339871947362668,0.08292035525364565,0.28903432813486946,0.07797561216770871,0.16813590141201654,Brain,Treatment vs Control,Brain | Treatment vs Control,0.28903432813486946,0.53905057373417,FALSE,NS
Gene_1324,235.69374689908187,0.3705586011081416,0.21382784126504845,1.732976393138716,0.08309986475228652,0.2893535440239021,0.07796789412889772,0.16823402226598974,Brain,Treatment vs Control,Brain | Treatment vs Control,0.2893535440239021,0.538571193996482,FALSE,NS
Gene_1604,1881.0829640600755,0.3122930859552453,0.1802506321150067,1.7325491860466296,0.08317582757979629,0.2893535440239021,0.061997709922474706,0.1342279744136233,Brain,Treatment vs Control,Brain | Treatment vs Control,0.2893535440239021,0.538571193996482,FALSE,NS
Gene_1386,122.669523903199,-0.4719245990736493,0.27287206537858355,-1.7294720088657651,0.08372465198567225,0.2909761281116227,-0.11059630746780026,0.22949624781170921,Brain,Treatment vs Control,Brain | Treatment vs Control,0.2909761281116227,0.536142639380618,FALSE,NS
Ccnb1,46.817667547384076,-0.7045112673567399,0.4075399450417365,-1.7286925513144245,0.08386413518552038,0.29117429826949115,-0.2001969291085295,0.3719036715326072,Brain,Treatment vs Control,Brain | Treatment vs Control,0.29117429826949115,0.5358469625058297,FALSE,NS
Gene_2472,487.9273365282137,-0.4440831336459311,0.25731173420306636,-1.7258565180531864,0.08437322897855414,0.2926540977635311,-0.10070280697074276,0.21234661266792013,Brain,Treatment vs Control,Brain | Treatment vs Control,0.2926540977635311,0.5336453904849439,FALSE,NS
Gene_3357,187.3117278711995,-0.43080358277626224,0.24988307826494088,-1.7240206330398198,0.08470411842482486,0.2935134859254726,-0.09612792291546979,0.20420554354070444,Brain,Treatment vs Control,Brain | Treatment vs Control,0.2935134859254726,0.5323719396345514,FALSE,NS
Gene_2087,376.8349800591412,-0.36980418395285375,0.21463667617050203,-1.7229310039216714,0.08490100286433112,0.29390729520975806,-0.07705688823637696,0.16751993184410255,Brain,Treatment vs Control,Brain | Treatment vs Control,0.29390729520975806,0.5317896339681449,FALSE,NS
Gene_3480,1196.5810426364724,-0.3345737702826449,0.19430935902739102,-1.7218613244227796,0.08509464248706426,0.29428911128484225,-0.06714319728251131,0.14682452109959912,Brain,Treatment vs Control,Brain | Treatment vs Control,0.29428911128484225,0.5312258065255739,FALSE,NS
Gene_1746,1101.4829134877268,-0.3058479806450028,0.17775585727251111,-1.7206070468671997,0.08532215386453047,0.2947872067472183,-0.05977099898657211,0.13034019605026909,Brain,Treatment vs Control,Brain | Treatment vs Control,0.2947872067472183,0.5304913680302459,FALSE,NS
Gene_0219,1075.685218155424,-0.3133878437566591,0.18223752960410566,-1.7196668789215126,0.08549301166918984,0.2950887822130101,-0.06156796040797862,0.13460188916753626,Brain,Treatment vs Control,Brain | Treatment vs Control,0.2950887822130101,0.5300472998717408,FALSE,NS
Gene_2097,9.511143929164284,1.3123174115727114,0.7645464465899007,1.7164652552189974,0.08607692195023234,0.2959232155897642,0.43093131879552576,0.697484203066605,Brain,Treatment vs Control,Brain | Treatment vs Control,0.2959232155897642,0.5288209624938817,FALSE,NS
Gene_1675,15.848817484206643,-1.0625868072833882,0.6192068291846186,-1.7160450389131197,0.08615379938438902,0.2959232155897642,-0.3416440441434064,0.5745355655248737,Brain,Treatment vs Control,Brain | Treatment vs Control,0.2959232155897642,0.5288209624938817,FALSE,NS
Gene_1135,242.10174840510132,0.39071297536259486,0.2275028788443646,1.7173979395218237,0.08590648789676804,0.2959232155897642,0.08290398315866526,0.17982547528868834,Brain,Treatment vs Control,Brain | Treatment vs Control,0.2959232155897642,0.5288209624938817,FALSE,NS
Gene_1792,965.3086496593107,0.33315260972123717,0.19404701196295251,1.7168654459097918,0.08600375967971993,0.2959232155897642,0.06647254661245537,0.1458930496589468,Brain,Treatment vs Control,Brain | Treatment vs Control,0.2959232155897642,0.5288209624938817,FALSE,NS
Gene_2115,2511.0527175971683,-0.32434152931100274,0.18883386014191372,-1.717602600864333,0.08586912561498555,0.2959232155897642,-0.06422046782609736,0.1408277602881441,Brain,Treatment vs Control,Brain | Treatment vs Control,0.2959232155897642,0.5288209624938817,FALSE,NS
Gene_1044,29.951301186019137,0.7996757809687305,0.466180597555429,1.7153776565607683,0.0862760091663887,0.2960549935534679,0.23658717202104146,0.42784719300648794,Brain,Treatment vs Control,Brain | Treatment vs Control,0.2960549935534679,0.5286276092841373,FALSE,NS
Gene_0915,1241.6582013270202,-0.32535605049494143,0.1900436190297593,-1.712007233686669,0.0868953353975694,0.29789070804739565,-0.06416525245242645,0.14129704899625412,Brain,Treatment vs Control,Brain | Treatment vs Control,0.29789070804739565,0.525943043299489,FALSE,NS
Gene_2456,230.29856439111717,0.3682678702402512,0.2152547662636988,1.710846531449636,0.08710944718421448,0.29833507081228067,0.07579846156800758,0.16630084574867304,Brain,Treatment vs Control,Brain | Treatment vs Control,0.29833507081228067,0.5252956901009953,FALSE,NS
Gene_0305,98.29882178455233,-0.5177906073081373,0.3033117575779712,-1.7071234278645822,0.08779911346032704,0.3004056876244329,-0.12463468614502667,0.2568168997940147,Brain,Treatment vs Control,Brain | Treatment vs Control,0.3004056876244329,0.5222918490296442,FALSE,NS
Gene_0338,7.160001084133948,-1.6843053671386086,0.987787085165172,-1.7051299742970105,0.08817018641192735,0.3010031579850464,-0.5288517161304479,0.8468296584156587,Brain,Treatment vs Control,Brain | Treatment vs Control,0.3010031579850464,0.5214289479666715,FALSE,NS
Gene_1469,30.570196431089297,0.7697793999550848,0.45153327857348347,1.7048121068441013,0.08822947281634749,0.3010031579850464,0.22238423874498164,0.40967783911689365,Brain,Treatment vs Control,Brain | Treatment vs Control,0.3010031579850464,0.5214289479666715,FALSE,NS
Gene_2558,50.43270472492022,-0.6992508236677126,0.4101073592631708,-1.7050433450500335,0.0881863407055434,0.3010031579850464,-0.19406859535183718,0.36756536435203735,Brain,Treatment vs Control,Brain | Treatment vs Control,0.3010031579850464,0.5214289479666715,FALSE,NS
Gene_2190,6815.591792503696,0.3310511842542793,0.1943190143417321,1.7036479182221878,0.08844688357223626,0.30145361572738055,0.06516015350364615,0.14440349733613742,Brain,Treatment vs Control,Brain | Treatment vs Control,0.30145361572738055,0.5207795027058034,FALSE,NS
Gene_0617,14.761100556206426,-1.095398690899009,0.6432105665624444,-1.703017251027491,0.08856484008612109,0.30156456156614614,-0.35011972060881263,0.5907180994293691,Brain,Treatment vs Control,Brain | Treatment vs Control,0.30156456156614614,0.5206196960269205,FALSE,NS
Gene_1202,87.7490494180616,-0.49845438293300853,0.29284934164085746,-1.7020846969985663,0.08873949216884369,0.3018681568865001,-0.11720218569282045,0.24476673087174777,Brain,Treatment vs Control,Brain | Treatment vs Control,0.3018681568865001,0.5201826969068719,FALSE,NS
Gene_1332,45.067580749750164,0.696526055290922,0.40972603627207205,1.6999799710760997,0.08913469298485238,0.3029206938686369,0.192149569441595,0.3656811128818648,Brain,Treatment vs Control,Brain | Treatment vs Control,0.3029206938686369,0.5186710570535021,FALSE,NS
Gene_0619,1120.1784427126279,0.29186485174397186,0.17174938898793854,1.699364716601517,0.08925048569383176,0.30302256248549997,0.055439433926850315,0.12215339434452752,Brain,Treatment vs Control,Brain | Treatment vs Control,0.30302256248549997,0.5185250335500285,FALSE,NS
Gene_2951,2129.9878886965794,0.3348204745462714,0.19725426251483716,1.697405522585788,0.0896200191913841,0.3039849065944066,0.06578318099215635,0.14644915350044793,Brain,Treatment vs Control,Brain | Treatment vs Control,0.3039849065944066,0.5171479793698419,FALSE,NS
Gene_2526,257.5858909159721,-0.4110089461611204,0.24220564894007876,-1.6969420323586393,0.0897076203784298,0.30399002644552364,-0.08762298677223238,0.19142076102396982,Brain,Treatment vs Control,Brain | Treatment vs Control,0.30399002644552364,0.5171406648475894,FALSE,NS
Gene_2929,95.8368791896272,-0.49306268494987476,0.2906718156705314,-1.696286527857754,0.08983163058121832,0.30411839653143036,-0.11473011737375371,0.24125771626956807,Brain,Treatment vs Control,Brain | Treatment vs Control,0.30411839653143036,0.5169573080030783,FALSE,NS
Gene_3256,8106.0769160760065,-0.2826255876411452,0.16718737332604794,-1.6904720854126363,0.09093767430899012,0.3075679386829924,-0.05299379004990157,0.11693574048063565,Brain,Treatment vs Control,Brain | Treatment vs Control,0.3075679386829924,0.512058937982327,FALSE,NS
Gene_0629,1631.9562778397535,-0.2963723692071507,0.17569315030901647,-1.6868749219071921,0.09162740515510251,0.3096041795240832,-0.05585137198185078,0.12446608595639784,Brain,Treatment vs Control,Brain | Treatment vs Control,0.3096041795240832,0.5091931851597057,FALSE,NS
Gene_2024,237.392853353634,-0.3764397322858161,0.2234470654550192,-1.6846931129717386,0.09204779594657544,0.3107273111733823,-0.0764158971377477,0.17048703326509043,Brain,Treatment vs Control,Brain | Treatment vs Control,0.3107273111733823,0.5076205730385,FALSE,NS
Gene_0205,29.290895389846376,0.8460457704275868,0.5034388723206513,1.6805332622164337,0.09285360827690846,0.31314812877341336,0.2480323747979563,0.45292391177100844,Brain,Treatment vs Control,Brain | Treatment vs Control,0.31314812877341336,0.5042501790953862,FALSE,NS
Gene_0188,23.17273696963617,0.857401274962932,0.5110229936266552,1.6778134950016261,0.09338351402837414,0.3143347836360239,0.25193502957648606,0.45929932096302173,Brain,Treatment vs Control,Brain | Treatment vs Control,0.3143347836360239,0.5026075581954754,FALSE,NS
Gene_1456,133.11002342767688,-0.4601843403765717,0.2742694511272618,-1.6778548922790706,0.09337543024523484,0.3143347836360239,-0.10185064505836956,0.22059055301953248,Brain,Treatment vs Control,Brain | Treatment vs Control,0.3143347836360239,0.5026075581954754,FALSE,NS
Gene_3333,36.48136675346488,0.7035155511102782,0.419847806106307,1.6756442236407578,0.09380790103076767,0.31546257003775297,0.19096616024294297,0.3687545358114885,Brain,Treatment vs Control,Brain | Treatment vs Control,0.31546257003775297,0.5010521628553368,FALSE,NS
Gene_2874,167.3690585776866,-0.39917590632250194,0.23844870909824814,-1.6740535431375696,0.09412007687727754,0.3162112192708535,-0.08234484961398973,0.18372108624290912,Brain,Treatment vs Control,Brain | Treatment vs Control,0.3162112192708535,0.5000227252292895,FALSE,NS
Gene_2950,20.447969335132395,-1.1249005865536414,0.6722588471033485,-1.6733146635416565,0.09426536726718333,0.31639830020952886,-0.3518529127892887,0.6036694115974006,Brain,Treatment vs Control,Brain | Treatment vs Control,0.31639830020952886,0.4997658583336687,FALSE,NS
Gene_1749,22.968609786171452,-0.8131696680463817,0.48609732455583227,-1.6728536179239606,0.09435611653311392,0.3164021343574789,-0.23352665456060065,0.43349926343363854,Brain,Treatment vs Control,Brain | Treatment vs Control,0.3164021343574789,0.4997605955392503,FALSE,NS
Gene_3493,36.89701011259813,-0.6647972517932271,0.39761930297027487,-1.6719441104269677,0.0945353434992247,0.31670236992007816,-0.17538986109042146,0.3452477379856075,Brain,Treatment vs Control,Brain | Treatment vs Control,0.31670236992007816,0.4993486867406188,FALSE,NS
Gene_3046,34.23836672971769,-0.7986843211556899,0.47796299654647756,-1.6710170597443417,0.09471830820622464,0.3170145462333452,-0.22748107658752356,0.42495986359360527,Brain,Treatment vs Control,Brain | Treatment vs Control,0.3170145462333452,0.49892080969412206,FALSE,NS
Gene_1000,79.88769961368656,0.5210468425118243,0.31217278637887996,1.6690975807206867,0.09509804269013102,0.3179840802451256,0.12179306904638308,0.257435674866798,Brain,Treatment vs Control,Brain | Treatment vs Control,0.3179840802451256,0.49759462226324747,FALSE,NS
Gene_0097,99.3781907872661,-0.4607185509660586,0.2764686619377503,-1.666440412222178,0.0956257273231018,0.31914408617946355,-0.10104268602315832,0.22056769713484475,Brain,Treatment vs Control,Brain | Treatment vs Control,0.31914408617946355,0.4960131987460725,FALSE,NS
Gene_2110,715.9563073761959,0.3443402681845303,0.20662835595024553,1.6664715092029512,0.09561953827282592,0.31914408617946355,0.06649888329013622,0.15132800711146444,Brain,Treatment vs Control,Brain | Treatment vs Control,0.31914408617946355,0.4960131987460725,FALSE,NS
Gene_1005,15.736288247670554,1.0193683853523414,0.6122265572658253,1.6650182408041758,0.095909116702962,0.31978762141469197,0.31107406762131623,0.5482605698515748,Brain,Treatment vs Control,Brain | Treatment vs Control,0.31978762141469197,0.49513835126939615,FALSE,NS
Gene_1566,3068.8555075094673,0.2939691979030612,0.17663200068678803,1.664303165678007,0.0960518601104674,0.31996143212269845,0.054243499158530786,0.12281239561444955,Brain,Treatment vs Control,Brain | Treatment vs Control,0.31996143212269845,0.4949023680105768,FALSE,NS
Gene_0291,769.1909644687812,-0.3507015191524457,0.21115097116146397,-1.6609041257227726,0.09673270353509544,0.3219257079947427,-0.06784975559114238,0.15489966892158485,Brain,Treatment vs Control,Brain | Treatment vs Control,0.3219257079947427,0.49224434051087357,FALSE,NS
Gene_3430,126.25041147756824,0.44389729847430376,0.267690614691034,1.6582475220008959,0.09726751645071899,0.32340075384885947,0.09494113348768096,0.21014768447346124,Brain,Treatment vs Control,Brain | Treatment vs Control,0.32340075384885947,0.4902589720857145,FALSE,NS
Gene_1577,116.49487613219863,-0.4684336423264557,0.2826572014905599,-1.6572499828634308,0.09746894498306484,0.3237656112278475,-0.10278195814743511,0.22497705178007205,Brain,Treatment vs Control,Brain | Treatment vs Control,0.3237656112278475,0.4897692817318424,FALSE,NS
Gene_0505,62.46209455176706,-0.5334171235431808,0.32201301698364193,-1.6565079528144606,0.09761899586807535,0.3239592804606899,-0.1248389419019934,0.2645684496837931,Brain,Treatment vs Control,Brain | Treatment vs Control,0.3239592804606899,0.4895095743075219,FALSE,NS
Gene_0882,154.57960606056503,0.5280803764839382,0.31913761698393267,1.6547105335768832,0.09798322933577666,0.3248627068400257,0.12278266682068473,0.2612470920953461,Brain,Treatment vs Control,Brain | Treatment vs Control,0.3248627068400257,0.48830014135797123,FALSE,NS
Gene_0520,184.73118954750353,-0.453528353763022,0.2743707433974699,-1.6529763638319614,0.09833567407191035,0.3257253894445736,-0.09758746849254916,0.21582112075498397,Brain,Treatment vs Control,Brain | Treatment vs Control,0.3257253894445736,0.4871483879935474,FALSE,NS
Gene_0282,121.915022463083,-0.42769584968974583,0.2589216912050779,-1.651834760151443,0.09856824051497648,0.32618974438461285,-0.08937653853368534,0.20021821672136084,Brain,Treatment vs Control,Brain | Treatment vs Control,0.32618974438461285,0.48652969757896825,FALSE,NS
Gene_1336,64.0997254307275,-0.5468070793043923,0.33252842476494787,-1.6443919935293054,0.10009525787484487,0.33093291718733825,-0.1282783081258726,0.27233985981306424,Brain,Treatment vs Control,Brain | Treatment vs Control,0.33093291718733825,0.4802600323511374,FALSE,NS
Gene_0102,867.3797050086964,-0.2753749848454686,0.16775098170774574,-1.6415700345958297,0.10067914196360277,0.3325519647085887,-0.049347498984531,0.11243171602825434,Brain,Treatment vs Control,Brain | Treatment vs Control,0.3325519647085887,0.4781404820214466,FALSE,NS
Gene_0222,107.22664676121332,-0.4621018532977481,0.2818680679654133,-1.6394260500428535,0.1011245600563052,0.33371104818580716,-0.09922524435295775,0.22063213624884873,Brain,Treatment vs Control,Brain | Treatment vs Control,0.33371104818580716,0.47662941490138444,FALSE,NS
Gene_0277,9.896697353946829,-1.1807391398398055,0.7205323722614756,-1.6387038047075064,0.10127496129489102,0.33389532057167154,-0.3604660828951804,0.6288582399422575,Brain,Treatment vs Control,Brain | Treatment vs Control,0.33389532057167154,0.4763896673910982,FALSE,NS
Gene_1609,1734.6786804887297,0.3046957334170759,0.1864142800583525,1.6345085436678897,0.10215211376978901,0.336473053844333,0.055232671463430916,0.12834794600500685,Brain,Treatment vs Control,Brain | Treatment vs Control,0.336473053844333,0.4730497101481683,FALSE,NS
Gene_1265,11.76193734544268,-1.1268556923683168,0.6898913052810128,-1.6333814961029487,0.10238878626052125,0.336624584996183,-0.34071207271319187,0.6018396983718602,Brain,Treatment vs Control,Brain | Treatment vs Control,0.336624584996183,0.47285416899514926,FALSE,NS
Gene_1254,55.78854672621433,0.5889268286745227,0.36048781264298724,1.6336941444890742,0.10232308849326029,0.336624584996183,0.14209350941776713,0.2976676059184993,Brain,Treatment vs Control,Brain | Treatment vs Control,0.336624584996183,0.47285416899514926,FALSE,NS
Gene_0982,4.914747767946763,-2.029198972497382,1.2464095033643923,-1.6280355429094784,0.10351734949250563,0.34001838237956966,-0.5463605545852509,0.9379593787159878,Brain,Treatment vs Control,Brain | Treatment vs Control,0.34001838237956966,0.46849760310419925,FALSE,NS
Gene_3251,2482.3264730864444,-0.27548810028534376,0.16957417113443116,-1.624587627009237,0.10425045528315373,0.3421081390379329,-0.048662981516111606,0.1123286157164876,Brain,Treatment vs Control,Brain | Treatment vs Control,0.3421081390379329,0.46583659346411976,FALSE,NS
Gene_1550,19.9355325789129,0.8815372295049365,0.5444777095951261,1.6190510905587816,0.10543627090835396,0.3455434146738189,0.24898409799633528,0.4700146416595424,Brain,Treatment vs Control,Brain | Treatment vs Control,0.3455434146738189,0.46149737934983603,FALSE,NS
Gene_2020,55.11628413914153,0.5810274996725755,0.35892760514197464,1.6187874416701629,0.10549300510291044,0.3455434146738189,0.1375816294918672,0.29235989922845823,Brain,Treatment vs Control,Brain | Treatment vs Control,0.3455434146738189,0.46149737934983603,FALSE,NS
Gene_1443,68.80601627489943,-0.4882528106665317,0.30244850794049505,-1.6143336728333026,0.10645507000044153,0.3483715034027424,-0.10556437672847145,0.2357947977026456,Brain,Treatment vs Control,Brain | Treatment vs Control,0.3483715034027424,0.4579573772611015,FALSE,NS
Gene_0860,126.57266765479106,-0.44382388580893684,0.2753973336996995,-1.6115765532170843,0.10705411627777564,0.35000748571928314,-0.09132019209271734,0.20891114713273767,Brain,Treatment vs Control,Brain | Treatment vs Control,0.35000748571928314,0.45592266715883195,FALSE,NS
Gene_0263,100.53570820514244,-0.431843925645199,0.2680906641163106,-1.610812995180781,0.10722048782461038,0.3502271438563361,-0.08763480577784043,0.20171409027711215,Brain,Treatment vs Control,Brain | Treatment vs Control,0.3502271438563361,0.45565019757241876,FALSE,NS
Gene_0403,11.766538637640686,-1.2193651828838323,0.757430347439728,-1.609871042275425,0.10742601191939585,0.3505741664393593,-0.36398745785298015,0.6452277114668511,Brain,Treatment vs Control,Brain | Treatment vs Control,0.3505741664393593,0.45522008991420854,FALSE,NS
Gene_3438,12.178742634316237,1.0794660605156152,0.6709367699874778,1.6088938761483622,0.10763954877341585,0.3509466728706661,0.31771066467658404,0.5762002949164724,Brain,Treatment vs Control,Brain | Treatment vs Control,0.3509466728706661,0.45475887053559666,FALSE,NS
Gene_2682,119.0171439969505,0.4078938308119307,0.2539281700970115,1.60633548714228,0.10820021717263735,0.3524492313990613,0.0802960091202868,0.18735606983727526,Brain,Treatment vs Control,Brain | Treatment vs Control,0.3524492313990613,0.45290343217941015,FALSE,NS
Gene_2260,1049.1786648468396,-0.3072058725997285,0.19137285891564104,-1.6052739889053322,0.1084335208434895,0.35288365170355895,-0.054446311795627186,0.12938219309175192,Brain,Treatment vs Control,Brain | Treatment vs Control,0.35288365170355895,0.45236846104890915,FALSE,NS
Gene_1921,143.46618043955684,-0.37904888815901744,0.23649226022921369,-1.6027961667398105,0.10897966342425171,0.35433443052581287,-0.07203696439814535,0.17030966659312138,Brain,Treatment vs Control,Brain | Treatment vs Control,0.35433443052581287,0.45058664540642673,FALSE,NS
Gene_3278,10.98952647478699,-1.2724885329976081,0.7968463873786599,-1.5969056936853803,0.11028673044526693,0.358254319413282,-0.376097446429676,0.6688778969282502,Brain,Treatment vs Control,Brain | Treatment vs Control,0.358254319413282,0.44580856468206326,FALSE,NS
Gene_1719,23.98980171537653,-0.8396560855992842,0.5261552699292709,-1.5958332712549967,0.1105260228563619,0.3582601276657922,-0.22900800771338461,0.4451606955293029,Brain,Treatment vs Control,Brain | Treatment vs Control,0.3582601276657922,0.445801523673958,FALSE,NS
Gene_0685,190.54080154500372,-0.35114136831750453,0.21996251507744455,-1.5963691276846623,0.11040640460700343,0.3582601276657922,-0.06440028611974466,0.15404289038033292,Brain,Treatment vs Control,Brain | Treatment vs Control,0.3582601276657922,0.445801523673958,FALSE,NS
Gene_1113,5556.58705546407,0.3189981435440538,0.19993191615107603,1.5955338681544315,0.11059290262127258,0.3582601276657922,0.056645298976713214,0.1358241841871184,Brain,Treatment vs Control,Brain | Treatment vs Control,0.3582601276657922,0.445801523673958,FALSE,NS
Gene_0481,9.103150297110526,1.3111122936300161,0.8231092665804266,1.592877576359914,0.11118765760284814,0.35972190648929475,0.3860437247838716,0.6859146460712892,Brain,Treatment vs Control,Brain | Treatment vs Control,0.35972190648929475,0.44403311353616487,FALSE,NS
Gene_0426,4408.614183019561,-0.27350890709135783,0.17173636393220085,-1.5926091645875033,0.11124789631444629,0.35972190648929475,-0.046995862818301114,0.11101461408864402,Brain,Treatment vs Control,Brain | Treatment vs Control,0.35972190648929475,0.44403311353616487,FALSE,NS
Gene_0739,494.3195496944817,0.3663763604905128,0.23014423425873695,1.5919423820047496,0.1113976514658719,0.35987658492771607,0.06805829471341468,0.16275817384662017,Brain,Treatment vs Control,Brain | Treatment vs Control,0.35987658492771607,0.44384640943905623,FALSE,NS
Gene_2792,32.28571206379256,-0.7516678578294939,0.4724968442636505,-1.5908420700690808,0.11164512239389715,0.36001728508936154,-0.19582308894416697,0.3938677579391148,Brain,Treatment vs Control,Brain | Treatment vs Control,0.36001728508936154,0.44367664745849617,FALSE,NS
Gene_0989,42.03815049265369,0.5991768755020143,0.37662439767598016,1.5909135977364426,0.11162902195008725,0.36001728508936154,0.14086815276408526,0.3025211629441394,Brain,Treatment vs Control,Brain | Treatment vs Control,0.36001728508936154,0.44367664745849617,FALSE,NS
Gene_2795,165.63193638915777,0.3600456917672084,0.22684345961793545,1.587198909651708,0.11246760165064881,0.36233859619383296,0.0661686503143296,0.1590289805526592,Brain,Treatment vs Control,Brain | Treatment vs Control,0.36233859619383296,0.440885402589187,FALSE,NS
Gene_2515,1681.1633897536572,-0.2911412427577724,0.18370051242923868,-1.5848689745485596,0.11299610695974231,0.36370943817215146,-0.05015225743437628,0.12039154941337653,Brain,Treatment vs Control,Brain | Treatment vs Control,0.36370943817215146,0.43924542896205787,FALSE,NS
Gene_2915,9.72087710062804,1.4392931031541663,0.9100323745926048,1.5815845054946494,0.11374445350001909,0.3657847589331215,0.41649886745447434,0.7392058120497511,Brain,Treatment vs Control,Brain | Treatment vs Control,0.3657847589331215,0.43677439412789115,FALSE,NS
Gene_2761,50.11657852662673,1.3471948478113847,0.8537562227874312,1.577961966019907,0.1145743477626013,0.366783338123069,0.3910864296085767,0.7004101734976556,Brain,Treatment vs Control,Brain | Treatment vs Control,0.366783338123069,0.43559040126146426,FALSE,NS
Gene_2588,51.84524442729381,0.5601425768058566,0.3546423752515971,1.5794575490547897,0.1142311461944349,0.366783338123069,0.1262313789679657,0.27851578402418337,Brain,Treatment vs Control,Brain | Treatment vs Control,0.366783338123069,0.43559040126146426,FALSE,NS
Gene_1642,1136.5192589222959,0.3108131210078571,0.19687592608110774,1.5787258868807057,0.11439894442522432,0.366783338123069,0.05405205167444187,0.13109513042665136,Brain,Treatment vs Control,Brain | Treatment vs Control,0.366783338123069,0.43559040126146426,FALSE,NS
Gene_3176,796.7263788312241,-0.3026456386792699,0.19177782205208255,-1.578105515230422,0.11454137139036474,0.366783338123069,-0.052262861682241764,0.12659564937342724,Brain,Treatment vs Control,Brain | Treatment vs Control,0.366783338123069,0.43559040126146426,FALSE,NS
Gene_3021,4541.0795998196445,-0.25493025259421603,0.16149590793927643,-1.578555493121668,0.11443805009343286,0.366783338123069,-0.04313336401697633,0.10125359815181086,Brain,Treatment vs Control,Brain | Treatment vs Control,0.366783338123069,0.43559040126146426,FALSE,NS
Gene_2389,2017.423334970199,-0.2648760385191263,0.1681495885124246,-1.5752404799941246,0.11520094673638145,0.36845520192587217,-0.04474326868368643,0.10637425799101664,Brain,Treatment vs Control,Brain | Treatment vs Control,0.36845520192587217,0.4336153076396191,FALSE,NS
Gene_0961,13.814628946762646,-1.0769098516295843,0.6847826701514779,-1.5726301183868536,0.11580448952652343,0.37005036426982285,-0.3074724441151012,0.5727326956370425,Brain,Treatment vs Control,Brain | Treatment vs Control,0.37005036426982285,0.43173916394398654,FALSE,NS
Gene_0622,71.50179659727381,0.4981223458160993,0.3169040740261176,1.5718395143605717,0.1159877749759178,0.37030093439418243,0.10517193026673463,0.24073848992160088,Brain,Treatment vs Control,Brain | Treatment vs Control,0.37030093439418243,0.43144519207768306,FALSE,NS
Gene_0791,24.03368719318346,0.842570489810701,0.5362736325121672,1.5711577797768836,0.11614600425040836,0.3704711300887009,0.2256125843525042,0.4458117688081136,Brain,Treatment vs Control,Brain | Treatment vs Control,0.3704711300887009,0.4312456298754414,FALSE,NS
Gene_2707,133.2571475769845,0.44774804367616994,0.28512343459460676,1.5703656358965568,0.11633007230602554,0.37072336219546587,0.08952740049089435,0.21039307164948165,Brain,Treatment vs Control,Brain | Treatment vs Control,0.37072336219546587,0.43095004479623256,FALSE,NS
Gene_1516,107.93042164816302,-0.4216157768157971,0.26862833175407547,-1.5695134391177286,0.11652835050248657,0.37102038379105506,-0.08183663221139317,0.19480374261332306,Brain,Treatment vs Control,Brain | Treatment vs Control,0.37102038379105506,0.4306022296712296,FALSE,NS
Gene_1263,157.57087132893068,0.41138834123295875,0.2624591729009771,1.567437467267227,0.11701247203267023,0.37165027858624405,0.07880890272042604,0.1887133002224041,Brain,Treatment vs Control,Brain | Treatment vs Control,0.37165027858624405,0.4298655373170437,FALSE,NS
Gene_3488,225.52754937185105,0.3702777251396776,0.23637357118201432,1.566493763613502,0.11723306743657819,0.37165027858624405,0.06768111816334424,0.16464632735333867,Brain,Treatment vs Control,Brain | Treatment vs Control,0.37165027858624405,0.4298655373170437,FALSE,NS
Gene_1894,202.46354568488817,-0.35905654794012154,0.22922245229855476,-1.5664109005886653,0.11725245266074082,0.37165027858624405,-0.06482440948119951,0.15817574762660158,Brain,Treatment vs Control,Brain | Treatment vs Control,0.37165027858624405,0.4298655373170437,FALSE,NS
Gene_1383,199.69266758991557,-0.34378239874374833,0.21933315638871706,-1.5673982192390188,0.11702163995333104,0.37165027858624405,-0.06111818967263735,0.14946040572142505,Brain,Treatment vs Control,Brain | Treatment vs Control,0.37165027858624405,0.4298655373170437,FALSE,NS
Gene_0967,598.3111766475641,0.3202753833149193,0.20439010608709202,1.5669808556117084,0.11711916653609489,0.37165027858624405,0.05562651693196486,0.13622902523131344,Brain,Treatment vs Control,Brain | Treatment vs Control,0.37165027858624405,0.4298655373170437,FALSE,NS
Gene_0267,104.8175466532896,0.5205763919784252,0.33246128834888145,1.5658255869842437,0.11738945435202075,0.37175081911837243,0.11186864551328632,0.25419158066371855,Brain,Treatment vs Control,Brain | Treatment vs Control,0.37175081911837243,0.4297480658774345,FALSE,NS
Gene_1898,69.9240015389728,-0.4856478652292099,0.3102725665722605,-1.5652297932569736,0.11752903809182864,0.3718593490163503,-0.10071347145125491,0.23306637180997225,Brain,Treatment vs Control,Brain | Treatment vs Control,0.3718593490163503,0.42962129532434695,FALSE,NS
Gene_2805,38.213705640978404,0.7258799505082408,0.4645233992098815,1.5626337698873871,0.11813876052413047,0.3734538616031376,0.18231236704106718,0.37767850659928787,Brain,Treatment vs Control,Brain | Treatment vs Control,0.3734538616031376,0.42776304549218913,FALSE,NS
Gene_0656,13.151799144074806,-1.054795535085962,0.6759123394650267,-1.5605507896494608,0.11862977746854657,0.37412102093777716,-0.2971674160443464,0.56072736863138,Brain,Treatment vs Control,Brain | Treatment vs Control,0.37412102093777716,0.42698788918003483,FALSE,NS
Gene_0256,249.14065162307148,0.40709417893027355,0.2608453994395835,1.5606722595257574,0.11860109974084483,0.37412102093777716,0.07719765048393115,0.1860718684783303,Brain,Treatment vs Control,Brain | Treatment vs Control,0.37412102093777716,0.42698788918003483,FALSE,NS
Gene_1638,171.15362791778975,-0.40215509744898736,0.25772724392095103,-1.5603903232377505,0.11866767019266793,0.37412102093777716,-0.07581970702978712,0.18316009281492907,Brain,Treatment vs Control,Brain | Treatment vs Control,0.37412102093777716,0.42698788918003483,FALSE,NS
Gene_0846,2310.332196982731,0.3309857841257634,0.21238433721767147,1.558428406076565,0.11913172724918875,0.3749145534018587,0.057673786888181255,0.14213435691388832,Brain,Treatment vs Control,Brain | Treatment vs Control,0.3749145534018587,0.42606770084426693,FALSE,NS
Gene_0930,1967.114131552236,-0.25494789107017135,0.163592575440265,-1.5584319177325028,0.11913089535991712,0.3749145534018587,-0.042417969304244726,0.1011812163828294,Brain,Treatment vs Control,Brain | Treatment vs Control,0.3749145534018587,0.42606770084426693,FALSE,NS
Gene_2309,8.20841394622259,1.513509469903692,0.9722450378581291,1.5567160653634982,0.11953791266249535,0.3752039778779837,0.4247018458885626,0.7656396907681762,Brain,Treatment vs Control,Brain | Treatment vs Control,0.3752039778779837,0.42573256591850567,FALSE,NS
Gene_0193,29.63958207971603,-0.6942020578193103,0.4459427143091859,-1.5567068045829728,0.11954011236414323,0.3752039778779837,-0.1702437975781329,0.3586915942947491,Brain,Treatment vs Control,Brain | Treatment vs Control,0.3752039778779837,0.42573256591850567,FALSE,NS
Gene_1142,2961.392864633148,0.272502429618338,0.17505169831907583,1.5566968628983744,0.11954247383538139,0.3752039778779837,0.04543317166888637,0.11026515104665437,Brain,Treatment vs Control,Brain | Treatment vs Control,0.3752039778779837,0.42573256591850567,FALSE,NS
Gene_3179,2682.4130481214875,-0.3631452035265448,0.2335428485703585,-1.554940370683804,0.11996027142719592,0.3761809222108604,-0.06525865982233885,0.1603844583687005,Brain,Treatment vs Control,Brain | Treatment vs Control,0.3761809222108604,0.4246032332105221,FALSE,NS
Gene_1323,48.383306646532645,0.5445867180897361,0.3511064327913721,1.5510587879582665,0.12088759629545177,0.3787525310729727,0.11837338867475337,0.26840803784723727,Brain,Treatment vs Control,Brain | Treatment vs Control,0.3787525310729727,0.4216444562392031,FALSE,NS
Gene_1790,73.03636961182929,0.5154725369621427,0.3325139437359437,1.5502283337973046,0.12108672147985378,0.37880974325120886,0.10890457993800783,0.2507729485073854,Brain,Treatment vs Control,Brain | Treatment vs Control,0.37880974325120886,0.4215788591676619,FALSE,NS
Gene_0041,412.9146690009346,-0.38012407784636393,0.24522743333091085,-1.5500879028221244,0.12112041918170909,0.37880974325120886,-0.06934481384045466,0.1701397791506934,Brain,Treatment vs Control,Brain | Treatment vs Control,0.37880974325120886,0.4215788591676619,FALSE,NS
Gene_3387,11.583362130322481,1.1748464257142475,0.758397418831671,1.5491171205779233,0.12135356799050541,0.3792030518358182,0.33238913242754975,0.6197894637559634,Brain,Treatment vs Control,Brain | Treatment vs Control,0.3792030518358182,0.4211281761068561,FALSE,NS
Gene_1546,9.680747770305564,1.2972130804965158,0.8392756682868502,1.5456340860499609,0.12219296426023353,0.3809286922018929,0.3668069779202367,0.675921773161957,Brain,Treatment vs Control,Brain | Treatment vs Control,0.3809286922018929,0.41915631430241135,FALSE,NS
Gene_1236,87.84562845186497,0.43987358202538623,0.2846188253691654,1.5454830911302069,0.12222945575325536,0.3809286922018929,0.08552405685951646,0.2052618094598085,Brain,Treatment vs Control,Brain | Treatment vs Control,0.3809286922018929,0.41915631430241135,FALSE,NS
Gene_1502,132.50796071063493,0.4316109291501114,0.27919285472072614,1.5459239799737983,0.12212292840566996,0.3809286922018929,0.08317754643054966,0.20035380477106163,Brain,Treatment vs Control,Brain | Treatment vs Control,0.3809286922018929,0.41915631430241135,FALSE,NS
Gene_2993,60.884324375615826,-0.5054110971262119,0.3273907624597056,-1.5437549102761157,0.12264771836623403,0.38189514422501974,-0.10519642314274037,0.24456967596234866,Brain,Treatment vs Control,Brain | Treatment vs Control,0.38189514422501974,0.41805586362114694,FALSE,NS
Gene_0727,98.18755952986828,-0.4166604523758088,0.2700577300461682,-1.5428569747089924,0.12286548203617476,0.38223613838743004,-0.07877244525412848,0.19145293425484922,Brain,Treatment vs Control,Brain | Treatment vs Control,0.38223613838743004,0.41766825511382333,FALSE,NS
Gene_1952,32.141174281314605,-0.7855360910789341,0.5094158770000661,-1.5420329961149448,0.12306557557900057,0.38252160859986883,-0.20047154221755042,0.4119851949574506,Brain,Treatment vs Control,Brain | Treatment vs Control,0.38252160859986883,0.41734402657411473,FALSE,NS
Gene_2590,1070.9735479641736,-0.3272671621861967,0.21237070490174006,-1.5410183920499632,0.12331230979414996,0.38295142118130476,-0.05603891091759472,0.13989400454720619,Brain,Treatment vs Control,Brain | Treatment vs Control,0.38295142118130476,0.41685631441516136,FALSE,NS
Gene_0910,252.23067602727372,0.40998133240224577,0.2663293901134495,1.539376980616387,0.12371229042610521,0.3838559731938291,0.07672066380711288,0.1874667108988617,Brain,Treatment vs Control,Brain | Treatment vs Control,0.3838559731938291,0.41583169693563904,FALSE,NS
Gene_2701,30.064153721677595,0.7331600583512797,0.4765459784852414,1.5384875572378494,0.12392944855478441,0.38419217106843173,0.18152276319482125,0.3812552183227889,Brain,Treatment vs Control,Brain | Treatment vs Control,0.38419217106843173,0.4154514892828147,FALSE,NS
Gene_1634,65.87788713351256,-0.5184546043519529,0.3374956929412308,-1.536181394890373,0.12449389776381002,0.3852655153409406,-0.10868986457869162,0.25230601281733533,Brain,Treatment vs Control,Brain | Treatment vs Control,0.3852655153409406,0.41423986243102723,FALSE,NS
Gene_0185,189.1512155532322,-0.38820250971829345,0.25268317184760686,-1.5363211838753483,0.12445962645001352,0.3852655153409406,-0.07070663570943853,0.17467132072821226,Brain,Treatment vs Control,Brain | Treatment vs Control,0.3852655153409406,0.41423986243102723,FALSE,NS
Gene_1271,393.0391472795279,-0.3327728188361333,0.21699743006564076,-1.5335334558361866,0.1251444699657707,0.38693968778383214,-0.05695292463137169,0.14291414715002895,Brain,Treatment vs Control,Brain | Treatment vs Control,0.38693968778383214,0.4123567231049554,FALSE,NS
Gene_3291,598.0735101429026,0.3406241594007794,0.22238395445789322,1.5316939580066424,0.12559797408143245,0.38800214040379527,0.058678168290569564,0.14731532550058987,Brain,Treatment vs Control,Brain | Treatment vs Control,0.38800214040379527,0.411165878624882,FALSE,NS
Gene_0479,5847.212452646852,-0.2962119959515122,0.1935356899607931,-1.5305290513161656,0.12588582818653968,0.3885514504603773,-0.048988139153214365,0.12275913919639787,Brain,Treatment vs Control,Brain | Treatment vs Control,0.3885514504603773,0.4105514654819282,FALSE,NS
Gene_2957,39.64787481321059,-0.6118155229160533,0.3998951136074727,-1.5299399820038726,0.12603158559930766,0.3886615971625811,-0.13865144150891923,0.3086028881063614,Brain,Treatment vs Control,Brain | Treatment vs Control,0.3886615971625811,0.41042836897593543,FALSE,NS
Gene_1797,708.9582967017218,-0.3426639498971757,0.22436882105157416,-1.5272351492117964,0.12670254890998997,0.39038979075146124,-0.058949415997303384,0.14843038568847824,Brain,Treatment vs Control,Brain | Treatment vs Control,0.39038979075146124,0.4085015482755292,FALSE,NS
Gene_0096,38.37542825766047,-0.6422470372867014,0.42124060248137596,-1.5246560599891286,0.12734490680843927,0.39168542329320477,-0.14836885911611136,0.32679828060974997,Brain,Treatment vs Control,Brain | Treatment vs Control,0.39168542329320477,0.4070625905688598,FALSE,NS
Gene_0034,403.33202745203585,0.32726248376755773,0.21460033834487172,1.5249858704399302,0.12726262193744073,0.39168542329320477,0.055335897104894345,0.13977035456195208,Brain,Treatment vs Control,Brain | Treatment vs Control,0.39168542329320477,0.4070625905688598,FALSE,NS
Gene_2885,156.09725017862792,0.41505180838403266,0.2723920896774275,1.523729300933613,0.12757634680466598,0.39205577072869935,0.07719044981507593,0.19025674873542853,Brain,Treatment vs Control,Brain | Treatment vs Control,0.39205577072869935,0.4066521493139645,FALSE,NS
Gene_2718,338.2729034462154,-0.37516615440684525,0.24645577483799327,-1.522245338553983,0.1279476186953295,0.39285481879409434,-0.06661104029881844,0.16696029146807195,Brain,Treatment vs Control,Brain | Treatment vs Control,0.39285481879409434,0.405767915389522,FALSE,NS
Gene_0550,8.92886023710452,-1.3431734484767353,0.8830146988901884,-1.521122411852141,0.12822912124109223,0.3930356138040769,-0.3712475105878941,0.6939152611277545,Brain,Treatment vs Control,Brain | Treatment vs Control,0.3930356138040769,0.40556809548252387,FALSE,NS
Gene_1002,76.58935889318738,0.48113344555740123,0.3162999347758799,1.5211303976345019,0.1282271176149031,0.3930356138040769,0.0960275811350432,0.22957627746113182,Brain,Treatment vs Control,Brain | Treatment vs Control,0.3930356138040769,0.40556809548252387,FALSE,NS
Gene_2804,91.26672177592296,-0.48129448110512923,0.3168344824619989,-1.5190722845732412,0.12874430212008423,0.39427244647529697,-0.09592875354778181,0.22964328966650502,Brain,Treatment vs Control,Brain | Treatment vs Control,0.39427244647529697,0.40420357231013115,FALSE,NS
Gene_3289,327.6208500362839,0.3434406909525136,0.22631662658770582,1.5175230213119937,0.12913468565471667,0.3951252816696747,0.058688169903754375,0.14879482900722282,Brain,Treatment vs Control,Brain | Treatment vs Control,0.3951252816696747,0.4032651815603567,FALSE,NS
Gene_0804,15.61451450624296,-0.979071859753878,0.6465193420944668,-1.514373655986954,0.12993109692888094,0.39593640481462383,-0.26189682943528003,0.5189230455582259,Brain,Treatment vs Control,Brain | Treatment vs Control,0.39593640481462383,0.40237456472106975,FALSE,NS
Gene_1314,54.48382050475348,-0.5828944555748946,0.38490579136654646,-1.5143821388226482,0.12992894668078048,0.39593640481462383,-0.1275231846660582,0.29085191901627305,Brain,Treatment vs Control,Brain | Treatment vs Control,0.39593640481462383,0.40237456472106975,FALSE,NS
Gene_0198,43.058105768839326,0.5769154975425613,0.3809840310816463,1.5142773724784444,0.12995550502338538,0.39593640481462383,0.12556227270696227,0.28724051930185657,Brain,Treatment vs Control,Brain | Treatment vs Control,0.39593640481462383,0.40237456472106975,FALSE,NS
Gene_2766,129.23140964123922,-0.4143970914752788,0.2735183350392199,-1.5150614726279985,0.12975683729856283,0.39593640481462383,-0.07651016264005384,0.18977343011446235,Brain,Treatment vs Control,Brain | Treatment vs Control,0.39593640481462383,0.40237456472106975,FALSE,NS
Gene_0201,1086.6035736302997,-0.2526978974910228,0.16687903197254123,-1.5142579298554564,0.12996043420564968,0.39593640481462383,-0.04053949847615977,0.09994099104573373,Brain,Treatment vs Control,Brain | Treatment vs Control,0.39593640481462383,0.40237456472106975,FALSE,NS
Gene_2137,35.6807305917014,0.6184084608548762,0.41041272163513626,1.506796520319981,0.1318628217769249,0.401385882495105,0.13847987976150433,0.3121211176247457,Brain,Treatment vs Control,Brain | Treatment vs Control,0.401385882495105,0.39643790654284083,FALSE,NS
Gene_0312,6.590655471565549,1.4166858699134257,0.9408666680432706,1.5057243688520934,0.13213794554743222,0.40187690415846955,0.38418078917480214,0.7229428576244916,Brain,Treatment vs Control,Brain | Treatment vs Control,0.40187690415846955,0.3959069519685753,FALSE,NS
Gene_1739,53.01703109909781,-0.6631388111273392,0.44125035851776057,-1.5028629401116906,0.13287439140304677,0.403716979172831,-0.15300521474085738,0.33886664860284627,Brain,Treatment vs Control,Brain | Treatment vs Control,0.403716979172831,0.39392298503109796,FALSE,NS
Gene_0350,79.45878572461007,-0.47917590699529716,0.3189220405219123,-1.5024860188751183,0.13297163601755946,0.403716979172831,-0.09413429718413488,0.22815492619410577,Brain,Treatment vs Control,Brain | Treatment vs Control,0.403716979172831,0.39392298503109796,FALSE,NS
Gene_2041,8.414287910528328,1.2151296126314435,0.8091985836299617,1.5016457482915095,0.13318862176867224,0.4040283706745547,0.33112839313394804,0.6358076494320163,Brain,Treatment vs Control,Brain | Treatment vs Control,0.4040283706745547,0.3935881378725594,FALSE,NS
Gene_1855,34.06075795695331,-0.7781634023556688,0.51863433171000894,-1.5004085822663469,0.13350859778089483,0.4044093268016622,-0.1917680868066321,0.4065692055382382,Brain,Treatment vs Control,Brain | Treatment vs Control,0.4044093268016622,0.39317883692923994,FALSE,NS
Gene_1186,284.8406637365404,0.32527909516678044,0.21681302808324684,1.500274674646799,0.13354326679431835,0.4044093268016622,0.05385466079261427,0.1385252758192847,Brain,Treatment vs Control,Brain | Treatment vs Control,0.4044093268016622,0.39317883692923994,FALSE,NS
Gene_1074,536.8507036025255,-0.28845686661989645,0.19256731653422823,-1.4979534004599588,0.13414535804375882,0.40588454091903375,-0.046247508305013306,0.11848058180371568,Brain,Treatment vs Control,Brain | Treatment vs Control,0.40588454091903375,0.39159748950905787,FALSE,NS
Gene_0028,1444.9401213783826,0.30994247477718434,0.20712850779578368,1.4963776743024146,0.1345552640785725,0.40677623070328717,0.050446695783255766,0.13006609005529202,Brain,Treatment vs Control,Brain | Treatment vs Control,0.40677623070328717,0.3906444322881211,FALSE,NS
Gene_1919,429.44140229937557,-0.30354843988428654,0.20297483740854647,-1.4954978841702735,0.13478455168995804,0.40712083149464656,-0.04910959473741439,0.12658397554568895,Brain,Treatment vs Control,Brain | Treatment vs Control,0.40712083149464656,0.3902766751403425,FALSE,NS
Gene_0414,306.5805232327474,0.3428110380496065,0.22964032872759166,1.4928172240001554,0.13548503741930495,0.408741947229701,0.05744889958959708,0.14829028372315492,Brain,Treatment vs Control,Brain | Treatment vs Control,0.408741947229701,0.38855079043723595,FALSE,NS
Gene_2249,2002.0912194018238,-0.3100076072153787,0.2077021344931172,-1.492558600670768,0.13555276697988666,0.408741947229701,-0.05031175919895321,0.130089169771675,Brain,Treatment vs Control,Brain | Treatment vs Control,0.408741947229701,0.38855079043723595,FALSE,NS
Gene_0948,30.4948949928091,-0.6866818549116868,0.460316376063053,-1.4917606468504758,0.13576190391617585,0.40902327877817146,-0.15965268813877706,0.3526868178443508,Brain,Treatment vs Control,Brain | Treatment vs Control,0.40902327877817146,0.38825197424887187,FALSE,NS
Gene_1730,16.97227503518331,0.850433157010238,0.5702997330837286,1.4912038489160253,0.13590798347761296,0.4091143134351674,0.2148516611333162,0.447649439490539,Brain,Treatment vs Control,Brain | Treatment vs Control,0.4091143134351674,0.38815532583732165,FALSE,NS
Gene_2815,13.568315118866447,-1.037983487234057,0.6974509210369811,-1.4882530883904586,0.13668416146256054,0.40985178532529715,-0.2753082202289723,0.5487192406273943,Brain,Treatment vs Control,Brain | Treatment vs Control,0.40985178532529715,0.3873731687749062,FALSE,NS
Gene_2790,109.91545670218603,0.413586719681812,0.27773108428705495,1.4891625139602325,0.13644457930668744,0.40985178532529715,0.07484031370256192,0.18905856642280014,Brain,Treatment vs Control,Brain | Treatment vs Control,0.40985178532529715,0.3873731687749062,FALSE,NS
Gene_1338,112.12887415521348,-0.4083251826340553,0.2741322176558374,-1.4895191310446119,0.1363507194086171,0.40985178532529715,-0.07346467323458915,0.18597479432845998,Brain,Treatment vs Control,Brain | Treatment vs Control,0.40985178532529715,0.3873731687749062,FALSE,NS
Gene_1806,214.64253086111268,-0.3256604978654257,0.21875738204260786,-1.488683466700091,0.13657074071180117,0.40985178532529715,-0.05346266780190636,0.1386890516841012,Brain,Treatment vs Control,Brain | Treatment vs Control,0.40985178532529715,0.3873731687749062,FALSE,NS
Gene_1886,267.8357773270659,-0.301600625603849,0.20267952275827741,-1.488066586596162,0.1367333342150099,0.40985178532529715,-0.048439311681528235,0.12550994567210677,Brain,Treatment vs Control,Brain | Treatment vs Control,0.40985178532529715,0.3873731687749062,FALSE,NS
Gene_1503,297.1616841056461,-0.30272171728582403,0.20349581749672246,-1.4876065808610524,0.13685467691396133,0.40986756928176205,-0.04864557652192746,0.12611526039570667,Brain,Treatment vs Control,Brain | Treatment vs Control,0.40986756928176205,0.38735644381859613,FALSE,NS
Gene_2553,729.6103357096434,-0.30758810604838177,0.2073765844335785,-1.4832345073505655,0.138012116018281,0.41298371327165273,-0.04946033581909308,0.1287458810773546,Brain,Treatment vs Control,Brain | Treatment vs Control,0.41298371327165273,0.3840670751613237,FALSE,NS
Gene_2000,228.4325578884168,0.36570718354390713,0.24686056834559222,1.481432154170267,0.13849145171019472,0.4140671600242994,0.06230572678194216,0.16123210012000241,Brain,Treatment vs Control,Brain | Treatment vs Control,0.4140671600242994,0.382929212351501,FALSE,NS
Gene_0806,29.617867861179587,-0.6441866534293882,0.4351682404078039,-1.48031633196786,0.13878884672186761,0.4142547910185245,-0.1442837118069232,0.3271660166435587,Brain,Treatment vs Control,Brain | Treatment vs Control,0.4142547910185245,0.38273246009420026,FALSE,NS
Gene_1243,183.56861448701926,0.37903645238527667,0.2559790957847781,1.480732054401671,0.13867798867522632,0.4142547910185245,0.06552395624285212,0.1688857042141891,Brain,Treatment vs Control,Brain | Treatment vs Control,0.4142547910185245,0.38273246009420026,FALSE,NS
Gene_0432,456.1041017976832,0.3075229190872018,0.20795903108867134,1.4787668392053508,0.13920264144827482,0.4149169804317958,0.04927854446814946,0.12870140273902406,Brain,Treatment vs Control,Brain | Treatment vs Control,0.4149169804317958,0.3820387913534161,FALSE,NS
Gene_2537,401.6892144088406,-0.29103512621620786,0.1968307823947571,-1.4786057479186245,0.13924571560795188,0.4149169804317958,-0.046040820615268783,0.11982250611207336,Brain,Treatment vs Control,Brain | Treatment vs Control,0.4149169804317958,0.3820387913534161,FALSE,NS
Gene_0741,134.02840762994933,-0.37431920333251223,0.253495055614184,-1.476633153359097,0.13977399970904766,0.41613996034793194,-0.06416917695883932,0.166148796481027,Brain,Treatment vs Control,Brain | Treatment vs Control,0.41613996034793194,0.3807605785465654,FALSE,NS
Gene_1256,13.76691234188417,-0.9173940900235752,0.6228402152441902,-1.4729204498522988,0.14077248718824248,0.4184071146983874,-0.23390896832800023,0.4843191225328722,Brain,Treatment vs Control,Brain | Treatment vs Control,0.4184071146983874,0.37840093922687346,FALSE,NS
Gene_0922,848.7173459719016,-0.2846410153254015,0.19321145619016777,-1.4732098237758968,0.140694466977292,0.4184071146983874,-0.04465679401577813,0.11642593537526694,Brain,Treatment vs Control,Brain | Treatment vs Control,0.4184071146983874,0.37840093922687346,FALSE,NS
Gene_0243,1091.7264751579148,-0.2524013242541472,0.17154241453524113,-1.471363947732557,0.14119271786471044,0.4193031848446531,-0.03910921410521819,0.0998061228287942,Brain,Treatment vs Control,Brain | Treatment vs Control,0.4193031848446531,0.3774718388718775,FALSE,NS
Gene_0981,8.433758972271889,1.3138988323065188,0.895146217318958,1.4678035910622087,0.14215758174949494,0.42119589232906113,0.3476026273963984,0.6775462112077364,Brain,Treatment vs Control,Brain | Treatment vs Control,0.42119589232906113,0.37551587287952604,FALSE,NS
Gene_1743,462.46481706138417,-0.30354190431297884,0.20675582491328523,-1.468117787928279,0.14207223058348897,0.42119589232906113,-0.048087484228508656,0.12652906882571793,Brain,Treatment vs Control,Brain | Treatment vs Control,0.42119589232906113,0.37551587287952604,FALSE,NS
Gene_0407,1311.381612047699,-0.24376354265122227,0.16608630741427804,-1.4676919876554886,0.1421879081439368,0.42119589232906113,-0.03768759413426883,0.09551635176705796,Brain,Treatment vs Control,Brain | Treatment vs Control,0.42119589232906113,0.37551587287952604,FALSE,NS
Gene_1562,5.0966451423386925,-1.678671271808694,1.1451418881642181,-1.4659067921266762,0.14267368132208832,0.42209730499203457,-0.42069287384453297,0.812479132251574,Brain,Treatment vs Control,Brain | Treatment vs Control,0.42209730499203457,0.3745874207212719,FALSE,NS
Gene_2550,41.09530462855075,-0.5557966731846674,0.3793168677461619,-1.4652569406868703,0.14285082964188087,0.42209730499203457,-0.11462519618252916,0.273863752983245,Brain,Treatment vs Control,Brain | Treatment vs Control,0.42209730499203457,0.3745874207212719,FALSE,NS
Gene_2490,163.14839724949698,0.34789266492971127,0.23736902954670694,1.4656194432528389,0.14275199129466165,0.42209730499203457,0.0574434153518749,0.1510544761642423,Brain,Treatment vs Control,Brain | Treatment vs Control,0.42209730499203457,0.3745874207212719,FALSE,NS
Gene_2860,85.83825473542791,-0.4713823440391304,0.3224648578648232,-1.461809969496686,0.14379329139112595,0.42417219039437404,-0.08920064750479187,0.2231298563450247,Brain,Treatment vs Control,Brain | Treatment vs Control,0.42417219039437404,0.3724578081300969,FALSE,NS
Gene_0647,943.154420484988,0.24549122953032607,0.16791941951879405,1.4619585407919418,0.1437525713327252,0.42417219039437404,0.03776821571816952,0.09638347834168097,Brain,Treatment vs Control,Brain | Treatment vs Control,0.42417219039437404,0.3724578081300969,FALSE,NS
Gene_0039,47.97143365676407,0.5584760162762233,0.3824242091823312,1.460357380277551,0.14419187963188376,0.424992927362422,0.11506238690382768,0.2754372063833617,Brain,Treatment vs Control,Brain | Treatment vs Control,0.424992927362422,0.37161829732152607,FALSE,NS
Gene_3247,218.65138707284902,0.3800881448375087,0.26078804386562043,1.4574600092992052,0.14498944260747448,0.42663143487249366,0.06468460305540763,0.16939992955186536,Brain,Treatment vs Control,Brain | Treatment vs Control,0.42663143487249366,0.36994714820984154,FALSE,NS
Gene_0827,176.01575475243177,0.3479927757825042,0.23876299065678708,1.4574820612911943,0.1449833595911712,0.42663143487249366,0.05712541762179959,0.15109480861183902,Brain,Treatment vs Control,Brain | Treatment vs Control,0.42663143487249366,0.36994714820984154,FALSE,NS
Gene_2016,581.6787033137588,-0.28667019694261736,0.1968403147663864,-1.4563591674949448,0.1452933570954763,0.42716972847970597,-0.044452061725344036,0.117504642555857,Brain,Treatment vs Control,Brain | Treatment vs Control,0.42716972847970597,0.36939953130729963,FALSE,NS
Gene_2822,1101.6652321967097,0.2670185514923911,0.18394017934250873,1.4516597322392788,0.14659624110421304,0.4306417032770185,0.04084761830181343,0.10726455366079642,Brain,Treatment vs Control,Brain | Treatment vs Control,0.4306417032770185,0.365883915464458,FALSE,NS
Gene_2432,92.9425175944386,0.4241236181053513,0.29244100431560754,1.450287790858595,0.1469782822780126,0.4310467730262978,0.075545753305657,0.1950443446154402,Brain,Treatment vs Control,Brain | Treatment vs Control,0.4310467730262978,0.3654756018460351,FALSE,NS
Gene_0681,1341.9367119929548,-0.27135966475469936,0.18705217951671937,-1.4507164014651017,0.1468588464384308,0.4310467730262978,-0.04155075527287113,0.10950371359123647,Brain,Treatment vs Control,Brain | Treatment vs Control,0.4310467730262978,0.3654756018460351,FALSE,NS
Gene_2730,7.506096893951822,1.1750159219009024,0.8109199389803952,1.448991281899297,0.14734001725904292,0.4314612765334327,0.30643251186381376,0.6143802121414549,Brain,Treatment vs Control,Brain | Treatment vs Control,0.4314612765334327,0.36505817594530576,FALSE,NS
Gene_2981,268.752455250725,-0.2992662041851681,0.20654640756649348,-1.448905394729876,0.14736400438949868,0.4314612765334327,-0.04656644052121283,0.12422751532926374,Brain,Treatment vs Control,Brain | Treatment vs Control,0.4314612765334327,0.36505817594530576,FALSE,NS
Gene_1102,255.58010585364377,0.35324875270356876,0.24411000858763307,1.4470883629368108,0.14787217685220036,0.43187481924327503,0.05788711980702517,0.15405182976046833,Brain,Treatment vs Control,Brain | Treatment vs Control,0.43187481924327503,0.364642117051138,FALSE,NS
Gene_2643,305.6360881138318,0.3123383556222075,0.21578583374424912,1.4474460635464752,0.14777203238548706,0.43187481924327503,0.04909322044434109,0.13130446367607349,Brain,Treatment vs Control,Brain | Treatment vs Control,0.43187481924327503,0.364642117051138,FALSE,NS
Gene_3403,466.99774411387654,-0.276831203748094,0.19123595556916562,-1.447589721944159,0.14773182732516177,0.43187481924327503,-0.042395411295927984,0.11235090951646767,Brain,Treatment vs Control,Brain | Treatment vs Control,0.43187481924327503,0.364642117051138,FALSE,NS
Gene_2595,717.652408692837,0.3149627955501726,0.21775362942600168,1.4464181211602036,0.14805996223014528,0.43206588978069665,0.04958769861918209,0.13273801931881044,Brain,Treatment vs Control,Brain | Treatment vs Control,0.43206588978069665,0.36445001849496933,FALSE,NS
Gene_2208,14.101714081930982,-0.9419414388694399,0.6518416167834296,-1.4450464876997786,0.1484448282988396,0.4323856186448115,-0.23687377541882168,0.49693659056947925,Brain,Treatment vs Control,Brain | Treatment vs Control,0.4323856186448115,0.3641287593234167,FALSE,NS
Gene_0978,40.180652258848035,0.609899222159101,0.4219445658670201,1.4454486951523309,0.14833189398445484,0.4323856186448115,0.1298921865324074,0.3062590118720636,Brain,Treatment vs Control,Brain | Treatment vs Control,0.4323856186448115,0.3641287593234167,FALSE,NS
Gene_1509,112.95573692849695,0.39035064816350123,0.27020184023847754,1.4446631740886053,0.14855251858591417,0.4323856186448115,0.06661407231592222,0.17530387161826103,Brain,Treatment vs Control,Brain | Treatment vs Control,0.4323856186448115,0.3641287593234167,FALSE,NS
Gene_2519,107.75316707314471,-0.38265878737972375,0.2649472072513563,-1.4442831511588423,0.1486593432553954,0.4323856186448115,-0.06470647618466836,0.17085703192282803,Brain,Treatment vs Control,Brain | Treatment vs Control,0.4323856186448115,0.3641287593234167,FALSE,NS
Gene_2145,29.002136281985997,0.6856144147502579,0.4752264004076063,1.4427111249758005,0.14910186402215053,0.4329900490033906,0.15386009377047144,0.3514148745641681,Brain,Treatment vs Control,Brain | Treatment vs Control,0.4329900490033906,0.36352208450708917,FALSE,NS
Gene_3365,97.32121760894131,-0.5465365187300028,0.3788358444080326,-1.4426737247739019,0.1491124043013659,0.4329900490033906,-0.11003579037321885,0.2681391167514705,Brain,Treatment vs Control,Brain | Treatment vs Control,0.4329900490033906,0.36352208450708917,FALSE,NS
Gene_1404,6.350009287326098,1.2962987898101987,0.9002003991175612,1.4400113475631877,0.1498641886430964,0.4341020919596172,0.33538145572045674,0.6682856683798781,Brain,Treatment vs Control,Brain | Treatment vs Control,0.4341020919596172,0.3624081212695033,FALSE,NS
Gene_1960,45.15522030673556,0.563661662230546,0.39126150731569465,1.4406264140258194,0.14969025397527896,0.4341020919596172,0.11509701394036123,0.2784365052790484,Brain,Treatment vs Control,Brain | Treatment vs Control,0.4341020919596172,0.3624081212695033,FALSE,NS
Gene_2580,121.37687210623562,0.3671973356250864,0.25493587527239914,1.4403517560356534,0.14976790547787028,0.4341020919596172,0.06083128002114934,0.16197863922726247,Brain,Treatment vs Control,Brain | Treatment vs Control,0.4341020919596172,0.3624081212695033,FALSE,NS
Gene_0078,47.48528134083192,0.5336752923394136,0.37107156652343176,1.4382004456429134,0.15037718882590673,0.4343394761834553,0.10583634051572123,0.26038300277768683,Brain,Treatment vs Control,Brain | Treatment vs Control,0.4343394761834553,0.36217069674987357,FALSE,NS
Gene_0440,51.59639645268573,-0.500109781011846,0.34778499742731794,-1.437985493081431,0.1504381703121965,0.4343394761834553,-0.09593701351671324,0.24021940229835598,Brain,Treatment vs Control,Brain | Treatment vs Control,0.4343394761834553,0.36217069674987357,FALSE,NS
Gene_2381,168.8384901434292,-0.3628467946608835,0.2522778195445813,-1.438282585904319,0.1503538908238147,0.4343394761834553,-0.05972683437785341,0.15949727347344655,Brain,Treatment vs Control,Brain | Treatment vs Control,0.4343394761834553,0.36217069674987357,FALSE,NS
Gene_1687,453.8934935773435,-0.3237031247075229,0.22509659301409068,-1.4380631904422454,0.1504161255962333,0.4343394761834553,-0.051080384830220704,0.1375444661321137,Brain,Treatment vs Control,Brain | Treatment vs Control,0.4343394761834553,0.36217069674987357,FALSE,NS
Gene_2161,42.54803014743237,-0.5522291367258338,0.38449022943650674,-1.4362631204833434,0.15092748395453431,0.4351548302834542,-0.11127884533291617,0.2715391542698351,Brain,Treatment vs Control,Brain | Treatment vs Control,0.4351548302834542,0.36135619138144004,FALSE,NS
Gene_1574,2968.806363403767,0.25603028651616255,0.17827867418052096,1.4361240215243696,0.15096705383665573,0.4351548302834542,0.0385900304297874,0.10172228722149451,Brain,Treatment vs Control,Brain | Treatment vs Control,0.4351548302834542,0.36135619138144004,FALSE,NS
Gene_2013,36.16870636111814,-0.5803030228084389,0.4043912456974026,-1.4350039200469424,0.15128598054141304,0.4357184317224547,-0.11976545696774346,0.28842406729065173,Brain,Treatment vs Control,Brain | Treatment vs Control,0.4357184317224547,0.3607940681890049,FALSE,NS
Gene_2746,68.91770033116414,-0.5777081493250344,0.40284078096422027,-1.4340855658711118,0.151547846431659,0.4361169077018647,-0.1188918945862619,0.2868602376827305,Brain,Treatment vs Control,Brain | Treatment vs Control,0.4361169077018647,0.3603970759514721,FALSE,NS
Gene_3052,6.3680827870665,1.320231169481612,0.9216440600075084,1.4324740176493476,0.15200820878545943,0.4370854928513495,0.3389834992187527,0.6779896075673714,Brain,Treatment vs Control,Brain | Treatment vs Control,0.4370854928513495,0.35943360778434114,FALSE,NS
Gene_1651,98.94636422685846,0.43116953791169804,0.30145483044560245,1.4302956674283667,0.15263217776878354,0.4379037872391822,0.07635912003371367,0.19916103680637537,Brain,Treatment vs Control,Brain | Treatment vs Control,0.4379037872391822,0.35862129876776033,FALSE,NS
Gene_0390,139.46279009560996,0.4043441394612752,0.28272219331465265,1.4301818145958731,0.1526648434130369,0.4379037872391822,0.06942769069310416,0.18342790262285594,Brain,Treatment vs Control,Brain | Treatment vs Control,0.4379037872391822,0.35862129876776033,FALSE,NS
Gene_1196,94.79491856531855,0.38746621938509035,0.27081695440291337,1.430731027307211,0.1525073172288587,0.4379037872391822,0.0652638766537931,0.17362784858218053,Brain,Treatment vs Control,Brain | Treatment vs Control,0.4379037872391822,0.35862129876776033,FALSE,NS
Gene_1222,11.239653205887011,-0.9947663796698554,0.696309082003055,-1.4286276100381108,0.15311129411838698,0.4386808989516823,-0.2501615184200363,0.5245232965187027,Brain,Treatment vs Control,Brain | Treatment vs Control,0.4386808989516823,0.35785127523827637,FALSE,NS
Gene_0281,23.162677114389087,-0.7090394102724198,0.4965059947819125,-1.4280581054894643,0.1532751346803332,0.4386808989516823,-0.15983163308655818,0.36514173960866353,Brain,Treatment vs Control,Brain | Treatment vs Control,0.4386808989516823,0.35785127523827637,FALSE,NS
Gene_1096,89.00266051832318,0.46485833724859393,0.3256426051868759,1.4275108043120666,0.15343271317058274,0.4386808989516823,0.08531313941345188,0.21912988701534267,Brain,Treatment vs Control,Brain | Treatment vs Control,0.4386808989516823,0.35785127523827637,FALSE,NS
Gene_1598,379.22340621327186,0.3608998908629017,0.25276695715057007,1.4277969515133981,0.1533503105514732,0.4386808989516823,0.05883967494643117,0.1583969608741752,Brain,Treatment vs Control,Brain | Treatment vs Control,0.4386808989516823,0.35785127523827637,FALSE,NS
Gene_1395,14.741148434830555,0.8722776134178021,0.6126931555849243,1.42367775038234,0.15453977733409252,0.4411317330369286,0.21149548707836419,0.4585564613343019,Brain,Treatment vs Control,Brain | Treatment vs Control,0.4411317330369286,0.35543169990209317,FALSE,NS
Gene_3318,116.86950608182794,0.42209295055989005,0.2964731596382548,1.4237138737109007,0.15452931593044092,0.4411317330369286,0.07365011384347007,0.19381995293394932,Brain,Treatment vs Control,Brain | Treatment vs Control,0.4411317330369286,0.35543169990209317,FALSE,NS
Gene_0530,7.070387992013188,1.2642918861377341,0.8888425406259638,1.422402538527647,0.1549094266253903,0.44138928912935677,0.32282030607016404,0.6534908109859244,Brain,Treatment vs Control,Brain | Treatment vs Control,0.44138928912935677,0.3551782097526502,FALSE,NS
Gene_1564,9.0688487571509,-1.1538070459348262,0.8113283112018582,-1.4221210205590364,0.15499112144914762,0.44138928912935677,-0.29431149289906705,0.6033176254206902,Brain,Treatment vs Control,Brain | Treatment vs Control,0.44138928912935677,0.3551782097526502,FALSE,NS
Gene_2344,13.884544571183994,0.9019481142708188,0.6342487498831839,1.422073144703777,0.15500501798935212,0.44138928912935677,0.2205527698053401,0.47485951433230866,Brain,Treatment vs Control,Brain | Treatment vs Control,0.44138928912935677,0.3551782097526502,FALSE,NS
Gene_1079,138.84539927379652,-0.40708094192342753,0.28662525703548053,-1.4202549563628866,0.15553346948609023,0.44253721253455647,-0.06964620610824786,0.185032254829642,Brain,Treatment vs Control,Brain | Treatment vs Control,0.44253721253455647,0.35405020401947435,FALSE,NS
Gene_1997,22.967997556644512,0.7538893390764443,0.5318500013338445,1.4174848870654129,0.15634120983775407,0.4426951178324856,0.17300040703417965,0.3912945983636257,Brain,Treatment vs Control,Brain | Treatment vs Control,0.4426951178324856,0.35389526751765715,FALSE,NS
Gene_0195,59.34005619080598,-0.5636479896170619,0.3973213717836181,-1.4186198620194674,0.1560098720718432,0.4426951178324856,-0.11340500806161682,0.27837318346109907,Brain,Treatment vs Control,Brain | Treatment vs Control,0.4426951178324856,0.35389526751765715,FALSE,NS
Gene_0770,54.45311557062319,-0.5508679824359691,0.3881977345648195,-1.4190396630044932,0.15588745296481094,0.4426951178324856,-0.10959554447697192,0.27068712668900663,Brain,Treatment vs Control,Brain | Treatment vs Control,0.4426951178324856,0.35389526751765715,FALSE,NS
Gene_0899,118.58399930296673,-0.3732447598210467,0.26302882480303325,-1.4190260710039961,0.15589141541643026,0.4426951178324856,-0.06134377991618009,0.16545750218357919,Brain,Treatment vs Control,Brain | Treatment vs Control,0.4426951178324856,0.35389526751765715,FALSE,NS
Gene_3284,198.00716363796198,-0.31066245456323655,0.2190780090055315,-1.4180449054354543,0.15617765479332224,0.4426951178324856,-0.04771834682339609,0.13045327304116755,Brain,Treatment vs Control,Brain | Treatment vs Control,0.4426951178324856,0.35389526751765715,FALSE,NS
Gene_2919,514.036419564023,-0.2777958093887633,0.19593330172537823,-1.4178080343795985,0.15624681784865913,0.4426951178324856,-0.041613874014730434,0.11294790128225518,Brain,Treatment vs Control,Brain | Treatment vs Control,0.4426951178324856,0.35389526751765715,FALSE,NS
Gene_3317,51.11077384165836,-0.5696868047886362,0.40282732960111506,-1.414220840856919,0.15729707064194082,0.44377964263821923,-0.11489668654212246,0.2820039499435478,Brain,Treatment vs Control,Brain | Treatment vs Control,0.44377964263821923,0.35283262389911335,FALSE,NS
Gene_2991,78.10640999645555,0.48401267649014107,0.3423746547637757,1.413693069144063,0.15745204123114598,0.44377964263821923,0.08983830510826439,0.23056563047277204,Brain,Treatment vs Control,Brain | Treatment vs Control,0.44377964263821923,0.35283262389911335,FALSE,NS
Gene_2258,62.95834394658636,0.46537135076384634,0.3292092132169854,1.4136036662410023,0.15747830422704295,0.44377964263821923,0.08466502770013185,0.21944341426214806,Brain,Treatment vs Control,Brain | Treatment vs Control,0.44377964263821923,0.35283262389911335,FALSE,NS
Gene_2152,138.7162202783932,0.33851543393382244,0.23943394891176026,1.4138155239572028,0.15741607429298454,0.44377964263821923,0.05331343537879645,0.1458165694505624,Brain,Treatment vs Control,Brain | Treatment vs Control,0.44377964263821923,0.35283262389911335,FALSE,NS
Gene_0507,269.25063400598253,0.3181262034250593,0.22479690298095154,1.4151716469688915,0.157018175432599,0.44377964263821923,0.049109417184203974,0.13453496352885616,Brain,Treatment vs Control,Brain | Treatment vs Control,0.44377964263821923,0.35283262389911335,FALSE,NS
Gene_2760,427.7928811634433,0.30327741312621587,0.2143143530372243,1.4151054692708311,0.15703757486090897,0.44377964263821923,0.04618093843955142,0.12646829602561008,Brain,Treatment vs Control,Brain | Treatment vs Control,0.44377964263821923,0.35283262389911335,FALSE,NS
Gene_0764,18.320456225661445,0.7887636468536702,0.5594500129385951,1.4098911942294376,0.1585718132137105,0.44579384749809853,0.18317385079922288,0.41136478615326466,Brain,Treatment vs Control,Brain | Treatment vs Control,0.44579384749809853,0.35086592961097185,FALSE,NS
Gene_1668,1077.2242253333402,-0.29388632930210923,0.20843003925672007,-1.4099998750186578,0.15853971981090484,0.44579384749809853,-0.04424474294837763,0.12145973524031234,Brain,Treatment vs Control,Brain | Treatment vs Control,0.44579384749809853,0.35086592961097185,FALSE,NS
Gene_3224,28708.70406643322,-0.2479161736750633,0.17575839659226908,-1.410550952226701,0.15837706256328032,0.44579384749809853,-0.03660927648639184,0.09779178585095347,Brain,Treatment vs Control,Brain | Treatment vs Control,0.44579384749809853,0.35086592961097185,FALSE,NS
Gene_0394,76.79548630434579,0.5089910355005677,0.36138120114689365,1.4084601907493075,0.15899484692721397,0.44662752943515716,0.09660186342027588,0.24553448126552968,Brain,Treatment vs Control,Brain | Treatment vs Control,0.44662752943515716,0.35005451119449577,FALSE,NS
Gene_3217,398.4377597361686,-0.2844237311570406,0.2021777654414027,-1.4068002509379565,0.1594866281572401,0.4472972867539434,-0.04243081952613474,0.11646822183164605,Brain,Treatment vs Control,Brain | Treatment vs Control,0.4472972867539434,0.3494037361921189,FALSE,NS
Gene_2524,455.3016979835561,0.27898927599832113,0.1982557522812244,1.4072190732835674,0.1593624375682335,0.4472972867539434,0.04149201110388334,0.1136200820272551,Brain,Treatment vs Control,Brain | Treatment vs Control,0.4472972867539434,0.3494037361921189,FALSE,NS
Gene_0769,6.548931098007853,-1.279081388232417,0.9098100906403889,-1.4058773379091771,0.1597605517703076,0.4474905488903099,-0.322044260910988,0.659078978910807,Brain,Treatment vs Control,Brain | Treatment vs Control,0.4474905488903099,0.3492161326567411,FALSE,NS
Gene_3145,23.13343659503389,0.6829544618977587,0.48584160938303955,1.4057142260108777,0.1598090008922914,0.4474905488903099,0.14921889520111392,0.34968480443619454,Brain,Treatment vs Control,Brain | Treatment vs Control,0.4474905488903099,0.3492161326567411,FALSE,NS
Gene_2541,171.80633890312086,0.3525262239857553,0.2511991918184924,1.403373241106915,0.16050556813943764,0.44895013701538994,0.05597831862159547,0.15372237562895874,Brain,Treatment vs Control,Brain | Treatment vs Control,0.44895013701538994,0.3478018915614863,FALSE,NS
Gene_2304,1013.3135567182428,-0.29115718351010456,0.20757176937510338,-1.402681994698199,0.1607116888098139,0.44895013701538994,-0.04351053638523328,0.12004539714321708,Brain,Treatment vs Control,Brain | Treatment vs Control,0.44895013701538994,0.3478018915614863,FALSE,NS
Gene_1211,655.7692877781101,-0.2843066048047972,0.2026611728844865,-1.402866670306143,0.16065660138032725,0.44895013701538994,-0.04228751579260004,0.11642720148679504,Brain,Treatment vs Control,Brain | Treatment vs Control,0.44895013701538994,0.3478018915614863,FALSE,NS
Gene_1968,9.460433488990109,1.2619715718990556,0.9016368056100643,1.3996451387598159,0.16161960981449106,0.4511295195691446,0.31636463777299206,0.6514032901532522,Brain,Treatment vs Control,Brain | Treatment vs Control,0.4511295195691446,0.34569875400063715,FALSE,NS
Gene_1185,214.7905433272248,-0.306613020625672,0.2191363405581929,-1.3991883767185989,0.16175650116955634,0.4511549807501607,-0.046293443120412246,0.12834188823195927,Brain,Treatment vs Control,Brain | Treatment vs Control,0.4511549807501607,0.34567424365957056,FALSE,NS
Gene_1488,85.94111035838448,0.43836445289932696,0.3140636307041623,1.39578228754622,0.16278006577286452,0.4536514698058285,0.07649181965860119,0.20348018277035068,Brain,Treatment vs Control,Brain | Treatment vs Control,0.4536514698058285,0.34327767769417095,FALSE,NS
Gene_0665,168.68408851842722,-0.3340897982000872,0.2394516309534338,-1.3952287435664104,0.1629468718702158,0.4537582054997886,-0.05169513713629181,0.1434327154911247,Brain,Treatment vs Control,Brain | Treatment vs Control,0.4537582054997886,0.3431755083557028,FALSE,NS
Gene_2084,10.823980106136748,-1.161847385587588,0.8331750009060254,-1.3944818127334018,0.16317215785388856,0.45402749360290034,-0.2901571254794132,0.6061547869619113,Brain,Treatment vs Control,Brain | Treatment vs Control,0.45402749360290034,0.34291784767484024,FALSE,NS
Gene_2379,139.7011592643709,-0.3795695167940676,0.27228676259320267,-1.394006499541609,0.1633156419514512,0.45406892262249937,-0.06178820213830432,0.16917885303354452,Brain,Treatment vs Control,Brain | Treatment vs Control,0.45406892262249937,0.3428782210574602,FALSE,NS
Gene_3137,141.2191341027601,0.387671112883972,0.27879089558216286,1.390544379415435,0.16436363276586546,0.45662312139753813,0.06356304022957283,0.17386656535603237,Brain,Treatment vs Control,Brain | Treatment vs Control,0.45662312139753813,0.34044210151610393,FALSE,NS
Gene_0522,8.63014757230247,-1.0656281259887797,0.767801226336104,-1.3878958374081865,0.16516876557651075,0.45813897191725017,-0.262921608127227,0.5597210658846876,Brain,Treatment vs Control,Brain | Treatment vs Control,0.45813897191725017,0.3390027630837512,FALSE,NS
Gene_1535,53.679190405515975,-0.4885215071857165,0.35188295594547814,-1.3883068188770404,0.16504363671094183,0.45813897191725017,-0.08961659003140221,0.23335255719748096,Brain,Treatment vs Control,Brain | Treatment vs Control,0.45813897191725017,0.3390027630837512,FALSE,NS
Gene_0452,12.04036528550106,1.0592400956988648,0.7637086143072591,1.3869688986809123,0.1654512467364923,0.4585622858921149,0.2609673971308023,0.5565308688343474,Brain,Treatment vs Control,Brain | Treatment vs Control,0.4585622858921149,0.3386016663580781,FALSE,NS
Gene_2976,388.74332007721796,-0.2996370906937159,0.21614956962023757,-1.3862488425036477,0.16567093198212035,0.45881102810107216,-0.0445534292792932,0.12466490685731385,Brain,Treatment vs Control,Brain | Treatment vs Control,0.45881102810107216,0.3383661518303146,FALSE,NS
Gene_2036,10.075295056588399,-1.191226539099467,0.860152836266142,-1.3849010186032644,0.16608273553330805,0.4592311191606192,-0.2954717578522184,0.6193862564709303,Brain,Treatment vs Control,Brain | Treatment vs Control,0.4592311191606192,0.33796869024897774,FALSE,NS
Gene_3092,78.87028003701313,0.41989226737864843,0.30317628102869776,1.3849773008426827,0.1660594083219712,0.4592311191606192,0.07123132625109609,0.19266451007320481,Brain,Treatment vs Control,Brain | Treatment vs Control,0.4592311191606192,0.33796869024897774,FALSE,NS
Gene_2504,7.430227830005112,1.3658195138049876,0.9868399066138387,1.384033524233478,0.1663481898829801,0.45924586276528756,0.3354749170625396,0.6938481040194349,Brain,Treatment vs Control,Brain | Treatment vs Control,0.45924586276528756,0.33795474745829845,FALSE,NS
Gene_3435,27.214393892712163,0.6803448213152283,0.4914276283004207,1.3844252584417545,0.16622827925253889,0.45924586276528756,0.14634527312745796,0.34818926974179265,Brain,Treatment vs Control,Brain | Treatment vs Control,0.45924586276528756,0.33795474745829845,FALSE,NS
Gene_0855,76.68366105573703,-0.5035018871316946,0.36421720758699655,-1.3824220180794964,0.16684215936242147,0.4602497380536799,-0.09345333830092814,0.2423587974394846,Brain,Treatment vs Control,Brain | Treatment vs Control,0.4602497380536799,0.33700644999803514,FALSE,NS
Gene_2887,143.5601294220649,-0.347826927310804,0.25176617863152756,-1.3815474707580409,0.16711069245737564,0.46063064408040083,-0.0541341226595701,0.1511972185863849,Brain,Treatment vs Control,Brain | Treatment vs Control,0.46063064408040083,0.33664717337932915,FALSE,NS
Gene_1884,1632.1430755734282,0.252765640842266,0.18305680109004976,1.3808044242941013,0.1673391027972295,0.46090044615991993,0.03648995757925366,0.10039816664659527,Brain,Treatment vs Control,Brain | Treatment vs Control,0.46090044615991993,0.3363928714704081,FALSE,NS
Gene_1191,81.9026109613542,-0.4654837532025392,0.33751140513464123,-1.3791645145053597,0.16784403627491368,0.46193085899198766,-0.082829017498030455,0.2196648008699668,Brain,Treatment vs Control,Brain | Treatment vs Control,0.46193085899198766,0.3354230240226131,FALSE,NS
Gene_3254,67.6495403019034,-0.4461681054948816,0.32403010951841904,-1.37693409466789,0.16853262488179274,0.46310404549230366,-0.0775988419302526,0.20821190532701675,Brain,Treatment vs Control,Brain | Treatment vs Control,0.46310404549230366,0.3343214251660935,FALSE,NS
Gene_0392,247.07366436265409,0.29901251764171666,0.21712289804729948,1.377157915313832,0.1684634300729788,0.46310404549230366,0.044152696653785684,0.12439496530088748,Brain,Treatment vs Control,Brain | Treatment vs Control,0.46310404549230366,0.3343214251660935,FALSE,NS
Gene_0059,13.41659090397391,-0.8915928644627987,0.6486579839255266,-1.3745192174573833,0.16928054835816944,0.46457035112172135,-0.21021030403950267,0.4688388940151676,Brain,Treatment vs Control,Brain | Treatment vs Control,0.46457035112172135,0.33294851032378686,FALSE,NS
Gene_2966,21.5211764513823,0.7583196918282671,0.5521017809842242,1.373514301070395,0.16959251843554202,0.46457035112172135,0.16936709598571903,0.393858904596453,Brain,Treatment vs Control,Brain | Treatment vs Control,0.46457035112172135,0.33294851032378686,FALSE,NS
Gene_3150,123.02595859093601,0.38651020781950496,0.2813791303232091,1.3736278428877648,0.16955724849328827,0.46457035112172135,0.0625913963943651,0.17331131590426982,Brain,Treatment vs Control,Brain | Treatment vs Control,0.46457035112172135,0.33294851032378686,FALSE,NS
Gene_0691,361.3613645486897,0.2812221364526009,0.20469849869278325,1.3738358524781673,0.1694926479228781,0.46457035112172135,0.040872300388337335,0.11500374384791195,Brain,Treatment vs Control,Brain | Treatment vs Control,0.46457035112172135,0.33294851032378686,FALSE,NS
Gene_2184,59.36551310536418,0.4485429793845861,0.3267390872915989,1.37278641224912,0.16981875609435565,0.4648294788908293,0.07801606309627032,0.20965209881170588,Brain,Treatment vs Control,Brain | Treatment vs Control,0.4648294788908293,0.3327063373439488,FALSE,NS
Gene_3129,493.8417469153855,0.28711692536902905,0.20921832459918438,1.3723316345214074,0.1699602219390513,0.46485634675971355,0.04185468161102124,0.11811107011605303,Brain,Treatment vs Control,Brain | Treatment vs Control,0.46485634675971355,0.33268123517098186,FALSE,NS
Gene_2788,273.5128067076714,0.3264438787777838,0.23811612335578905,1.3709440342685948,0.17039240300777087,0.4651009651073414,0.04928077949680323,0.13936341369186248,Brain,Treatment vs Control,Brain | Treatment vs Control,0.4651009651073414,0.33245275930517254,FALSE,NS
Gene_3074,289.98240812825514,0.27870454910468473,0.20331303465558387,1.3708149582087323,0.1704326467771283,0.4651009651073414,0.04035357136124301,0.11371412948424073,Brain,Treatment vs Control,Brain | Treatment vs Control,0.4651009651073414,0.33245275930517254,FALSE,NS
Gene_0053,592.172131469775,0.2552122649251171,0.18618087728745522,1.3707759284595078,0.17044481700620215,0.4651009651073414,0.03658049444956326,0.10170155458098848,Brain,Treatment vs Control,Brain | Treatment vs Control,0.4651009651073414,0.33245275930517254,FALSE,NS
Gene_1210,895.2120437371159,-0.256830678577068,0.18747108293663434,-1.36997490255005,0.17069473618331693,0.4654232536396078,-0.03680371257796748,0.10252050698533088,Brain,Treatment vs Control,Brain | Treatment vs Control,0.4654232536396078,0.3321519221342082,FALSE,NS
Gene_1828,107.15534580739431,-0.42690721877007226,0.3123575426057803,-1.3667261408470697,0.17171116097635064,0.4678334177526961,-0.07216864862487053,0.1969279593923737,Brain,Treatment vs Control,Brain | Treatment vs Control,0.4678334177526961,0.3299087593818512,FALSE,NS
Gene_2238,189.3401015249056,0.3445928363405669,0.2527102709914184,1.363588567210506,0.17269709235251193,0.4701568489566073,0.052802605366565655,0.14952467796106153,Brain,Treatment vs Control,Brain | Treatment vs Control,0.4701568489566073,0.3277572329737315,FALSE,NS
Gene_3286,1275.208316361075,0.3090103974955682,0.22677530164476384,1.362628095980324,0.172999749472427,0.4706179625478734,0.045581431257438756,0.12990056017655754,Brain,Treatment vs Control,Brain | Treatment vs Control,0.4706179625478734,0.3273315006905001,FALSE,NS
Gene_0643,10.474098213469833,1.0326907039146964,0.7585305002330932,1.3614359654586796,0.17337595680630197,0.47127829367440516,0.248858873687912,0.5429020977927463,Brain,Treatment vs Control,Brain | Treatment vs Control,0.47127829367440516,0.3267225626900136,FALSE,NS
Gene_0032,688.4254673978091,-0.2486052265803902,0.18293818583652616,-1.3589575377255803,0.17416004454284115,0.47304547483136317,-0.0352852666955667,0.09851509744354413,Brain,Treatment vs Control,Brain | Treatment vs Control,0.47304547483136317,0.3250971076363583,FALSE,NS
Gene_1366,7.023507454517883,1.4233009791782962,1.0478196699651146,1.3583453527129175,0.17435412568513536,0.47309622253510636,0.3396042969085778,0.714662889564326,Brain,Treatment vs Control,Brain | Treatment vs Control,0.47309622253510636,0.32505051958768144,FALSE,NS
Gene_1979,86.62064719521683,0.39006604249678395,0.2873962901658577,1.3572410495336424,0.17470463150463403,0.47309622253510636,0.06277391621145789,0.17551589479471602,Brain,Treatment vs Control,Brain | Treatment vs Control,0.47309622253510636,0.32505051958768144,FALSE,NS
Gene_3053,809.7633565056187,-0.2751766953993806,0.20275182394026406,-1.3572094694470163,0.17471466275439781,0.47309622253510636,-0.03937144648551657,0.11200106571747773,Brain,Treatment vs Control,Brain | Treatment vs Control,0.47309622253510636,0.32505051958768144,FALSE,NS
Gene_2609,1326.7233136842124,0.23372615160458374,0.17214283400217417,1.357745461548703,0.17454446593167208,0.47309622253510636,0.03320400211162251,0.0912756769269395,Brain,Treatment vs Control,Brain | Treatment vs Control,0.47309622253510636,0.32505051958768144,FALSE,NS
Gene_0086,5.9127954483799225,1.44415411390435,1.0644152132370537,1.3567582424084776,0.17485803963414923,0.4731216382744681,0.3430227997719205,0.7223382687427531,Brain,Treatment vs Control,Brain | Treatment vs Control,0.4731216382744681,0.32502718898736593,FALSE,NS
Gene_2722,9.661266667616825,-1.120278454087974,0.8270865883739941,-1.3544875105403156,0.17558089532398546,0.4743505289892828,-0.27088744463592856,0.5856792593468798,Brain,Treatment vs Control,Brain | Treatment vs Control,0.4743505289892828,0.3239006107637071,FALSE,NS
Gene_2044,298.8276161097868,0.2810070295856133,0.20740297791576512,1.3548842567715773,0.17545443626751892,0.4743505289892828,0.040287146620254205,0.11505785841110215,Brain,Treatment vs Control,Brain | Treatment vs Control,0.4743505289892828,0.3239006107637071,FALSE,NS
Gene_0027,258.23377704173413,-0.3049910652543032,0.22535233870380078,-1.3533964946118362,0.17592899671858328,0.47492758976553334,-0.04453803488408319,0.12781526550508265,Brain,Treatment vs Control,Brain | Treatment vs Control,0.47492758976553334,0.3233726004013752,FALSE,NS
Gene_0401,7.923000594928252,1.1376418546509917,0.842429679591393,1.3504294568572022,0.1768782673649169,0.4763975301796503,0.2744793441271248,0.5938072383692724,Brain,Treatment vs Control,Brain | Treatment vs Control,0.4763975301796503,0.3220304987260561,FALSE,NS
Gene_0169,10.01511366728758,0.9847989459593154,0.7290567888168236,1.3507849608773719,0.17676432698902889,0.4763975301796503,0.23369123564436228,0.5183989774648616,Brain,Treatment vs Control,Brain | Treatment vs Control,0.4763975301796503,0.3220304987260561,FALSE,NS
Gene_3496,1102.78500010197,-0.2823582089278521,0.20906318714940705,-1.3505878905694895,0.17682748200633444,0.4763975301796503,-0.04039585986812903,0.11580719117606156,Brain,Treatment vs Control,Brain | Treatment vs Control,0.4763975301796503,0.3220304987260561,FALSE,NS
Gene_0755,163.62463232800997,0.3827788206705322,0.28354145450233403,1.3499924423480774,0.1770184071298956,0.47641158199364436,0.060793128930246076,0.17138675042134696,Brain,Treatment vs Control,Brain | Treatment vs Control,0.47641158199364436,0.3220176889718234,FALSE,NS
Gene_1671,3789.2315084885286,0.21809564952246915,0.1617424954487236,1.3484127898324092,0.17752565260491635,0.47741285555823276,0.031042992502363486,0.08401050885139418,Brain,Treatment vs Control,Brain | Treatment vs Control,0.47741285555823276,0.3211058906857116,FALSE,NS
Gene_3439,31.50943845320165,-0.6326344302902682,0.46934763349792585,-1.347901608825442,0.17769003057763652,0.47749124655223335,-0.12869206597400806,0.3201820359221622,Brain,Treatment vs Control,Brain | Treatment vs Control,0.47749124655223335,0.321034585564859,FALSE,NS
Gene_1771,562.406432820655,-0.3205712287241546,0.2380403500679707,-1.3467096172250537,0.17807377366644525,0.47815855119104045,-0.047325663601405915,0.13636230453239015,Brain,Treatment vs Control,Brain | Treatment vs Control,0.47815855119104045,0.32042807307426124,FALSE,NS
Gene_0447,3.957015331766435,-1.6486435192647166,1.2256727031574441,-1.3450927927314211,0.17859527040705112,0.47886726929375945,-0.37165127284891336,0.7902816686967691,Brain,Treatment vs Control,Brain | Treatment vs Control,0.47886726929375945,0.3197848460872514,FALSE,NS
Gene_1262,982.0185493840339,-0.2598982186311087,0.1932256305355473,-1.3450504361702458,0.1786089475105866,0.47886726929375945,-0.03659663747641502,0.10429984589751146,Brain,Treatment vs Control,Brain | Treatment vs Control,0.47886726929375945,0.3197848460872514,FALSE,NS
Gene_1406,391.2645630318129,-0.2748352404160755,0.20461740834136002,-1.3431664619540686,0.17921807876841891,0.47977182420870895,-0.03892399393405716,0.11196510551796156,Brain,Treatment vs Control,Brain | Treatment vs Control,0.47977182420870895,0.31896526064077263,FALSE,NS
Gene_2255,1179.3546044225516,0.23176339573478771,0.1725398716260057,1.3432454397390179,0.1791925124922951,0.47977182420870895,0.032578666703510284,0.09047908983947558,Brain,Treatment vs Control,Brain | Treatment vs Control,0.47977182420870895,0.31896526064077263,FALSE,NS
Gene_1531,86.87589058051718,0.44006614864131804,0.3279434828746292,1.3418963072047163,0.1796296192800359,0.48050923157409603,0.07438186814031529,0.20497161795208635,Brain,Treatment vs Control,Brain | Treatment vs Control,0.48050923157409603,0.3182982642219161,FALSE,NS
Gene_3330,161.07819589011666,0.316826994474091,0.23643165505241562,1.3400362756156834,0.18023355164612015,0.4817597811222182,0.04638805159783373,0.13438631213594782,Brain,Treatment vs Control,Brain | Treatment vs Control,0.4817597811222182,0.31716945914415723,FALSE,NS
Gene_1394,46.76447551918793,-0.49744906374209896,0.3714914041051361,-1.339059418993489,0.18055133006676283,0.48224413499677726,-0.08935175090103656,0.2392030339605748,Brain,Treatment vs Control,Brain | Treatment vs Control,0.48224413499677726,0.3167330454964676,FALSE,NS
Gene_0217,10.645373422744198,-1.005013737200734,0.751341141844099,-1.337626387307926,0.18101825821645237,0.48226107247111794,-0.23713497740809902,0.5287812835407478,Brain,Treatment vs Control,Brain | Treatment vs Control,0.48226107247111794,0.3167177923872312,FALSE,NS
Gene_0718,127.15542804992069,0.361449578320452,0.27004344116421103,1.3384867885039937,0.18073780420961091,0.48226107247111794,0.05557140282648945,0.15931381284407517,Brain,Treatment vs Control,Brain | Treatment vs Control,0.48226107247111794,0.3167177923872312,FALSE,NS
Gene_0598,815.0905526990803,0.31828623712439535,0.23796568008437877,1.3375300043751528,0.18104969504447746,0.48226107247111794,0.04659490380157486,0.13521402016341372,Brain,Treatment vs Control,Brain | Treatment vs Control,0.48226107247111794,0.3167177923872312,FALSE,NS
Gene_3375,501.0305706085044,0.2790215609459081,0.20863553197785065,1.3373635751341235,0.18110398813273929,0.48226107247111794,0.0394609904706176,0.11420438606762154,Brain,Treatment vs Control,Brain | Treatment vs Control,0.48226107247111794,0.3167177923872312,FALSE,NS
Gene_0707,10.667862237578703,0.9351276482252575,0.700234907423343,1.3354484878028292,0.18172960411210928,0.48263796421469735,0.2172572826546335,0.49239559322205895,Brain,Treatment vs Control,Brain | Treatment vs Control,0.48263796421469735,0.31637851955844287,FALSE,NS
Gene_3136,30.23630427738007,0.5718744785027601,0.4280688139741295,1.335940530667393,0.18156871191137708,0.48263796421469735,0.11002643972592979,0.2839617825167141,Brain,Treatment vs Control,Brain | Treatment vs Control,0.48263796421469735,0.31637851955844287,FALSE,NS
Gene_2424,39.647712334508995,-0.5406064388672439,0.404870719908224,-1.3352569407582462,0.18179226632839068,0.48263796421469735,-0.10108477770952538,0.2651764490835886,Brain,Treatment vs Control,Brain | Treatment vs Control,0.48263796421469735,0.31637851955844287,FALSE,NS
Gene_1213,63.763288643296804,-0.46449793069875295,0.34759188317606343,-1.3363313505898924,0.18144099375612388,0.48263796421469735,-0.08042384333955113,0.21955365105474595,Brain,Treatment vs Control,Brain | Treatment vs Control,0.48263796421469735,0.31637851955844287,FALSE,NS
Gene_3498,6.476822026697078,1.2831554791435529,0.9616315734377908,1.3343524844513248,0.18208836444100537,0.4826982093402327,0.3048985586822561,0.6579950386622407,Brain,Treatment vs Control,Brain | Treatment vs Control,0.4826982093402327,0.3163243122753589,FALSE,NS
Gene_1308,27.1516135235702,0.661531147541528,0.4957441002109818,1.3344206159185545,0.18206604732104534,0.4826982093402327,0.1362157267971253,0.33758696200491684,Brain,Treatment vs Control,Brain | Treatment vs Control,0.4826982093402327,0.3163243122753589,FALSE,NS
Gene_1421,18.895807585012083,-0.7561426845329855,0.5672962745399955,-1.3328885072374574,0.18256839464816954,0.4836076530402751,-0.16437868475581063,0.39302955503124226,Brain,Treatment vs Control,Brain | Treatment vs Control,0.4836076530402751,0.31550683509236016,FALSE,NS
Gene_0916,2548.4837283542665,-0.23886165597199094,0.1795190238387269,-1.330564587887773,0.1833323210385118,0.4852671855974402,-0.033192399101460164,0.09403186446396423,Brain,Treatment vs Control,Brain | Treatment vs Control,0.4852671855974402,0.31401907525340866,FALSE,NS
Gene_3091,15.305005427184897,-0.864062916234144,0.6503402339535754,-1.3286321084293014,0.18396937351574097,0.48604713018863926,-0.19584158545039804,0.454007272517048,Brain,Treatment vs Control,Brain | Treatment vs Control,0.48604713018863926,0.3133216167696953,FALSE,NS
Gene_2710,45.98013499693753,-0.5773528653243379,0.4347531485646384,-1.328001573376755,0.1841775871403,0.48604713018863926,-0.11108213551706922,0.28739226737713053,Brain,Treatment vs Control,Brain | Treatment vs Control,0.48604713018863926,0.3133216167696953,FALSE,NS
Gene_0019,127.24711704695298,0.4090999533595458,0.3080335937172039,1.328101745081505,0.18414449705155256,0.48604713018863926,0.06614793286199187,0.18695573809702284,Brain,Treatment vs Control,Brain | Treatment vs Control,0.48604713018863926,0.3133216167696953,FALSE,NS
Gene_0364,534.4716465759385,0.24958139820899042,0.187798880860166,1.3289823510440797,0.18385379264970814,0.48604713018863926,0.034644708328714094,0.09930961522018664,Brain,Treatment vs Control,Brain | Treatment vs Control,0.48604713018863926,0.3133216167696953,FALSE,NS
Gene_0634,108.42242510912281,-0.35872816563527543,0.2704669939885299,-1.3263288076122461,0.18473080876908746,0.48714300654491993,-0.054562424833960774,0.15793016522127185,Brain,Treatment vs Control,Brain | Treatment vs Control,0.48714300654491993,0.31234352782780883,FALSE,NS
Gene_1768,32.72131522756253,-0.6956414006710985,0.5250194000664336,-1.3249822779559672,0.18517702931717803,0.48774963995622306,-0.14556374852932485,0.35791100846935964,Brain,Treatment vs Control,Brain | Treatment vs Control,0.48774963995622306,0.3118030425179308,FALSE,NS
Gene_0110,834.8915836237345,0.2656397783193123,0.2005129462345253,1.324801132833652,0.18523711899781795,0.48774963995622306,0.03695211792460538,0.10744476440475953,Brain,Treatment vs Control,Brain | Treatment vs Control,0.48774963995622306,0.3118030425179308,FALSE,NS
Gene_3105,482.1037919248521,-0.34396565519197575,0.2600312303992015,-1.322785938688663,0.18590657465595137,0.4891476267586917,-0.051310504101964055,0.14964735890360212,Brain,Treatment vs Control,Brain | Treatment vs Control,0.4891476267586917,0.31056004923864744,FALSE,NS
Gene_1814,32.987587435252735,-0.5532956803792473,0.41859198600327824,-1.3218018951153883,0.186234127125325,0.4896446037822208,-0.10385156950262438,0.2730485133689404,Brain,Treatment vs Control,Brain | Treatment vs Control,0.4896446037822208,0.3101190273531757,FALSE,NS
Gene_0242,9.624144636954473,-1.0068007771980125,0.7621137542380186,-1.3210636490934853,0.186480142371606,0.48992662404325954,-0.23489611318065282,0.5297427401225284,Brain,Treatment vs Control,Brain | Treatment vs Control,0.48992662404325954,0.30986895907215867,FALSE,NS
Gene_1376,91.0163156790472,0.4269073796825086,0.32336387479573325,1.3202073977873474,0.18676578271880465,0.49022183319058105,0.0701603907155341,0.19753460522725844,Brain,Treatment vs Control,Brain | Treatment vs Control,0.49022183319058105,0.3096073503196893,FALSE,NS
Gene_2032,68.05597399553449,0.4165074037096024,0.3156452223586479,1.3195428734744197,0.18698768673745664,0.49022183319058105,0.06759470799820783,0.19143083163850466,Brain,Treatment vs Control,Brain | Treatment vs Control,0.49022183319058105,0.3096073503196893,FALSE,NS
Gene_2632,214.22339475852942,0.29156311612163527,0.22096835528842615,1.319479052740665,0.18700900858332276,0.49022183319058105,0.04112314338935499,0.1210230187847994,Brain,Treatment vs Control,Brain | Treatment vs Control,0.49022183319058105,0.3096073503196893,FALSE,NS
Gene_0476,37.61275336986654,-0.5527509639227215,0.4191101814379599,-1.3188678977595876,0.18721328006639698,0.4903932432599761,-0.1035223718321271,0.2727792290315379,Brain,Treatment vs Control,Brain | Treatment vs Control,0.4903932432599761,0.3094555222480497,FALSE,NS
Gene_3023,191.083690325849,-0.29826473582135343,0.22631723339269907,-1.317905540599346,0.18753527073170256,0.49087252850529417,-0.04227137690351711,0.12461821696762664,Brain,Treatment vs Control,Brain | Treatment vs Control,0.49087252850529417,0.3090312723458491,FALSE,NS
Gene_2065,30.58498174680064,-0.5808365109921428,0.4409714969779809,-1.3171747266493867,0.18778006339373035,0.4911491880320458,-0.11137800850462157,0.28969858262892323,Brain,Treatment vs Control,Brain | Treatment vs Control,0.4911491880320458,0.3087865695923568,FALSE,NS
Gene_2213,10.108382099721094,1.099113691253208,0.8359355219801621,1.3148307044658543,0.18856680577794763,0.49143871861926786,0.25781187042072695,0.5752665009814044,Brain,Treatment vs Control,Brain | Treatment vs Control,0.49143871861926786,0.3085306300694688,FALSE,NS
Gene_2176,12.050246182646967,-0.9826272905574431,0.747374857311978,-1.3147716717305402,0.18858665073041855,0.49143871861926786,-0.22735353679922818,0.5174199932128407,Brain,Treatment vs Control,Brain | Treatment vs Control,0.49143871861926786,0.3085306300694688,FALSE,NS
Gene_2912,21.118282869136326,-0.6595247746735285,0.5015141498985194,-1.3150671318186782,0.18848734176078316,0.49143871861926786,-0.13406259164838788,0.33677452114906115,Brain,Treatment vs Control,Brain | Treatment vs Control,0.49143871861926786,0.3085306300694688,FALSE,NS
Gene_1487,265.0188004578609,-0.2895209700069652,0.22004286692989616,-1.3157480360370153,0.18825862560205103,0.49143871861926786,-0.040664326254041476,0.11999020110784485,Brain,Treatment vs Control,Brain | Treatment vs Control,0.49143871861926786,0.3085306300694688,FALSE,NS
Gene_1993,451.1857382903106,0.27365745302163413,0.20790085035879377,1.3162882814060552,0.18807730256371755,0.49143871861926786,0.03800938441249623,0.11167491231674641,Brain,Treatment vs Control,Brain | Treatment vs Control,0.49143871861926786,0.3085306300694688,FALSE,NS
Gene_0670,33.563076315897206,0.6188741281217349,0.4721057651567096,1.3108802598847895,0.1898982210410629,0.4941091035246524,0.12189508623988685,0.3126433946873537,Brain,Treatment vs Control,Brain | Treatment vs Control,0.4941091035246524,0.30617714454389366,FALSE,NS
Gene_1343,172.03449016620476,0.2995241531045905,0.2284880179157587,1.3108965443212963,0.1898927185314461,0.4941091035246524,0.04230397559883696,0.12539162951688024,Brain,Treatment vs Control,Brain | Treatment vs Control,0.4941091035246524,0.30617714454389366,FALSE,NS
Gene_1989,350.889695412434,-0.2645322839029647,0.20185802638953357,-1.3104868240041447,0.1900311986934234,0.4941091035246524,-0.03641009030980468,0.10706273027984008,Brain,Treatment vs Control,Brain | Treatment vs Control,0.4941091035246524,0.30617714454389366,FALSE,NS
Gene_1996,57.36996767861586,0.46878081680790584,0.35819824685194507,1.308718903366571,0.19062958602990027,0.4951497602324867,0.0802496972521536,0.22259358433012044,Brain,Treatment vs Control,Brain | Treatment vs Control,0.4951497602324867,0.3052634269133775,FALSE,NS
Gene_2934,1048.677022642382,-0.21782475177055627,0.16647209482565886,-1.3084760662060357,0.19071188726031774,0.4951497602324867,-0.030038132945568122,0.08432997933955996,Brain,Treatment vs Control,Brain | Treatment vs Control,0.4951497602324867,0.3052634269133775,FALSE,NS
Gene_0659,8.015868212567801,-1.0853683629470368,0.831439531610555,-1.3054086577343806,0.1917537318804633,0.4974889252534283,-0.25264025205173557,0.5686854363031468,Brain,Treatment vs Control,Brain | Treatment vs Control,0.4974889252534283,0.3032165827672191,FALSE,NS
Gene_0552,7.928985285693362,-1.0742634288436244,0.8238118960677717,-1.3040154360131369,0.19222831941136398,0.4976233107342568,-0.24960015991328752,0.5633278633258677,Brain,Treatment vs Control,Brain | Treatment vs Control,0.4976233107342568,0.3030992836907614,FALSE,NS
Gene_1953,10.742184097559518,1.059185007474135,0.8120700398225209,1.3043025299955917,0.192130453043937,0.4976233107342568,0.24582476954700683,0.5559800095028498,Brain,Treatment vs Control,Brain | Treatment vs Control,0.4976233107342568,0.3030992836907614,FALSE,NS
Gene_2019,6686.372919747321,0.22359610991824333,0.17136775865647738,1.304773498067758,0.19196998589482336,0.4976233107342568,0.0306238458407289,0.08706045755990237,Brain,Treatment vs Control,Brain | Treatment vs Control,0.4976233107342568,0.3030992836907614,FALSE,NS
Gene_0696,99.13099951624743,-0.36578921074699905,0.2813803114933751,-1.2999815403062103,0.19360729607060395,0.4997276041120633,-0.055222132258411716,0.16237630375820086,Brain,Treatment vs Control,Brain | Treatment vs Control,0.4997276041120633,0.3012666601983303,FALSE,NS
Gene_2796,105.80104488700192,0.35693616174669385,0.2743800573933322,1.3008823058704115,0.19329874354008364,0.4997276041120633,0.053345504225757706,0.15731800611977453,Brain,Treatment vs Control,Brain | Treatment vs Control,0.4997276041120633,0.3012666601983303,FALSE,NS
Gene_1159,154.72346499924086,0.32941774590175243,0.2533933618523929,1.3000251604603807,0.1935923458869087,0.4997276041120633,0.047658702238400935,0.141882846498971,Brain,Treatment vs Control,Brain | Treatment vs Control,0.4997276041120633,0.3012666601983303,FALSE,NS
Gene_0207,927.1838889326016,-0.21926486809852272,0.1686078726772397,-1.3004426461049894,0.19344930153859086,0.4997276041120633,-0.030013201009161383,0.0850976090019623,Brain,Treatment vs Control,Brain | Treatment vs Control,0.4997276041120633,0.3012666601983303,FALSE,NS
Gene_3219,7.0585691817957406,-1.26252676173855,0.9741864770307538,-1.2959805863725757,0.19498217338298413,0.5003503300983408,-0.29148202833940834,0.6484825616252415,Brain,Treatment vs Control,Brain | Treatment vs Control,0.5003503300983408,0.30072580936005083,FALSE,NS
Gene_2677,8.330845707474412,-1.09798742912478,0.8463316251336146,-1.2973489309836852,0.1945111555630876,0.5003503300983408,-0.25430564865186855,0.5747546921087573,Brain,Treatment vs Control,Brain | Treatment vs Control,0.5003503300983408,0.30072580936005083,FALSE,NS
Gene_2144,81.16730702961635,0.38273558716637307,0.295257866058909,1.2962756666744002,0.19488052881314094,0.5003503300983408,0.0588486316892852,0.17218313271972369,Brain,Treatment vs Control,Brain | Treatment vs Control,0.5003503300983408,0.30072580936005083,FALSE,NS
Gene_1982,1577.1152578784654,0.3197691126496615,0.24619995574970036,1.2988187251128323,0.19400614693297505,0.5003503300983408,0.04574058081660479,0.136575630379752,Brain,Treatment vs Control,Brain | Treatment vs Control,0.5003503300983408,0.30072580936005083,FALSE,NS
Gene_1883,144.0565656241335,0.3154978451077576,0.2431942025330375,1.2973082492165813,0.1945251471738875,0.5003503300983408,0.04488239695325542,0.13425874742083038,Brain,Treatment vs Control,Brain | Treatment vs Control,0.5003503300983408,0.30072580936005083,FALSE,NS
Gene_2364,337.3242003525326,0.2978706151963025,0.22947633366150189,1.298045033418079,0.19427186064509494,0.5003503300983408,0.041657696157883145,0.12469894457677382,Brain,Treatment vs Control,Brain | Treatment vs Control,0.5003503300983408,0.30072580936005083,FALSE,NS
Gene_2984,881.2145094194852,0.2685948288159074,0.2071977548280788,1.2963211355198925,0.1948648698848514,0.5003503300983408,0.03668762105717231,0.10934348084547874,Brain,Treatment vs Control,Brain | Treatment vs Control,0.5003503300983408,0.30072580936005083,FALSE,NS
Gene_1626,1407.668242191952,-0.21029061290948786,0.16222267382730987,-1.2963083886371367,0.19486925966619556,0.5003503300983408,-0.028923103102641526,0.08104211661762323,Brain,Treatment vs Control,Brain | Treatment vs Control,0.5003503300983408,0.30072580936005083,FALSE,NS
Gene_1636,9.267839073339474,-1.1257961549099762,0.8696580479087976,-1.2945273807528084,0.19548331785836415,0.5012720372969381,-0.2605195052419331,0.5878691457009361,Brain,Treatment vs Control,Brain | Treatment vs Control,0.5012720372969381,0.299926521172606,FALSE,NS
Gene_1554,360.32944230419935,-0.2685707365634921,0.20760534235044423,-1.293660045174254,0.19578287205510603,0.5016758499467194,-0.03661732098755295,0.10937105661252874,Brain,Treatment vs Control,Brain | Treatment vs Control,0.5016758499467194,0.29957680486684424,FALSE,NS
Gene_0088,22.131880549656238,0.835278849959074,0.6460045199597131,1.2929922688639464,0.196013733018279,0.5019031843999588,0.18324736360989363,0.43874152388497656,Brain,Treatment vs Control,Brain | Treatment vs Control,0.5019031843999588,0.2993800488627865,FALSE,NS
Gene_0711,44.14383598180338,-0.4824277524501592,0.3732498886922194,-1.2925060852408383,0.19618193992587515,0.5019042673791205,-0.08305486821251973,0.23111386252824015,Brain,Treatment vs Control,Brain | Treatment vs Control,0.5019042673791205,0.29937911176698573,FALSE,NS
Gene_1390,116.18286813900384,-0.33901868980425387,0.26236394014013475,-1.2921695322275462,0.19629844045612166,0.5019042673791205,-0.049352146423046174,0.14737103798223755,Brain,Treatment vs Control,Brain | Treatment vs Control,0.5019042673791205,0.29937911176698573,FALSE,NS
Gene_0206,618.0168033377146,-0.23262964756008384,0.1801629607979421,-1.2912179425214076,0.19662811511235068,0.5023834113326413,-0.0314200105860604,0.09152404283855221,Brain,Treatment vs Control,Brain | Treatment vs Control,0.5023834113326413,0.29896470940947206,FALSE,NS
Gene_1434,36.618210126327256,-0.5578752151527832,0.43253674105271644,-1.2897753235829525,0.19712867806635864,0.5032981650414406,-0.10325614839852192,0.2765500537581793,Brain,Treatment vs Control,Brain | Treatment vs Control,0.5032981650414406,0.29817465298022905,FALSE,NS
Gene_0674,60.09396350427316,-0.43217959019687896,0.33560728164829734,-1.2877539130685056,0.19783163980208196,0.5046904743379957,-0.0701563268557268,0.20129430512896115,Brain,Treatment vs Control,Brain | Treatment vs Control,0.5046904743379957,0.29697489217831247,FALSE,NS
Gene_2396,183.31560364822423,-0.3283600030336905,0.255059530727636,-1.2873857412696648,0.19795987169587204,0.5046904743379957,-0.047085591398394466,0.14151817567150476,Brain,Treatment vs Control,Brain | Treatment vs Control,0.5046904743379957,0.29697489217831247,FALSE,NS
Gene_2254,651.1243247142874,-0.2321219728349551,0.180412238432524,-1.2866198815097074,0.19822681054885255,0.5050063983030291,-0.031247694097792145,0.09134601670800041,Brain,Treatment vs Control,Brain | Treatment vs Control,0.5050063983030291,0.296703119445505,FALSE,NS
Gene_3008,356.10572655715407,-0.25249554334301877,0.1964241436448468,-1.2854608331629247,0.19863129501788818,0.5056720279078321,-0.03398938031082629,0.1013421250431671,Brain,Treatment vs Control,Brain | Treatment vs Control,0.5056720279078321,0.29613106942710854,FALSE,NS
Gene_1623,68.75311879271882,0.400092876565303,0.3113449972586964,1.2850467490661686,0.19877594820778294,0.5056757010963123,0.06242379132421569,0.18249585898554896,Brain,Treatment vs Control,Brain | Treatment vs Control,0.5056757010963123,0.2961279147347268,FALSE,NS
Gene_2350,11.676040656098225,-0.8724389529615542,0.6796618644810202,-1.2836367590341937,0.19926908161701049,0.5062213440357988,-0.1926521343251949,0.4594806087570095,Brain,Treatment vs Control,Brain | Treatment vs Control,0.5062213440357988,0.2956595474402159,FALSE,NS
Gene_2307,40.44851179144685,-0.48524493211098857,0.37803035587370065,-1.2836136690385471,0.19927716460202782,0.5062213440357988,-0.0833836189980542,0.23302544672071857,Brain,Treatment vs Control,Brain | Treatment vs Control,0.5062213440357988,0.2956595474402159,FALSE,NS
Gene_3321,6013.071684302142,0.2474083174919907,0.19289517859262623,1.2826049842048688,0.19963050310138747,0.506754354026599,0.03319738021249101,0.09885410376643791,Brain,Treatment vs Control,Brain | Treatment vs Control,0.506754354026599,0.29520251116657176,FALSE,NS
Gene_1525,425.8577242291102,0.27376907188863375,0.21364402287397882,1.2814263100172036,0.20004396780092445,0.5070748386971029,0.0371410892680589,0.11224998496022258,Brain,Treatment vs Control,Brain | Treatment vs Control,0.5070748386971029,0.29492793882328255,FALSE,NS
Gene_3185,1021.9093958249865,0.22239240953214515,0.17352402548210752,1.2816231580282038,0.19997487242985698,0.5070748386971029,0.029940175871853575,0.08681048031105909,Brain,Treatment vs Control,Brain | Treatment vs Control,0.5070748386971029,0.29492793882328255,FALSE,NS
Gene_0332,8.835569340840799,-1.0565850520851356,0.825628539308216,-1.279734168310649,0.200638643454461,0.5076420678470003,-0.2409838242071646,0.5549556853222966,Brain,Treatment vs Control,Brain | Treatment vs Control,0.5076420678470003,0.29444239548829737,FALSE,NS
Gene_3440,388.4839310789458,0.27712400716402064,0.21657715559253934,1.279562502360092,0.2006990446656506,0.5076420678470003,0.03763823012262517,0.11402674247370446,Brain,Treatment vs Control,Brain | Treatment vs Control,0.5076420678470003,0.29444239548829737,FALSE,NS
Gene_2031,1427.3099337854878,-0.21582756739033626,0.16864987860988587,-1.2797374606451981,0.2006374851657433,0.5076420678470003,-0.029143819762380493,0.0837916916162665,Brain,Treatment vs Control,Brain | Treatment vs Control,0.5076420678470003,0.29444239548829737,FALSE,NS
Gene_1117,276.2966924481247,-0.2651091214228107,0.2075124997828964,-1.2775573601598602,0.20140554329693827,0.5090644047111589,-0.03568358681122928,0.10785069801477158,Brain,Treatment vs Control,Brain | Treatment vs Control,0.5090644047111589,0.29322726905572144,FALSE,NS
Gene_0100,16.298344190456387,-0.8083640138879998,0.6329984351386622,-1.2770395138669226,0.20158829738576461,0.5091618584185514,-0.17384475524678838,0.4241125190860731,Brain,Treatment vs Control,Brain | Treatment vs Control,0.5091618584185514,0.2931441370269703,FALSE,NS
Gene_3119,41.73484691943472,0.48762370024336665,0.38201929841668253,1.2764373482291922,0.20180096079966311,0.5093346623185208,0.0836788263731348,0.2346457135189437,Brain,Treatment vs Control,Brain | Treatment vs Control,0.5093346623185208,0.29299676729246427,FALSE,NS
Gene_0307,40.458947950346634,0.4938510750156605,0.3875844705788474,1.2741766311692178,0.20260082514653457,0.5109882239945811,0.08519916638238567,0.23844876764882975,Brain,Treatment vs Control,Brain | Treatment vs Control,0.5109882239945811,0.2915891083058005,FALSE,NS
Gene_2192,3444.5371171590405,-0.23866655409254237,0.187412967382894,-1.273479404469034,0.20284797636250088,0.511246398669515,-0.03179254537958433,0.09470332213921864,Brain,Treatment vs Control,Brain | Treatment vs Control,0.511246398669515,0.2913697382383247,FALSE,NS
Gene_1462,155.1910752696128,0.3582408838535508,0.2819226165811163,1.2707064378088866,0.2038331044471918,0.5133628329550886,0.05269341358607851,0.15866265157294215,Brain,Treatment vs Control,Brain | Treatment vs Control,0.5133628329550886,0.28957557708805254,FALSE,NS
Gene_2575,51.02804592603956,0.4538654551219355,0.35739659271552543,1.2699210467381141,0.20411275531774822,0.5137007405751739,0.07480575470453896,0.21462521883412888,Brain,Treatment vs Control,Brain | Treatment vs Control,0.5137007405751739,0.2892898081758387,FALSE,NS
Gene_0367,97.05778788530185,0.39789314953285265,0.3134445286504724,1.2694212632964808,0.20429085637394756,0.5137827734020006,0.06138333780463441,0.18157733126467235,Brain,Treatment vs Control,Brain | Treatment vs Control,0.5137827734020006,0.2892204612644444,FALSE,NS
Gene_0543,91.63061388973976,0.35713334651536405,0.28145467945362435,1.2688840249828193,0.20448243076932326,0.5138985502110182,0.05240599965101098,0.15807276931466477,Brain,Treatment vs Control,Brain | Treatment vs Control,0.5138985502110182,0.28912260752643026,FALSE,NS
Gene_0655,12.473866790216046,-0.9781318927932798,0.7713814943201267,-1.2680261323294733,0.2047886185272427,0.514302000014007,-0.21916592233776158,0.5159048903750204,Brain,Treatment vs Control,Brain | Treatment vs Control,0.514302000014007,0.2887817867942937,FALSE,NS
Gene_2900,16.148846804668793,0.8168935512845126,0.6452632081483441,1.265985013508954,0.205518447753,0.5150359396847715,0.17509991788631793,0.4292662819885484,Brain,Treatment vs Control,Brain | Treatment vs Control,0.5150359396847715,0.2881624644303034,FALSE,NS
Gene_2925,55.24919035205397,-0.4400503337518709,0.34751824037996315,-1.266265429033989,0.20541806959513478,0.5150359396847715,-0.07125474379551228,0.20650322147478417,Brain,Treatment vs Control,Brain | Treatment vs Control,0.5150359396847715,0.2881624644303034,FALSE,NS
Gene_3400,1450.7578150571276,0.21159711677849685,0.16705167100681498,1.2666566907305261,0.20527807224710043,0.5150359396847715,0.02838549396834133,0.08204675432083054,Brain,Treatment vs Control,Brain | Treatment vs Control,0.5150359396847715,0.2881624644303034,FALSE,NS
Gene_3473,60.773720610298206,0.4258597079619831,0.3366339176379095,1.2650528828174905,0.20585237147738764,0.5155068962316708,0.06777931492117886,0.19812571646822794,Brain,Treatment vs Control,Brain | Treatment vs Control,0.5155068962316708,0.28776552053501836,FALSE,NS
Gene_0636,283.8423822753254,-0.3091553287384792,0.24449028653247684,-1.264489207825492,0.2060544918829228,0.5156473499919209,-0.04281744848787304,0.13140224851692406,Brain,Treatment vs Control,Brain | Treatment vs Control,0.5156473499919209,0.2876472098290501,FALSE,NS
Gene_2186,6.691129958696996,-1.298756509254501,1.0287007509249475,-1.2625212026789474,0.20676130177397614,0.5170496859517775,-0.2910643924430945,0.6629862162739759,Brain,Treatment vs Control,Brain | Treatment vs Control,0.5170496859517775,0.2864677213202441,FALSE,NS
Gene_2150,12.901830091987854,0.8215915052491415,0.6511272771406784,1.2617986284602136,0.20702125584711092,0.5171324225886446,0.17597836489435684,0.4320432341655013,Brain,Treatment vs Control,Brain | Treatment vs Control,0.5171324225886446,0.2863982324659649,FALSE,NS
Gene_1116,730.8980691400166,0.2532708537877328,0.20075127583327762,1.261615164020538,0.20708729695280184,0.5171324225886446,0.03354227786688892,0.10212079811865687,Brain,Treatment vs Control,Brain | Treatment vs Control,0.5171324225886446,0.2863982324659649,FALSE,NS
Gene_3213,27.851717127101942,-0.60370126509351,0.4788943087086814,-1.260614824848024,0.20744765479770622,0.5173006137646191,-0.11429156085680788,0.30502918367758686,Brain,Treatment vs Control,Brain | Treatment vs Control,0.5173006137646191,0.28625700631075285,FALSE,NS
Gene_1026,71.58315291719805,0.4003222236136016,0.3174713028523241,1.2609713697487066,0.20731916246769522,0.5173006137646191,0.06165836965687005,0.18321259088589692,Brain,Treatment vs Control,Brain | Treatment vs Control,0.5173006137646191,0.28625700631075285,FALSE,NS
Gene_0258,5596.520988166456,-0.20488809633241895,0.1626741508539652,-1.2595000204817408,0.2078497828338726,0.5179376028132704,-0.02752959694130407,0.07912993327719887,Brain,Treatment vs Control,Brain | Treatment vs Control,0.5179376028132704,0.2857225576025341,FALSE,NS
Gene_2090,51.81473730268769,0.44843567145608404,0.3562380069347743,1.2588091745589367,0.20809926572259027,0.5181935876350255,0.07302789494593787,0.21170598148761016,Brain,Treatment vs Control,Brain | Treatment vs Control,0.5181935876350255,0.28550796547592694,FALSE,NS
Gene_1440,1608.695396571494,-0.22110148301861007,0.17577613704311842,-1.2578583574423028,0.2084429861011057,0.5186837096004259,-0.02925253497960212,0.08656726174309064,Brain,Treatment vs Control,Brain | Treatment vs Control,0.5186837096004259,0.28509739176300297,FALSE,NS
Gene_2405,288.68129679786495,-0.2903711597928362,0.23140298079127344,-1.2548289516406546,0.2095408602023228,0.5210484347707055,-0.03924624278470422,0.12147374783221734,Brain,Treatment vs Control,Brain | Treatment vs Control,0.5210484347707055,0.28312190438578666,FALSE,NS
Gene_0037,345.28130697514484,0.2819213597214466,0.2250448912474675,1.2527338797104073,0.2103025717965895,0.5225745116212228,0.03777588420991615,0.117038264757059,Brain,Treatment vs Control,Brain | Treatment vs Control,0.5225745116212228,0.28185177664506067,FALSE,NS
Gene_1559,341.02035924179876,0.24529692004998757,0.19591985672272155,1.2520268448192449,0.21056008226904036,0.5228464490098323,0.03220094770794707,0.09831664690284025,Brain,Treatment vs Control,Brain | Treatment vs Control,0.5228464490098323,0.28162583721126794,FALSE,NS
Gene_2253,33.44978813426194,0.5128368711973309,0.40994940801994295,1.2509760013420552,0.2109432332814333,0.523429765788293,0.08911501413472,0.25061144905733423,Brain,Treatment vs Control,Brain | Treatment vs Control,0.523429765788293,0.2811415840460879,FALSE,NS
Gene_3131,50.30127323215575,0.4713879712587747,0.37747429933533366,1.2487948771315203,0.21174010815441782,0.5250381473969448,0.07835396275931257,0.22574529744019547,Brain,Treatment vs Control,Brain | Treatment vs Control,0.5250381473969448,0.2798091411614325,FALSE,NS
Gene_2901,8.119657126300758,1.1440357730669057,0.9174616903421156,1.2469575406906659,0.21241306649367392,0.525968119066734,0.2558342237520246,0.5967049888011181,Brain,Treatment vs Control,Brain | Treatment vs Control,0.525968119066734,0.27904057929304343,FALSE,NS
Gene_1194,299.4763747109681,-0.2792498623634925,0.22391449477514244,-1.2471272243626679,0.2123508520462244,0.525968119066734,-0.037205658881884124,0.11574722356438896,Brain,Treatment vs Control,Brain | Treatment vs Control,0.525968119066734,0.27904057929304343,FALSE,NS
Gene_0645,105.45766377004776,0.3611385128173511,0.28971607381200704,1.2465256347899052,0.21257148401703924,0.5259915277254139,0.05259980600086815,0.16090481945306084,Brain,Treatment vs Control,Brain | Treatment vs Control,0.5259915277254139,0.2790212510776958,FALSE,NS
Gene_0955,387.41948373660443,0.23546982194033383,0.18899435286791175,1.2459093002895374,0.21279769531385237,0.5261825365218576,0.030754428607813973,0.09361260945382692,Brain,Treatment vs Control,Brain | Treatment vs Control,0.5261825365218576,0.2788635698155919,FALSE,NS
Gene_3149,93.05904750594675,-0.3410704652664341,0.27443190816886653,-1.242823648103495,0.21393282617950474,0.5282495169509309,-0.048378256467895404,0.14959885225341737,Brain,Treatment vs Control,Brain | Treatment vs Control,0.5282495169509309,0.27716089140890243,FALSE,NS
Gene_2717,1562.1990513435414,-0.241942499009734,0.19465177520373983,-1.2429503854074564,0.2138861169840091,0.5282495169509309,-0.031543205791246004,0.09682731523910937,Brain,Treatment vs Control,Brain | Treatment vs Control,0.5282495169509309,0.27716089140890243,FALSE,NS
Gene_2441,92.08100555544078,-0.39653513713346483,0.31928324749514975,-1.2419540963842415,0.21425349902264673,0.5286716317602834,-0.06018708729742001,0.18152954061748297,Brain,Treatment vs Control,Brain | Treatment vs Control,0.5286716317602834,0.27681399298151843,FALSE,NS
Gene_1013,26.441256497887963,0.6098588049450059,0.4914659129273267,1.2408974639003825,0.21464362976382956,0.5292644250670965,0.11481698624280719,0.3094907943237448,Brain,Treatment vs Control,Brain | Treatment vs Control,0.5292644250670965,0.2763272964797021,FALSE,NS
Gene_0921,479.0036506662044,-0.23417992298481213,0.18884671819410792,-1.2400529128820128,0.21495582366216434,0.5296643498612019,-0.03046068544532384,0.09309363633130349,Brain,Treatment vs Control,Brain | Treatment vs Control,0.5296643498612019,0.27599925715613977,FALSE,NS
Gene_0712,64.32677930492407,-0.39341301328772543,0.31747092591840725,-1.2392095816321649,0.2152678930847,0.5300634103780165,-0.05940028466109544,0.17978569447505582,Brain,Treatment vs Control,Brain | Treatment vs Control,0.5300634103780165,0.27567217355015605,FALSE,NS
Gene_0162,292.442532721017,-0.28311933704827513,0.2288908867631753,-1.236918345906921,0.21611739835383642,0.5317843439633424,-0.03760444564857861,0.11800438194477385,Brain,Treatment vs Control,Brain | Treatment vs Control,0.5317843439633424,0.27426445269534305,FALSE,NS
Gene_1309,427.88934628263763,-0.25226776523194266,0.20437652414162408,-1.2343284841126472,0.21708052602037065,0.533410812371558,-0.032786557094829444,0.10212912868724447,Brain,Treatment vs Control,Brain | Treatment vs Control,0.533410812371558,0.272938185298352,FALSE,NS
Gene_0953,510.1061725284916,0.2482972835621312,0.20111128141855455,1.2346263313064607,0.21696960460324474,0.533410812371558,0.032232501770877456,0.10013466418942273,Brain,Treatment vs Control,Brain | Treatment vs Control,0.533410812371558,0.272938185298352,FALSE,NS
Gene_0668,66.99573022902047,0.4761215153044303,0.3866877375197678,1.231281649525001,0.21821754271032953,0.5358318103686881,0.0788545481104705,0.22920545710863138,Brain,Treatment vs Control,Brain | Treatment vs Control,0.5358318103686881,0.2709715074924507,FALSE,NS
Gene_1055,11.02259940227595,-0.9120151902793611,0.7415980216037233,-1.2297972266796324,0.21877304701574818,0.536822535797503,-0.19686692973381908,0.48266170051836793,Brain,Treatment vs Control,Brain | Treatment vs Control,0.536822535797503,0.2701692607841736,FALSE,NS
Gene_0159,17.99130906904523,0.9235737199413531,0.7523687327765661,1.2275546280783978,0.21961420294253592,0.537933371829379,0.19959992902919807,0.4888808521000912,Brain,Treatment vs Control,Brain | Treatment vs Control,0.537933371829379,0.26927151250978354,FALSE,NS
Gene_3304,18.841736841805012,-0.7292640649140997,0.5938348405726707,-1.2280587380336703,0.2194249189607014,0.537933371829379,-0.1471334076746015,0.38077013726437486,Brain,Treatment vs Control,Brain | Treatment vs Control,0.537933371829379,0.26927151250978354,FALSE,NS
Gene_3094,65.53531769040313,-0.3919700148650181,0.3194626529840648,-1.2269666303828324,0.21983513326247345,0.537933371829379,-0.05870905547784213,0.17932209190211312,Brain,Treatment vs Control,Brain | Treatment vs Control,0.537933371829379,0.26927151250978354,FALSE,NS
Gene_0425,456.2951348405236,0.2386186355529189,0.19446998905620083,1.2270203577990604,0.21981493946410796,0.537933371829379,0.03075619864801537,0.09550120915299977,Brain,Treatment vs Control,Brain | Treatment vs Control,0.537933371829379,0.26927151250978354,FALSE,NS
Gene_3378,111.67298909871589,0.3837164379533258,0.31321800051864573,1.2250778605250796,0.22054588591049837,0.5392988387465164,0.05683341841763757,0.1745656739857735,Brain,Treatment vs Control,Brain | Treatment vs Control,0.5392988387465164,0.26817051486207494,FALSE,NS
Gene_1020,233.3689402184347,-0.26811217484552435,0.21925052770326905,-1.2228576033731788,0.22138348414151254,0.5406607717138148,-0.03489089707430117,0.1104617510911809,Brain,Treatment vs Control,Brain | Treatment vs Control,0.5406607717138148,0.2670751400346329,FALSE,NS
Gene_0007,410.57415484752846,0.26230170919197127,0.21451086747328582,1.222789839422178,0.22140908408331242,0.5406607717138148,0.03400503493016677,0.10746822763997735,Brain,Treatment vs Control,Brain | Treatment vs Control,0.5406607717138148,0.2670751400346329,FALSE,NS
Gene_2652,48.83792165937102,-0.4427896167996884,0.36258201131141987,-1.2212123133140729,0.22200564331048694,0.5417428656042359,-0.07029849390413435,0.20959366249555286,Brain,Treatment vs Control,Brain | Treatment vs Control,0.5417428656042359,0.26620679934199604,FALSE,NS
Gene_0302,2.750564198077508,-1.876238242653785,1.5387836660010568,-1.2192995572468577,0.22273051662153442,0.5425038658694745,-0.3490767884728254,0.839247925116878,Brain,Treatment vs Control,Brain | Treatment vs Control,0.5425038658694745,0.2655971626963941,FALSE,NS
Gene_0732,18.82260210621368,-0.669235774595304,0.5491081872704188,-1.218768523416181,0.22293206156233575,0.5425038658694745,-0.12983371583349618,0.34596231723529436,Brain,Treatment vs Control,Brain | Treatment vs Control,0.5425038658694745,0.2655971626963941,FALSE,NS
Gene_0573,48.822549396695905,0.4454626830243146,0.3653498774440357,1.2192769466374067,0.2227390954380399,0.5425038658694745,0.0708752005614311,0.2112645231805611,Brain,Treatment vs Control,Brain | Treatment vs Control,0.5425038658694745,0.2655971626963941,FALSE,NS
Gene_0501,94.6285909203432,0.36390685066858497,0.29851484189592353,1.219057814202284,0.2228222499420299,0.5425038658694745,0.05242305433936111,0.16328438742415957,Brain,Treatment vs Control,Brain | Treatment vs Control,0.5425038658694745,0.2655971626963941,FALSE,NS
Gene_1646,11.44643048080977,-0.8327124421289874,0.6853409158813293,-1.2150338945663888,0.22435316422510168,0.5452991305039392,-0.17425307071760462,0.44025934013826173,Brain,Treatment vs Control,Brain | Treatment vs Control,0.5452991305039392,0.2633651948083966,FALSE,NS
Gene_0424,22.66203756438579,-0.5988219801008711,0.4932111500611907,-1.214129039918456,0.2246984522467379,0.5452991305039392,-0.11028581912420996,0.3040676199167575,Brain,Treatment vs Control,Brain | Treatment vs Control,0.5452991305039392,0.2633651948083966,FALSE,NS
Gene_1179,77.10503795287607,-0.3711048854717689,0.30564646005887625,-1.2141638591210364,0.22468515839198472,0.5452991305039392,-0.053810232531825694,0.16759606586872497,Brain,Treatment vs Control,Brain | Treatment vs Control,0.5452991305039392,0.2633651948083966,FALSE,NS
Gene_1619,220.0980893562958,0.2670327464383398,0.2198944986000156,1.2143675632561772,0.22460739609783514,0.5452991305039392,0.034541347472320204,0.11009786584309501,Brain,Treatment vs Control,Brain | Treatment vs Control,0.5452991305039392,0.2633651948083966,FALSE,NS
Gene_2467,75.68724967663519,0.3779212034959174,0.3117220799739951,1.2123658469346954,0.22537236837789698,0.5465589510593093,0.055219011898223154,0.17161029659956242,Brain,Treatment vs Control,Brain | Treatment vs Control,0.5465589510593093,0.26236298881216147,FALSE,NS
Gene_1387,27.02376227663433,0.7004440683811405,0.578774594588729,1.2102190989894235,0.22619483129987725,0.5481770414000456,0.13783602338845816,0.3648320578613968,Brain,Treatment vs Control,Brain | Treatment vs Control,0.5481770414000456,0.261079157417583,FALSE,NS
Gene_1840,611.2593669008144,-0.24675807097681027,0.20397116033583565,-1.2097694133353292,0.22636738601814177,0.5482189574966108,-0.0314899435848939,0.09988657379124785,Brain,Treatment vs Control,Brain | Treatment vs Control,0.5482189574966108,0.2610459505662841,FALSE,NS
Gene_0376,60.276672426310036,0.48643755327188754,0.4030178494803528,1.2069876158068316,0.22743691333425783,0.5504316250742045,0.08051422528751515,0.23641336957961423,Brain,Treatment vs Control,Brain | Treatment vs Control,0.5504316250742045,0.25929662164636713,FALSE,NS
Gene_0446,10.198414430070338,0.985194579539776,0.8166843741993863,1.2063345530586207,0.22768851984100905,0.5506631257250705,0.21235150977951767,0.5216971006810626,Brain,Treatment vs Control,Brain | Treatment vs Control,0.5506631257250705,0.2591140043799847,FALSE,NS
Gene_0113,361.2681898821392,-0.23900120385283566,0.19820608960566755,-1.2058216996679076,0.2278862466736768,0.5507640910367918,-0.030362914446400237,0.09612908080392528,Brain,Treatment vs Control,Brain | Treatment vs Control,0.5507640910367918,0.25903438281770674,FALSE,NS
Gene_2196,19.42059259071941,0.7320408630374339,0.6077553188308967,1.2044993114097593,0.22839664804844242,0.5513867276717218,0.1460638347191503,0.3836075618508867,Brain,Treatment vs Control,Brain | Treatment vs Control,0.5513867276717218,0.2585436919268464,FALSE,NS
Gene_1140,184.18604257346297,0.27727354277231936,0.23022763131879417,1.204345200374238,0.22845618311632085,0.5513867276717218,0.03593262723911177,0.11569393912658693,Brain,Treatment vs Control,Brain | Treatment vs Control,0.5513867276717218,0.2585436919268464,FALSE,NS
Gene_3162,8.353459739330873,-0.9454211128446671,0.78560329888571,-1.2034332266496852,0.22880871646451503,0.5518603673744553,-0.202175740347641,0.501445521516827,Brain,Treatment vs Control,Brain | Treatment vs Control,0.5518603673744553,0.2581707942815798,FALSE,NS
Gene_2768,7235.624397885187,-0.18633394258031105,0.15519597923009415,-1.200636405045337,0.22989227284289473,0.5540953006199736,-0.024582433400892965,0.07202346394933168,Brain,Treatment vs Control,Brain | Treatment vs Control,0.5540953006199736,0.2564155331526182,FALSE,NS
Gene_0002,17.058330926924256,-0.780239421472458,0.6505250807747766,-1.1993994459724617,0.23037266292777417,0.5548744016357234,-0.15871847051850452,0.4116187723267637,Brain,Treatment vs Control,Brain | Treatment vs Control,0.5548744016357234,0.25580531029988374,FALSE,NS
Gene_0641,13.480187305220666,-0.7864173569121511,0.6569360954685175,-1.1970987168109395,0.23126808007087513,0.556272200769932,-0.16018045631736103,0.41526352343821094,Brain,Treatment vs Control,Brain | Treatment vs Control,0.556272200769932,0.25471264301420515,FALSE,NS
Gene_3465,154.86547070027,0.3161912727574483,0.2640530206675103,1.197453723339864,0.2311297545635103,0.556272200769932,0.042491081922176946,0.13695809794277364,Brain,Treatment vs Control,Brain | Treatment vs Control,0.556272200769932,0.25471264301420515,FALSE,NS
Gene_0801,204.25473550801564,-0.28500620216699457,0.23843997259724647,-1.1952953989321413,0.23197163680460428,0.5575846491198486,-0.03699797052386867,0.12003674178160374,Brain,Treatment vs Control,Brain | Treatment vs Control,0.5575846491198486,0.2536891913202214,FALSE,NS
Gene_2605,101.6712893143239,-0.35538636045556254,0.29772050135012723,-1.1936912602388061,0.2325987604907515,0.55844905063167,-0.05001262794362994,0.15922592344641237,Brain,Treatment vs Control,Brain | Treatment vs Control,0.55844905063167,0.2530164430297629,FALSE,NS
Gene_3194,125.10559279681576,-0.322753310402491,0.2705023825526308,-1.193162542070009,0.23280572147545125,0.55844905063167,-0.04361230401410828,0.1407434073164822,Brain,Treatment vs Control,Brain | Treatment vs Control,0.55844905063167,0.2530164430297629,FALSE,NS
Gene_3283,661.6869501919682,0.2418261864690976,0.2026167751253735,1.1935151288409482,0.23266769070810353,0.55844905063167,0.030487744684808825,0.09780154924925381,Brain,Treatment vs Control,Brain | Treatment vs Control,0.55844905063167,0.2530164430297629,FALSE,NS
Gene_0365,1065.7329268684882,-0.22678414675031175,0.1901532562960745,-1.192638775521161,0.23301087297510478,0.55856170568574,-0.02855094241824543,0.09048436964792503,Brain,Treatment vs Control,Brain | Treatment vs Control,0.55856170568574,0.2529288423182563,FALSE,NS
Gene_1501,390.756324044608,-0.24523728406020862,0.20580100929684214,-1.1916233302164452,0.23340897286799997,0.5591364200793133,-0.030910732777675205,0.09954401001171581,Brain,Treatment vs Control,Brain | Treatment vs Control,0.5591364200793133,0.2524822184829953,FALSE,NS
Gene_1674,74.74937047906114,-0.35659451875571135,0.29948455181149053,-1.1906941997467986,0.23377365577593923,0.5596303583354857,-0.050185886041463956,0.16002655442909589,Brain,Treatment vs Control,Brain | Treatment vs Control,0.5596303583354857,0.25209873431608326,FALSE,NS
Gene_0186,57.31275929295899,0.3978476243788435,0.3344643560274294,1.1895067955947332,0.23424029848744826,0.5599881475688421,0.05894758998085821,0.18412695817444927,Brain,Treatment vs Control,Brain | Treatment vs Control,0.5599881475688421,0.2518211649579474,FALSE,NS
Gene_2034,73.83819559407934,0.36206409815207363,0.304296985026297,1.1898379411178999,0.23411009397291246,0.5599881475688421,0.05128837724200156,0.16321071602135678,Brain,Treatment vs Control,Brain | Treatment vs Control,0.5599881475688421,0.2518211649579474,FALSE,NS
Gene_1028,44.82567122114602,-0.4676907734945667,0.3934066566667819,-1.1888227247021497,0.23450943367206714,0.5602359639189829,-0.07522910077255018,0.2259180966239368,Brain,Treatment vs Control,Brain | Treatment vs Control,0.5602359639189829,0.2516290154156486,FALSE,NS
Gene_2315,165.55015574626702,0.3634045471654099,0.3058099451955759,1.1883346270279085,0.2347016006277545,0.5602359639189829,0.05152862033917861,0.16404064069508484,Brain,Treatment vs Control,Brain | Treatment vs Control,0.5602359639189829,0.2516290154156486,FALSE,NS
Gene_0767,137.8208553278013,0.33305466356616625,0.28034097853200146,1.1880341764882134,0.23481994522800756,0.5602359639189829,0.04545230759444471,0.14669714028568284,Brain,Treatment vs Control,Brain | Treatment vs Control,0.5602359639189829,0.2516290154156486,FALSE,NS
Gene_1582,8.327767661430586,-0.9382537664685376,0.793995405935259,-1.1816866438456965,0.23733005982125216,0.5609186353606703,-0.19776279622005014,0.4989160099448343,Brain,Treatment vs Control,Brain | Treatment vs Control,0.5609186353606703,0.2511001312155405,FALSE,NS
Gene_1911,45.32385002976108,0.46663772564253453,0.39484199161827993,1.1818340894543564,0.23727153861324668,0.5609186353606703,0.0747394315922322,0.22561730609704916,Brain,Treatment vs Control,Brain | Treatment vs Control,0.5609186353606703,0.2511001312155405,FALSE,NS
Gene_0654,54.47988636673279,0.43416467501652944,0.3662510386500373,1.1854291980080511,0.23584779305539985,0.5609186353606703,0.06710691137653152,0.2059023646791826,Brain,Treatment vs Control,Brain | Treatment vs Control,0.5609186353606703,0.2511001312155405,FALSE,NS
Gene_2666,48.984283119188035,0.421266682275923,0.3564132758945558,1.1819612533191777,0.23722107542505555,0.5609186353606703,0.06401785829865654,0.19834471766604025,Brain,Treatment vs Control,Brain | Treatment vs Control,0.5609186353606703,0.2511001312155405,FALSE,NS
Gene_0744,94.74637311599622,0.376561729196117,0.31837641677987705,1.1827563517572623,0.23690572375866667,0.5609186353606703,0.054150496564480274,0.17189992997360223,Brain,Treatment vs Control,Brain | Treatment vs Control,0.5609186353606703,0.2511001312155405,FALSE,NS
Gene_2442,127.36127951353882,-0.35949652617876465,0.3039296479699534,-1.18282809386962,0.2368772840078673,0.5609186353606703,-0.05058928307789782,0.1619871045466436,Brain,Treatment vs Control,Brain | Treatment vs Control,0.5609186353606703,0.2511001312155405,FALSE,NS
Gene_2284,118.52746857344378,0.3445728316133335,0.2914817362128708,1.1821420995025567,0.23714932222746088,0.5609186353606703,0.04756589280562446,0.1534427680269742,Brain,Treatment vs Control,Brain | Treatment vs Control,0.5609186353606703,0.2511001312155405,FALSE,NS
Gene_3401,172.24345620829507,0.30825159965014987,0.260454476555886,1.18351430824422,0.23660537929406397,0.5609186353606703,0.04074604808205008,0.13300199730208623,Brain,Treatment vs Control,Brain | Treatment vs Control,0.5609186353606703,0.2511001312155405,FALSE,NS
Gene_1939,145.7569712007097,0.30789809302148846,0.2598315107167241,1.1849913514037484,0.23602086642104966,0.5609186353606703,0.040714496625166796,0.13276062156638435,Brain,Treatment vs Control,Brain | Treatment vs Control,0.5609186353606703,0.2511001312155405,FALSE,NS
Gene_2688,601.222470792145,0.27386891238509375,0.23130035442861518,1.1840401760803019,0.2363971594859664,0.5609186353606703,0.0349708776899003,0.11444226655729896,Brain,Treatment vs Control,Brain | Treatment vs Control,0.5609186353606703,0.2511001312155405,FALSE,NS
Gene_0191,258.45923240152626,0.2705990673156041,0.22836928808685553,1.1849188197875686,0.2360495456153341,0.5609186353606703,0.03447806237087041,0.11270107686618151,Brain,Treatment vs Control,Brain | Treatment vs Control,0.5609186353606703,0.2511001312155405,FALSE,NS
Gene_1569,253.99430419023298,0.25804110334168695,0.21797693164140258,1.1838000535129771,0.2364922210495444,0.5609186353606703,0.03256421478951953,0.1062217413558757,Brain,Treatment vs Control,Brain | Treatment vs Control,0.5609186353606703,0.2511001312155405,FALSE,NS
Gene_2188,269.19931490667085,0.23954588611694339,0.2025096337211656,1.182886372935585,0.23685418300606575,0.5609186353606703,0.029973436869956707,0.09692464635120827,Brain,Treatment vs Control,Brain | Treatment vs Control,0.5609186353606703,0.2511001312155405,FALSE,NS
Gene_2349,2299.455377108898,0.22233952238616414,0.18800642429573106,1.1826166218470688,0.23696112191594215,0.5609186353606703,0.027821903385935154,0.08858511360142424,Brain,Treatment vs Control,Brain | Treatment vs Control,0.5609186353606703,0.2511001312155405,FALSE,NS
Gene_0340,29.446849051929803,-0.5224850895843761,0.4425883027276319,-1.1805216865523727,0.2377927903403266,0.5612673820958651,-0.0886228558191564,0.259566801701925,Brain,Treatment vs Control,Brain | Treatment vs Control,0.5612673820958651,0.2508301959549031,FALSE,NS
Gene_0557,316.9237291783206,-0.2636244539952412,0.22338878381774918,-1.1801149972252776,0.23795448059969135,0.5612673820958651,-0.03331777528338626,0.10919826949486856,Brain,Treatment vs Control,Brain | Treatment vs Control,0.5612673820958651,0.2508301959549031,FALSE,NS
Gene_2125,906.1203614273784,0.24971040571119854,0.2115866484514934,1.1801803541892442,0.23792849094979854,0.5612673820958651,0.03130148569740958,0.10207428136751974,Brain,Treatment vs Control,Brain | Treatment vs Control,0.5612673820958651,0.2508301959549031,FALSE,NS
Gene_3139,3.0206224774684545,-1.671824592258734,1.4177457000130367,-1.1792133047861553,0.238313249479155,0.561738373772294,-0.320168753126721,0.7862946325760016,Brain,Treatment vs Control,Brain | Treatment vs Control,0.561738373772294,0.2504659073534959,FALSE,NS
Gene_1094,84.27294223160432,0.34961915707755764,0.2967121901469076,1.178310729007982,0.23867275206346314,0.5622104653342818,0.04848178334728179,0.15647106911441022,Brain,Treatment vs Control,Brain | Treatment vs Control,0.5622104653342818,0.2501010744265014,FALSE,NS
Gene_2274,1287.5845674621721,-0.20891940574115878,0.17736692484820346,-1.1778938261457652,0.23883893669563738,0.5622268569815304,-0.026235425508910726,0.08242311279520165,Brain,Treatment vs Control,Brain | Treatment vs Control,0.5622268569815304,0.2500884124456002,FALSE,NS
Gene_1965,158.6119289031055,0.291653275219673,0.24790560458884364,1.1764690665359734,0.2394074865391138,0.5628148035749739,0.03771591728890777,0.12415796657844821,Brain,Treatment vs Control,Brain | Treatment vs Control,0.5628148035749739,0.24963448794949653,FALSE,NS
Gene_1172,2459.064953083366,0.2070784735903542,0.17601688589949274,1.1764693627666944,0.23940736822922543,0.5628148035749739,0.026015557552831983,0.08161180342705505,Brain,Treatment vs Control,Brain | Treatment vs Control,0.5628148035749739,0.24963448794949653,FALSE,NS
Gene_1542,592.1271074689503,0.25272635923135683,0.2149412205067242,1.175792891822025,0.2396776475478184,0.5630750322630385,0.031640627709986206,0.10371747804124189,Brain,Treatment vs Control,Brain | Treatment vs Control,0.5630750322630385,0.24943372961298,FALSE,NS
Gene_0687,50.66000038558102,-0.4804338174783092,0.40909142636882967,-1.1743922910893725,0.24023793160358042,0.5640160481996292,-0.07786128154941521,0.23434632922390838,Brain,Treatment vs Control,Brain | Treatment vs Control,0.5640160481996292,0.2487085386666802,FALSE,NS
Gene_0551,731.0090227640692,0.2225036457299839,0.18985328631420115,1.1719767935001528,0.24120637335665598,0.5659134247989052,0.02763377359458558,0.0889063461911228,Brain,Treatment vs Control,Brain | Treatment vs Control,0.5659134247989052,0.24725000345479353,FALSE,NS
Gene_2341,15.670270825320292,-0.7766847055508107,0.6632663929498626,-1.1709996372596578,0.24159892295744057,0.5664130154347762,-0.1554180330652446,0.41138869738487815,Brain,Treatment vs Control,Brain | Treatment vs Control,0.5664130154347762,0.246866775681002,FALSE,NS
Gene_1670,661.3136843744485,-0.257973234044905,0.220367818525085,-1.1706483994419508,0.24174013431328453,0.5664130154347762,-0.03229598513514953,0.10654032090680078,Brain,Treatment vs Control,Brain | Treatment vs Control,0.5664130154347762,0.246866775681002,FALSE,NS
Gene_2998,531.5482332911465,-0.22500539938191236,0.19230429707672164,-1.1700487342315824,0.2419813574263833,0.5666022367855168,-0.027893514820063248,0.09014780510390794,Brain,Treatment vs Control,Brain | Treatment vs Control,0.5666022367855168,0.2467217153403086,FALSE,NS
Gene_1168,181.25565346432913,0.2692481881407876,0.23022085974812104,1.1695212520505978,0.24219368394483667,0.5667235904633653,0.033963763716886246,0.11242807292117096,Brain,Treatment vs Control,Brain | Treatment vs Control,0.5667235904633653,0.2466287090192974,FALSE,NS
Gene_2968,8.985430945680617,-0.9314184755607269,0.7973262566643726,-1.1681773524646375,0.24273523380208545,0.5676146427517641,-0.19451524442898135,0.49619780148826337,Brain,Treatment vs Control,Brain | Treatment vs Control,0.5676146427517641,0.24594640957773248,FALSE,NS
Gene_0972,9.502594178635196,0.867622544580357,0.7440499808416801,1.1660809984819702,0.2435816983954451,0.5678242550837937,0.1784736551405817,0.46236420603364614,Brain,Treatment vs Control,Brain | Treatment vs Control,0.5678242550837937,0.24578606016510088,FALSE,NS
Gene_2219,13.848231454395586,-0.8159195399258224,0.699955443259096,-1.1656735407710819,0.24374646185983917,0.5678242550837937,-0.16521664846939954,0.4339055603540615,Brain,Treatment vs Control,Brain | Treatment vs Control,0.5678242550837937,0.24578606016510088,FALSE,NS
Gene_1710,16.337384398502643,-0.6884767485133795,0.5905181787771795,-1.1658857817705943,0.24366062830965232,0.5678242550837937,-0.13163574309584883,0.3604947828414675,Brain,Treatment vs Control,Brain | Treatment vs Control,0.5678242550837937,0.24578606016510088,FALSE,NS
Gene_1879,18.276924038286975,0.6196589864832721,0.5309523657291623,1.1670707703360321,0.24318179081114172,0.5678242550837937,0.11338961037277087,0.31930979211835375,Brain,Treatment vs Control,Brain | Treatment vs Control,0.5678242550837937,0.24578606016510088,FALSE,NS
Gene_2880,28.716490792776888,-0.5430478568645825,0.465908924746967,-1.165566547495327,0.24378973965081602,0.5678242550837937,-0.09329296977354229,0.27293693564493793,Brain,Treatment vs Control,Brain | Treatment vs Control,0.5678242550837937,0.24578606016510088,FALSE,NS
Gene_0077,37.67824152578545,0.46702052860622345,0.40012902763588404,1.1671748269940827,0.24313977456427333,0.5678242550837937,0.07435800783080042,0.22659320153473653,Brain,Treatment vs Control,Brain | Treatment vs Control,0.5678242550837937,0.24578606016510088,FALSE,NS
Gene_2439,5.341997949034042,-1.2841997461473578,1.1031104354135735,-1.1641624491258584,0.2443581847134182,0.5683983861812119,-0.26695304788667074,0.6581799200155378,Brain,Treatment vs Control,Brain | Treatment vs Control,0.5683983861812119,0.2453471638085887,FALSE,NS
Gene_3303,6614.67372349953,0.1998442809283663,0.17165771831566387,1.164202127869775,0.2443421081250749,0.5683983861812119,0.025052880485759793,0.07860638905564105,Brain,Treatment vs Control,Brain | Treatment vs Control,0.5683983861812119,0.2453471638085887,FALSE,NS
Gene_1948,9.451135398049075,-0.9136685592257051,0.7851014463472686,-1.1637585989385226,0.24452185444815175,0.5684046530983698,-0.1896861460239975,0.48717705868846073,Brain,Treatment vs Control,Brain | Treatment vs Control,0.5684046530983698,0.24534237549003882,FALSE,NS
Gene_3208,296.2430225384115,-0.23619028742006634,0.20329663613147023,-1.1618012570917506,0.24531620332336668,0.5698759960097419,-0.02912896424030955,0.09579624347586824,Brain,Treatment vs Control,Brain | Treatment vs Control,0.5698759960097419,0.24421963574430136,FALSE,NS
Gene_1417,1243.090693209341,-0.2102789100569013,0.18111622019577114,-1.1610164447425404,0.2456352119165908,0.5702419022205668,-0.02605218284752191,0.08342196833694808,Brain,Treatment vs Control,Brain | Treatment vs Control,0.5702419022205668,0.24394087325147845,FALSE,NS
Gene_0568,461.0041121319288,-0.24301023976144134,0.20958517226038223,-1.159482024136387,0.2462597595941359,0.571316170254201,-0.02998450018692289,0.09924902764557252,Brain,Treatment vs Control,Brain | Treatment vs Control,0.571316170254201,0.24312348370632186,FALSE,NS
Gene_1994,117.45950380684354,0.3080642755688549,0.26614761007856025,1.1574940518080246,0.24707056809933622,0.5728208640569641,0.04017494449525965,0.13377633327213662,Brain,Treatment vs Control,Brain | Treatment vs Control,0.5728208640569641,0.24198117195056926,FALSE,NS
Gene_3058,94.66183470779059,-0.3307179787708027,0.28582795819779966,-1.1570525880534686,0.24725087561294132,0.5728627570795903,-0.0443296762595036,0.14649780298033702,Brain,Treatment vs Control,Brain | Treatment vs Control,0.5728627570795903,0.2419494111603663,FALSE,NS
Gene_1553,367.29697147975247,0.2986730165410795,0.2583106592975543,1.156255097460112,0.2475768290824958,0.5732418252395362,0.03850772151258744,0.12864341274920768,Brain,Treatment vs Control,Brain | Treatment vs Control,0.5732418252395362,0.24166212984473012,FALSE,NS
Gene_2648,29.93872546866835,0.6912956932352742,0.5981780917764535,1.1556686925498767,0.24781669863033232,0.5734212076433182,0.13174799663247347,0.3628855715361017,Brain,Treatment vs Control,Brain | Treatment vs Control,0.5734212076433182,0.24152624896863223,FALSE,NS
Gene_0766,380.44924253194006,0.2706950961553914,0.23460066027679038,1.153854792377888,0.2485597059894914,0.5747637995081166,0.03388658428046594,0.11366355751802439,Brain,Treatment vs Control,Brain | Treatment vs Control,0.5747637995081166,0.24051059295423122,FALSE,NS
Gene_2498,8.131186371023796,-1.056029139332212,0.9160897354155816,-1.1527573102357134,0.24901001098157827,0.5750518958639325,-0.2211520636854755,0.5594396760514055,Brain,Treatment vs Control,Brain | Treatment vs Control,0.5750518958639325,0.24029296040545117,FALSE,NS
Gene_0451,148.02255756693646,-0.2951325935494239,0.2559634479391949,-1.1530263243661798,0.24889957977248175,0.5750518958639325,-0.037839213894701774,0.12681835306919342,Brain,Treatment vs Control,Brain | Treatment vs Control,0.5750518958639325,0.24029296040545117,FALSE,NS
Gene_1307,10.687622207603797,-0.8211232282004909,0.7128930396815584,-1.151818270756687,0.24939575832535432,0.575566289311651,-0.1653414133572335,0.43782320967279453,Brain,Treatment vs Control,Brain | Treatment vs Control,0.575566289311651,0.23990465044540976,FALSE,NS
Gene_3402,224.0310925456084,0.2915025675541914,0.25322025094352474,1.151181891922241,0.24965741322846738,0.5757938119593197,0.037190777498564684,0.12490368079881327,Brain,Treatment vs Control,Brain | Treatment vs Control,0.5757938119593197,0.23973300678402587,FALSE,NS
Gene_1873,24.659490606094472,-0.5828093717996266,0.5067731769437825,-1.1500398961807698,0.2501274395100497,0.5761574298027015,-0.10291257232165767,0.2981422753638325,Brain,Treatment vs Control,Brain | Treatment vs Control,0.5761574298027015,0.23945883332525075,FALSE,NS
Gene_0975,60.24570634433797,0.42685239046902146,0.3711740676509959,1.150005961274154,0.2501414159976045,0.5761574298027015,0.06441497647840522,0.2032379765563027,Brain,Treatment vs Control,Brain | Treatment vs Control,0.5761574298027015,0.23945883332525075,FALSE,NS
Gene_1769,9.170642044019909,0.8999084759580666,0.7829946065288786,1.1493163151499637,0.2504255729940801,0.5761784628073178,0.18477488924294486,0.4809213186559536,Brain,Treatment vs Control,Brain | Treatment vs Control,0.5761784628073178,0.23944297940990836,FALSE,NS
Gene_0366,21.58948746534642,0.6302998352201026,0.5484722705639017,1.149191798834372,0.25047690184345306,0.5761784628073178,0.11528401676532236,0.3269507817085595,Brain,Treatment vs Control,Brain | Treatment vs Control,0.5761784628073178,0.23944297940990836,FALSE,NS
Gene_3471,279.631251685586,-0.23740959677869614,0.20668563161660405,-1.148650706494606,0.2507000394334314,0.5763163015881811,-0.029041898130414672,0.09675248462840132,Brain,Treatment vs Control,Brain | Treatment vs Control,0.5763163015881811,0.23933909586257082,FALSE,NS
Gene_2607,43.40115150354565,0.45550368666151747,0.39790551086621107,1.1447534005495914,0.2523113237578069,0.5785497464328322,0.07093175742597412,0.22084490661035144,Brain,Treatment vs Control,Brain | Treatment vs Control,0.5785497464328322,0.23765929242110967,FALSE,NS
Gene_1088,42.261040691482656,-0.43596944890016276,0.3807819072766554,-1.14493215294342,0.2522372635982755,0.5785497464328322,-0.0663732294259077,0.20900648146944645,Brain,Treatment vs Control,Brain | Treatment vs Control,0.5785497464328322,0.23765929242110967,FALSE,NS
Gene_1233,62.90221684661637,0.3882150282703144,0.3392538253609886,1.1443202677441524,0.2524908409099389,0.5785497464328322,0.05570870427984866,0.18044887855145453,Brain,Treatment vs Control,Brain | Treatment vs Control,0.5785497464328322,0.23765929242110967,FALSE,NS
Gene_1970,213.26802251591883,-0.24908659050164286,0.21764037110466536,-1.1444870693675426,0.2524216974143152,0.5785497464328322,-0.030538389872477645,0.10274404181561309,Brain,Treatment vs Control,Brain | Treatment vs Control,0.5785497464328322,0.23765929242110967,FALSE,NS
Gene_2134,2316.8196635930444,-0.2338336234963811,0.20431010048526133,-1.1445034921964103,0.25241489044971116,0.5785497464328322,-0.028505592586542356,0.09509773275211511,Brain,Treatment vs Control,Brain | Treatment vs Control,0.5785497464328322,0.23765929242110967,FALSE,NS
Gene_2225,11.88592544799069,0.7620446378211759,0.6671342183710408,1.1422658542112867,0.2533435299141963,0.5786261346229152,0.14938635091039246,0.40514794955120664,Brain,Treatment vs Control,Brain | Treatment vs Control,0.5786261346229152,0.2376019546040553,FALSE,NS
Gene_2057,19.863348198976038,0.6451473322488848,0.5645946643291024,1.1426734487749748,0.25317419759649473,0.5786261346229152,0.11884490787969298,0.33636054643143654,Brain,Treatment vs Control,Brain | Treatment vs Control,0.5786261346229152,0.2376019546040553,FALSE,NS
Gene_1477,281.76644985440885,0.2966952362734156,0.2597382102287677,1.1422856729939639,0.253335294515351,0.5786261346229152,0.03790045554725616,0.12805826998245345,Brain,Treatment vs Control,Brain | Treatment vs Control,0.5786261346229152,0.2376019546040553,FALSE,NS
Gene_1934,238.33836563888238,0.25899162857261543,0.22666325852996652,1.142627306482382,0.2531933631320694,0.5786261346229152,0.03191840200476659,0.10789238575651694,Brain,Treatment vs Control,Brain | Treatment vs Control,0.5786261346229152,0.2376019546040553,FALSE,NS
Gene_2199,364.39072696929463,0.2197652511265505,0.19214599880477728,1.1437409703744843,0.25273107685877777,0.5786261346229152,0.026782620199272883,0.08829498164542274,Brain,Treatment vs Control,Brain | Treatment vs Control,0.5786261346229152,0.2376019546040553,FALSE,NS
Gene_2177,63.70150470574926,0.3796510177570391,0.3326993590983491,1.141123381740001,0.2538185824458264,0.5793364024668474,0.053813635359152526,0.17554163594004793,Brain,Treatment vs Control,Brain | Treatment vs Control,0.5793364024668474,0.23706918185174658,FALSE,NS
Gene_0218,134.88058830536872,0.29736410188501533,0.260771249249405,1.1403254873416373,0.2541507231853715,0.5795136842414187,0.037977873500173134,0.1284980399357348,Brain,Treatment vs Control,Brain | Treatment vs Control,0.5795136842414187,0.23693630444521738,FALSE,NS
Gene_1866,1306.3623107770684,-0.2283654822194084,0.20029453168473885,-1.1401483620074704,0.2542244964287617,0.5795136842414187,-0.02774232519115694,0.09253639149212024,Brain,Treatment vs Control,Brain | Treatment vs Control,0.5795136842414187,0.23693630444521738,FALSE,NS
Gene_1144,1488.3465769204854,-0.22380474932680933,0.19644516782918545,-1.1392733748554904,0.2545891498705084,0.5799705085114614,-0.027174755367135015,0.09034888316941779,Brain,Treatment vs Control,Brain | Treatment vs Control,0.5799705085114614,0.236594089741154,FALSE,NS
Gene_3341,5.4963507823784195,-1.240070976503608,1.091740611637626,-1.1358659403935558,0.25601267471056544,0.5811193451677807,-0.25385428252049963,0.6416421628612545,Brain,Treatment vs Control,Brain | Treatment vs Control,0.5811193451677807,0.23573466687790842,FALSE,NS
Gene_1943,7.68882102246883,0.9343080971412377,0.8217279443738785,1.1370041673015518,0.2555365435641295,0.5811193451677807,0.1916853773213157,0.49994555999072887,Brain,Treatment vs Control,Brain | Treatment vs Control,0.5811193451677807,0.23573466687790842,FALSE,NS
Gene_3389,25.80438459245623,0.6469311833688853,0.56914629827157,1.136669403514595,0.2556765145111717,0.5811193451677807,0.11899879192220764,0.337892286393209,Brain,Treatment vs Control,Brain | Treatment vs Control,0.5811193451677807,0.23573466687790842,FALSE,NS
Gene_2010,47.04913937474238,0.4492468672892828,0.39538577835724786,1.1362241433058555,0.25586276861022916,0.5811193451677807,0.06922303392397594,0.21754382871236064,Brain,Treatment vs Control,Brain | Treatment vs Control,0.5811193451677807,0.23573466687790842,FALSE,NS
Gene_0728,133.2327042909637,-0.3429209670086793,0.30157757019661424,-1.1370904234857755,0.2555004868848079,0.5811193451677807,-0.04626694883361631,0.15430174770117133,Brain,Treatment vs Control,Brain | Treatment vs Control,0.5811193451677807,0.23573466687790842,FALSE,NS
Gene_1298,281.9910594879848,-0.2711469485267778,0.23874812716794877,-1.135702934063386,0.2560809122291325,0.5811193451677807,-0.03362205969386542,0.11449687075271017,Brain,Treatment vs Control,Brain | Treatment vs Control,0.5811193451677807,0.23573466687790842,FALSE,NS
Gene_1624,99.10544283052462,-0.3514948495904742,0.30974842011765863,-1.1347752781336484,0.25646948701191885,0.5816273337437928,-0.04790699854584444,0.15936232529408503,Brain,Treatment vs Control,Brain | Treatment vs Control,0.5816273337437928,0.2353551918753656,FALSE,NS
Gene_3468,92.08515919224148,-0.3824105814756817,0.33757610576679326,-1.1328129418610609,0.2572928154287077,0.5831199815653189,-0.05421205314484811,0.17758647453005547,Brain,Treatment vs Control,Brain | Treatment vs Control,0.5831199815653189,0.23424207650919895,FALSE,NS
Gene_2972,8.735064602229368,-0.9641136289800132,0.854283682681205,-1.1285637880312804,0.25908189383735475,0.5864219020126279,-0.19761813698990296,0.5159305836029643,Brain,Treatment vs Control,Brain | Treatment vs Control,0.5864219020126279,0.23178981779121846,FALSE,NS
Gene_1007,11.809926923354707,-0.8434526416497429,0.7472175297518805,-1.1287912931189101,0.25898588648707077,0.5864219020126279,-0.16892834479185245,0.45203995483581544,Brain,Treatment vs Control,Brain | Treatment vs Control,0.5864219020126279,0.23178981779121846,FALSE,NS
Gene_0830,76.63566967508062,-0.39633203429035324,0.3515652276313553,-1.1273357065504204,0.25960057108035756,0.587219485256081,-0.057069971197827654,0.18615352657498793,Brain,Treatment vs Control,Brain | Treatment vs Control,0.587219485256081,0.23119954199049875,FALSE,NS
Gene_3004,435.91586904895655,0.22694089255230263,0.20148021467422958,1.126368129591484,0.26000973096723357,0.5873924248530401,0.027321302694711374,0.09222737196068426,Brain,Treatment vs Control,Brain | Treatment vs Control,0.5873924248530401,0.23107165853800146,FALSE,NS
Gene_0897,389.4759294067434,0.22048357414956185,0.19570810237376973,1.1265940013483708,0.25991417651711624,0.5873924248530401,0.026555902239041286,0.08909628290598832,Brain,Treatment vs Control,Brain | Treatment vs Control,0.5873924248530401,0.23107165853800146,FALSE,NS
Gene_2649,155.16461366940746,0.30834769596092126,0.27406291187368703,1.1250982259979627,0.2605474129834391,0.588230764222841,0.03960639373941282,0.13518395349126278,Brain,Treatment vs Control,Brain | Treatment vs Control,0.588230764222841,0.23045226581529177,FALSE,NS
Gene_2073,54.61919584543688,0.4032604766699925,0.35891638620789146,1.1235499190511076,0.26120401211621197,0.5882745717259222,0.05849184597969031,0.19050847714472594,Brain,Treatment vs Control,Brain | Treatment vs Control,0.5882745717259222,0.23041992366386824,FALSE,NS
Gene_0559,60.197418546373136,0.3884163913672993,0.34561284862701325,1.1238482391795561,0.26107741293975995,0.5882745717259222,0.055291974171888865,0.18162227734547834,Brain,Treatment vs Control,Brain | Treatment vs Control,0.5882745717259222,0.23041992366386824,FALSE,NS
Gene_2178,476.09083654404367,-0.21967669843149487,0.19534848662328994,-1.1245374982357528,0.26078507190776523,0.5882745717259222,-0.026425732270305133,0.08876624874715132,Brain,Treatment vs Control,Brain | Treatment vs Control,0.5882745717259222,0.23041992366386824,FALSE,NS
Gene_3425,1495.944660466609,-0.20400237965632592,0.18158060851156935,-1.123481088253584,0.26123322811278565,0.5882745717259222,-0.024701215217599562,0.08144127299238553,Brain,Treatment vs Control,Brain | Treatment vs Control,0.5882745717259222,0.23041992366386824,FALSE,NS
Gene_1095,78.12667955171058,0.33121709305559255,0.29505777054434384,1.12254997536428,0.26162867134407364,0.5887895720305443,0.043739579186100636,0.14823515951298988,Brain,Treatment vs Control,Brain | Treatment vs Control,0.5887895720305443,0.23003989033104735,FALSE,NS
Gene_0137,8.346929184423928,-0.9216618112612169,0.8217489292046807,-1.1215856553086545,0.26203865357260087,0.5893366151368494,-0.1870509647535895,0.4946256285291587,Brain,Treatment vs Control,Brain | Treatment vs Control,0.5893366151368494,0.22963657560620093,FALSE,NS
Gene_1220,129.18957901423815,0.3115435884716594,0.27798287150846945,1.120729442001492,0.262403045884234,0.5897804933273267,0.04009461011311127,0.13715834690444445,Brain,Treatment vs Control,Brain | Treatment vs Control,0.5897804933273267,0.2293095956031394,FALSE,NS
Gene_0308,17.47497577253529,-0.629107169947973,0.5621814688179254,-1.119046437568939,0.263120328556834,0.5906407375296763,-0.11349981310556173,0.32857714644314606,Brain,Treatment vs Control,Brain | Treatment vs Control,0.5906407375296763,0.22867660228424264,FALSE,NS
Gene_3285,62.194171034922164,0.35687239463527554,0.31886743960701613,1.119187318326067,0.2630602344853333,0.5906407375296763,0.048666944412240114,0.16324411176329787,Brain,Treatment vs Control,Brain | Treatment vs Control,0.5906407375296763,0.22867660228424264,FALSE,NS
Gene_2955,22.79699599704652,-0.5750380663230701,0.5142956792399125,-1.1181079086118901,0.26352090912717235,0.5907887810336797,-0.09958960185260457,0.29576287039421406,Brain,Treatment vs Control,Brain | Treatment vs Control,0.5907887810336797,0.22856776045119784,FALSE,NS
Gene_3060,51.722699336281615,0.3994927021878279,0.35721507309103084,1.118353429856593,0.26341607574921544,0.5907887810336797,0.057555161879994945,0.1885436417542965,Brain,Treatment vs Control,Brain | Treatment vs Control,0.5907887810336797,0.22856776045119784,FALSE,NS
Gene_1889,21.775526660185562,-0.5545293658283362,0.4970201480750066,-1.1157080210451564,0.2645471360502248,0.5922099591491603,-0.09430442134039084,0.2833912019378101,Brain,Treatment vs Control,Brain | Treatment vs Control,0.5922099591491603,0.22752429338853614,FALSE,NS
Gene_0695,128.00053028703977,-0.31333648080940246,0.280906097024513,-1.1154491986055377,0.26465797664609886,0.5922099591491603,-0.040320323232702134,0.13839588691117813,Brain,Treatment vs Control,Brain | Treatment vs Control,0.5922099591491603,0.22752429338853614,FALSE,NS
Gene_2527,159.01035806576158,-0.3032093692965827,0.27176637973898554,-1.1156985996126385,0.2645511702132762,0.5922099591491603,-0.03853759287808482,0.13270982414742954,Brain,Treatment vs Control,Brain | Treatment vs Control,0.5922099591491603,0.22752429338853614,FALSE,NS
Gene_3148,8.084954417574973,-0.93338810208421,0.8372758757457031,-1.1147915867669143,0.2649397425936238,0.5924649975288699,-0.1890422664637094,0.5013259058874185,Brain,Treatment vs Control,Brain | Treatment vs Control,0.5924649975288699,0.22733730241338604,FALSE,NS
Gene_3110,84.13335938996708,0.3223224927466197,0.29094223705064187,1.1078573397045675,0.2679234319211366,0.5983376802594703,0.04181603199271042,0.14383409101501757,Brain,Treatment vs Control,Brain | Treatment vs Control,0.5983376802594703,0.22305364664235472,FALSE,NS
Gene_0368,98.73822802348512,0.31650399495260945,0.2857802665966442,1.10750822204015,0.26807425946487734,0.5983376802594703,0.04074997398068704,0.1405433469858946,Brain,Treatment vs Control,Brain | Treatment vs Control,0.5983376802594703,0.22305364664235472,FALSE,NS
Gene_1608,2290.230603818977,0.19175101062844058,0.17305064458498115,1.1080629667014972,0.26783462322006857,0.5983376802594703,0.023246906768702127,0.07630776270064617,Brain,Treatment vs Control,Brain | Treatment vs Control,0.5983376802594703,0.22305364664235472,FALSE,NS
Gene_0386,5.782534676044693,-1.0262981571787506,0.9273122396310168,-1.1067449703749417,0.2684042063925082,0.5986956745242872,-0.20852511424825168,0.5485939990236358,Brain,Treatment vs Control,Brain | Treatment vs Control,0.5986956745242872,0.22279387954768362,FALSE,NS
Gene_1012,29.787687511681078,-0.47969745659566726,0.43375692404233457,-1.1059130817444862,0.26876414204453314,0.5991200666409384,-0.07559536402649761,0.2381322628880029,Brain,Treatment vs Control,Brain | Treatment vs Control,0.5991200666409384,0.22248613411438703,FALSE,NS
Gene_3415,23.844450125853793,-0.683937998376726,0.6191041210898889,-1.104722089674838,0.26928002870370554,0.5998913447020722,-0.12688220840262596,0.3627389321928004,Brain,Treatment vs Control,Brain | Treatment vs Control,0.5998913447020722,0.22192740406562286,FALSE,NS
Gene_3193,406.37111250164645,-0.24833332046533257,0.225234746289166,-1.1025533340513618,0.270221185193369,0.6016084520288689,-0.029705107463204483,0.10371538404932486,Brain,Treatment vs Control,Brain | Treatment vs Control,0.6016084520288689,0.22068607094747497,FALSE,NS
Gene_0240,1006.1460571299895,0.22313431444174361,0.20287174107908498,1.0998787374470242,0.27138496003888274,0.6038187107103308,0.026406388022481866,0.09116157618253402,Brain,Treatment vs Control,Brain | Treatment vs Control,0.6038187107103308,0.21909343349187585,FALSE,NS
Gene_1422,33.2631580706348,0.4585491376695717,0.4183950022650898,1.0959718332845687,0.2730911010437194,0.6072321648522502,0.07035250409767292,0.2258592499099055,Brain,Treatment vs Control,Brain | Treatment vs Control,0.6072321648522502,0.21664523209302694,FALSE,NS
Gene_1500,438.7539999291105,-0.23002557768758639,0.2099751686762323,-1.0954894292394664,0.27330227407944024,0.6073192761324755,-0.027174443586991948,0.09469249503159939,Brain,Treatment vs Control,Brain | Treatment vs Control,0.6073192761324755,0.21658293428150308,FALSE,NS
Gene_2736,243.3584929676976,0.25325813299963124,0.23139690664509158,1.0944750155544198,0.2737466992504403,0.6075421716236987,0.03026481810342606,0.106558389942251,Brain,Treatment vs Control,Brain | Treatment vs Control,0.6075421716236987,0.2164235707867698,FALSE,NS
Gene_2023,714.0305274866402,0.23576969444204,0.2153738655739704,1.0946996461883376,0.27364824368229923,0.6075421716236987,0.02789174967696307,0.09758992899645103,Brain,Treatment vs Control,Brain | Treatment vs Control,0.6075421716236987,0.2164235707867698,FALSE,NS
Gene_2862,242.819500089485,0.2287034240480332,0.20948607084457824,1.0917357088515574,0.2749492848463305,0.6094694069496928,0.02694833371959726,0.09416015384305797,Brain,Treatment vs Control,Brain | Treatment vs Control,0.6094694069496928,0.21504808943262255,FALSE,NS
Gene_1852,548.0979528283918,0.2091991559724684,0.19162508690355243,1.0917106906663074,0.2749602846986295,0.6094694069496928,0.024689207861945197,0.08472812780478675,Brain,Treatment vs Control,Brain | Treatment vs Control,0.6094694069496928,0.21504808943262255,FALSE,NS
Gene_1234,671.834905243772,-0.20201471637054028,0.1854350537615823,-1.0894095386640046,0.27597332689107834,0.6113311275109145,-0.023901570892564804,0.08144547100124086,Brain,Treatment vs Control,Brain | Treatment vs Control,0.6113311275109145,0.21372349041657543,FALSE,NS
Gene_3075,194.9729444917735,-0.26377139067831945,0.24227658884725797,-1.088720094390188,0.2762773377547586,0.6116208649605346,-0.0317061589938249,0.11231671721069764,Brain,Treatment vs Control,Brain | Treatment vs Control,0.6116208649605346,0.21351770739532905,FALSE,NS
Gene_1897,81.02186534155537,-0.35467876689845,0.3259332774269693,-1.0881943988610416,0.2765092969013388,0.6117508316783379,-0.047652437361613974,0.16361567340600428,Brain,Treatment vs Control,Brain | Treatment vs Control,0.6117508316783379,0.21342543155023558,FALSE,NS
Gene_0278,26.191181362550296,-0.5205875602405947,0.47866804830982573,-1.0875753292470358,0.27678262684218446,0.6119721073135588,-0.08495622862267015,0.26477142658622643,Brain,Treatment vs Control,Brain | Treatment vs Control,0.6119721073135588,0.21326837183460648,FALSE,NS
Gene_1858,98.91589304855086,-0.33451113926263526,0.3077813696112259,-1.0868466135074164,0.277104603331159,0.6123005972229802,-0.04372515792123091,0.151897788546725,Brain,Treatment vs Control,Brain | Treatment vs Control,0.6123005972229802,0.21303531696387787,FALSE,NS
Gene_1325,5.093332893693454,1.2477900631703371,1.1490603423379977,1.085922137588922,0.2775134418057563,0.6128204896911355,0.24565323276956477,0.6477424547395214,Brain,Treatment vs Control,Brain | Treatment vs Control,0.6128204896911355,0.2126667224697207,FALSE,NS
Gene_0933,25.898480586893864,0.5196551700111525,0.4791050924886609,1.084637124835928,0.27808240550943164,0.6130817913062735,0.0846424662843771,0.2644429046700329,Brain,Treatment vs Control,Brain | Treatment vs Control,0.6130817913062735,0.2124815823438811,FALSE,NS
Gene_2061,97.03787446241367,0.33722700453628,0.31115031266087184,1.083807378023848,0.2784502132346151,0.6130817913062735,0.04418907742794874,0.15364034994248152,Brain,Treatment vs Control,Brain | Treatment vs Control,0.6130817913062735,0.2124815823438811,FALSE,NS
Gene_2270,95.13777711980963,-0.3171732461721479,0.29267750953021543,-1.0836953159853357,0.2784999131280835,0.6130817913062735,-0.04047004416881336,0.14207832522298625,Brain,Treatment vs Control,Brain | Treatment vs Control,0.6130817913062735,0.2124815823438811,FALSE,NS
Gene_0630,148.92829297417632,-0.30516921035239236,0.2814624401894459,-1.0842271180019258,0.2782641107766387,0.6130817913062735,-0.03835013682104292,0.13523637873309685,Brain,Treatment vs Control,Brain | Treatment vs Control,0.6130817913062735,0.2124815823438811,FALSE,NS
Gene_2053,244.0832810807832,0.23277976863204117,0.21449631437203331,1.0852390136097914,0.2778158090811883,0.6130817913062735,0.027354883256426446,0.09641222016254203,Brain,Treatment vs Control,Brain | Treatment vs Control,0.6130817913062735,0.2124815823438811,FALSE,NS
Gene_2475,9.811301634458038,0.8257098717053649,0.762302841023711,1.0831782688839298,0.2787293034426961,0.6132044675739314,0.16078850832686473,0.4466135149220573,Brain,Treatment vs Control,Brain | Treatment vs Control,0.6132044675739314,0.21239468970214065,FALSE,NS
Gene_1127,102.82761719217339,0.3321208649654894,0.3070446706958391,1.0816695310582056,0.2793993965154435,0.6137326117263081,0.04318898270824967,0.1507904358850127,Brain,Treatment vs Control,Brain | Treatment vs Control,0.6137326117263081,0.2120207991268808,FALSE,NS
Gene_3356,161.48863613634836,0.2812865560493611,0.26008620400450266,1.0815127896768082,0.279469074619531,0.6137326117263081,0.03430852711664574,0.12207966350108221,Brain,Treatment vs Control,Brain | Treatment vs Control,0.6137326117263081,0.2120207991268808,FALSE,NS
Gene_0485,1968.6706875631724,0.1713388846433771,0.15843236505123837,1.0814639078824877,0.27949080703933826,0.6137326117263081,0.0211277260176497,0.06821761535686797,Brain,Treatment vs Control,Brain | Treatment vs Control,0.6137326117263081,0.2120207991268808,FALSE,NS
Gene_0889,317.300559475717,0.2367118964617935,0.21909765397456923,1.0803944824040368,0.27996655182228036,0.6140652083456826,0.027784190192833777,0.09856577235620735,Brain,Treatment vs Control,Brain | Treatment vs Control,0.6140652083456826,0.21178550814058683,FALSE,NS
Gene_2226,56026.065185537846,0.19743002143138902,0.18274777003062018,1.0803416172920128,0.279990083669371,0.6140652083456826,0.023293712311038182,0.07960061007161227,Brain,Treatment vs Control,Brain | Treatment vs Control,0.6140652083456826,0.21178550814058683,FALSE,NS
Gene_3106,48.757179053364645,0.40784476074006903,0.37917045988384307,1.075623773183729,0.2820955508700139,0.617915254418126,0.058486157735356245,0.19629072173909867,Brain,Treatment vs Control,Brain | Treatment vs Control,0.617915254418126,0.20907108326439597,FALSE,NS
Gene_2654,393.9130907691929,-0.24776903993214763,0.2303220643906688,-1.0757503437095177,0.28203892550711834,0.617915254418126,-0.029198645625651817,0.1044137534001293,Brain,Treatment vs Control,Brain | Treatment vs Control,0.617915254418126,0.20907108326439597,FALSE,NS
Gene_2669,26.140376039249304,0.5121093548673924,0.47667963867152713,1.074326053226451,0.2826765720734124,0.618664351528547,0.08251980328507637,0.2606591669554148,Brain,Treatment vs Control,Brain | Treatment vs Control,0.618664351528547,0.20854490803120196,FALSE,NS
Gene_0517,79.5131647049963,0.3453815032696821,0.3215780272436735,1.0740208410071863,0.2828133408429435,0.618664351528547,0.04559180505880729,0.1589637939709959,Brain,Treatment vs Control,Brain | Treatment vs Control,0.618664351528547,0.20854490803120196,FALSE,NS
Gene_2801,180.15135849053084,0.3144742964135708,0.29299869223602243,1.0732959045436588,0.2831383721524021,0.618664351528547,0.039820465326340544,0.14107408855010356,Brain,Treatment vs Control,Brain | Treatment vs Control,0.618664351528547,0.20854490803120196,FALSE,NS
Gene_1362,452.0756454731525,0.23976526757241726,0.2233209531838534,1.073635340321272,0.2829861517953667,0.618664351528547,0.02808022647625491,0.10036896945229451,Brain,Treatment vs Control,Brain | Treatment vs Control,0.618664351528547,0.20854490803120196,FALSE,NS
Gene_2423,10.348518877701341,0.7916114826898122,0.7382088508876622,1.0723408175585212,0.2835669795982753,0.6188349845250372,0.15176972585841,0.42867542262426683,Brain,Treatment vs Control,Brain | Treatment vs Control,0.6188349845250372,0.20842514236003443,FALSE,NS
Gene_1804,41.960706598643625,0.3985580363956336,0.37163726742735637,1.0724382921945237,0.2835232164907151,0.6188349845250372,0.056423872722836194,0.19086859743458787,Brain,Treatment vs Control,Brain | Treatment vs Control,0.6188349845250372,0.20842514236003443,FALSE,NS
Gene_3152,29.090550058149585,0.4846967401092102,0.45226734072912805,1.0717040486005482,0.2838529817939011,0.6190765155739746,0.07589683094753212,0.2438885115863505,Brain,Treatment vs Control,Brain | Treatment vs Control,0.6190765155739746,0.20825567046630936,FALSE,NS
Gene_2546,2084.7625704040033,0.21898543964836392,0.20441272970442326,1.0712906185686797,0.28403877674852024,0.6190993337648302,0.025450882690582148,0.09006423214876287,Brain,Treatment vs Control,Brain | Treatment vs Control,0.6190993337648302,0.20823966334683275,FALSE,NS
Gene_2340,112.6310156911452,0.32564971246979124,0.3041795211383221,1.0705839474370986,0.28435654448122316,0.6194095981265879,0.04180780633655358,0.14764986213549763,Brain,Treatment vs Control,Brain | Treatment vs Control,0.6194095981265879,0.20802206927126057,FALSE,NS
Gene_3122,64.5587099505308,0.35898670910010294,0.3355599800691248,1.0698138348504858,0.28470311369095946,0.6197821790645979,0.048194358370095815,0.16725932312809783,Brain,Treatment vs Control,Brain | Treatment vs Control,0.6197821790645979,0.20776091542357664,FALSE,NS
Gene_0433,10.061185529963558,0.7565759026155531,0.7092573541426033,1.0667156261356663,0.28610026872031097,0.6224399561623031,0.14287601883349488,0.4092710005613633,Brain,Treatment vs Control,Brain | Treatment vs Control,0.6224399561623031,0.20590253654562674,FALSE,NS
Gene_0815,20.034073711167927,0.5980153540250934,0.5618759072542642,1.0643192674828024,0.2871840924970658,0.6244131961866621,0.10334350519544823,0.3147231490081893,Brain,Treatment vs Control,Brain | Treatment vs Control,0.6244131961866621,0.2045279272456066,FALSE,NS
Gene_2001,8.450880400750087,-0.8279954667585844,0.7806280936474636,-1.0606785401352878,0.2888360157891906,0.6251089107892509,-0.15957828873025906,0.45040333357931406,Brain,Treatment vs Control,Brain | Treatment vs Control,0.6251089107892509,0.20404431028129752,FALSE,NS
Gene_0837,127.77730885886236,-0.29330342761707645,0.27615279637529877,-1.0621055859904078,0.2881877544908724,0.6251089107892509,-0.035985573646463556,0.12966090186263976,Brain,Treatment vs Control,Brain | Treatment vs Control,0.6251089107892509,0.20404431028129752,FALSE,NS
Gene_3062,194.09118530096742,-0.29169469353744365,0.2751567294052891,-1.0601037967266833,0.28909738071901636,0.6251089107892509,-0.03568783104209016,0.12886095869953487,Brain,Treatment vs Control,Brain | Treatment vs Control,0.6251089107892509,0.20404431028129752,FALSE,NS
Gene_3007,127.05838381867581,-0.28287761029870884,0.26663896771167495,-1.0609012355785643,0.2887347877113575,0.6251089107892509,-0.03425409084472651,0.1239140854856487,Brain,Treatment vs Control,Brain | Treatment vs Control,0.6251089107892509,0.20404431028129752,FALSE,NS
Gene_0752,115.32210363514379,0.27803837489753525,0.26177026609459986,1.0621465113117787,0.2881691779089384,0.6251089107892509,0.03349832523049551,0.12118690343574304,Brain,Treatment vs Control,Brain | Treatment vs Control,0.6251089107892509,0.20404431028129752,FALSE,NS
Gene_2681,378.90324990766874,0.23292614013857774,0.21933868820640626,1.0619473565893909,0.28825958464916746,0.6251089107892509,0.027010243281505992,0.0973289106871707,Brain,Treatment vs Control,Brain | Treatment vs Control,0.6251089107892509,0.20404431028129752,FALSE,NS
Gene_2469,308.96291036458126,-0.2320465352871246,0.21881288979617053,-1.060479277538364,0.28892661254223084,0.6251089107892509,-0.02687586082201083,0.09693937234780306,Brain,Treatment vs Control,Brain | Treatment vs Control,0.6251089107892509,0.20404431028129752,FALSE,NS
Gene_0213,339.7839248186062,0.22531581204644865,0.21215457174700622,1.0620360909079876,0.28821930114103883,0.6251089107892509,0.026061101408838622,0.09350589527725361,Brain,Treatment vs Control,Brain | Treatment vs Control,0.6251089107892509,0.20404431028129752,FALSE,NS
Gene_1460,956.8713522457152,0.20708956008622412,0.19533090717529,1.0601986294999486,0.28905424448203315,0.6251089107892509,0.023946952353469393,0.08470980479399653,Brain,Treatment vs Control,Brain | Treatment vs Control,0.6251089107892509,0.20404431028129752,FALSE,NS
Gene_1770,83.96911930176447,0.34409209904889526,0.32512287019448594,1.058344800053783,0.2898982754041507,0.6264570443403036,0.045094728410250945,0.15915004348314546,Brain,Treatment vs Control,Brain | Treatment vs Control,0.6264570443403036,0.20310870287502067,FALSE,NS
Gene_1575,29.19381664061117,-0.5095039304806103,0.4819822615558289,-1.0571009996009852,0.2904654950671022,0.6265324759205484,-0.0814379278722096,0.26059959240651664,Brain,Treatment vs Control,Brain | Treatment vs Control,0.6265324759205484,0.20305641270248304,FALSE,NS
Gene_0369,31.359542164689287,-0.4434356030762836,0.4194411098086136,-1.057205869206808,0.29041764178607354,0.6265324759205484,-0.06602213800193549,0.2195370261125915,Brain,Treatment vs Control,Brain | Treatment vs Control,0.6265324759205484,0.20305641270248304,FALSE,NS
Gene_0536,82.5965381191763,-0.30448551960033626,0.28791395440648077,-1.0575573533002833,0.2902572939920139,0.6265324759205484,-0.03782488604748417,0.13621436739287435,Brain,Treatment vs Control,Brain | Treatment vs Control,0.6265324759205484,0.20305641270248304,FALSE,NS
Gene_2865,26.495347898816206,0.5108990383393043,0.4847650166860897,1.0539107005531667,0.2919238033503129,0.6289096703050366,0.08169093594935131,0.26176929743237504,Brain,Treatment vs Control,Brain | Treatment vs Control,0.6289096703050366,0.20141172737699026,FALSE,NS
Gene_0757,460.72054705113135,-0.1949483068788626,0.18491492591234904,-1.0542594434549295,0.29176415142830586,0.6289096703050366,-0.022621706451044804,0.07923985041274517,Brain,Treatment vs Control,Brain | Treatment vs Control,0.6289096703050366,0.20141172737699026,FALSE,NS
Gene_0011,19.386807353087594,-0.5684922273377111,0.5402625285392326,-1.0522518170468091,0.292684031556544,0.6297789856344648,-0.09563201331095149,0.2977518772588963,Brain,Treatment vs Control,Brain | Treatment vs Control,0.6297789856344648,0.20081183492725432,FALSE,NS
Gene_2430,11457.609865343831,0.15960545138254936,0.15164024811776097,1.0525269733046254,0.29255784188879835,0.6297789856344648,0.019847707302929507,0.0641609403337986,Brain,Treatment vs Control,Brain | Treatment vs Control,0.6297789856344648,0.20081183492725432,FALSE,NS
Gene_1645,490.9797105546223,-0.2127600075583695,0.20259122303584925,-1.0501936084403856,0.2936291075540765,0.6314277580837054,-0.024410699874719326,0.0877650373722865,Brain,Treatment vs Control,Brain | Treatment vs Control,0.6314277580837054,0.19967633008143254,FALSE,NS
Gene_0374,13.224912697147378,0.7419172006933861,0.7071443398345109,1.0491736395245883,0.2940982086153282,0.6316671378471557,0.13824794327440315,0.4028299707979795,Brain,Treatment vs Control,Brain | Treatment vs Control,0.6316671378471557,0.1995117164614657,FALSE,NS
Gene_2281,286.0344937437747,0.24255175662070044,0.2311300377397232,1.049416852057279,0.293986305430936,0.6316671378471557,0.028091497374852704,0.10276491293689602,Brain,Treatment vs Control,Brain | Treatment vs Control,0.6316671378471557,0.1995117164614657,FALSE,NS
Gene_1888,6.902733303372171,0.9459746782963592,0.9037559328871665,1.0467147643217338,0.29523115216573587,0.6328099553975457,0.1846566778446906,0.5149448566159223,Brain,Treatment vs Control,Brain | Treatment vs Control,0.6328099553975457,0.1987266971143468,FALSE,NS
Gene_3366,10.500662182075725,0.8969853431563011,0.8571526546289995,1.0464709387670768,0.29534365555846825,0.6328099553975457,0.17407998266876235,0.4895117538793341,Brain,Treatment vs Control,Brain | Treatment vs Control,0.6328099553975457,0.1987266971143468,FALSE,NS
Gene_2528,26.76243008675138,0.50088272150753,0.47812232591774206,1.0476037079969023,0.2948212283637595,0.6328099553975457,0.07914918031836142,0.25612418598200626,Brain,Treatment vs Control,Brain | Treatment vs Control,0.6328099553975457,0.1987266971143468,FALSE,NS
Gene_2807,645.1029549675726,0.19481400128280604,0.18616418865067352,1.0464633541758313,0.2953471556202649,0.6328099553975457,0.02248314044122679,0.07942121930630909,Brain,Treatment vs Control,Brain | Treatment vs Control,0.6328099553975457,0.1987266971143468,FALSE,NS
Gene_2939,564.299485771804,-0.2527132308586663,0.24182688237674263,-1.0450171146190597,0.29601505958255353,0.6336351279067401,-0.029439958095407292,0.10829237491985132,Brain,Treatment vs Control,Brain | Treatment vs Control,0.6336351279067401,0.1981607540303561,FALSE,NS
Gene_0856,1375.0959438384411,0.20460415860317208,0.19582110727640498,1.044852423974754,0.2960911812648318,0.6336351279067401,0.023442965653883804,0.08404216700758221,Brain,Treatment vs Control,Brain | Treatment vs Control,0.6336351279067401,0.1981607540303561,FALSE,NS
Gene_3130,310.05062824402444,0.22330085584205644,0.21421044982133486,1.0424368000174762,0.2972092124321664,0.6356424767401451,0.025522230056026246,0.09323317435778058,Brain,Treatment vs Control,Brain | Treatment vs Control,0.6356424767401451,0.19678708881288448,FALSE,NS
Gene_2615,50.02422493752825,0.4168296858866639,0.40044083505403333,1.0409270219167812,0.29790941944185284,0.6367543341702072,0.05981041874204937,0.20443373159325673,Brain,Treatment vs Control,Brain | Treatment vs Control,0.6367543341702072,0.1960280902594419,FALSE,NS
Gene_2142,72.5078990897862,-0.3285373156116251,0.31606375767378525,-1.0394653219010135,0.2985883779703106,0.6370486783161129,-0.04188327712635931,0.1511793138611555,Brain,Treatment vs Control,Brain | Treatment vs Control,0.6370486783161129,0.19582738098278055,FALSE,NS
Gene_2323,421.42709146357873,-0.22325355776248323,0.2147616901121431,-1.0395408866725993,0.2985532528874831,0.6370486783161129,-0.02547415409075246,0.09332144758602469,Brain,Treatment vs Control,Brain | Treatment vs Control,0.6370486783161129,0.19582738098278055,FALSE,NS
Gene_2400,3555.7970056050476,0.2056905768852994,0.19776356607359735,1.0400832720054818,0.29830121466228654,0.6370486783161129,0.023484436552849812,0.08472218611219805,Brain,Treatment vs Control,Brain | Treatment vs Control,0.6370486783161129,0.19582738098278055,FALSE,NS
Gene_2634,9.334969884227837,-0.7722721709180831,0.74328629215878,-1.0389969236148797,0.29880616702549745,0.637128367009077,-0.14491709827294394,0.4216452839796381,Brain,Treatment vs Control,Brain | Treatment vs Control,0.637128367009077,0.1957730582969395,FALSE,NS
Gene_1067,36.62785763170712,0.42343983074185637,0.40838107623105724,1.0368742710846843,0.29979445614776246,0.6388498640058837,0.06118743273563335,0.2088599747039428,Brain,Treatment vs Control,Brain | Treatment vs Control,0.6388498640058837,0.1946011933202851,FALSE,NS
Gene_3192,19.19075187002012,-0.6327675793667408,0.6114079260477903,-1.0349351920525822,0.30069917819462155,0.6402317117658421,-0.11084925526485884,0.3393010342834397,Brain,Treatment vs Control,Brain | Treatment vs Control,0.6402317117658421,0.19366281831461427,FALSE,NS
Gene_2493,112.26703721290804,0.28061345691418715,0.27130251764671914,1.0343193986853907,0.30098687100858057,0.6402317117658421,0.03352060871294074,0.12401023962141358,Brain,Treatment vs Control,Brain | Treatment vs Control,0.6402317117658421,0.19366281831461427,FALSE,NS
Gene_1286,2415.8652227748034,-0.2224271534182902,0.2149737572140713,-1.034671191036573,0.300822494516483,0.6402317117658421,-0.025303800713694504,0.09309866380734069,Brain,Treatment vs Control,Brain | Treatment vs Control,0.6402317117658421,0.19366281831461427,FALSE,NS
Gene_2891,24.072096115456414,0.5652199105446446,0.5481816912053178,1.0310813360108104,0.302502679361663,0.6430296760196388,0.09419509746551841,0.29801533385554296,Brain,Treatment vs Control,Brain | Treatment vs Control,0.6430296760196388,0.19176898378779386,FALSE,NS
Gene_1377,121.71796896509483,-0.25710411776595676,0.24943835709711895,-1.0307320845039607,0.30266647452411205,0.6430296760196388,-0.029876543742035924,0.11130408135753647,Brain,Treatment vs Control,Brain | Treatment vs Control,0.6430296760196388,0.19176898378779386,FALSE,NS
Gene_1428,10.613959781949784,0.8371673013689549,0.8134220987654944,1.0291917353112214,0.3033895852105195,0.6430436952931319,0.15929377212261,0.4594355846233436,Brain,Treatment vs Control,Brain | Treatment vs Control,0.6430436952931319,0.19175951544290096,FALSE,NS
Gene_0154,12.352287944500667,0.7623496422755226,0.7410637206544897,1.0287234700981365,0.3036096378094543,0.6430436952931319,0.14193737481468752,0.41727697887229215,Brain,Treatment vs Control,Brain | Treatment vs Control,0.6430436952931319,0.19175951544290096,FALSE,NS
Gene_3322,126.87738128803134,0.28681214363929636,0.2786982794488369,1.0291134348102389,0.30342637370428704,0.6430436952931319,0.034455905755227716,0.1277685615539672,Brain,Treatment vs Control,Brain | Treatment vs Control,0.6430436952931319,0.19175951544290096,FALSE,NS
Gene_2494,152.25531839388972,-0.2643752901669628,0.2567286264224712,-1.0297850062575737,0.30311094073221556,0.6430436952931319,-0.030939762558304426,0.11529015829709995,Brain,Treatment vs Control,Brain | Treatment vs Control,0.6430436952931319,0.19175951544290096,FALSE,NS
Gene_1816,164.70913859800422,-0.24711409433465714,0.2402918734398249,-1.0283913925060004,0.3037657558054217,0.6430436952931319,-0.028423771083161735,0.10608188937486501,Brain,Treatment vs Control,Brain | Treatment vs Control,0.6430436952931319,0.19175951544290096,FALSE,NS
Gene_1118,403.2891387968189,0.2175708892188791,0.2113199780060148,1.029580313569247,0.30320706052263463,0.6430436952931319,0.02465433627390784,0.09088163085156586,Brain,Treatment vs Control,Brain | Treatment vs Control,0.6430436952931319,0.19175951544290096,FALSE,NS
Gene_0590,351.204178843092,0.2080838750584759,0.20247730227911132,1.027689882847392,0.30409572837882914,0.6433565110279482,0.023555929796119267,0.08631381234612275,Brain,Treatment vs Control,Brain | Treatment vs Control,0.6433565110279482,0.1915482994472979,FALSE,NS
Gene_1347,75.96644666641964,0.33554063538238854,0.3269053453950138,1.026415260897433,0.3046958876441302,0.6442402271086369,0.04301388612739238,0.1561719087491252,Brain,Treatment vs Control,Brain | Treatment vs Control,0.6442402271086369,0.1909521608173889,FALSE,NS
Gene_0918,6.7012814789942965,-0.9462352715163791,0.9235596231890713,-1.0245524465967972,0.30557441212657893,0.6453249098199463,-0.18245146133801027,0.5179147443206207,Brain,Treatment vs Control,Brain | Treatment vs Control,0.6453249098199463,0.19022157061493972,FALSE,NS
Gene_1846,109.38521230841074,-0.2968502986362704,0.28965040817720916,-1.0248571735298793,0.3054305846146345,0.6453249098199463,-0.036072157148778566,0.1337105494185252,Brain,Treatment vs Control,Brain | Treatment vs Control,0.6453249098199463,0.19022157061493972,FALSE,NS
Gene_0351,53.7492292590173,-0.34443257956707046,0.3374171860518778,-1.0207914528518238,0.30735325473416986,0.6483060588209999,-0.04462906597379554,0.16186837677390759,Brain,Treatment vs Control,Brain | Treatment vs Control,0.6483060588209999,0.18821991962765086,FALSE,NS
Gene_2513,163.60595209316853,0.23397361555138177,0.22917829627933786,1.0209239677137623,0.307290462700077,0.6483060588209999,0.02655730179842928,0.09954488528486972,Brain,Treatment vs Control,Brain | Treatment vs Control,0.6483060588209999,0.18821991962765086,FALSE,NS
Gene_0778,161.68801144954736,0.2806640806749165,0.27536263900872837,1.0192525815603477,0.30808306945337943,0.6494575034267956,0.03333471683377905,0.12486507369068323,Brain,Treatment vs Control,Brain | Treatment vs Control,0.6494575034267956,0.18744926126694209,FALSE,NS
Gene_0785,8.771218679716775,-0.7889777880844248,0.7752725750186272,-1.0176779283924344,0.3088310397221638,0.6502951841898142,-0.14747598009565008,0.434035846112568,Brain,Treatment vs Control,Brain | Treatment vs Control,0.6502951841898142,0.1868894621808356,FALSE,NS
Gene_3486,49.05815496384429,0.36884620213666897,0.3624523176380542,1.0176406224694077,0.30884877481912165,0.6502951841898142,0.04938771842064043,0.17686106805370685,Brain,Treatment vs Control,Brain | Treatment vs Control,0.6502951841898142,0.1868894621808356,FALSE,NS
Gene_0620,4.44164947899368,-1.3078642186153226,1.2866948207554916,-1.0164525398861879,0.30941393702909287,0.6510969080153318,-0.24058314874735184,0.6765240663898431,Brain,Treatment vs Control,Brain | Treatment vs Control,0.6510969080153318,0.18635436706297584,FALSE,NS
Gene_0109,59.48982801733342,0.3592246895690186,0.35377174992790694,1.0154137226678583,0.30990865440416,0.6517495287082126,0.047439559705641766,0.17118574205742268,Brain,Treatment vs Control,Brain | Treatment vs Control,0.6517495287082126,0.18591927420565826,FALSE,NS
Gene_2921,66.81469689853454,-0.316732143659219,0.31216790333168065,-1.0146211070351099,0.3102864740203448,0.6517677214549896,-0.03941002431812225,0.1458704905166523,Brain,Treatment vs Control,Brain | Treatment vs Control,0.6517677214549896,0.18590715160500151,FALSE,NS
Gene_1305,104.99321935368319,0.28081352087529626,0.27670393472791976,1.0148519252225936,0.310176417519024,0.6517677214549896,0.03330415000074173,0.12519958203773648,Brain,Treatment vs Control,Brain | Treatment vs Control,0.6517677214549896,0.18590715160500151,FALSE,NS
Gene_2361,159.59181682995367,0.2542385211839274,0.2510942046524791,1.0125224576003262,0.3112883144969028,0.6534833760336289,0.02922533573856919,0.11066235352127358,Brain,Treatment vs Control,Brain | Treatment vs Control,0.6534833760336289,0.18476545596207877,FALSE,NS
Gene_0234,115.28249785762183,-0.2578680037257114,0.2552548068868195,-1.0102376008928622,0.3123814685919734,0.6546106620761176,-0.029724084372247637,0.11274845025679626,Brain,Treatment vs Control,Brain | Treatment vs Control,0.6546106620761176,0.18401692532939937,FALSE,NS
Gene_2886,498.59713108766914,-0.19725587176740905,0.1951815449012711,-1.010627679308447,0.31219466282982966,0.6546106620761176,-0.022172434737224085,0.08177216649404957,Brain,Treatment vs Control,Brain | Treatment vs Control,0.6546106620761176,0.18401692532939937,FALSE,NS
Gene_3441,541.731624353037,-0.19295679313599634,0.19096364647916975,-1.0104373093705246,0.31228582043260666,0.6546106620761176,-0.021747265754097946,0.07976687145873625,Brain,Treatment vs Control,Brain | Treatment vs Control,0.6546106620761176,0.18401692532939937,FALSE,NS
Gene_0296,42.454474156698595,0.40301471788380977,0.3993986459192252,1.009053791247244,0.3129488373521031,0.6554106433512907,0.05634411862468389,0.19862361797510142,Brain,Treatment vs Control,Brain | Treatment vs Control,0.6554106433512907,0.1834865102969407,FALSE,NS
Gene_1231,83.81636468233447,0.316355717898371,0.3138479598634365,1.007990359523209,0.31345909035823594,0.656090129256035,0.03926288729792461,0.1460973842809113,Brain,Treatment vs Control,Brain | Treatment vs Control,0.656090129256035,0.18303649606663464,FALSE,NS
Gene_1859,46.49005009353899,-0.36744960050338454,0.36487419337624966,-1.0070583427764626,0.3139067381624635,0.6562490778280986,-0.04896998028916812,0.17685897900988465,Brain,Treatment vs Control,Brain | Treatment vs Control,0.6562490778280986,0.18293129386324314,FALSE,NS
Gene_1992,1366.2293670399108,0.17007665740736794,0.16886113439308698,1.007198358690706,0.3138394616633818,0.6562490778280986,0.01974916896824304,0.06966906352491503,Brain,Treatment vs Control,Brain | Treatment vs Control,0.6562490778280986,0.18293129386324314,FALSE,NS
Gene_3255,124.11930402568095,-0.26177217962112415,0.26018454073760233,-1.0061019723886016,0.31436652000151705,0.6564329876554444,-0.030250257941351666,0.1151028055229405,Brain,Treatment vs Control,Brain | Treatment vs Control,0.6564329876554444,0.18280960251724726,FALSE,NS
Gene_0279,300.2412247096355,-0.21912156967496263,0.21773598676319664,-1.0063635916706453,0.3142407006995118,0.6564329876554444,-0.024513266703318094,0.0926018464077086,Brain,Treatment vs Control,Brain | Treatment vs Control,0.6564329876554444,0.18280960251724726,FALSE,NS
Gene_3395,428.2261812947674,0.22703523048860655,0.2261073170230859,1.004103863058204,0.31532855361285816,0.6580526730537838,0.02544947940269966,0.09672269731665693,Brain,Treatment vs Control,Brain | Treatment vs Control,0.6580526730537838,0.18173934240268141,FALSE,NS
Gene_1442,105.72682094421967,-0.2742389865531928,0.27362879216335456,-1.0022300079791089,0.3162325178739672,0.659549332907843,-0.03211044760567624,0.12223848888003852,Brain,Treatment vs Control,Brain | Treatment vs Control,0.659549332907843,0.18075271458560746,FALSE,NS
Gene_1596,60.997129578403374,-0.3487962312318464,0.34815985938321337,-1.0018278151012594,0.3164267607757266,0.6595648714870664,-0.04523395260186315,0.16592445880046577,Brain,Treatment vs Control,Brain | Treatment vs Control,0.6595648714870664,0.18074248299354184,FALSE,NS
Gene_1641,87.0446401923361,0.28376050641672007,0.28377128169276,0.9999620283068263,0.3173288842880163,0.6610550385964516,0.033602410397922236,0.12775171465826698,Brain,Treatment vs Control,Brain | Treatment vs Control,0.6610550385964516,0.17976238020628388,FALSE,NS
Gene_2529,46.66859040266156,0.4064582851725229,0.40679415294146887,0.9991743544824395,0.31771023690020467,0.6612799112221919,0.05694144614988964,0.20167831630443242,Brain,Treatment vs Control,Brain | Treatment vs Control,0.6612799112221919,0.17961467036704096,FALSE,NS
Gene_3460,183.40574079271875,-0.26413752525428313,0.2646157755275407,-0.9981926615210144,0.31818594425559443,0.6612799112221919,-0.0305104009158989,0.1168439419143266,Brain,Treatment vs Control,Brain | Treatment vs Control,0.6612799112221919,0.17961467036704096,FALSE,NS
Gene_3012,976.6048447181258,-0.22396052115377382,0.22426380897728984,-0.9986476292144546,0.31796541868226236,0.6612799112221919,-0.024996783026346232,0.09539442838623523,Brain,Treatment vs Control,Brain | Treatment vs Control,0.6612799112221919,0.17961467036704096,FALSE,NS
Gene_1799,569.5296615237107,-0.19722797841327036,0.19757164161581914,-0.9982605641187259,0.31815302509905957,0.6612799112221919,-0.021990396850721308,0.08221855987880565,Brain,Treatment vs Control,Brain | Treatment vs Control,0.6612799112221919,0.17961467036704096,FALSE,NS
Gene_1199,82.79988212869655,0.30350908634996954,0.30434212881418393,0.9972628092355791,0.31863696082175297,0.6614386294306935,0.03688014607274783,0.1393037287090713,Brain,Treatment vs Control,Brain | Treatment vs Control,0.6614386294306935,0.17951044495499427,FALSE,NS
Gene_2354,166.69172363586407,-0.24296628566712064,0.24359129311809716,-0.9974341962597427,0.31855379961886027,0.6614386294306935,-0.027454258411055726,0.10537991150321054,Brain,Treatment vs Control,Brain | Treatment vs Control,0.6614386294306935,0.17951044495499427,FALSE,NS
Gene_2373,51.30901191059256,-0.3990876614134034,0.40058272913568754,-0.9962677678952611,0.31912006021287237,0.6620522518282328,-0.05534220345555363,0.19735135424870653,Brain,Treatment vs Control,Brain | Treatment vs Control,0.6620522518282328,0.17910773293922988,FALSE,NS
Gene_3229,6.792686264894316,1.0974623271126338,1.1045620844242021,0.9935723329528648,0.32043111929588886,0.6643818451167255,0.20669230403623176,0.5943506349263513,Brain,Treatment vs Control,Brain | Treatment vs Control,0.6643818451167255,0.1775822435796911,FALSE,NS
Gene_0473,9.480613178372757,-0.9009639110564371,0.9071792683125237,-0.9931487000715438,0.32063749397009794,0.6644195957795869,-0.17018210305000897,0.49901043472717616,Brain,Treatment vs Control,Brain | Treatment vs Control,0.6644195957795869,0.1775575673503182,FALSE,NS
Gene_1899,6.834481812378465,1.0735088311688465,1.0876022235066516,0.9870417768250187,0.323622158669934,0.6672030868323707,0.20184272916578874,0.5845255929988965,Brain,Treatment vs Control,Brain | Treatment vs Control,0.6672030868323707,0.17574195309099513,FALSE,NS
Gene_1410,5.293109529198163,0.978264113567034,0.991983261016525,0.9861699808972256,0.3240497074704737,0.6672030868323707,0.18478273674479878,0.5395209620096637,Brain,Treatment vs Control,Brain | Treatment vs Control,0.6672030868323707,0.17574195309099513,FALSE,NS
Gene_0844,16.51242946852151,0.5625715084639566,0.5689958480844368,0.988709338315722,0.322805372578136,0.6672030868323707,0.09242984556917277,0.30154289922789684,Brain,Treatment vs Control,Brain | Treatment vs Control,0.6672030868323707,0.17574195309099513,FALSE,NS
Gene_3011,46.47772107636349,-0.42746766705876854,0.4333349631702901,-0.9864601368221104,0.32390736749350063,0.6672030868323707,-0.061300696891316814,0.21613661007581683,Brain,Treatment vs Control,Brain | Treatment vs Control,0.6672030868323707,0.17574195309099513,FALSE,NS
Gene_0402,62.231067994652676,0.3539676301420048,0.35893875811930803,0.9861504842682637,0.3240592732703245,0.6672030868323707,0.04605960107007724,0.1703537818023908,Brain,Treatment vs Control,Brain | Treatment vs Control,0.6672030868323707,0.17574195309099513,FALSE,NS
Gene_3327,100.94196371704334,0.2910171858952031,0.29484098586896407,0.9870309754850013,0.32362745364592915,0.6672030868323707,0.034650554407869676,0.13273987188926553,Brain,Treatment vs Control,Brain | Treatment vs Control,0.6672030868323707,0.17574195309099513,FALSE,NS
Gene_2720,91.12583418171009,-0.2752792683296231,0.27832822369326626,-0.9890454682490148,0.32264089616424396,0.6672030868323707,-0.0321236096922075,0.12361527779056282,Brain,Treatment vs Control,Brain | Treatment vs Control,0.6672030868323707,0.17574195309099513,FALSE,NS
Gene_1077,220.8473500879358,-0.21382182582980014,0.21602536690011273,-0.9897996188969257,0.32227207115261525,0.6672030868323707,-0.023671950561102936,0.09065891941068453,Brain,Treatment vs Control,Brain | Treatment vs Control,0.6672030868323707,0.17574195309099513,FALSE,NS
Gene_2004,1302.5649852311653,-0.20280027811600798,0.20534549466528093,-0.9876051989676145,0.3233460391076632,0.6672030868323707,-0.0224194381347951,0.08531476170537403,Brain,Treatment vs Control,Brain | Treatment vs Control,0.6672030868323707,0.17574195309099513,FALSE,NS
Gene_0065,915.5833465869067,0.17969748145378048,0.18160757353223592,0.9894823104493691,0.3224272205255588,0.6672030868323707,0.020231833025938693,0.07444212039103464,Brain,Treatment vs Control,Brain | Treatment vs Control,0.6672030868323707,0.17574195309099513,FALSE,NS
Gene_3102,670.3229800564415,-0.17205077481808886,0.17444011655441635,-0.9863027967217498,0.32398454778670666,0.6672030868323707,-0.01956395174134274,0.07117056591732268,Brain,Treatment vs Control,Brain | Treatment vs Control,0.6672030868323707,0.17574195309099513,FALSE,NS
Gene_1437,31.578968743080928,0.4499339141017188,0.45666422295607834,0.9852620185334579,0.3244953840622685,0.667711655666591,0.06624052663892156,0.23049018427987142,Brain,Treatment vs Control,Brain | Treatment vs Control,0.667711655666591,0.175411042596079,FALSE,NS
Gene_0708,6.722553213014718,-0.924571938610678,0.9392802160940381,-0.9843409056942305,0.32494792319171256,0.6678272153470645,-0.1741818905455375,0.5126910494627527,Brain,Treatment vs Control,Brain | Treatment vs Control,0.6678272153470645,0.17533588651822216,FALSE,NS
Gene_3349,30.129225817601316,-0.4481875463340642,0.4551468109851908,-0.9847098463986536,0.3247666147864699,0.6678272153470645,-0.06584334705894908,0.22944284461700123,Brain,Treatment vs Control,Brain | Treatment vs Control,0.6678272153470645,0.17533588651822216,FALSE,NS
Gene_1568,73.9136150583296,-0.3080966208320803,0.3131085409757566,-0.9839930264180677,0.32511894171101774,0.6678272153470645,-0.037534026475489354,0.1429230560894078,Brain,Treatment vs Control,Brain | Treatment vs Control,0.6678272153470645,0.17533588651822216,FALSE,NS
Gene_3393,100.41999613506277,0.3033810495911543,0.3085865698421879,0.9831310861853265,0.32554292643224464,0.6683093449024743,0.03670523472902742,0.1402101660377015,Brain,Treatment vs Control,Brain | Treatment vs Control,0.6683093449024743,0.17502246613771025,FALSE,NS
Gene_1991,2016.7243899751961,-0.18224609376030512,0.18549922081793266,-0.9824628532492841,0.3258718747087974,0.6685959265524484,-0.020346985556405135,0.0758384434956119,Brain,Treatment vs Control,Brain | Treatment vs Control,0.6685959265524484,0.17483627369197416,FALSE,NS
Gene_0870,11.311316512053516,-0.6568049377290953,0.6693547460836348,-0.9812508861288161,0.32646903598828925,0.6692759563361832,-0.11465432438152466,0.3612435089218163,Brain,Treatment vs Control,Brain | Treatment vs Control,0.6692759563361832,0.174394776696907,FALSE,NS
Gene_0554,98.06894388791503,-0.2705872288306458,0.27582206667623993,-0.9810209606915214,0.32658240520171156,0.6692759563361832,-0.03130307630205135,0.12146320894492892,Brain,Treatment vs Control,Brain | Treatment vs Control,0.6692759563361832,0.174394776696907,FALSE,NS
Gene_2907,7.121299480642599,0.9190724719353922,0.9380854867655555,0.9797321085355252,0.3272183723253102,0.6701604779401393,0.17266261825368978,0.51058472209217165,Brain,Treatment vs Control,Brain | Treatment vs Control,0.6701604779401393,0.17382118783859024,FALSE,NS
Gene_0731,40.90859138418137,-0.4176990639373518,0.42649454815677823,-0.9793772645923876,0.32739360647033144,0.6701604779401393,-0.059093925349657454,0.21070518786206566,Brain,Treatment vs Control,Brain | Treatment vs Control,0.6701604779401393,0.17382118783859024,FALSE,NS
Gene_1492,52.326479761719625,0.4171099719614989,0.4270928225403954,0.9766260399331523,0.32875432264599674,0.6717774961012815,0.058933679015532064,0.21062158343465764,Brain,Treatment vs Control,Brain | Treatment vs Control,0.6717774961012815,0.17277454869728892,FALSE,NS
Gene_3347,122.66702066606899,-0.25450330455601056,0.26053980519841674,-0.9768307931380811,0.32865292855422196,0.6717774961012815,-0.028843008812366004,0.11275148311631696,Brain,Treatment vs Control,Brain | Treatment vs Control,0.6717774961012815,0.17277454869728892,FALSE,NS
Gene_2703,1584.514168087812,-0.1622921419337931,0.1661001354475711,-0.9770741095212413,0.3285324642852426,0.6717774961012815,-0.0187134355959194,0.06729539135495959,Brain,Treatment vs Control,Brain | Treatment vs Control,0.6717774961012815,0.17277454869728892,FALSE,NS
Gene_1287,6.83499326503031,-0.9255047660736372,0.9499176057161727,-0.9743000450821944,0.3299075822868931,0.6729948357139508,-0.17343997223679433,0.5147958851770378,Brain,Treatment vs Control,Brain | Treatment vs Control,0.6729948357139508,0.17198826836077702,FALSE,NS
Gene_1951,56.78081294945559,-0.409092046572351,0.41989541088892285,-0.9742712970029822,0.3299218523423531,0.6729948357139508,-0.05719155301566712,0.20580127576077753,Brain,Treatment vs Control,Brain | Treatment vs Control,0.6729948357139508,0.17198826836077702,FALSE,NS
Gene_1173,212.79921922105618,-0.2131808753561648,0.21876626060722779,-0.9744687081291253,0.3298238688827197,0.6729948357139508,-0.02340119188810441,0.09102540841442047,Brain,Treatment vs Control,Brain | Treatment vs Control,0.6729948357139508,0.17198826836077702,FALSE,NS
Gene_2530,232.06441764391593,-0.23742025152651344,0.24380282289102362,-0.9738207651214806,0.33014554088625475,0.67306230073289,-0.02642409388695505,0.10365237125269106,Brain,Treatment vs Control,Brain | Treatment vs Control,0.67306230073289,0.17194473427195126,FALSE,NS
Gene_2477,127.2195238974365,0.2402797204910842,0.24688841634684836,0.9732320537611625,0.3304379833156749,0.6732697744302644,0.026803157713347375,0.10521579462341539,Brain,Treatment vs Control,Brain | Treatment vs Control,0.6732697744302644,0.17181088217961052,FALSE,NS
Gene_1485,40.017397433436706,0.4438198822684058,0.45625505837338026,0.9727451216665788,0.33067999352876204,0.6733743120819254,0.06471045896227519,0.22800580255499783,Brain,Treatment vs Control,Brain | Treatment vs Control,0.6733743120819254,0.17174345512028066,FALSE,NS
Gene_0049,11.712893790180393,0.6899824993818422,0.7109032224645578,0.9705716299749103,0.33176163912919926,0.6750431371839168,0.12203887798789437,0.3830813214500956,Brain,Treatment vs Control,Brain | Treatment vs Control,0.6750431371839168,0.17066847362476553,FALSE,NS
Gene_3111,73.287570190475,0.3304035124678903,0.34054995439047586,0.97020571639557,0.33194396192912146,0.6750431371839168,0.04141611938177072,0.157336624933961,Brain,Treatment vs Control,Brain | Treatment vs Control,0.6750431371839168,0.17066847362476553,FALSE,NS
Gene_3140,224.82831025921402,-0.20695206125986992,0.2133643586080904,-0.9699467268570444,0.3320730470938724,0.6750431371839168,-0.02263810999017113,0.0881124598146788,Brain,Treatment vs Control,Brain | Treatment vs Control,0.6750431371839168,0.17066847362476553,FALSE,NS
Gene_0150,8.831441940600067,-0.7975392350733229,0.823854079808243,-0.9680588524353184,0.33301497832201915,0.676246866527715,-0.1462916995956351,0.44654377759780733,Brain,Treatment vs Control,Brain | Treatment vs Control,0.676246866527715,0.16989473423713072,FALSE,NS
Gene_2644,15.741168156127646,-0.5927416155820018,0.6127115197570897,-0.9674073303158964,0.33334044703126525,0.676246866527715,-0.09904978583232021,0.3235358917031146,Brain,Treatment vs Control,Brain | Treatment vs Control,0.676246866527715,0.16989473423713072,FALSE,NS
Gene_3022,16.023208073607062,-0.5828826361923024,0.6027587998178241,-0.9670246811302813,0.3335316955736339,0.676246866527715,-0.09671131140931659,0.31738117872927696,Brain,Treatment vs Control,Brain | Treatment vs Control,0.676246866527715,0.16989473423713072,FALSE,NS
Gene_0733,21.76534591919975,-0.5766083763405317,0.5962836834297761,-0.9670034454471845,0.3335423112677139,0.676246866527715,-0.0952298824968154,0.31342199351917555,Brain,Treatment vs Control,Brain | Treatment vs Control,0.676246866527715,0.16989473423713072,FALSE,NS
Gene_0678,44.63361434347192,-0.3975020588410605,0.41137710247321435,-0.9662717162702139,0.33390823502863703,0.676246866527715,-0.054658714705549366,0.1993165350029872,Brain,Treatment vs Control,Brain | Treatment vs Control,0.676246866527715,0.16989473423713072,FALSE,NS
Gene_0699,47.740269252101584,-0.3505442261268334,0.3628534210719891,-0.9660766738569248,0.3340058156964982,0.676246866527715,-0.04519050590118841,0.1700096833283532,Brain,Treatment vs Control,Brain | Treatment vs Control,0.676246866527715,0.16989473423713072,FALSE,NS
Gene_2313,180.41458233148398,0.2432827633328054,0.2517893004817673,0.966215652799044,0.33393628197273023,0.676246866527715,0.027137020506934364,0.10722829378632237,Brain,Treatment vs Control,Brain | Treatment vs Control,0.676246866527715,0.16989473423713072,FALSE,NS
Gene_0363,63.03344480007447,0.3676243128641019,0.3808881786614653,0.9651764834393761,0.33445642362189176,0.6767711357071059,0.04853821427177126,0.1806806552066172,Brain,Treatment vs Control,Brain | Treatment vs Control,0.6767711357071059,0.1695581722362402,FALSE,NS
Gene_2585,494.3516189265777,-0.18804793335830045,0.19510370468781216,-0.9638357900953151,0.33512825996798973,0.6777422027187696,-0.020611611202265342,0.07922520642873175,Brain,Treatment vs Control,Brain | Treatment vs Control,0.6777422027187696,0.1689354701852364,FALSE,NS
Gene_1452,10.054447707348674,-0.7037544941367821,0.7308226950886074,-0.9629620137227082,0.33556658661387984,0.6782401930930794,-0.124911352881896,0.3926165200916898,Brain,Treatment vs Control,Brain | Treatment vs Control,0.6782401930930794,0.1686164771334165,FALSE,NS
Gene_0323,69.802769815487,-0.2968435251859969,0.30845758076201213,-0.9623479651648569,0.33587484253211386,0.67847486783804,-0.03538142008075003,0.1378841846077356,Brain,Treatment vs Control,Brain | Treatment vs Control,0.67847486783804,0.16846623490388754,FALSE,NS
Gene_0298,136.15598778701064,0.2770474201550127,0.28835970162154356,0.9607702414625966,0.33666770444776123,0.6796876297341595,0.03211140176945747,0.1264680334843954,Brain,Treatment vs Control,Brain | Treatment vs Control,0.6796876297341595,0.16769063413406018,FALSE,NS
Gene_1760,118.44319456829601,0.24301844860105581,0.25322371217498046,0.9596986258266655,0.3372069150857505,0.6803872098101629,0.027030575012409803,0.10745964227225573,Brain,Treatment vs Control,Brain | Treatment vs Control,0.6803872098101629,0.1672438590234284,FALSE,NS
Gene_3107,54.398109597338596,0.3691945268692899,0.38504517451281717,0.958834316873124,0.33764221830906666,0.6804878269687867,0.048791714808549345,0.18227725978262815,Brain,Treatment vs Control,Brain | Treatment vs Control,0.6804878269687867,0.1671796393475966,FALSE,NS
Gene_0632,148.15906231023,0.2611568847885323,0.2722993723006561,0.9590800102916838,0.3375184398039823,0.6804878269687867,0.02963920213667013,0.11753951235280134,Brain,Treatment vs Control,Brain | Treatment vs Control,0.6804878269687867,0.1671796393475966,FALSE,NS
Gene_2846,10.473519405401404,-0.7339123684159694,0.7669271184614413,-0.9569519068360708,0.3385915300110426,0.6812345826034139,-0.13152077755495156,0.41159995718275066,Brain,Treatment vs Control,Brain | Treatment vs Control,0.6812345826034139,0.16670331336268324,FALSE,NS
Gene_1259,85.47863807169526,0.3063725052666675,0.3200821179780995,0.9571684516522412,0.3384822379144828,0.6812345826034139,0.03697320213708305,0.14393533861353783,Brain,Treatment vs Control,Brain | Treatment vs Control,0.6812345826034139,0.16670331336268324,FALSE,NS
Gene_0182,1373.5973723571917,-0.16360373153403543,0.17082732027741018,-0.9577140896921862,0.33820694998166734,0.6812345826034139,-0.01849817035299954,0.06846944288229805,Brain,Treatment vs Control,Brain | Treatment vs Control,0.6812345826034139,0.16670331336268324,FALSE,NS
Gene_1711,64.02562086631804,-0.31323973806881505,0.3275041222025197,-0.9564451768186175,0.33884736967824597,0.6813610833336483,-0.0381753372082221,0.14810793042545062,Brain,Treatment vs Control,Brain | Treatment vs Control,0.6813610833336483,0.16662267525318564,FALSE,NS
Gene_2663,223.8461148317986,-0.2457660431726894,0.2570610971851829,-0.9560608192520212,0.33904150821885337,0.6813634408200178,-0.027375191801357158,0.10917585524367296,Brain,Treatment vs Control,Brain | Treatment vs Control,0.6813634408200178,0.16662117261152434,FALSE,NS
Gene_0180,103.29658862848534,-0.28754009739220826,0.30134799620029196,-0.9541795565851175,0.33999276097773695,0.682304612689692,-0.03375028870227734,0.13302897559098728,Brain,Treatment vs Control,Brain | Treatment vs Control,0.682304612689692,0.16602169268182845,FALSE,NS
Gene_0419,108.82551183968202,-0.24641074078341907,0.25839870762280936,-0.9536067074418599,0.34028275925985485,0.682304612689692,-0.02744062135137856,0.10967776689686262,Brain,Treatment vs Control,Brain | Treatment vs Control,0.682304612689692,0.16602169268182845,FALSE,NS
Gene_3082,172.67557968260996,-0.2288780844625189,0.2399711078629258,-0.9537735042389213,0.3401983039492626,0.682304612689692,-0.02507839618819961,0.1001911384487782,Brain,Treatment vs Control,Brain | Treatment vs Control,0.682304612689692,0.16602169268182845,FALSE,NS
Gene_1831,824.3903753234597,0.18298535600365304,0.19174028800376874,0.9543396325766256,0.3399117526784511,0.682304612689692,0.020012437174751617,0.07723843415835854,Brain,Treatment vs Control,Brain | Treatment vs Control,0.682304612689692,0.16602169268182845,FALSE,NS
Gene_3234,762.6855219855223,0.20412394794319194,0.2141750620819903,0.9530705674083073,0.34055431753317433,0.6824615750338471,0.022115528953934493,0.08747769399924331,Brain,Treatment vs Control,Brain | Treatment vs Control,0.6824615750338471,0.16592179589240488,FALSE,NS
Gene_3190,76.72379858698277,-0.31114447716405286,0.3265996601316483,-0.952678508724211,0.34075298556242767,0.6824723721048962,-0.03777139566327586,0.14715727307114052,Brain,Treatment vs Control,Brain | Treatment vs Control,0.6824723721048962,0.16591492507145816,FALSE,NS
Gene_1296,12.242547041123022,0.6416906641029668,0.6738939333217664,0.9522131486477956,0.3409888939595845,0.6825577010041343,0.11011752412157044,0.35650740149335014,Brain,Treatment vs Control,Brain | Treatment vs Control,0.6825577010041343,0.16586062902206808,FALSE,NS
Gene_2616,530.326766433598,0.20046939623781765,0.2107092716629846,0.9514028246391315,0.3413999269999474,0.6829932817205746,0.021700004040199623,0.08574249319194877,Brain,Treatment vs Control,Brain | Treatment vs Control,0.6829932817205746,0.16558356824530837,FALSE,NS
Gene_2487,4321.377571340275,0.20076517702919006,0.21111705006219034,0.9509661913618495,0.34162153860499106,0.6830496335301378,0.021726144758546614,0.08590855874815763,Brain,Treatment vs Control,Brain | Treatment vs Control,0.6830496335301378,0.16554773733592884,FALSE,NS
Gene_2101,12.968021669038624,-0.7331619701078776,0.7719909540566767,-0.9497027993077385,0.342263286990225,0.683172225190777,-0.13100866655066862,0.4124220359384554,Brain,Treatment vs Control,Brain | Treatment vs Control,0.683172225190777,0.16546979848354407,FALSE,NS
Gene_0992,402.93857042064434,-0.24163446044837147,0.2544098255552688,-0.949784309316615,0.342221860188383,0.683172225190777,-0.026736520412925673,0.10728988960653463,Brain,Treatment vs Control,Brain | Treatment vs Control,0.683172225190777,0.16546979848354407,FALSE,NS
Gene_0735,1645.9842207439829,0.17250918819646252,0.1816039186211179,0.9499199659692926,0.3421529209036067,0.683172225190777,0.019053700842900537,0.0726339533889144,Brain,Treatment vs Control,Brain | Treatment vs Control,0.683172225190777,0.16546979848354407,FALSE,NS
Gene_2881,9.59440942332181,0.7445571732679961,0.7854826225444683,0.9478977025056269,0.3431815346857478,0.6842369722294324,0.13347042013142169,0.41946346162207887,Brain,Treatment vs Control,Brain | Treatment vs Control,0.6842369722294324,0.1647934627417063,FALSE,NS
Gene_3409,9.64675162922301,-0.7007052077557263,0.7403809376545128,-0.9464117349854021,0.34393862229213196,0.6842369722294324,-0.12352389215415653,0.3936107265018451,Brain,Treatment vs Control,Brain | Treatment vs Control,0.6842369722294324,0.1647934627417063,FALSE,NS
Gene_2752,15.111038786960316,-0.6277437610627278,0.6628634416007319,-0.947018226781078,0.3436294912661838,0.6842369722294324,-0.10670945389499609,0.3486875984089533,Brain,Treatment vs Control,Brain | Treatment vs Control,0.6842369722294324,0.1647934627417063,FALSE,NS
Gene_2282,38.88160029876458,-0.3974102141153132,0.4199337116676666,-0.9463641595648354,0.3439628791609425,0.6842369722294324,-0.05444448092549975,0.2014078557830609,Brain,Treatment vs Control,Brain | Treatment vs Control,0.6842369722294324,0.1647934627417063,FALSE,NS
Gene_2143,115.18283435779443,0.27048848478822646,0.285485412943743,0.9474686709878525,0.3434000131219657,0.6842369722294324,0.03095489660530953,0.12362337448223507,Brain,Treatment vs Control,Brain | Treatment vs Control,0.6842369722294324,0.1647934627417063,FALSE,NS
Gene_2402,276.6456505109811,-0.26467726973996064,0.28012568223970397,-0.9448518522963414,0.3447345153203512,0.6842369722294324,-0.030035742909115034,0.12047941437233146,Brain,Treatment vs Control,Brain | Treatment vs Control,0.6842369722294324,0.1647934627417063,FALSE,NS
Gene_2973,469.23665700114896,-0.20650852221253221,0.21855291683212905,-0.9448902590998218,0.34471490506602626,0.6842369722294324,-0.022281225280411255,0.0890641617296147,Brain,Treatment vs Control,Brain | Treatment vs Control,0.6842369722294324,0.1647934627417063,FALSE,NS
Gene_2056,274.8838262009064,-0.20093685040385453,0.212592296223334,-0.9451746557775776,0.3445697161896525,0.6842369722294324,-0.02167336342993232,0.08626250162409535,Brain,Treatment vs Control,Brain | Treatment vs Control,0.6842369722294324,0.1647934627417063,FALSE,NS
Gene_0567,691.9469815658803,0.1956355069763711,0.20689967238079757,0.9455573550464844,0.3443744039148955,0.6842369722294324,0.021120991211041083,0.08363581989513473,Brain,Treatment vs Control,Brain | Treatment vs Control,0.6842369722294324,0.1647934627417063,FALSE,NS
Gene_1076,342.548849438546,0.19360144980269645,0.20439228504255003,0.9472052712869903,0.34353418982790207,0.6842369722294324,0.020934706972401546,0.08257346698044274,Brain,Treatment vs Control,Brain | Treatment vs Control,0.6842369722294324,0.1647934627417063,FALSE,NS
Gene_1123,6.828118051541066,-0.8424966322878891,0.895454547207681,-0.9408591814236335,0.3467770279055335,0.6861097834462565,-0.15405070532299053,0.47650222242222645,Brain,Treatment vs Control,Brain | Treatment vs Control,0.6861097834462565,0.16360638789348428,FALSE,NS
Gene_0750,38.95093450825905,0.39629450683359485,0.4210598755736887,0.9411832611541261,0.34661095319597657,0.6861097834462565,0.0541663298360676,0.20128102969820477,Brain,Treatment vs Control,Brain | Treatment vs Control,0.6861097834462565,0.16360638789348428,FALSE,NS
Gene_2568,140.87820416179838,0.27947410003676537,0.29732212379700157,0.9399707511425486,0.34723256386815643,0.6861097834462565,0.03231204084642922,0.12937362405165975,Brain,Treatment vs Control,Brain | Treatment vs Control,0.6861097834462565,0.16360638789348428,FALSE,NS
Gene_1988,424.28020031532265,-0.2278403101363695,0.24206808496237836,-0.941224078224851,0.34659004007275085,0.6861097834462565,-0.024810547456576133,0.1003394119095908,Brain,Treatment vs Control,Brain | Treatment vs Control,0.6861097834462565,0.16360638789348428,FALSE,NS
Gene_1935,239.7494621511017,0.22134770527237405,0.23530321408104782,0.940691380425144,0.34686303745471725,0.6861097834462565,0.023985308930832346,0.09692940777101558,Brain,Treatment vs Control,Brain | Treatment vs Control,0.6861097834462565,0.16360638789348428,FALSE,NS
Gene_0688,188.38824352292298,0.20838802303412002,0.22137388340899902,0.9413396911374274,0.3465308087498769,0.6861097834462565,0.02245192597791138,0.09019175900762151,Brain,Treatment vs Control,Brain | Treatment vs Control,0.6861097834462565,0.16360638789348428,FALSE,NS
Gene_3452,337.9097427047703,-0.19818875293816,0.21025643232231342,-0.9426049455378648,0.34588300927015625,0.6861097834462565,-0.021349881824267693,0.08502324784963647,Brain,Treatment vs Control,Brain | Treatment vs Control,0.6861097834462565,0.16360638789348428,FALSE,NS
Gene_2436,407.1081145267364,0.1829442998566958,0.19458714480373945,0.9401664228190068,0.3471322020028387,0.6861097834462565,0.01981712234670682,0.07779529665029211,Brain,Treatment vs Control,Brain | Treatment vs Control,0.6861097834462565,0.16360638789348428,FALSE,NS
Gene_0571,9.796927364775357,-0.7602630021615681,0.8092269622345202,-0.9394929205797249,0.3474777252961028,0.686210205828042,-0.13651493130951592,0.4301852475871577,Brain,Treatment vs Control,Brain | Treatment vs Control,0.686210205828042,0.16354282708159237,FALSE,NS
Gene_1868,1227.2688204286974,0.16236064344822104,0.17291774620287084,0.9389472567941987,0.34775782467562094,0.6863794739684839,0.018125144608750244,0.06857618573116456,Brain,Treatment vs Control,Brain | Treatment vs Control,0.6863794739684839,0.16343571244885016,FALSE,NS
Gene_0175,10.365052180962708,0.7110974927913151,0.7585223356075913,0.9374773284977983,0.3485130803882742,0.686718575251672,0.12550686374046893,0.4014670661329182,Brain,Treatment vs Control,Brain | Treatment vs Control,0.686718575251672,0.16322120508839977,FALSE,NS
Gene_2622,45.801326690268105,0.34685172817656795,0.3697855728332846,0.937980693835624,0.3482543317657227,0.686718575251672,0.04423937042684788,0.17037949764620056,Brain,Treatment vs Control,Brain | Treatment vs Control,0.686718575251672,0.16322120508839977,FALSE,NS
Gene_1031,106.64814872464136,-0.300442240424038,0.32045299598012567,-0.9375547871072838,0.34847325581301564,0.686718575251672,-0.035782449741197646,0.14198229702594467,Brain,Treatment vs Control,Brain | Treatment vs Control,0.686718575251672,0.16322120508839977,FALSE,NS
Gene_2316,70.85686012978213,0.2949203935246077,0.3151508516743749,0.9358070649586249,0.34937253329478524,0.6880281177154973,0.03482766654131315,0.13882291314939305,Brain,Treatment vs Control,Brain | Treatment vs Control,0.6880281177154973,0.16239381304478057,FALSE,NS
Gene_0197,10.036409887734349,0.7119332042033966,0.7625878227312751,0.9335753640197734,0.35052297830794227,0.6887571710658564,0.12553130319727357,0.4026868793039198,Brain,Treatment vs Control,Brain | Treatment vs Control,0.6887571710658564,0.16193386641512325,FALSE,NS
Gene_3427,30.0147207807955,-0.41033888302681815,0.4392492549217883,-0.9341823086299421,0.35020985992476716,0.6887571710658564,-0.057053066802097936,0.2111049391853212,Brain,Treatment vs Control,Brain | Treatment vs Control,0.6887571710658564,0.16193386641512325,FALSE,NS
Gene_1589,146.0825777831768,0.23958883103685308,0.25637207714922433,0.9345355925692236,0.3500276849879755,0.6887571710658564,0.02630444602706425,0.10710182622579142,Brain,Treatment vs Control,Brain | Treatment vs Control,0.6887571710658564,0.16193386641512325,FALSE,NS
Gene_2837,323.33625521583036,0.2130094432667408,0.22812820640445772,0.9337269013069245,0.35044478468134255,0.6887571710658564,0.02290148644685293,0.09295517618185035,Brain,Treatment vs Control,Brain | Treatment vs Control,0.6887571710658564,0.16193386641512325,FALSE,NS
Gene_1409,7510.193099114433,0.14697533010716576,0.1575439692364665,0.9329162570898688,0.3508632078643716,0.6890422619405429,0.017075832824348318,0.06238950690608882,Brain,Treatment vs Control,Brain | Treatment vs Control,0.6890422619405429,0.16175414011749495,FALSE,NS
Gene_0747,12.137768433259039,-0.6229162369301456,0.6681400175735261,-0.9323139170624459,0.35117431747956984,0.6892698805004787,-0.10517770360218447,0.3481637002184425,Brain,Treatment vs Control,Brain | Treatment vs Control,0.6892698805004787,0.1616106987555369,FALSE,NS
Gene_2025,18.756050271782776,-0.5358728185445849,0.5757217161880035,-0.9307844458130431,0.35196507712645847,0.6895866218996018,-0.08500200392869449,0.2928949470464904,Brain,Treatment vs Control,Brain | Treatment vs Control,0.6895866218996018,0.16141117249009934,FALSE,NS
Gene_0836,30.44829313811443,0.41057657682623266,0.44137010732281723,0.9302319527632572,0.35225100132765663,0.6895866218996018,0.057070212894874225,0.2117400784285172,Brain,Treatment vs Control,Brain | Treatment vs Control,0.6895866218996018,0.16141117249009934,FALSE,NS
Gene_1429,35.21886477086389,-0.40143738025420356,0.43195053979502535,-0.9293595985426913,0.3527027581848431,0.6895866218996018,-0.05514124657054374,0.2059607462583814,Brain,Treatment vs Control,Brain | Treatment vs Control,0.6895866218996018,0.16141117249009934,FALSE,NS
Gene_2996,34.169572249981144,-0.3963080891883879,0.42581902197821764,-0.9306960674214799,0.35201080451523253,0.6895866218996018,-0.054082734204964816,0.20250579217782927,Brain,Treatment vs Control,Brain | Treatment vs Control,0.6895866218996018,0.16141117249009934,FALSE,NS
Gene_0740,62.707884266695125,-0.3641466755242463,0.3916975564009823,-0.9296628727279267,0.35254566323849823,0.6895866218996018,-0.047547761326451304,0.18211191987160325,Brain,Treatment vs Control,Brain | Treatment vs Control,0.6895866218996018,0.16141117249009934,FALSE,NS
Gene_0758,91.47088303682088,0.3261270354103739,0.350674195446244,0.9300000959448042,0.35237103481403137,0.6895866218996018,0.04029166499027763,0.15829010114915243,Brain,Treatment vs Control,Brain | Treatment vs Control,0.6895866218996018,0.16141117249009934,FALSE,NS
Gene_1017,95.21496934569477,0.3145690246159675,0.3382952906503727,0.9298652192621674,0.35244087308627475,0.6895866218996018,0.03819887211893902,0.15120451586131659,Brain,Treatment vs Control,Brain | Treatment vs Control,0.6895866218996018,0.16141117249009934,FALSE,NS
Gene_0436,7.32297881549214,0.8062703795957786,0.8705684732820589,0.9261424050380835,0.3543719791400786,0.6909373044415338,0.14559938229537792,0.45914239317601274,Brain,Treatment vs Control,Brain | Treatment vs Control,0.6909373044415338,0.1605613586611013,FALSE,NS
Gene_2009,38.59165181561931,0.3996989177531379,0.4315245696164777,0.9262483434219626,0.3543169343426393,0.6909373044415338,0.0547541297444973,0.20521782597589258,Brain,Treatment vs Control,Brain | Treatment vs Control,0.6909373044415338,0.1605613586611013,FALSE,NS
Gene_3447,39.4669474948618,0.3598742511320571,0.38849140703784324,0.9263377377533643,0.354270489913678,0.6909373044415338,0.04668226601999077,0.17976636496306078,Brain,Treatment vs Control,Brain | Treatment vs Control,0.6909373044415338,0.1605613586611013,FALSE,NS
Gene_0200,47.95992470566503,-0.32458043694955135,0.3503249162502802,-0.9265125656025665,0.3541796699943639,0.6909373044415338,-0.03998395608622807,0.15766678337315335,Brain,Treatment vs Control,Brain | Treatment vs Control,0.6909373044415338,0.1605613586611013,FALSE,NS
Gene_0042,233.75296970655083,-0.22807208785795507,0.24593863484554782,-0.927353638443943,0.35374295341519796,0.6909373044415338,-0.024699461575703203,0.10127354341984901,Brain,Treatment vs Control,Brain | Treatment vs Control,0.6909373044415338,0.1605613586611013,FALSE,NS
Gene_1312,22.466819740703514,0.4970184291301557,0.5370600986844992,0.9254428514566182,0.35473559756696305,0.6912645667819792,0.07604358291360823,0.2685251961241493,Brain,Treatment vs Control,Brain | Treatment vs Control,0.6912645667819792,0.1603557038516193,FALSE,NS
Gene_2679,56.030929511271445,-0.31520349879583226,0.341514384409232,-0.9229581920570825,0.3560289930209192,0.6934023024582823,-0.038263873173573854,0.15222813411306868,Brain,Treatment vs Control,Brain | Treatment vs Control,0.6934023024582823,0.15901472059241903,FALSE,NS
Gene_0178,109.16800442792852,0.2893558123835263,0.3137116540264516,0.9223623307252983,0.3563396115738191,0.6936246794196005,0.033792325171892214,0.13661371294478006,Brain,Treatment vs Control,Brain | Treatment vs Control,0.6936246794196005,0.1588754629005468,FALSE,NS
Gene_1032,7.972025984535123,0.7498749468969987,0.8136334740100183,0.9216372861372288,0.3567178028065724,0.6939782709146045,0.1333607869839351,0.4275177745655548,Brain,Treatment vs Control,Brain | Treatment vs Control,0.6939782709146045,0.15865412748407912,FALSE,NS
Gene_2798,19.94825282904082,-0.5307049145105738,0.5766175831267857,-0.9203758782948582,0.35737636949313223,0.6941915714221886,-0.08365155600667629,0.29121242529057323,Brain,Treatment vs Control,Brain | Treatment vs Control,0.6941915714221886,0.15852066365085823,FALSE,NS
Gene_1635,1341.8743115859284,-0.15430030532547365,0.16761438679011995,-0.9205671916378058,0.35727643775376233,0.6941915714221886,-0.017307937837925037,0.06578825597585324,Brain,Treatment vs Control,Brain | Treatment vs Control,0.6941915714221886,0.15852066365085823,FALSE,NS
Gene_3423,2776.8544411687344,-0.14912059715210374,0.16203518324613908,-0.9202976425532381,0.35741724068126274,0.6941915714221886,-0.016991796330319872,0.06365419502914471,Brain,Treatment vs Control,Brain | Treatment vs Control,0.6941915714221886,0.15852066365085823,FALSE,NS
Gene_3036,83.02209808301541,-0.33277586768918777,0.3618076990209858,-0.919758945400125,0.3576987417261919,0.694356380997902,-0.04145151030613087,0.16341689003906948,Brain,Treatment vs Control,Brain | Treatment vs Control,0.694356380997902,0.15841756906271884,FALSE,NS
Gene_1266,32.53105954048583,-0.41191577033424137,0.44831431427298374,-0.9188102124337282,0.3581948498764564,0.6948001160557695,-0.05726406180187247,0.21404216427824266,Brain,Treatment vs Control,Brain | Treatment vs Control,0.6948001160557695,0.15814011768265906,FALSE,NS
Gene_0763,113.6682395413122,-0.2513435605377419,0.27396132059748024,-0.9174417760492194,0.3589111899421477,0.6948001160557695,-0.02781217642082131,0.11480829720673873,Brain,Treatment vs Control,Brain | Treatment vs Control,0.6948001160557695,0.15814011768265906,FALSE,NS
Gene_2657,295.9113387795064,-0.20466167015585074,0.22290682960263086,-0.9181489437568817,0.3585408940736138,0.6948001160557695,-0.021770399988323485,0.08948806367741152,Brain,Treatment vs Control,Brain | Treatment vs Control,0.6948001160557695,0.15814011768265906,FALSE,NS
Gene_2953,2882.6512029294836,-0.19939107321008265,0.21709446191830323,-0.9184530616221674,0.35838172203486235,0.6948001160557695,-0.021193562822077495,0.08679778362281722,Brain,Treatment vs Control,Brain | Treatment vs Control,0.6948001160557695,0.15814011768265906,FALSE,NS
Gene_1476,1634.6740121798803,0.15823151027017943,0.17240466762905893,0.9177913361987735,0.35872811891150724,0.6948001160557695,0.01752451623872565,0.06755359956787921,Brain,Treatment vs Control,Brain | Treatment vs Control,0.6948001160557695,0.15814011768265906,FALSE,NS
Gene_2824,65.74844264233158,0.39421004441191737,0.4306689155859799,0.9153436204596851,0.3600112661941092,0.6965478251678902,0.05353664886572827,0.2030151146560409,Brain,Treatment vs Control,Brain | Treatment vs Control,0.6965478251678902,0.15704905943606884,FALSE,NS
Gene_2086,44.64211420099921,-0.36458573039205155,0.39949499290722834,-0.9126165205197365,0.361444262488905,0.6978758649516541,-0.04752245255010318,0.18429134173447542,Brain,Treatment vs Control,Brain | Treatment vs Control,0.6978758649516541,0.15622182087391936,FALSE,NS
Gene_0701,75.23166189306735,0.30941254056286777,0.33875842556426233,0.9133722358270092,0.3610468026067197,0.6978758649516541,0.037172751142805285,0.149571611733817,Brain,Treatment vs Control,Brain | Treatment vs Control,0.6978758649516541,0.15622182087391936,FALSE,NS
Gene_0663,63.805401712059314,0.2997967022014295,0.32838105788773225,0.9129537011965068,0.36126689225999487,0.6978758649516541,0.0354953025218708,0.14373249206659028,Brain,Treatment vs Control,Brain | Treatment vs Control,0.6978758649516541,0.15622182087391936,FALSE,NS
Gene_1946,1384.3486209042503,0.15645377626538617,0.1714500030650239,0.9125329452811367,0.3614882347767135,0.6978758649516541,0.017327323356540435,0.06698257170420253,Brain,Treatment vs Control,Brain | Treatment vs Control,0.6978758649516541,0.15622182087391936,FALSE,NS
Gene_1034,39.066291751816,0.3546924816591164,0.3892771704723174,0.9111566476625413,0.36221284251320407,0.6988926485869528,0.045573159588469615,0.17814708619304073,Brain,Treatment vs Control,Brain | Treatment vs Control,0.6988926485869528,0.15558952769746168,FALSE,NS
Gene_2105,7.206745502353254,-0.7801862580280231,0.8571497204998381,-0.9102100127537409,0.3627117646633788,0.6990698894794645,-0.13923578767215392,0.4474701230797423,Brain,Treatment vs Control,Brain | Treatment vs Control,0.6990698894794645,0.15547940351329814,FALSE,NS
Gene_0689,193.5403657261132,-0.21220629521981155,0.2332307281339846,-0.9098556477425431,0.3628986427119395,0.6990698894794645,-0.022555174646331326,0.09385726724424767,Brain,Treatment vs Control,Brain | Treatment vs Control,0.6990698894794645,0.15547940351329814,FALSE,NS
Gene_1779,368.5892258778451,-0.19241368531564274,0.21133237197945598,-0.9104789934139746,0.3625699551684777,0.6990698894794645,-0.020368661914618374,0.08371446336271496,Brain,Treatment vs Control,Brain | Treatment vs Control,0.6990698894794645,0.15547940351329814,FALSE,NS
Gene_0716,7.571810510746635,-0.7797327772570392,0.8577652354945738,-0.9090281874241005,0.36333524709985054,0.699529311619178,-0.13907701296109465,0.44745340150342755,Brain,Treatment vs Control,Brain | Treatment vs Control,0.699529311619178,0.15519408301953333,FALSE,NS
Gene_0736,16.512856961185886,-0.546783311833298,0.6023137470167665,-0.9078048019682294,0.36398136088804667,0.7001661768252802,-0.0871376789065553,0.30376071795171133,Brain,Treatment vs Control,Brain | Treatment vs Control,0.7001661768252802,0.15479887268114642,FALSE,NS
Gene_1966,65.18520835389545,0.314159835436266,0.3461240282361753,0.9076510435788101,0.36406261700685766,0.7001661768252802,0.037980572001711246,0.15304914864473834,Brain,Treatment vs Control,Brain | Treatment vs Control,0.7001661768252802,0.15479887268114642,FALSE,NS
Gene_2875,7.987645638421666,0.8481333758822269,0.9357801977070134,0.9063382383602991,0.3647568520000604,0.7009966466382904,0.15277237622903075,0.4864825955963493,Brain,Treatment vs Control,Brain | Treatment vs Control,0.7009966466382904,0.15428405956539507,FALSE,NS
Gene_0653,48.33761123564884,0.32007673960629174,0.35325290076999377,0.9060838252385552,0.36489148584570313,0.7009966466382904,0.03903586246183411,0.15687915201324604,Brain,Treatment vs Control,Brain | Treatment vs Control,0.7009966466382904,0.15428405956539507,FALSE,NS
Gene_3066,9.334551114871617,0.7386725079124211,0.8167942608985819,0.9043556538947563,0.36580684484581266,0.7016099778112789,0.13013717534537983,0.4243957973812301,Brain,Treatment vs Control,Brain | Treatment vs Control,0.7016099778112789,0.15390424336270134,FALSE,NS
Gene_1764,17.312951636018102,-0.5502313119546468,0.6082909505178992,-0.9045528484127203,0.36570232462604824,0.7016099778112789,-0.08787428989062233,0.3065696937900196,Brain,Treatment vs Control,Brain | Treatment vs Control,0.7016099778112789,0.15390424336270134,FALSE,NS
Gene_3018,22.532523637331597,0.46858536862745787,0.517914058127738,0.9047550675133175,0.365595160556404,0.7016099778112789,0.0694497987883722,0.25307690425388196,Brain,Treatment vs Control,Brain | Treatment vs Control,0.7016099778112789,0.15390424336270134,FALSE,NS
Gene_0606,39.758490946612916,0.3541729817525595,0.3922206128000714,0.9029943103298701,0.3665289146406482,0.7026132451661936,0.04542693487750345,0.17874314611785155,Brain,Treatment vs Control,Brain | Treatment vs Control,0.7026132451661936,0.15328366745550723,FALSE,NS
Gene_0840,13.838671648807859,0.5936452945133174,0.6578245279565359,0.902437153502645,0.36682469216236313,0.702798691277973,0.09774823169268129,0.3349899136225433,Brain,Treatment vs Control,Brain | Treatment vs Control,0.702798691277973,0.15316905590082328,FALSE,NS
Gene_0610,5.89456782307567,-0.9121837068093972,1.0123762507990273,-0.9010323050243897,0.36757114363048415,0.7030843489486671,-0.16442029386946197,0.5217739793012574,Brain,Treatment vs Control,Brain | Treatment vs Control,0.7030843489486671,0.15299256959541474,FALSE,NS
Gene_1019,206.2809798500757,-0.20267511036087774,0.2248162921024262,-0.9015143362854638,0.36731491482538503,0.7030843489486671,-0.021370746645662526,0.08937104232164177,Brain,Treatment vs Control,Brain | Treatment vs Control,0.7030843489486671,0.15299256959541474,FALSE,NS
Gene_3167,431.276611476511,-0.167925062674322,0.18631232199538417,-0.9013094833227525,0.3674237929787782,0.7030843489486671,-0.0180123132915013,0.07247895955228376,Brain,Treatment vs Control,Brain | Treatment vs Control,0.7030843489486671,0.15299256959541474,FALSE,NS
Gene_3272,49.16764739695986,-0.3201137875135296,0.3556306517684655,-0.900129912654269,0.3680511190531236,0.7036212784930046,-0.03900989974957476,0.15751014873030153,Brain,Treatment vs Control,Brain | Treatment vs Control,0.7036212784930046,0.1526610353425449,FALSE,NS
Gene_1279,103.90107028843693,0.25581229268775135,0.2843908240194736,0.899509657422121,0.36838125412506,0.7038713248460968,0.02833092826833485,0.11870164497586783,Brain,Treatment vs Control,Brain | Treatment vs Control,0.7038713248460968,0.1525067272456458,FALSE,NS
Gene_2525,356.2114914144297,-0.2263610733604719,0.2526733753410501,-0.8958643666153479,0.37032520745543085,0.7061127055097419,-0.024187030604247508,0.10232897735417817,Brain,Treatment vs Control,Brain | Treatment vs Control,0.7061127055097419,0.15112597391362362,FALSE,NS
Gene_2437,249.1595080459086,0.21059211045383097,0.2350856716964928,0.8958100633445486,0.3703542142747216,0.7061127055097419,0.02222557407253848,0.09383127429028833,Brain,Treatment vs Control,Brain | Treatment vs Control,0.7061127055097419,0.15112597391362362,FALSE,NS
Gene_2127,262.60320487826306,0.18586994761016126,0.20729390081605464,0.8966493798343625,0.36990603978496495,0.7061127055097419,0.019554137169423953,0.08117738261264952,Brain,Treatment vs Control,Brain | Treatment vs Control,0.7061127055097419,0.15112597391362362,FALSE,NS
Gene_1784,3357.6523266179374,0.15455676882404507,0.17252724679299547,0.8958397684829918,0.3703383467024042,0.7061127055097419,0.0169577562231487,0.06678447634930841,Brain,Treatment vs Control,Brain | Treatment vs Control,0.7061127055097419,0.15112597391362362,FALSE,NS
Gene_0902,567.6376420471787,-0.19787428740516258,0.22106681627119898,-0.8950881491069903,0.3707399684980052,0.7064667181686219,-0.020775152631410623,0.08726443332891513,Brain,Treatment vs Control,Brain | Treatment vs Control,0.7064667181686219,0.15090829305983638,FALSE,NS
Gene_3388,9.089516673760022,0.7146208767910036,0.8010485201314069,0.892106855991413,0.37233566044105076,0.7091247125228426,0.12443922372507973,0.41257819564587794,Brain,Treatment vs Control,Brain | Treatment vs Control,0.7091247125228426,0.1492773794889632,FALSE,NS
Gene_0285,36.15658079894723,0.37830512965252516,0.42470755998324683,0.8907426316297452,0.3730672582395801,0.7100820347083525,0.05014962230416107,0.1958196022380709,Brain,Treatment vs Control,Brain | Treatment vs Control,0.7100820347083525,0.1486914749948639,FALSE,NS
Gene_1257,104.94369166478468,0.2588984001425086,0.29075993151490515,0.8904198002579209,0.3732405144204764,0.7100820347083525,0.028731219515607535,0.12122175157248262,Brain,Treatment vs Control,Brain | Treatment vs Control,0.7100820347083525,0.1486914749948639,FALSE,NS
Gene_2197,8.861882835302747,-0.7066133397797872,0.7941853618572771,-0.8897335228230668,0.37360898924169234,0.7102750656093975,-0.12261606798101692,0.40823684330274324,Brain,Treatment vs Control,Brain | Treatment vs Control,0.7102750656093975,0.14857343108089607,FALSE,NS
Gene_1871,40.909808678338976,0.3629801524354055,0.40808054440074687,0.889481641347127,0.3737442854438574,0.7102750656093975,0.047085902706323436,0.1860269713328393,Brain,Treatment vs Control,Brain | Treatment vs Control,0.7102750656093975,0.14857343108089607,FALSE,NS
Gene_0129,328.02932302212383,0.1882704055061972,0.212063457524909,0.8878022064885127,0.37464715583371544,0.7114553846400459,0.019692836766198398,0.08281320166144061,Brain,Treatment vs Control,Brain | Treatment vs Control,0.7114553846400459,0.14785232932834663,FALSE,NS
Gene_1092,317.81132670813986,-0.17912196487019355,0.20181006189346892,-0.8875769780237622,0.374768341951426,0.7114553846400459,-0.018806781383038748,0.07834332280993042,Brain,Treatment vs Control,Brain | Treatment vs Control,0.7114553846400459,0.14785232932834663,FALSE,NS
Gene_1285,70.11169923466092,0.2735917362596977,0.308808621899829,0.8859588653209465,0.3756396936665184,0.712726361276989,0.030986935652384046,0.13031893831811892,Brain,Treatment vs Control,Brain | Treatment vs Control,0.712726361276989,0.14707717785885044,FALSE,NS
Gene_0537,16.505572527019538,0.5017859938523622,0.568745278674349,0.8822684120067638,0.3776316741472678,0.7130574553016056,0.0766435507431318,0.27871201744521856,Brain,Treatment vs Control,Brain | Treatment vs Control,0.7130574553016056,0.14687547503575082,FALSE,NS
Gene_1860,18.216884554161503,-0.48682062166111334,0.551601889635474,-0.8825579295655218,0.3774751675613273,0.7130574553016056,-0.07330839479045276,0.26873699153812947,Brain,Treatment vs Control,Brain | Treatment vs Control,0.7130574553016056,0.14687547503575082,FALSE,NS
Gene_1707,24.51534617146411,0.43247659673475924,0.48996243700182185,0.8826729644443154,0.3774129934305195,0.7130574553016056,0.061416272334234946,0.23262306356345125,Brain,Treatment vs Control,Brain | Treatment vs Control,0.7130574553016056,0.14687547503575082,FALSE,NS
Gene_2557,37.834162246812234,0.3459018741379519,0.39125044070224035,0.8840932511592983,0.37664587606123934,0.7130574553016056,0.043744784012575526,0.17566187506120365,Brain,Treatment vs Control,Brain | Treatment vs Control,0.7130574553016056,0.14687547503575082,FALSE,NS
Gene_1529,182.2829192262206,0.2216852076428161,0.2508075241027568,0.8838857942395333,0.3767578665125344,0.7130574553016056,0.02348354319111185,0.10056343948482506,Brain,Treatment vs Control,Brain | Treatment vs Control,0.7130574553016056,0.14687547503575082,FALSE,NS
Gene_2879,284.5707454599218,-0.20902779153470635,0.2368036453101892,-0.8827051258476227,0.3773956119421918,0.7130574553016056,-0.021917504922398152,0.09380059648786894,Brain,Treatment vs Control,Brain | Treatment vs Control,0.7130574553016056,0.14687547503575082,FALSE,NS
Gene_2937,259.9389316466256,0.19069689183591593,0.21589307301944613,0.8832932394210689,0.3770778555753043,0.7130574553016056,0.019891497679381462,0.08426770305050865,Brain,Treatment vs Control,Brain | Treatment vs Control,0.7130574553016056,0.14687547503575082,FALSE,NS
Gene_2854,428.5184965140081,0.18746562269677078,0.21186184513229558,0.8848484378095982,0.37623838082498207,0.7130574553016056,0.019579600658651476,0.08256721348194772,Brain,Treatment vs Control,Brain | Treatment vs Control,0.7130574553016056,0.14687547503575082,FALSE,NS
Gene_2845,416.4414242618809,0.17928431568484507,0.20302266690836024,0.8830753650072476,0.3771955533614135,0.7130574553016056,0.01876922600941138,0.07864168521569408,Brain,Treatment vs Control,Brain | Treatment vs Control,0.7130574553016056,0.14687547503575082,FALSE,NS
Gene_2153,21.377269016615404,-0.4489064900485551,0.5093753190290771,-0.8812882628554091,0.3781618171971747,0.7134266064152817,-0.06495729649087104,0.24375294268565018,Brain,Treatment vs Control,Brain | Treatment vs Control,0.7134266064152817,0.14665069818820042,FALSE,NS
Gene_2561,118.03235717733762,0.2683110892881144,0.3045034623734529,0.8811429833892958,0.3782404349392339,0.7134266064152817,0.030124052238421822,0.12758149658523887,Brain,Treatment vs Control,Brain | Treatment vs Control,0.7134266064152817,0.14665069818820042,FALSE,NS
Gene_0962,2029.217365128017,0.15048861590769042,0.1708570609841275,0.8807866355705996,0.3784333145895844,0.7134266064152817,0.016477733842446655,0.06561261739126444,Brain,Treatment vs Control,Brain | Treatment vs Control,0.7134266064152817,0.14665069818820042,FALSE,NS
Gene_3361,501.1204465989533,0.15845729131422942,0.18017972600525656,0.8794401835731873,0.37916265245232444,0.7144201311681737,0.01699837854324487,0.06913120243717975,Brain,Treatment vs Control,Brain | Treatment vs Control,0.7144201311681737,0.1460463162526687,FALSE,NS
Gene_3312,33.357605704629414,0.3877781273441902,0.4416110548009119,0.8780987774842032,0.37989011636500714,0.7147189999913346,0.052021322022295695,0.20372598607095302,Brain,Treatment vs Control,Brain | Treatment vs Control,0.7147189999913346,0.14586467252075502,FALSE,NS
Gene_1203,114.14426422603299,-0.26072788488566917,0.2967095418622772,-0.8787310419787256,0.3795471233517926,0.7147189999913346,-0.0289361245743721,0.12327655912767665,Brain,Treatment vs Control,Brain | Treatment vs Control,0.7147189999913346,0.14586467252075502,FALSE,NS
Gene_0724,144.1860482268809,0.23806987191925494,0.2711415401139978,0.8780280285313776,0.37992850834996744,0.7147189999913346,0.025623314540090793,0.11015097027865284,Brain,Treatment vs Control,Brain | Treatment vs Control,0.7147189999913346,0.14586467252075502,FALSE,NS
Gene_3196,191.53833291500757,0.2462523300652405,0.2808956816648181,0.8766682656199886,0.38066684831643477,0.7153457378421134,0.026773072657731496,0.11496173761612835,Brain,Treatment vs Control,Brain | Treatment vs Control,0.7153457378421134,0.14548400610696458,FALSE,NS
Gene_3275,197.15530751298704,0.196384384703922,0.22399895303765657,0.8767201008788096,0.38063868605339224,0.7153457378421134,0.02042633822586424,0.08753440842913804,Brain,Treatment vs Control,Brain | Treatment vs Control,0.7153457378421134,0.14548400610696458,FALSE,NS
Gene_3353,2302.7967881503578,0.1892617968208672,0.21602942598740643,0.8760926709674279,0.38097965674890094,0.7155527489257284,0.01966800451645515,0.08393658801133756,Brain,Treatment vs Control,Brain | Treatment vs Control,0.7155527489257284,0.1453583455199063,FALSE,NS
Gene_0578,166.04964685551923,-0.21755191600122006,0.24933509065721055,-0.8725282728066286,0.38292025119719164,0.7184332661940934,-0.022867622213486375,0.0990668524324148,Brain,Treatment vs Control,Brain | Treatment vs Control,0.7184332661940934,0.14361356638802308,FALSE,NS
Gene_1178,719.2850436182998,-0.17132945817484477,0.19633999702799354,-0.8726161799341229,0.38287231847580283,0.7184332661940934,-0.01793308429860043,0.07534085247417532,Brain,Treatment vs Control,Brain | Treatment vs Control,0.7184332661940934,0.14361356638802308,FALSE,NS
Gene_3475,20.6712041858015,-0.5118842176534625,0.5871802323239284,-0.8717667753008969,0.38333562335599625,0.7185960765888525,-0.0788032152618713,0.2873220757950403,Brain,Treatment vs Control,Brain | Treatment vs Control,0.7185960765888525,0.14351515829817021,FALSE,NS
Gene_2382,200.4714750128128,0.21471583339003852,0.2463402411117986,0.871623054442787,0.38341404936091705,0.7185960765888525,0.02250769260058243,0.09757849827670796,Brain,Treatment vs Control,Brain | Treatment vs Control,0.7185960765888525,0.14351515829817021,FALSE,NS
Gene_1545,21.681689720894113,0.48256792080981203,0.5548307806257842,0.8697569379001142,0.38443324898183456,0.7191029099741127,0.07226808850378516,0.2681501719787751,Brain,Treatment vs Control,Brain | Treatment vs Control,0.7191029099741127,0.14320895379550505,FALSE,NS
Gene_2506,38.92167932431311,-0.3511179884791269,0.4040786831359542,-0.8689346979508731,0.38488284966874975,0.7191029099741127,-0.04469587362158077,0.18092551211022326,Brain,Treatment vs Control,Brain | Treatment vs Control,0.7191029099741127,0.14320895379550505,FALSE,NS
Gene_1756,47.350882409572506,-0.33091726501777896,0.38006101596805736,-0.8706951018769872,0.38392065364091876,0.7191029099741127,-0.04086845739945441,0.1676305794903588,Brain,Treatment vs Control,Brain | Treatment vs Control,0.7191029099741127,0.14320895379550505,FALSE,NS
Gene_2234,76.17900108759835,-0.27140494211603966,0.31185188590740026,-0.8703007882294138,0.3841360482984908,0.7191029099741127,-0.030554932468769967,0.1304274839649762,Brain,Treatment vs Control,Brain | Treatment vs Control,0.7191029099741127,0.14320895379550505,FALSE,NS
Gene_2374,128.20091607003042,-0.23751383552153146,0.2732034166272077,-0.8693662709409835,0.3846468255462607,0.7191029099741127,-0.02548649493118351,0.11050018498471498,Brain,Treatment vs Control,Brain | Treatment vs Control,0.7191029099741127,0.14320895379550505,FALSE,NS
Gene_3472,343.54379816632917,0.176372327744397,0.20298541131108083,0.8688916440113101,0.3849064004109524,0.7191029099741127,0.01833797164618721,0.07793945960372367,Brain,Treatment vs Control,Brain | Treatment vs Control,0.7191029099741127,0.14320895379550505,FALSE,NS
Gene_0252,27.87800263193492,-0.48861832808969363,0.5627323069439047,-0.868296207735592,0.38523219767974604,0.7193309836103561,-0.07359648582807811,0.2724556332399823,Brain,Treatment vs Control,Brain | Treatment vs Control,0.7193309836103561,0.1430712330104764,FALSE,NS
Gene_0841,23.382153033367707,0.41840461136330453,0.4827807452535436,0.8666555480450439,0.3861307681287579,0.7194869352309468,0.05834917290965655,0.2257482221391801,Brain,Treatment vs Control,Brain | Treatment vs Control,0.7194869352309468,0.14297708777132595,FALSE,NS
Gene_3248,79.02190266801308,0.3219769105871236,0.37139161975586443,0.8669471615939428,0.38597096129207564,0.7194869352309468,0.03920853880846861,0.1623404579702002,Brain,Treatment vs Control,Brain | Treatment vs Control,0.7194869352309468,0.14297708777132595,FALSE,NS
Gene_0353,1315.2828734366956,-0.18436168951025017,0.21261989672325826,-0.8670951888863515,0.38588985646714885,0.7194869352309468,-0.01907964848097922,0.08196758603254464,Brain,Treatment vs Control,Brain | Treatment vs Control,0.7194869352309468,0.14297708777132595,FALSE,NS
Gene_0400,455.6793130626164,0.16486899681281442,0.19001190153288933,0.867677211178675,0.3855710647440778,0.7194869352309468,0.017334728072001628,0.07254807688328671,Brain,Treatment vs Control,Brain | Treatment vs Control,0.7194869352309468,0.14297708777132595,FALSE,NS
Gene_2292,140.79648430304832,0.2545738162215377,0.29406483774722053,0.8657064141764902,0.3866511816576372,0.7200766468529097,0.027930743678068578,0.12075483694067808,Brain,Treatment vs Control,Brain | Treatment vs Control,0.7200766468529097,0.14262127366093028,FALSE,NS
Gene_2702,55.29342610932386,0.3302059870836716,0.38196908325899515,0.8644835447579263,0.3873223159996015,0.7201869919929399,0.04071737051610933,0.16792233598751224,Brain,Treatment vs Control,Brain | Treatment vs Control,0.7201869919929399,0.14255472711456033,FALSE,NS
Gene_3080,90.58836084395377,0.30716567090295505,0.3552743476821871,0.8645872490004036,0.3872653735588374,0.7201869919929399,0.03654100458230911,0.15318195226470702,Brain,Treatment vs Control,Brain | Treatment vs Control,0.7201869919929399,0.14255472711456033,FALSE,NS
Gene_0270,93.45227594101559,0.24017602261986604,0.2777346478739098,0.8647679519226021,0.3871661644989474,0.7201869919929399,0.025829777609377748,0.1123989130483178,Brain,Treatment vs Control,Brain | Treatment vs Control,0.7201869919929399,0.14255472711456033,FALSE,NS
Gene_3157,6.9284584680576815,0.7181491195649179,0.8316448923702149,0.8635285638779908,0.3878469215911387,0.7202236143311056,0.12407012050494587,0.4211461903313454,Brain,Treatment vs Control,Brain | Treatment vs Control,0.7202236143311056,0.14253264330135684,FALSE,NS
Gene_2982,11.42126668616549,0.6030026571515581,0.6984582411615656,0.8633338711112337,0.38795392649610955,0.7202236143311056,0.09908339548024739,0.34890980365535407,Brain,Treatment vs Control,Brain | Treatment vs Control,0.7202236143311056,0.14253264330135684,FALSE,NS
Gene_2119,428.7671305061268,-0.1893037950854565,0.21919981244424083,-0.8636129427967044,0.387800551761873,0.7202236143311056,-0.019544830602238075,0.08465813256589955,Brain,Treatment vs Control,Brain | Treatment vs Control,0.7202236143311056,0.14253264330135684,FALSE,NS
Gene_1579,248.50780219915526,-0.21136395189903795,0.24495639656941434,-0.8628635743306374,0.3882124800607847,0.7203248907486236,-0.02202560667087826,0.09634456543466727,Brain,Treatment vs Control,Brain | Treatment vs Control,0.7203248907486236,0.1424715779652125,FALSE,NS
Gene_1705,8.214740426355888,0.914176788738358,1.0621523625861384,0.8606832888951185,0.389412499402332,0.7206089178878844,0.16128753844027785,0.532098812419852,Brain,Treatment vs Control,Brain | Treatment vs Control,0.7206089178878844,0.14230036757352074,FALSE,NS
Gene_0209,5.853774505484795,-0.8666617153996845,1.0053058191900914,-0.8620876342861485,0.38863929555067483,0.7206089178878844,-0.1530885255632228,0.50666482173551175,Brain,Treatment vs Control,Brain | Treatment vs Control,0.7206089178878844,0.14230036757352074,FALSE,NS
Gene_1337,7.182918075769462,0.7745403718976883,0.8995553563388005,0.8610258017361773,0.38922383259763654,0.7206089178878844,0.13550094098606902,0.45525443812889893,Brain,Treatment vs Control,Brain | Treatment vs Control,0.7206089178878844,0.14230036757352074,FALSE,NS
Gene_3399,32.221181233361236,0.38491835855437756,0.4473916494250832,0.8603610707732556,0.3895900380198163,0.7206089178878844,0.05138398835688433,0.20437769946959958,Brain,Treatment vs Control,Brain | Treatment vs Control,0.7206089178878844,0.14230036757352074,FALSE,NS
Gene_0111,50.63928005219662,0.30858985098145025,0.35810362131093587,0.8617333995444476,0.38883424174265996,0.7206089178878844,0.03678360682712093,0.1544058776145384,Brain,Treatment vs Control,Brain | Treatment vs Control,0.7206089178878844,0.14230036757352074,FALSE,NS
Gene_0839,119.38725720993146,-0.2388144952571056,0.2773714862071358,-0.860991511862771,0.3892427180284508,0.7206089178878844,-0.025614494960104234,0.11191648371783111,Brain,Treatment vs Control,Brain | Treatment vs Control,0.7206089178878844,0.14230036757352074,FALSE,NS
Gene_1906,57.51269631055151,0.28752700941089476,0.3343951590278597,0.8598420211787211,0.38987613211081174,0.7207605353315583,0.03314388348192385,0.14136225640210826,Brain,Treatment vs Control,Brain | Treatment vs Control,0.7207605353315583,0.14220900082609367,FALSE,NS
Gene_0163,2353.7373183316695,-0.1594828021802485,0.18572854107362752,-0.8586876376583685,0.3905128727043504,0.7215598919513665,-0.016801956640357687,0.07048342806632794,Brain,Treatment vs Control,Brain | Treatment vs Control,0.7215598919513665,0.14172761513948431,FALSE,NS
Gene_1887,10.185114681859833,-0.6350436946021091,0.7412589491613091,-0.8567096496043975,0.3916053690645438,0.7215870888558457,-0.10601619189735685,0.3709864200551032,Brain,Treatment vs Control,Brain | Treatment vs Control,0.7215870888558457,0.14171124609918748,FALSE,NS
Gene_1454,13.880862467218515,0.5382842184032234,0.6288434819574088,0.8559907732965595,0.39200288304665737,0.7215870888558457,0.08454284865355302,0.307968115273497,Brain,Treatment vs Control,Brain | Treatment vs Control,0.7215870888558457,0.14171124609918748,FALSE,NS
Gene_2948,17.375709395746537,0.5183078345525767,0.6050139705024049,0.8566873821478416,0.3916176785327499,0.7215870888558457,0.08009930629230581,0.2945081840744947,Brain,Treatment vs Control,Brain | Treatment vs Control,0.7215870888558457,0.14171124609918748,FALSE,NS
Gene_0868,44.32968900529633,-0.35510862009705685,0.4149322514505788,-0.8558231346337093,0.39209561667173076,0.7215870888558457,-0.04543800451243799,0.18528287850305142,Brain,Treatment vs Control,Brain | Treatment vs Control,0.7215870888558457,0.14171124609918748,FALSE,NS
Gene_2211,64.16054136273094,0.2988952400647244,0.3489760381673661,0.8564921581274203,0.39172560858485717,0.7215870888558457,0.035069431899369785,0.14885306402479648,Brain,Treatment vs Control,Brain | Treatment vs Control,0.7215870888558457,0.14171124609918748,FALSE,NS
Gene_1167,174.90071046522024,-0.2301081134786862,0.2681583788343122,-0.8581052528694759,0.3908343470657177,0.7215870888558457,-0.02439650874471303,0.10714239237293863,Brain,Treatment vs Control,Brain | Treatment vs Control,0.7215870888558457,0.14171124609918748,FALSE,NS
Gene_0528,117.52661527661635,-0.21639213086636877,0.252882485419073,-0.8557023255595065,0.392162453558303,0.7215870888558457,-0.022591048537269176,0.0996065258359667,Brain,Treatment vs Control,Brain | Treatment vs Control,0.7215870888558457,0.14171124609918748,FALSE,NS
Gene_0017,1731.676554050635,0.17937529444936165,0.20948208490678785,0.856279879633513,0.391842987724248,0.7215870888558457,0.01848031528213485,0.0800724214572664,Brain,Treatment vs Control,Brain | Treatment vs Control,0.7215870888558457,0.14171124609918748,FALSE,NS
Gene_1614,97.64416718509435,0.2804159243514918,0.3282032808890886,0.854397078517488,0.39288501411925403,0.721988250340642,0.031943371794716936,0.13750933572746035,Brain,Treatment vs Control,Brain | Treatment vs Control,0.721988250340642,0.14146987009482748,FALSE,NS
Gene_0066,675.9963579823537,-0.17716762847548442,0.2072356188782191,-0.854909158157778,0.39260144019967064,0.721988250340642,-0.018256942013587685,0.07905518019145953,Brain,Treatment vs Control,Brain | Treatment vs Control,0.721988250340642,0.14146987009482748,FALSE,NS
Gene_0890,499.1788092932737,-0.1769206188555772,0.2071183661250889,-0.8542005335670048,0.3929938876110773,0.721988250340642,-0.018226218585904057,0.07897146483152037,Brain,Treatment vs Control,Brain | Treatment vs Control,0.721988250340642,0.14146987009482748,FALSE,NS
Gene_1389,29.55554978455464,-0.4099509896213992,0.48052243391965566,-0.8531360050713966,0.3935838867813071,0.7223205323413697,-0.056532728603186824,0.22224045523449024,Brain,Treatment vs Control,Brain | Treatment vs Control,0.7223205323413697,0.141270039914982,FALSE,NS
Gene_1294,521.230895169376,-0.18609390347912352,0.21811210537290815,-0.8532030038450051,0.39354673789247135,0.7223205323413697,-0.019111863584509444,0.08362286253517173,Brain,Treatment vs Control,Brain | Treatment vs Control,0.7223205323413697,0.141270039914982,FALSE,NS
Gene_1776,263.89633532821034,-0.19930034190745552,0.23373747799129008,-0.8526674610345637,0.3938437402926633,0.7224219464796853,-0.020525859661176423,0.09053039802464294,Brain,Treatment vs Control,Brain | Treatment vs Control,0.7224219464796853,0.14120906904802763,FALSE,NS
Gene_0628,371.2244891806415,0.18335488848753098,0.21519685584918496,0.8520333058027131,0.3941956067863566,0.7226919457749871,0.018824502719802363,0.08230068487252859,Brain,Treatment vs Control,Brain | Treatment vs Control,0.7226919457749871,0.14104678536082454,FALSE,NS
Gene_0404,1480.361235254685,-0.1569319047293508,0.18429731657846163,-0.8515148654513348,0.39448340917040703,0.7228442749251205,-0.01652036898057444,0.06964660024426159,Brain,Treatment vs Control,Brain | Treatment vs Control,0.7228442749251205,0.1409552543308393,FALSE,NS
Gene_2068,24.976069313290235,0.4616872447593766,0.5429923826942364,0.8502646804519844,0.3951779484685211,0.7233661669478217,0.06758128719915364,0.2576507881445644,Brain,Treatment vs Control,Brain | Treatment vs Control,0.7233661669478217,0.1406418077826955,FALSE,NS
Gene_0001,24.96791410442862,0.3985583636386533,0.46871793078967744,0.8503160162172118,0.39514941437899326,0.7233661669478217,0.05415888507854564,0.21503408584496528,Brain,Treatment vs Control,Brain | Treatment vs Control,0.7233661669478217,0.1406418077826955,FALSE,NS
Gene_1059,148.05333329120631,0.21828784051547354,0.2568793143669993,0.8497680751499097,0.3954540421608323,0.7234964885336264,0.022787961959910577,0.10109687511911562,Brain,Treatment vs Control,Brain | Treatment vs Control,0.7234964885336264,0.14056357237378997,FALSE,NS
Gene_2708,135.73840460318362,0.22711966462498812,0.26752859085497094,0.8489547375073314,0.3959064787270928,0.7239491332912297,0.023935738387973034,0.10615427310669122,Brain,Treatment vs Control,Brain | Treatment vs Control,0.7239491332912297,0.14029194748656298,FALSE,NS
Gene_2533,43.99315264018325,0.3173206027234888,0.3745597592352907,0.8471828457262397,0.3968932135471519,0.7250395678397281,0.038311199350815436,0.16172489755358388,Brain,Treatment vs Control,Brain | Treatment vs Control,0.7250395678397281,0.13963829187652438,FALSE,NS
Gene_2038,433.5869191166177,-0.18261846565130577,0.21556893444045647,-0.8471464876204037,0.3969134762487098,0.7250395678397281,-0.01870241707432585,0.08220841733081347,Brain,Treatment vs Control,Brain | Treatment vs Control,0.7250395678397281,0.13963829187652438,FALSE,NS
Gene_1033,269.75354241981256,-0.2086384463687327,0.24653444129026536,-0.8462851895126711,0.39739366797876774,0.7255413865734379,-0.021564886303439806,0.09600278563960818,Brain,Treatment vs Control,Brain | Treatment vs Control,0.7255413865734379,0.1393378093491662,FALSE,NS
Gene_2827,130.8302757142845,-0.23002432714679336,0.272055568127679,-0.8455049412509731,0.39782897499326275,0.7255858009820304,-0.024305727989889583,0.10809791568024656,Brain,Treatment vs Control,Brain | Treatment vs Control,0.7255858009820304,0.13931122459113787,FALSE,NS
Gene_0271,269.6569963774375,0.19114659956280716,0.22597737457485098,0.845866095764792,0.39762744816191425,0.7255858009820304,0.01956946161676886,0.08666806267712912,Brain,Treatment vs Control,Brain | Treatment vs Control,0.7255858009820304,0.13931122459113787,FALSE,NS
Gene_2102,73.6997749638639,-0.28825310351634836,0.34118742993711193,-0.8448526476179955,0.39819311552265274,0.725875008213984,-0.03321731774012757,0.14342804433054726,Brain,Treatment vs Control,Brain | Treatment vs Control,0.725875008213984,0.13913815604415353,FALSE,NS
Gene_3449,139.57202577213386,-0.26667619537661746,0.31624279776122427,-0.8432640909595306,0.3990807610414162,0.7267427371001757,-0.029689222013465057,0.13016211430500854,Brain,Treatment vs Control,Brain | Treatment vs Control,0.7267427371001757,0.1386192997750477,FALSE,NS
Gene_2574,85.15749074412646,0.2599410346982783,0.30818231948814784,0.8434651122426742,0.3989683696315353,0.7267427371001757,0.028639744876500055,0.1260240589708238,Brain,Treatment vs Control,Brain | Treatment vs Control,0.7267427371001757,0.1386192997750477,FALSE,NS
Gene_0545,109.2511652141695,-0.23065633023044588,0.27364948391174726,-0.8428896957278136,0.39929013696848165,0.7267492132142829,-0.024376273625421756,0.10867736784907706,Brain,Treatment vs Control,Brain | Treatment vs Control,0.7267492132142829,0.13861542972868063,FALSE,NS
Gene_2380,11.842701252017028,-0.6622723814789719,0.7884524534885294,-0.839964893949825,0.40092807033890193,0.7281196832804417,-0.11147825811445196,0.3922644313925224,Brain,Treatment vs Control,Brain | Treatment vs Control,0.7281196832804417,0.1377972284944311,FALSE,NS
Gene_0849,8.767753517573977,0.6451362958008879,0.7678571219071285,0.8401775244313179,0.40080885819127915,0.7281196832804417,0.10781423894017708,0.3813308866758607,Brain,Treatment vs Control,Brain | Treatment vs Control,0.7281196832804417,0.1377972284944311,FALSE,NS
Gene_0101,93.8738121524945,-0.27508982577439434,0.32760316766137076,-0.8397044135383416,0.40107413876535236,0.7281196832804417,-0.031023996696658434,0.1357360531603998,Brain,Treatment vs Control,Brain | Treatment vs Control,0.7281196832804417,0.1377972284944311,FALSE,NS
Gene_1342,179.03543295918143,0.24384724330411175,0.29036502724148316,0.8397955002387918,0.40102305685358725,0.7281196832804417,0.02621623852180474,0.11668388834429465,Brain,Treatment vs Control,Brain | Treatment vs Control,0.7281196832804417,0.1377972284944311,FALSE,NS
Gene_1580,125.44329944338921,-0.21621494611112888,0.2571680969457844,-0.8407533775727664,0.4004861107113557,0.7281196832804417,-0.022462226515527952,0.10061240673605346,Brain,Treatment vs Control,Brain | Treatment vs Control,0.7281196832804417,0.1377972284944311,FALSE,NS
Gene_0415,5.9342265737707045,-0.8388339426392022,0.9997346194952447,-0.83905661190638825,0.4014375421048742,0.7284049132437362,-0.1464436703774685,0.4973459633449635,Brain,Treatment vs Control,Brain | Treatment vs Control,0.7284049132437362,0.13762713345997532,FALSE,NS
Gene_1335,152.3576336512755,0.20574785928877135,0.24533305942896824,0.8386471018935054,0.4016673706973201,0.7284476044849704,0.021160397043195972,0.09495980583456501,Brain,Treatment vs Control,Brain | Treatment vs Control,0.7284476044849704,0.13760168054655647,FALSE,NS
Gene_0177,134.35769630384576,0.21182548155713674,0.252756982900494,0.8380598594204962,0.4019970855406975,0.728525611242715,0.021894116179974412,0.09836015842161855,Brain,Treatment vs Control,Brain | Treatment vs Control,0.728525611242715,0.13755517604790637,FALSE,NS
Gene_0826,176.00745704376965,-0.20590730013049313,0.24576097588138274,-0.8378356221610826,0.40212302925858157,0.728525611242715,-0.021173312674394394,0.09510506797173152,Brain,Treatment vs Control,Brain | Treatment vs Control,0.728525611242715,0.13755517604790637,FALSE,NS
Gene_3155,19.115646802656862,-0.4422742276005532,0.528805824367114,-0.8363641382541056,0.40295008090779094,0.729275620546084,-0.06334637042817617,0.24703975025904387,Brain,Treatment vs Control,Brain | Treatment vs Control,0.729275620546084,0.13710830452185033,FALSE,NS
Gene_0789,50.715446262052204,-0.29666455217415083,0.3546645548393703,-0.8364651841470653,0.40289325520689956,0.729275620546084,-0.03463333180712005,0.149730053632644,Brain,Treatment vs Control,Brain | Treatment vs Control,0.729275620546084,0.13710830452185033,FALSE,NS
Gene_3142,32.97960638654789,-0.3535375086382868,0.42321875402844816,-0.8353540699061803,0.40351838218309416,0.7299300243281278,-0.045107018730496815,0.18714238156370408,Brain,Treatment vs Control,Brain | Treatment vs Control,0.7299300243281278,0.1367187720779076,FALSE,NS
Gene_1418,51.55110776903397,-0.29227431972707246,0.3502400732641651,-0.8344970836807342,0.40400093005110504,0.7304287168512299,-0.03387512731789363,0.14715586067621833,Brain,Treatment vs Control,Brain | Treatment vs Control,0.7304287168512299,0.1364221608230684,FALSE,NS
Gene_2277,12.862085504427595,-0.5637567085331558,0.6769616127851906,-0.8327750021359686,0.4049716355467152,0.7318090302535576,-0.08993054737499123,0.3299723814276443,Brain,Treatment vs Control,Brain | Treatment vs Control,0.7318090302535576,0.13560223578259875,FALSE,NS
Gene_3237,167.10280756744766,-0.23022950231785225,0.27709415065933685,-0.8308710298287725,0.40604649103988655,0.7333760408500457,-0.024251203901308728,0.10944244066526637,Brain,Treatment vs Control,Brain | Treatment vs Control,0.7333760408500457,0.1346732823991189,FALSE,NS
Gene_3135,503.1308488248971,0.19868107404874052,0.2393491857094974,0.8300887820436685,0.4064885891179192,0.7337991861837283,0.020269852339295333,0.09171222284097029,Brain,Treatment vs Control,Brain | Treatment vs Control,0.7337991861837283,0.13442277423189983,FALSE,NS
Gene_2164,158.23392920291084,-0.22350919977628103,0.2704802805783571,-0.8263419399682679,0.4086101487495862,0.7372521385972349,-0.02331998891883819,0.10592062360369098,Brain,Treatment vs Control,Brain | Treatment vs Control,0.7372521385972349,0.13238395898690553,FALSE,NS
Gene_1644,1391.5572854011875,0.15904616616505957,0.19256964670573676,0.825915033266359,0.4088522921221642,0.7373122796135657,0.016369208659236155,0.07183387587377334,Brain,Treatment vs Control,Brain | Treatment vs Control,0.7373122796135657,0.1323485330520051,FALSE,NS
Gene_1593,86.51488983817735,0.25799298240213286,0.3129101109856108,0.8244955127512537,0.4096580644068804,0.7380115435819871,0.028271672704384354,0.12672862153155026,Brain,Treatment vs Control,Brain | Treatment vs Control,0.7380115435819871,0.13193684512174111,FALSE,NS
Gene_2744,1046.1223473603857,-0.18595829881170894,0.22550643378867488,-0.824625247659111,0.4095843828932515,0.7380115435819871,-0.01883231899732542,0.08529994441726552,Brain,Treatment vs Control,Brain | Treatment vs Control,0.7380115435819871,0.13193684512174111,FALSE,NS
Gene_3301,177.19522086317778,0.1922816531613997,0.2334432246724563,0.8236763068672894,0.4101235053782993,0.7384732776597526,0.019501701754853197,0.08870896567598333,Brain,Treatment vs Control,Brain | Treatment vs Control,0.7384732776597526,0.13166521541619677,FALSE,NS
Gene_2902,9.156424753426778,0.6581661217965558,0.7997559644049904,0.8229586912630581,0.41053148484394775,0.738640576265188,0.11015912882796797,0.3939758333404819,Brain,Treatment vs Control,Brain | Treatment vs Control,0.738640576265188,0.13156683862379406,FALSE,NS
Gene_1103,156.6360448004206,-0.1965636359068324,0.23890267340033725,-0.8227770460209296,0.4106347921859428,0.738640576265188,-0.01997243085491021,0.09107710511069228,Brain,Treatment vs Control,Brain | Treatment vs Control,0.738640576265188,0.13156683862379406,FALSE,NS
Gene_3436,48.902209058242335,-0.29563574064795983,0.35962532737846703,-0.8220659618248605,0.4110393565797818,0.7389918371095772,-0.03443388515853661,0.15081278445783003,Brain,Treatment vs Control,Brain | Treatment vs Control,0.7389918371095772,0.13136035878764585,FALSE,NS
Gene_1206,9.995904976460157,0.62515743024736,0.7616572410297624,0.8207857768175955,0.41176830157671873,0.7399256350470197,0.10309929813314167,0.373307548784293,Brain,Treatment vs Control,Brain | Treatment vs Control,0.7399256350470197,0.13081192609552847,FALSE,NS
Gene_0709,6.052125298543545,0.7423623392864921,0.9068713607695033,0.8185971808135819,0.4130162759878454,0.7414135589797063,0.1271500094149343,0.44726626612628484,Brain,Treatment vs Control,Brain | Treatment vs Control,0.7414135589797063,0.12993947585134177,FALSE,NS
Gene_1882,8.340978044198042,0.7349455344795915,0.8976304385410677,0.8187618232667216,0.41292231621375686,0.7414135589797063,0.12569973876472731,0.442754879355408,Brain,Treatment vs Control,Brain | Treatment vs Control,0.7414135589797063,0.12993947585134177,FALSE,NS
Gene_3469,82.65184613813712,-0.2430857057804306,0.2975347281034322,-0.8169994384518589,0.41392874895718856,0.7415435883144763,-0.026009024365358346,0.11836736988091884,Brain,Treatment vs Control,Brain | Treatment vs Control,0.7415435883144763,0.1298633158317162,FALSE,NS
Gene_0608,289.2788692835423,-0.22862924771347684,0.2797868469121872,-0.8171550958763745,0.4138398003627237,0.7415435883144763,-0.023963641430856712,0.1097079624582585,Brain,Treatment vs Control,Brain | Treatment vs Control,0.7415435883144763,0.1298633158317162,FALSE,NS
Gene_1844,375.0671113174733,0.17193989954327954,0.21027617861716658,0.8176860578026629,0.41353647356625634,0.7415435883144763,0.017386400822096606,0.07854108493406439,Brain,Treatment vs Control,Brain | Treatment vs Control,0.7415435883144763,0.1298633158317162,FALSE,NS
Gene_0320,961.5944328414597,0.14619391500372542,0.1787329668186815,0.8179459984683976,0.4133880232228116,0.7415435883144763,0.015342681345168417,0.06633963631870043,Brain,Treatment vs Control,Brain | Treatment vs Control,0.7415435883144763,0.1298633158317162,FALSE,NS
Gene_2481,47.21301168050661,0.2919571588622524,0.3576013889671468,0.8164318368715138,0.41425319399799465,0.7417484929041173,0.03379501604954137,0.14913338338222443,Brain,Treatment vs Control,Brain | Treatment vs Control,0.7417484929041173,0.12974332741636557,FALSE,NS
Gene_2140,66.950871749213,-0.29608953257953174,0.36295637919161,-0.8157716727255033,0.41463073761901015,0.7419882166427223,-0.03450702838251113,0.1518980034661085,Brain,Treatment vs Control,Brain | Treatment vs Control,0.7419882166427223,0.12960299160463645,FALSE,NS
Gene_0499,54.676092199686934,0.28864561834668484,0.3539653241183129,0.8154629809167552,0.41480734626245647,0.7419882166427223,0.033228658557418064,0.14711251918056556,Brain,Treatment vs Control,Brain | Treatment vs Control,0.7419882166427223,0.12960299160463645,FALSE,NS
Gene_0236,138.09020721969472,0.2181286281513116,0.2682195859183979,0.8132464577649233,0.41607676815525974,0.743882059927201,0.022541087567734017,0.1039139559754726,Brain,Treatment vs Control,Brain | Treatment vs Control,0.743882059927201,0.12849591496895532,FALSE,NS
Gene_0527,539.883734990668,-0.15818756014006957,0.1946554756956164,-0.812654047232805,0.4164164347208029,0.744112566295119,-0.016149592984655174,0.07210615661535393,Brain,Treatment vs Control,Brain | Treatment vs Control,0.744112566295119,0.12836136119750083,FALSE,NS
Gene_0254,160.4687719955063,-0.2195994064840106,0.27036629960447506,-0.8122292120181677,0.4166601204274535,0.7441714138742227,-0.022728052063005207,0.10485402521045736,Brain,Treatment vs Control,Brain | Treatment vs Control,0.7441714138742227,0.12832701670514324,FALSE,NS
Gene_0246,6.998562208795307,0.9016529898506641,1.11125659647991,0.8113814511489065,0.41714664786174466,0.7446637075833268,0.15500101366413843,0.538763099026835,Brain,Treatment vs Control,Brain | Treatment vs Control,0.7446637075833268,0.12803981170030407,FALSE,NS
Gene_1449,77.68517845065489,-0.23994078316561077,0.29612640192034895,-0.8102647437365251,0.41778803382730173,0.74479150170346,-0.025528015029398617,0.11712119444662358,Brain,Treatment vs Control,Brain | Treatment vs Control,0.74479150170346,0.12796528742997532,FALSE,NS
Gene_1648,117.35933877150197,0.22608796548797322,0.2790674993418,0.8101551274197725,0.4178510237537678,0.74479150170346,0.02358469217473117,0.10883894840944047,Brain,Treatment vs Control,Brain | Treatment vs Control,0.74479150170346,0.12796528742997532,FALSE,NS
Gene_0805,416.39757666422855,-0.1791065531233835,0.2210373256102435,-0.8103000370136726,0.417767754087102,0.74479150170346,-0.018006822020849713,0.08264826651509631,Brain,Treatment vs Control,Brain | Treatment vs Control,0.74479150170346,0.12796528742997532,FALSE,NS
Gene_0237,128.9966091342638,-0.27606018762243684,0.34126505725218975,-0.8089318896145657,0.4185543246662352,0.74529264770372,-0.031117033364090652,0.1398123820150751,Brain,Treatment vs Control,Brain | Treatment vs Control,0.74529264770372,0.12767316305453863,FALSE,NS
Gene_1292,777.973769699281,0.16963740659264157,0.20969031395851284,0.8089901883889795,0.4185207899657847,0.74529264770372,0.017089247797856665,0.07789836983486449,Brain,Treatment vs Control,Brain | Treatment vs Control,0.74529264770372,0.12767316305453863,FALSE,NS
Gene_0006,49.14937066966526,0.30112691960039556,0.37333633474073413,0.8065834787002855,0.4199064953595105,0.7473235056020321,0.03538442030807532,0.1563963529965453,Brain,Treatment vs Control,Brain | Treatment vs Control,0.7473235056020321,0.12649135764385414,FALSE,NS
Gene_2784,38.888362446575805,-0.30825909315243416,0.38250280497004097,-0.8059002160169209,0.4203003866939144,0.7476476903860009,-0.03664980542845389,0.16120239070410003,Brain,Treatment vs Control,Brain | Treatment vs Control,0.7476476903860009,0.1263030039613493,FALSE,NS
Gene_3186,7.647091153173451,0.7301798028571194,0.9099170861226212,0.802468503991494,0.42228200037056574,0.7493818342746619,0.12410186030302175,0.4444781096432674,Brain,Treatment vs Control,Brain | Treatment vs Control,0.7493818342746619,0.12529683882414652,FALSE,NS
Gene_0085,8.881085428407047,-0.6309707824953318,0.7856739617935175,-0.8030949390953048,0.42191986265146114,0.7493818342746619,-0.10397958299603738,0.38175790064527904,Brain,Treatment vs Control,Brain | Treatment vs Control,0.7493818342746619,0.12529683882414652,FALSE,NS
Gene_0912,54.600405103599115,-0.2744764193531947,0.34205584414732537,-0.8024316030541966,0.42230333822192795,0.7493818342746619,-0.030850349443939683,0.13957836106474986,Brain,Treatment vs Control,Brain | Treatment vs Control,0.7493818342746619,0.12529683882414652,FALSE,NS
Gene_3010,415.0130034683098,-0.17010242496967934,0.21199881379194055,-0.8023744186447237,0.42233640617575113,0.7493818342746619,-0.017068155173178293,0.07852904431594698,Brain,Treatment vs Control,Brain | Treatment vs Control,0.7493818342746619,0.12529683882414652,FALSE,NS
Gene_2338,1151.871458287525,0.15003257338187967,0.18677367303013165,0.8032854467539189,0.4218097676326531,0.7493818342746619,0.015424353968935399,0.06876726361618125,Brain,Treatment vs Control,Brain | Treatment vs Control,0.7493818342746619,0.12529683882414652,FALSE,NS
Gene_2215,45.985562375300034,-0.3161110982079587,0.3942448712006316,-0.8018141041258833,0.42266049878548795,0.7495802216029924,-0.03807003957732116,0.1670132824727205,Brain,Treatment vs Control,Brain | Treatment vs Control,0.7495802216029924,0.12518188124781732,FALSE,NS
Gene_1511,42.93223663976735,-0.3093635563341389,0.3866819145975129,-0.8000466136518108,0.42368379050801197,0.7510178033553164,-0.036851767130099425,0.16275902881287607,Brain,Treatment vs Control,Brain | Treatment vs Control,0.7510178033553164,0.124349767646527,FALSE,NS
Gene_2910,583.1254692616548,0.1566521244881433,0.19589897378478735,0.7996577085709482,0.4239091421895596,0.7510402313453762,0.015883357209254673,0.07206299037974664,Brain,Treatment vs Control,Brain | Treatment vs Control,0.7510402313453762,0.12433679830433268,FALSE,NS
Gene_1914,12.634975366156862,0.5437531820434239,0.6808146145124193,0.7986802434211037,0.42447584540989197,0.7516671063903353,0.08523629846655321,0.3247010039272222,Brain,Treatment vs Control,Brain | Treatment vs Control,0.7516671063903353,0.12397445444425473,FALSE,NS
Gene_1552,54.64006752132321,0.6344859713052441,0.7964992051157066,0.7965933515439892,0.4256872399033394,0.7526798418120638,0.1045843940552091,0.3858408534357983,Brain,Treatment vs Control,Brain | Treatment vs Control,0.7526798418120638,0.1233897150365614,FALSE,NS
Gene_1720,158.11588698717858,0.20690177722197428,0.2595043204349404,0.797296079214396,0.42527909689041726,0.7526798418120638,0.021029579486328918,0.09879676702708379,Brain,Treatment vs Control,Brain | Treatment vs Control,0.7526798418120638,0.1233897150365614,FALSE,NS
Gene_0525,292.89637899841944,-0.17267919861330894,0.2167515707273163,-0.7966687301682696,0.42564344918535085,0.7526798418120638,-0.017257646835434987,0.0801980987254486,Brain,Treatment vs Control,Brain | Treatment vs Control,0.7526798418120638,0.1233897150365614,FALSE,NS
Gene_2398,8.875577512013402,0.6092649029118864,0.7655784757355265,0.7958229263519165,0.4261349641392192,0.7527176380067949,0.09926505648371287,0.36949411294109913,Brain,Treatment vs Control,Brain | Treatment vs Control,0.7527176380067949,0.12336790726946711,FALSE,NS
Gene_0241,225.77775722692718,-0.17465584346625931,0.21945772688358978,-0.7958518751946456,0.42611813586785247,0.7527176380067949,-0.01744107517187372,0.08127136565565438,Brain,Treatment vs Control,Brain | Treatment vs Control,0.7527176380067949,0.12336790726946711,FALSE,NS
Gene_0123,36.52051596853932,0.34519086422300527,0.43426163680392094,0.794891454754192,0.42667664542911676,0.7532976175051057,0.043529742578591865,0.18779768942453268,Brain,Treatment vs Control,Brain | Treatment vs Control,0.7532976175051057,0.12303340613176135,FALSE,NS
Gene_2163,15.076471589163951,-0.5014535762227652,0.6312284817602185,-0.7944089829793989,0.42695737633489733,0.7534165396494364,-0.07604522483080164,0.29666304587656167,Brain,Treatment vs Control,Brain | Treatment vs Control,0.7534165396494364,0.12296485002120655,FALSE,NS
Gene_2029,13.242862978644048,0.5173844731631025,0.6521543132955301,0.7933467012563401,0.4275758546052754,0.7541310402653484,0.07949160180905998,0.30793979794611037,Brain,Treatment vs Control,Brain | Treatment vs Control,0.7541310402653484,0.12255318314955951,FALSE,NS
Gene_0104,93.08867314857196,0.2643976448425893,0.33485787126418565,0.7895816928071945,0.4297721032523198,0.7576262089785029,0.029209485245359424,0.13466150243838884,Brain,Treatment vs Control,Brain | Treatment vs Control,0.7576262089785029,0.1205450099579789,FALSE,NS
Gene_0286,160.1386115843338,-0.24753321904839143,0.3139663587113841,-0.7884068218784489,0.43045878176830316,0.758295618238547,-0.026590805156827924,0.12409272959382053,Brain,Treatment vs Control,Brain | Treatment vs Control,0.758295618238547,0.12016145354834207,FALSE,NS
Gene_2989,73.51277704838208,-0.23870045741657292,0.3029846901314092,-0.7878300956825403,0.43079609464359253,0.758295618238547,-0.025281868926517643,0.11865465669712852,Brain,Treatment vs Control,Brain | Treatment vs Control,0.758295618238547,0.12016145354834207,FALSE,NS
Gene_2540,307.0948393703372,-0.16386049496740546,0.2079563441832253,-0.7879562203836009,0.43072231433008684,0.758295618238547,-0.01636670853667112,0.07626111427613146,Brain,Treatment vs Control,Brain | Treatment vs Control,0.758295618238547,0.12016145354834207,FALSE,NS
Gene_2204,39.23640800828991,0.33309190472235894,0.42336788688647736,0.7867670530516048,0.43141824362795317,0.7590123658446949,0.04124561313260435,0.1808372741434041,Brain,Treatment vs Control,Brain | Treatment vs Control,0.7590123658446949,0.1197511485124678,FALSE,NS
Gene_0124,1082.2863132496777,-0.17292982549588712,0.22001050392869043,-0.7860071333318566,0.4318633080782448,0.7592461336492495,-0.017188546088224853,0.0810205632819283,Brain,Treatment vs Control,Brain | Treatment vs Control,0.7592461336492495,0.11961741098568848,FALSE,NS
Gene_0782,360.38950888457214,-0.16179116126000465,0.20589199508818704,-0.7858059813870216,0.43198116185254665,0.7592461336492495,-0.016165328388423855,0.07535685184112711,Brain,Treatment vs Control,Brain | Treatment vs Control,0.7592461336492495,0.11961741098568848,FALSE,NS
Gene_0167,858.3108994092078,-0.16639884622044238,0.2121574623420795,-0.7843176685067216,0.43285373460958687,0.760401262142513,-0.01655974955253069,0.0777668871726068,Brain,Treatment vs Control,Brain | Treatment vs Control,0.760401262142513,0.11895717094773878,FALSE,NS
Gene_2729,19.06608513108038,0.42027236526573497,0.5368906044510179,0.7827895697587639,0.43375069353149154,0.7608413804568785,0.05871036693935699,0.2424434402890216,Brain,Treatment vs Control,Brain | Treatment vs Control,0.7608413804568785,0.11870587512510797,FALSE,NS
Gene_0265,119.36333924627318,0.22022170428184473,0.2810778009952268,0.7834902062777434,0.43333930264191717,0.7608413804568785,0.022683449917568592,0.10784104841591315,Brain,Treatment vs Control,Brain | Treatment vs Control,0.7608413804568785,0.11870587512510797,FALSE,NS
Gene_0399,100.76540415376819,-0.21619864670191458,0.27612962508979716,-0.7829607077893469,0.4336501860333877,0.7608413804568785,-0.022147125486868008,0.10549129930063028,Brain,Treatment vs Control,Brain | Treatment vs Control,0.7608413804568785,0.11870587512510797,FALSE,NS
Gene_2767,11.43495896257393,-0.5463610210181398,0.6989415702898966,-0.7816977044183082,0.43439225109217283,0.7615734066209963,-0.08568033699295247,0.3308925571691822,Brain,Treatment vs Control,Brain | Treatment vs Control,0.7615734066209963,0.11828822948623981,FALSE,NS
Gene_0601,24.776544754538346,0.37757533477703226,0.4834643610613939,0.7809786308717902,0.43481506308352547,0.7615734066209963,0.04994741557253359,0.21275388518438404,Brain,Treatment vs Control,Brain | Treatment vs Control,0.7615734066209963,0.11828822948623981,FALSE,NS
Gene_3064,27.990143236395415,-0.37567805902475976,0.48096763378916996,-0.7810880247077844,0.4347507246829693,0.7615734066209963,-0.04956596289837054,0.21140215849263938,Brain,Treatment vs Control,Brain | Treatment vs Control,0.7615734066209963,0.11828822948623981,FALSE,NS
Gene_0471,16.33263758756269,-0.4407504749791025,0.5650413666034964,-0.7800322260093714,0.43537190685657107,0.7619563034773569,-0.06302675844935703,0.25750220817742864,Brain,Treatment vs Control,Brain | Treatment vs Control,0.7619563034773569,0.1180699337821857,FALSE,NS
Gene_3228,53.02093928735708,0.2850792069126177,0.36571725999906607,0.7795071168184561,0.4356810469331021,0.7619563034773569,0.032625334019074144,0.1494805623179552,Brain,Treatment vs Control,Brain | Treatment vs Control,0.7619563034773569,0.1180699337821857,FALSE,NS
Gene_2141,16876.2657378858,-0.14128227219571374,0.18117544527951565,-0.779809162205976,0.4355032125767938,0.7619563034773569,-0.01454302135773808,0.0659288010575422,Brain,Treatment vs Control,Brain | Treatment vs Control,0.7619563034773569,0.1180699337821857,FALSE,NS
Gene_1956,85.243196208124985,-0.2270948216594978,0.2919754377206608,-0.7777874174359978,0.43669434691483844,0.7633503658199478,-0.0236042219140273,0.11256842093653759,Brain,Treatment vs Control,Brain | Treatment vs Control,0.7633503658199478,0.11727608194428457,FALSE,NS
Gene_0184,7.499780811084507,0.65903536955638,0.8490027566861068,0.7762464425071808,0.43760348911628955,0.7635297299320937,0.10916457111126088,0.40769477463149195,Brain,Treatment vs Control,Brain | Treatment vs Control,0.7635297299320937,0.11717404794078753,FALSE,NS
Gene_0346,14.962261572495942,-0.47771109039210113,0.6158168607317793,-0.775735646186163,0.43790508817475093,0.7635297299320937,-0.07090999488427215,0.2846045042948391,Brain,Treatment vs Control,Brain | Treatment vs Control,0.7635297299320937,0.11717404794078753,FALSE,NS
Gene_0973,18.07065798040445,0.4625911556403287,0.5969259839656675,0.774955636152932,0.43836587475596184,0.7635297299320937,0.06767836285114819,0.2741196292983599,Brain,Treatment vs Control,Brain | Treatment vs Control,0.7635297299320937,0.11717404794078753,FALSE,NS
Gene_0705,20.252730730615575,0.39661054091877845,0.5105571605542812,0.7768190744562318,0.4372655214371721,0.7635297299320937,0.05382895753782907,0.22698561092823297,Brain,Treatment vs Control,Brain | Treatment vs Control,0.7635297299320937,0.11717404794078753,FALSE,NS
Gene_3458,56.43924587613971,-0.28468457661875834,0.3678093866470649,-0.7740003027490165,0.43893061222306096,0.7635297299320937,-0.03256539749282093,0.14998821290186026,Brain,Treatment vs Control,Brain | Treatment vs Control,0.7635297299320937,0.11717404794078753,FALSE,NS
Gene_3016,159.971379691396,-0.20412626655601418,0.2626302368031955,-0.7772382534497662,0.4370182170553402,0.7635297299320937,-0.020582662258064533,0.09892052327350889,Brain,Treatment vs Control,Brain | Treatment vs Control,0.7635297299320937,0.11717404794078753,FALSE,NS
Gene_0454,303.46519347252126,0.16715504080361399,0.2153733083384395,0.7761177190116106,0.43767948247830235,0.7635297299320937,0.01655549262747338,0.07867919651750595,Brain,Treatment vs Control,Brain | Treatment vs Control,0.7635297299320937,0.11717404794078753,FALSE,NS
Gene_2810,321.4103230429077,-0.16208384124746616,0.20914996950136716,-0.7749646898533574,0.4383605247344535,0.7635297299320937,-0.016086975155718317,0.0761655131697258,Brain,Treatment vs Control,Brain | Treatment vs Control,0.7635297299320937,0.11717404794078753,FALSE,NS
Gene_3236,1127.2046989643018,-0.1618937972500307,0.20912329699059556,-0.7741547669713298,0.43883927365499187,0.7635297299320937,-0.016062706693366104,0.07612010047583417,Brain,Treatment vs Control,Brain | Treatment vs Control,0.7635297299320937,0.11717404794078753,FALSE,NS
Gene_0196,577.8556008939352,-0.15093394478490044,0.1950172507373728,-0.7739517617759939,0.43895931797285476,0.7635297299320937,-0.015158939809728869,0.0707325518028106,Brain,Treatment vs Control,Brain | Treatment vs Control,0.7635297299320937,0.11717404794078753,FALSE,NS
Gene_0489,31167.59598604495,-0.14410963827198456,0.1864377033726439,-0.7729640285470811,0.43954366949503976,0.764169717866561,-0.014650761745149926,0.067567157187215,Brain,Treatment vs Control,Brain | Treatment vs Control,0.764169717866561,0.11681017631003761,FALSE,NS
Gene_0274,95.80039532616395,0.21398891426137637,0.2770551440222168,0.7723693960514113,0.43989567445899797,0.7644053280092135,0.021816665466150215,0.10518272683071171,Brain,Treatment vs Control,Brain | Treatment vs Control,0.7644053280092135,0.11667629451480506,FALSE,NS
Gene_1794,297.3708915425009,-0.39096599713403646,0.507036075521991,-0.7710812228331859,0.44065878967711963,0.7650389177834009,-0.05269799770948288,0.22417018615476642,Brain,Treatment vs Control,Brain | Treatment vs Control,0.7650389177834009,0.11631647158014435,FALSE,NS
Gene_1413,61.53210064676708,0.2564082605192912,0.3325877326778905,0.7709492423390772,0.4407370179041888,0.7650389177834009,0.027938312332420678,0.13180309661503053,Brain,Treatment vs Control,Brain | Treatment vs Control,0.7650389177834009,0.11631647158014435,FALSE,NS
Gene_0287,120.42302863205029,-0.20815702899519542,0.270249885215058,-0.770239102338746,0.4411580727430432,0.7650389177834009,-0.02105617466654679,0.10191775984659379,Brain,Treatment vs Control,Brain | Treatment vs Control,0.7650389177834009,0.11631647158014435,FALSE,NS
Gene_2857,545.4937349453663,0.16649386995667648,0.21624650054807978,0.7699263087943409,0.44134360677564083,0.7650389177834009,0.01644035478172679,0.07874539294087185,Brain,Treatment vs Control,Brain | Treatment vs Control,0.7650389177834009,0.11631647158014435,FALSE,NS
Gene_0405,1277.9498408236482,0.162514453507375,0.2110583670002652,0.7699976827129095,0.4413012672769194,0.7650389177834009,0.016079259913036922,0.07669746527837429,Brain,Treatment vs Control,Brain | Treatment vs Control,0.7650389177834009,0.11631647158014435,FALSE,NS
Gene_0799,6.601997318370784,0.6685130922442376,0.8700974684206741,0.7683197762403158,0.44229722834836527,0.7650481403762376,0.11085495170255841,0.41624750435696656,Brain,Treatment vs Control,Brain | Treatment vs Control,0.7650481403762376,0.11631123616408552,FALSE,NS
Gene_1536,9.39247341288419,0.647296879700699,0.8432129344161962,0.7676553018590246,0.4426919980392443,0.7650481403762376,0.10659671754118769,0.40271351523278864,Brain,Treatment vs Control,Brain | Treatment vs Control,0.7650481403762376,0.11631123616408552,FALSE,NS
Gene_2076,19.726397537810072,-0.4212108752094382,0.5482106890702142,-0.7683375818954343,0.4422866526339681,0.7650481403762376,-0.0589543660852136,0.24626927020995307,Brain,Treatment vs Control,Brain | Treatment vs Control,0.7650481403762376,0.11631123616408552,FALSE,NS
Gene_0396,41.17237344351155,0.30012785877507087,0.390842942211641,0.7678988830571027,0.44254726105931136,0.7650481403762376,0.03526269381097873,0.16130166876625127,Brain,Treatment vs Control,Brain | Treatment vs Control,0.7650481403762376,0.11631123616408552,FALSE,NS
Gene_2355,416.00338831996675,-0.17998239636744656,0.2343703161261539,-0.7679402380912774,0.44252269041078857,0.7650481403762376,-0.017762016900944685,0.08606464153498626,Brain,Treatment vs Control,Brain | Treatment vs Control,0.7650481403762376,0.11631123616408552,FALSE,NS
Gene_0679,450.2173802199177,0.16916670929096805,0.22028634877373932,0.7679400481812093,0.44252280324202853,0.7650481403762376,0.016675435480057503,0.08027265989712351,Brain,Treatment vs Control,Brain | Treatment vs Control,0.7650481403762376,0.11631123616408552,FALSE,NS
Gene_1380,836.3676331259522,-0.15005064353146005,0.19554057280681308,-0.7673632197022588,0.442865590180977,0.7650481403762376,-0.015021123033145106,0.07067818219315812,Brain,Treatment vs Control,Brain | Treatment vs Control,0.7650481403762376,0.11631123616408552,FALSE,NS
Gene_0793,111.25503413111834,-0.22756965831409956,0.29685526453072464,-0.7666013896497564,0.4433185489991115,0.7654561352155808,-0.02364305182764262,0.1140370897571645,Brain,Treatment vs Control,Brain | Treatment vs Control,0.7654561352155808,0.11607969167983322,FALSE,NS
Gene_2600,14.112463912227877,0.49883582802453313,0.6520467374102353,0.7650307859920944,0.4442532126981711,0.766320514918047,0.07543224797365553,0.30223249454202955,Brain,Treatment vs Control,Brain | Treatment vs Control,0.766320514918047,0.11558954793092098,FALSE,NS
Gene_1613,26.265382644968412,-0.3693234173019147,0.48259097471726387,-0.7652928393828555,0.4440971870178878,0.766320514918047,-0.04836144049930855,0.20999397118426744,Brain,Treatment vs Control,Brain | Treatment vs Control,0.766320514918047,0.11558954793092098,FALSE,NS
Gene_0149,61.65663500303414,-0.27269991521096926,0.3571913452019131,-0.7634561107767532,0.4451914274766283,0.7675639308691282,-0.03056878625275376,0.14348004675170573,Brain,Treatment vs Control,Brain | Treatment vs Control,0.7675639308691282,0.11488544169132445,FALSE,NS
Gene_2376,40.280502076389766,-0.29515238796198773,0.38715828361267823,-0.7623558643969627,0.44584764036985924,0.7679453747053526,-0.03440064111391509,0.15876768890410606,Brain,Treatment vs Control,Brain | Treatment vs Control,0.7679453747053526,0.11466967099422158,FALSE,NS
Gene_1867,561.6677571587126,0.15588969410761064,0.20439630990714822,0.7626835052865052,0.44565217002675506,0.7679453747053526,0.015440192652964247,0.07381690437076177,Brain,Treatment vs Control,Brain | Treatment vs Control,0.7679453747053526,0.11466967099422158,FALSE,NS
Gene_3006,131.9798163222097,-0.18661702001181507,0.24507375840094678,-0.7614728775102269,0.4463746728765056,0.768478288604067,-0.01843964230742426,0.09025167398104564,Brain,Treatment vs Control,Brain | Treatment vs Control,0.768478288604067,0.11436839787489973,FALSE,NS
Gene_0970,43.501643150889294,-0.2768173856002822,0.3638039116298745,-0.7608972216931786,0.4467184581453286,0.7686953585337015,-0.03125850652590511,0.14659015011207768,Brain,Treatment vs Control,Brain | Treatment vs Control,0.7686953585337015,0.1142457412401993,FALSE,NS
Gene_2064,35.01861055027593,-0.3268760687886435,0.4298524248854848,-0.7604378848757808,0.44699288501929846,0.7687929259635378,-0.040168258875483843,0.18099586966916073,Brain,Treatment vs Control,Brain | Treatment vs Control,0.7687929259635378,0.11419062147522224,FALSE,NS
Gene_0030,974.4769704475241,-0.17826131945458204,0.23503776151761896,-0.7584369349995668,0.4481894536578825,0.7704756382015496,-0.01751635351053396,0.0858491245645886,Brain,Treatment vs Control,Brain | Treatment vs Control,0.7704756382015496,0.11324108875854429,FALSE,NS
Gene_3479,135.51296467634717,0.19304954360092136,0.25481029931529364,0.7576206461028814,0.44867811668422886,0.7705653842470875,0.019153867226185225,0.09424029622578235,Brain,Treatment vs Control,Brain | Treatment vs Control,0.7705653842470875,0.11319050449527544,FALSE,NS
Gene_2408,187.55764534266842,-0.17417309986203272,0.22982879598021638,-0.7578384558783726,0.4485476975070853,0.7705653842470875,-0.01709074384782327,0.08366529994624278,Brain,Treatment vs Control,Brain | Treatment vs Control,0.7705653842470875,0.11319050449527544,FALSE,NS
Gene_0893,8.647921674867506,0.6439813943730018,0.8509584772463463,0.7567718185931813,0.44918657923397276,0.7705700411994333,0.10569195961561681,0.40397361559282924,Brain,Treatment vs Control,Brain | Treatment vs Control,0.7705700411994333,0.11318787982170964,FALSE,NS
Gene_2440,14.612139434592489,-0.4874806404198748,0.6451888667719089,-0.7555626972593312,0.4499114282393514,0.7705700411994333,-0.07301050574341338,0.2967043870159871,Brain,Treatment vs Control,Brain | Treatment vs Control,0.7705700411994333,0.11318787982170964,FALSE,NS
Gene_1132,23.15441673905286,-0.40738122807904514,0.539614887684237,-0.7549480886773269,0.4502801303019419,0.7705700411994333,-0.05614346921562849,0.23939776807423135,Brain,Treatment vs Control,Brain | Treatment vs Control,0.7705700411994333,0.11318787982170964,FALSE,NS
Gene_0650,48.80343201777604,0.3308510910284656,0.4384304904548522,0.7546260997614975,0.45047335891060036,0.7705700411994333,0.040942216087846886,0.1848244720144754,Brain,Treatment vs Control,Brain | Treatment vs Control,0.7705700411994333,0.11318787982170964,FALSE,NS
Gene_1401,109.75863294751332,0.23492190148366346,0.3114051267377073,0.754393172471869,0.45061317006209006,0.7705700411994333,0.02467763950777841,0.12002607599692315,Brain,Treatment vs Control,Brain | Treatment vs Control,0.7705700411994333,0.11318787982170964,FALSE,NS
Gene_2222,99.7288291342072,0.20463555586981877,0.27127750002005335,0.7543403188789771,0.45064489806763797,0.7705700411994333,0.020548866120653233,0.1013379878470312,Brain,Treatment vs Control,Brain | Treatment vs Control,0.7705700411994333,0.11318787982170964,FALSE,NS
Gene_2151,313.10280909441377,0.1505809284766052,0.19911991248872313,0.7562323958189422,0.44950987272587306,0.7705700411994333,0.014947048727135138,0.07158175409277182,Brain,Treatment vs Control,Brain | Treatment vs Control,0.7705700411994333,0.11318787982170964,FALSE,NS
Gene_1054,501.4630950809519,-0.1470631832332632,0.19471437200567934,-0.7552764683901901,0.45008311488804537,0.7705700411994333,-0.014667397521718528,0.06992780020448568,Brain,Treatment vs Control,Brain | Treatment vs Control,0.7705700411994333,0.11318787982170964,FALSE,NS
Gene_1455,526.5285469625717,-0.14332043834908156,0.18971457913447307,-0.7554529493882148,0.44997725314458975,0.7705700411994333,-0.014397054208954258,0.0681323905738446,Brain,Treatment vs Control,Brain | Treatment vs Control,0.7705700411994333,0.11318787982170964,FALSE,NS
Gene_3002,24.065338219811878,0.385329609200039,0.51151570937934,0.7533094333849258,0.4512639914189284,0.7708820288825526,0.051640391377107804,0.2239042735364431,Brain,Treatment vs Control,Brain | Treatment vs Control,0.7708820288825526,0.11301207866164698,FALSE,NS
Gene_3431,511.5564605250865,0.13925342597859514,0.18481689992887645,0.7534669504368073,0.4511693641697017,0.7708820288825526,0.014096318865382373,0.06633847311393057,Brain,Treatment vs Control,Brain | Treatment vs Control,0.7708820288825526,0.11301207866164698,FALSE,NS
Gene_1272,61.703495277460426,0.29245127478059285,0.38870018604768486,0.7523826467752593,0.45182097925218917,0.7714602890423017,0.03395832164201726,0.15847911412350119,Brain,Treatment vs Control,Brain | Treatment vs Control,0.7714602890423017,0.11268642435607291,FALSE,NS
Gene_1977,256.6306038818479,-0.1678974318633998,0.22349113036973678,-0.7512487479285442,0.4525029675387415,0.7722513186946816,-0.016421339302624592,0.08077770041216782,Brain,Treatment vs Control,Brain | Treatment vs Control,0.7722513186946816,0.11224134142556058,FALSE,NS
Gene_0172,15.429576617848541,0.4902171796113128,0.6545399562622114,0.748949204584433,0.4538878217494703,0.7736552616402149,0.07359918717745029,0.3004536939939297,Brain,Treatment vs Control,Brain | Treatment vs Control,0.7736552616402149,0.11145251647386459,FALSE,NS
Gene_2200,17.96296327699485,-0.40946358682450024,0.5468326266138755,-0.7487914343370498,0.4539829232847707,0.7736552616402149,-0.056606807486546847,0.24232223545221135,Brain,Treatment vs Control,Brain | Treatment vs Control,0.7736552616402149,0.11145251647386459,FALSE,NS
Gene_2897,69.17533608259299,0.2492040523539551,0.3325686465477666,0.7493311679883874,0.4536576264818973,0.7736552616402149,0.026823411187267585,0.12987072841002303,Brain,Treatment vs Control,Brain | Treatment vs Control,0.7736552616402149,0.11145251647386459,FALSE,NS
Gene_2033,21.133037796610516,0.38890811199278946,0.5200183008187798,0.747873894784944,0.45453622498957585,0.7737582934921423,0.05239825315929967,0.2276769594068981,Brain,Treatment vs Control,Brain | Treatment vs Control,0.7737582934921423,0.11139468298175119,FALSE,NS
Gene_2166,77.6728244705364,0.22129784024194735,0.2961545565330022,0.7472376681710343,0.4549201102195964,0.7737582934921423,0.02273318287750305,0.11225648450369806,Brain,Treatment vs Control,Brain | Treatment vs Control,0.7737582934921423,0.11139468298175119,FALSE,NS
Gene_0666,186.71758232183703,0.17350750280709007,0.2322626499916266,0.7470314439852695,0.455044580562956,0.7737582934921423,0.01694773041236613,0.08412512756758021,Brain,Treatment vs Control,Brain | Treatment vs Control,0.7737582934921423,0.11139468298175119,FALSE,NS
Gene_0521,1319.0335066416162,0.14184598140483076,0.18984501325505587,0.7471672759413562,0.4549625945691927,0.7737582934921423,0.014201993331439804,0.06789351527870303,Brain,Treatment vs Control,Brain | Treatment vs Control,0.7737582934921423,0.11139468298175119,FALSE,NS
Gene_1160,1413.8838249315709,-0.1372532178592098,0.18377001071721094,-0.7468749515959808,0.4551390471773377,0.7737582934921423,-0.013888850750971526,0.06576219313858586,Brain,Treatment vs Control,Brain | Treatment vs Control,0.7737582934921423,0.11139468298175119,FALSE,NS
Gene_0456,83.15553358013126,-0.24412114251966474,0.3277752227460701,-0.7447821725951116,0.4564034137865448,0.7747886798462932,-0.02604707426347243,0.12713801243964643,Brain,Treatment vs Control,Brain | Treatment vs Control,0.7747886798462932,0.11081673322422775,FALSE,NS
Gene_2732,213.35607469280268,-0.16743430393415468,0.22472416772876244,-0.7450658539594394,0.4562319101613083,0.7747886798462932,-0.01632997572665474,0.08098174396684976,Brain,Treatment vs Control,Brain | Treatment vs Control,0.7747886798462932,0.11081673322422775,FALSE,NS
Gene_3334,10088.33954657607,-0.13041674675827603,0.17498698644434468,-0.7452939753308775,0.45609402241632513,0.7747886798462932,-0.013454665204652178,0.06275120509040538,Brain,Treatment vs Control,Brain | Treatment vs Control,0.7747886798462932,0.11081673322422775,FALSE,NS
Gene_0640,17.016385494536408,-0.49212937348693747,0.6631760594051895,-0.742079522485076,0.4580391559313336,0.7771918594875247,-0.07401307733480732,0.30374117851694343,Brain,Treatment vs Control,Brain | Treatment vs Control,0.7771918594875247,0.1094717569633553,FALSE,NS
Gene_3476,95.31053473850064,-0.2567530040031712,0.3463173918814452,-0.7413806237345002,0.458462689497669,0.7775368667705425,-0.02801659322386408,0.13593158472780853,Brain,Treatment vs Control,Brain | Treatment vs Control,0.7775368667705425,0.10927900981826184,FALSE,NS
Gene_0609,6.506456931262519,-0.6430662764634443,0.868411087514159,-0.7405090581054556,0.4589911669666604,0.778002654660189,-0.10516059486559579,0.40872085009447906,Brain,Treatment vs Control,Brain | Treatment vs Control,0.778002654660189,0.10901892113074232,FALSE,NS
Gene_2775,5603.985928624406,-0.13690494418345192,0.18495642798069456,-0.7402010607478958,0.45917800405319564,0.778002654660189,-0.013789228247998334,0.06595692685392317,Brain,Treatment vs Control,Brain | Treatment vs Control,0.778002654660189,0.10901892113074232,FALSE,NS
Gene_0515,11.746676785139043,-0.5858119655028565,0.7926857940868589,-0.739021652554891,0.45989384943894906,0.7780954395634544,-0.09361755913425948,0.37059938513180296,Brain,Treatment vs Control,Brain | Treatment vs Control,0.7780954395634544,0.10896713008789045,FALSE,NS
Gene_3249,20.327796113099215,-0.4165590240307899,0.5633861281750608,-0.739384594683085,0.4596734941020766,0.7780954395634544,-0.05813046064443952,0.24973145707987854,Brain,Treatment vs Control,Brain | Treatment vs Control,0.7780954395634544,0.10896713008789045,FALSE,NS
Gene_2904,41.084242548750865,0.30540167591624373,0.4129202443000509,0.7396141994295679,0.45953412326067344,0.7780954395634544,0.036313605797056316,0.1696025210019116,Brain,Treatment vs Control,Brain | Treatment vs Control,0.7780954395634544,0.10896713008789045,FALSE,NS
Gene_3124,159.86036430883516,-0.17409824441558205,0.2359888855811208,-0.7377391693124296,0.4606729649462147,0.7784330170807735,-0.01694784561632267,0.08518592186486977,Brain,Treatment vs Control,Brain | Treatment vs Control,0.7784330170807735,0.10877875183542857,FALSE,NS
Gene_0461,541.6897274952678,0.14283328130359457,0.19364477505907104,0.7376046230011809,0.4607547453126074,0.7784330170807735,0.014169988063908318,0.06891181369064302,Brain,Treatment vs Control,Brain | Treatment vs Control,0.7784330170807735,0.10877875183542857,FALSE,NS
Gene_3433,415.40440652369074,0.1412797861561569,0.1913545292367239,0.7383143044468012,0.46032347599837814,0.7784330170807735,0.014066129646824955,0.06812438155118271,Brain,Treatment vs Control,Brain | Treatment vs Control,0.7784330170807735,0.10877875183542857,FALSE,NS
Gene_1673,60.40346852652603,-0.25110614772354484,0.34089538293560123,-0.7366076523570325,0.46136098002465004,0.778712055672581,-0.0271334768214082,0.13283177936697724,Brain,Treatment vs Control,Brain | Treatment vs Control,0.778712055672581,0.1086231016984212,FALSE,NS
Gene_2256,1199.8905985805943,0.12691596609972675,0.1722745439430497,0.73670760168538,0.4613001830664279,0.778712055672581,0.013152958423433924,0.06162432432713374,Brain,Treatment vs Control,Brain | Treatment vs Control,0.778712055672581,0.1086231016984212,FALSE,NS
Gene_0760,11.684650689648215,-0.5551196290240723,0.7570877635631663,-0.7332302220966445,0.4634180253579283,0.7795755347969723,-0.08723563884348429,0.3511429416524599,Brain,Treatment vs Control,Brain | Treatment vs Control,0.7795755347969723,0.1081417986839623,FALSE,NS
Gene_0114,17.667938028731943,0.41629110694573623,0.567290529621735,0.7338234735265473,0.4630563322341443,0.7795755347969723,0.05810996554630301,0.2509194268025723,Brain,Treatment vs Control,Brain | Treatment vs Control,0.7795755347969723,0.1081417986839623,FALSE,NS
Gene_1147,72.91557129895224,-0.24832328462252812,0.33809256377895536,-0.7344831304390406,0.46265433790822236,0.7795755347969723,-0.026703041207590504,0.13127389071935594,Brain,Treatment vs Control,Brain | Treatment vs Control,0.7795755347969723,0.1081417986839623,FALSE,NS
Gene_0797,114.6060261495654,-0.2061302972245428,0.2810006263780601,-0.7335581414228369,0.4632180802729441,0.7795755347969723,-0.02067658230638896,0.104348061972403,Brain,Treatment vs Control,Brain | Treatment vs Control,0.7795755347969723,0.1081417986839623,FALSE,NS
Gene_0161,210.63293504085766,0.19352988556857512,0.2639212915010945,0.7332863690831573,0.46338378695884297,0.7795755347969723,0.019103598948701193,0.09676149375730746,Brain,Treatment vs Control,Brain | Treatment vs Control,0.7795755347969723,0.1081417986839623,FALSE,NS
Gene_0099,1372.8908742508693,-0.13152351664824255,0.17888939878239984,-0.7352225315946591,0.46220397897029164,0.7795755347969723,-0.01339462017758832,0.06375006778219695,Brain,Treatment vs Control,Brain | Treatment vs Control,0.7795755347969723,0.1081417986839623,FALSE,NS
Gene_0706,2347.9871477187385,0.12313659100713917,0.16771062044502474,0.7342205918766077,0.4628143053481045,0.7795755347969723,0.012927421643133364,0.06010470540152645,Brain,Treatment vs Control,Brain | Treatment vs Control,0.7795755347969723,0.1081417986839623,FALSE,NS
Gene_2928,8.324779752020333,-0.5628304382493377,0.768449429366731,-0.7324235229287095,0.46391010562259993,0.7800296898302633,-0.08882759704632985,0.35680068032259316,Brain,Treatment vs Control,Brain | Treatment vs Control,0.7800296898302633,0.10788886668893254,FALSE,NS
Gene_2716,1158.5376543718266,0.150125590967278,0.20507181762464807,0.732063492225243,0.4641298154441754,0.7800296898302633,0.014677430897383822,0.07285808522433095,Brain,Treatment vs Control,Brain | Treatment vs Control,0.7800296898302633,0.10788886668893254,FALSE,NS
Gene_0648,31.09012538402402,0.3160589051156403,0.4321629357103641,0.731341998582366,0.46457028342331497,0.7802170903105993,0.03830605961661359,0.17865241913727564,Brain,Treatment vs Control,Brain | Treatment vs Control,0.7802170903105993,0.10778454089131745,FALSE,NS
Gene_1134,336.71015723993855,-0.158169138548327,0.21643426440637664,-0.7307952785671167,0.46490420787694725,0.7802170903105993,-0.015355241629010977,0.07709398142768714,Brain,Treatment vs Control,Brain | Treatment vs Control,0.7802170903105993,0.10778454089131745,FALSE,NS
Gene_2264,1013.4328803070283,-0.14442652597580158,0.19757040908357051,-0.731012941896124,0.464771247955017,0.7802170903105993,-0.014220552049295562,0.0700825925301009,Brain,Treatment vs Control,Brain | Treatment vs Control,0.7802170903105993,0.10778454089131745,FALSE,NS
Gene_2325,42.13580949781614,-0.28238148591628004,0.3871069723711797,-0.7294662872812246,0.4657164826185886,0.7809242434102985,-0.03230027600694908,0.15522616171476958,Brain,Treatment vs Control,Brain | Treatment vs Control,0.7809242434102985,0.10739109450253596,FALSE,NS
Gene_1856,62.614449029648824,0.24225260794060802,0.33213397117518395,0.7293822040649734,0.46576790048770567,0.7809242434102985,0.025776765599285722,0.12794272587748012,Brain,Treatment vs Control,Brain | Treatment vs Control,0.7809242434102985,0.10739109450253596,FALSE,NS
Gene_2473,341.94725658818845,0.16438397104672167,0.2256516579340344,0.7284855451617229,0.46631641397053125,0.7814728323350478,0.015915381879832293,0.08058293279628197,Brain,Treatment vs Control,Brain | Treatment vs Control,0.7814728323350478,0.10708611549772175,FALSE,NS
Gene_0038,17.663120545258423,-0.3976027939194749,0.5464425301648727,-0.7276205126264791,0.4668459203142144,0.7817367140527187,-0.05430692326884847,0.23875412282808336,Brain,Treatment vs Control,Brain | Treatment vs Control,0.7817367140527187,0.10693949104137422,FALSE,NS
Gene_0153,22.15662686123283,-0.351553886540054,0.4832322698186163,-0.7275049877608786,0.4669166609847589,0.7817367140527187,-0.045086636444560874,0.20504425749547894,Brain,Treatment vs Control,Brain | Treatment vs Control,0.7817367140527187,0.10693949104137422,FALSE,NS
Gene_0009,7.857684739246021,-0.5748975653140547,0.7913746382417892,-0.726454371334561,0.46756026988380667,0.782072625750697,-0.09126173925256635,0.3671744395206156,Brain,Treatment vs Control,Brain | Treatment vs Control,0.782072625750697,0.10675291510098395,FALSE,NS
Gene_2303,190.68969247563496,-0.16527607616685278,0.2274218963793867,-0.7267377451252017,0.46738662634489264,0.782072625750697,-0.015989309661776172,0.08120245410432633,Brain,Treatment vs Control,Brain | Treatment vs Control,0.782072625750697,0.10675291510098395,FALSE,NS
Gene_2241,14.561592949354665,-0.48998572915638894,0.6771287229877824,-0.7236227212373472,0.4692973882987569,0.782268135930902,-0.07359668214213828,0.30758016419173734,Brain,Treatment vs Control,Brain | Treatment vs Control,0.782268135930902,0.10664435947814155,FALSE,NS
Gene_0008,24.721406979161465,-0.3533430545989098,0.4899986632932508,-0.7211102418608919,0.4708416901310345,0.782268135930902,-0.0454852861187815,0.20775198750682147,Brain,Treatment vs Control,Brain | Treatment vs Control,0.782268135930902,0.10664435947814155,FALSE,NS
Gene_3222,41.963039172104914,0.3360512868263682,0.4656217666880467,0.7217258961424649,0.4704630174477614,0.782268135930902,0.04213224090510926,0.19498059041259833,Brain,Treatment vs Control,Brain | Treatment vs Control,0.782268135930902,0.10664435947814155,FALSE,NS
Gene_1433,39.15184040682697,0.31726634943460236,0.4376779583597262,0.7248853714809236,0.46852235591589414,0.782268135930902,0.038569966803049194,0.180750352025607,Brain,Treatment vs Control,Brain | Treatment vs Control,0.782268135930902,0.10664435947814155,FALSE,NS
Gene_1114,47.79270427813229,0.2971655738266906,0.4103473883189874,0.7241804926407528,0.46895493301868385,0.782268135930902,0.03491670196733038,0.16652666407952457,Brain,Treatment vs Control,Brain | Treatment vs Control,0.782268135930902,0.10664435947814155,FALSE,NS
Gene_2390,35.76298527795034,0.28482990221077364,0.3943983690511538,0.7221883368737536,0.47017869300101295,0.782268135930902,0.03275711828045507,0.15816495884008985,Brain,Treatment vs Control,Brain | Treatment vs Control,0.782268135930902,0.10664435947814155,FALSE,NS
Gene_0478,83.46912649499448,-0.2438420528551355,0.33702980120058407,-0.7235029424297478,0.4693709470065687,0.782268135930902,-0.026029091554666463,0.1298076831482992,Brain,Treatment vs Control,Brain | Treatment vs Control,0.782268135930902,0.10664435947814155,FALSE,NS
Gene_3211,96.28189078073777,0.24129570521608554,0.33303122748442915,0.7245437823915996,0.4687319581387295,0.782268135930902,0.0256378916280951,0.1279667571667882,Brain,Treatment vs Control,Brain | Treatment vs Control,0.782268135930902,0.10664435947814155,FALSE,NS
Gene_0768,66.2089522790369,0.22634692204069615,0.31267493394963974,0.7239049167822074,0.4691241112303194,0.782268135930902,0.023426970752849524,0.11823340009153023,Brain,Treatment vs Control,Brain | Treatment vs Control,0.782268135930902,0.10664435947814155,FALSE,NS
Gene_1907,103.96868933763335,0.20379255270685445,0.2827104935643392,0.7208524527600366,0.4710002993455389,0.782268135930902,0.020346688170174616,0.10427532329596767,Brain,Treatment vs Control,Brain | Treatment vs Control,0.782268135930902,0.10664435947814155,FALSE,NS
Gene_2050,145.90947944255933,0.18276783079643114,0.2523046077588235,0.7243935511916525,0.4688241578189995,0.782268135930902,0.01781349924820816,0.09126784683782772,Brain,Treatment vs Control,Brain | Treatment vs Control,0.782268135930902,0.10664435947814155,FALSE,NS
Gene_2576,286.26033534684245,0.18271043046351018,0.2530602264050038,0.7220037421886121,0.47029217677111024,0.782268135930902,0.01779618531567238,0.09145475929703262,Brain,Treatment vs Control,Brain | Treatment vs Control,0.782268135930902,0.10664435947814155,FALSE,NS
Gene_2450,407.6049830276476,-0.16253866734303432,0.2249956650486236,-0.7224079953180798,0.47004367270065356,0.782268135930902,-0.015695902060421055,0.08004896152049913,Brain,Treatment vs Control,Brain | Treatment vs Control,0.782268135930902,0.10664435947814155,FALSE,NS
Gene_2294,262.10019615301456,0.15608873535932438,0.21646417808490676,0.7210834454932286,0.47085817568799304,0.782268135930902,0.015091887852193326,0.07669486875697579,Brain,Treatment vs Control,Brain | Treatment vs Control,0.782268135930902,0.10664435947814155,FALSE,NS
Gene_2770,6262.0094866040645,0.14690792915184905,0.20336022109637714,0.722402485401636,0.47004705929039897,0.782268135930902,0.014329710901234374,0.07186228515434004,Brain,Treatment vs Control,Brain | Treatment vs Control,0.782268135930902,0.10664435947814155,FALSE,NS
Gene_0546,45.52194287655575,-0.27287519191221926,0.3787566293464322,-0.7204499427061702,0.47124800957781987,0.782311575843574,-0.03072124107432943,0.1500924520086929,Brain,Treatment vs Control,Brain | Treatment vs Control,0.782311575843574,0.106620243462536,FALSE,NS
Gene_1750,16.090501190354896,0.41878848401169405,0.5816459753633062,0.7200058141038653,0.47152141580758816,0.7823976124138129,0.05872297978171371,0.25632568266849265,Brain,Treatment vs Control,Brain | Treatment vs Control,0.7823976124138129,0.1065724835234819,FALSE,NS
Gene_2501,210.69416000822451,-0.1821772728834504,0.2532763079643561,-0.719282724656143,0.47196673781452986,0.7827686947971372,-0.017723920673760385,0.09139601566700135,Brain,Treatment vs Control,Brain | Treatment vs Control,0.7827686947971372,0.10636655136958058,FALSE,NS
Gene_2329,60.22175073427584,0.24450909391088824,0.34029246122192713,0.718526331829102,0.4724328179711224,0.7831738404957903,0.026141789438803922,0.13095762903393338,Brain,Treatment vs Control,Brain | Treatment vs Control,0.7831738404957903,0.1061418272290042,FALSE,NS
Gene_3243,55.50227480018939,0.27241126015824735,0.3794319101034907,0.7179450460135172,0.4727911714825729,0.7834001062904574,0.03065408032382707,0.15018088174788805,Brain,Treatment vs Control,Brain | Treatment vs Control,0.7834001062904574,0.10601637386377713,FALSE,NS
Gene_1009,348.21531813675074,0.1456929278250939,0.20311511100341018,0.717292411703666,0.4731936884598784,0.7836993029792827,0.014186422207553041,0.07158329911599481,Brain,Treatment vs Control,Brain | Treatment vs Control,0.7836993029792827,0.10585053949261884,FALSE,NS
Gene_3027,38.45274962218033,0.27303387831838766,0.38115113661514555,0.7163401918280894,0.47378131510773913,0.784304652435737,0.03076629492513521,0.15088171612723833,Brain,Treatment vs Control,Brain | Treatment vs Control,0.784304652435737,0.1055152087803274,FALSE,NS
Gene_1229,15.099157848876791,0.44977808387993296,0.6294041915764345,0.7146092922473208,0.47485050130460665,0.7851761045802487,0.06520791162453934,0.28075417817413056,Brain,Treatment vs Control,Brain | Treatment vs Control,0.7851761045802487,0.10503292584081857,FALSE,NS
Gene_2782,57.00201526210109,-0.23395518774185234,0.3280822952963592,-0.7130990946357495,0.4757844397071082,0.7851761045802487,-0.024549631703384447,0.12465429862645588,Brain,Treatment vs Control,Brain | Treatment vs Control,0.7851761045802487,0.10503292584081857,FALSE,NS
Gene_0288,110.83792722741853,-0.19901356521115227,0.2791331447733381,-0.7129700250135304,0.47586430580621136,0.7851761045802487,-0.019720057142595483,0.10217666554474024,Brain,Treatment vs Control,Brain | Treatment vs Control,0.7851761045802487,0.10503292584081857,FALSE,NS
Gene_1049,161.4039312845896,0.19095194829730114,0.26751230978280727,0.7138062112070083,0.47534701839700233,0.7851761045802487,0.01872685001410452,0.09715345252003459,Brain,Treatment vs Control,Brain | Treatment vs Control,0.7851761045802487,0.10503292584081857,FALSE,NS
Gene_0313,113.01819617266001,-0.18928361488046708,0.26477969347127267,-0.7148720976255811,0.4746880797300642,0.7851761045802487,-0.018530583867358178,0.09603898751380269,Brain,Treatment vs Control,Brain | Treatment vs Control,0.7851761045802487,0.10503292584081857,FALSE,NS
Gene_0076,122.45218117153773,-0.17989609248889635,0.2518340757712543,-0.7143437278611153,0.4750146590166843,0.7851761045802487,-0.01744616640201899,0.09052246491113426,Brain,Treatment vs Control,Brain | Treatment vs Control,0.7851761045802487,0.10503292584081857,FALSE,NS
Gene_0519,399.30263723058334,-0.1539277796220568,0.21569051959644825,-0.7136511141521286,0.47544294232171236,0.7851761045802487,-0.01484204590713676,0.07609305009139536,Brain,Treatment vs Control,Brain | Treatment vs Control,0.7851761045802487,0.10503292584081857,FALSE,NS
Gene_0715,4.518689701149341,0.8327776512468109,1.1814454481034817,0.7048803248458313,0.48088471532309585,0.7853857214643162,0.13608912690036762,0.5381055495630986,Brain,Treatment vs Control,Brain | Treatment vs Control,0.7853857214643162,0.10491699859097055,FALSE,NS
Gene_2131,8.828904947687652,0.5311863895145588,0.7514191250803763,0.7069109259865323,0.4796218336878799,0.7853857214643162,0.08219155160533444,0.3427647254575941,Brain,Treatment vs Control,Brain | Treatment vs Control,0.7853857214643162,0.10491699859097055,FALSE,NS
Gene_1920,10.837050762670318,0.48902413495465463,0.6931389778113861,0.7055210435557495,0.4804860408740046,0.7853857214643162,0.07345042987767351,0.3124931631052292,Brain,Treatment vs Control,Brain | Treatment vs Control,0.7853857214643162,0.10491699859097055,FALSE,NS
Gene_0221,24.488538897568997,0.34371159333358053,0.4861387296186346,0.707023679440671,0.47955176255733023,0.7853857214643162,0.04372621552838942,0.20381599567799116,Brain,Treatment vs Control,Brain | Treatment vs Control,0.7853857214643162,0.10491699859097055,FALSE,NS
Gene_1447,43.94874688005626,0.3339397984552845,0.4689967026518239,0.7120301626154424,0.4764460983422691,0.7853857214643162,0.04180385960942684,0.19549822967866717,Brain,Treatment vs Control,Brain | Treatment vs Control,0.7853857214643162,0.10491699859097055,FALSE,NS
Gene_2099,37.84677614050936,0.30016211156317524,0.4246713749388806,0.7068103227027607,0.4796843587565483,0.7853857214643162,0.035563460073515435,0.1719187588409446,Brain,Treatment vs Control,Brain | Treatment vs Control,0.7853857214643162,0.10491699859097055,FALSE,NS
Gene_2962,55.15257911011626,0.2825557480517886,0.40042626432635187,0.7056374000020702,0.4804136597229645,0.7853857214643162,0.032453483363001384,0.1594725797472946,Brain,Treatment vs Control,Brain | Treatment vs Control,0.7853857214643162,0.10491699859097055,FALSE,NS
Gene_2520,39.11974795508687,0.27303107011263966,0.38515179909493924,0.7088921063181585,0.47839143398085127,0.7853857214643162,0.030801989929082948,0.15213765199324206,Brain,Treatment vs Control,Brain | Treatment vs Control,0.7853857214643162,0.10491699859097055,FALSE,NS
Gene_1391,63.01144088639488,0.2698860747403792,0.382690733018931,0.7052328458840116,0.4806653438419522,0.7853857214643162,0.03029005460759305,0.15054572497222546,Brain,Treatment vs Control,Brain | Treatment vs Control,0.7853857214643162,0.10491699859097055,FALSE,NS
Gene_0247,41.16968615792978,-0.26654971486116513,0.37814417506396475,-0.7048891201777129,0.4808792413837833,0.7853857214643162,-0.02973318719372055,0.14825335597139838,Brain,Treatment vs Control,Brain | Treatment vs Control,0.7853857214643162,0.10491699859097055,FALSE,NS
Gene_1752,51.039036069393184,-0.2510577426662797,0.353149420737644,-0.7109108154329706,0.4771395034606256,0.7853857214643162,-0.027187753580071992,0.13652785320879351,Brain,Treatment vs Control,Brain | Treatment vs Control,0.7853857214643162,0.10491699859097055,FALSE,NS
Gene_2460,52.16131734293301,-0.2403265743213405,0.3382655199156143,-0.710467251824229,0.4774144317802969,0.7853857214643162,-0.025516963304628597,0.1292955655585224,Brain,Treatment vs Control,Brain | Treatment vs Control,0.7853857214643162,0.10491699859097055,FALSE,NS
Gene_0140,84.28586082971425,0.22131653514922167,0.3131271989928947,0.7067943502226507,0.4796942860822243,0.7853857214643162,0.02271579678155533,0.11714533857142938,Brain,Treatment vs Control,Brain | Treatment vs Control,0.7853857214643162,0.10491699859097055,FALSE,NS
Gene_1030,67.03903629797338,-0.22053477632148225,0.3122051039689107,-0.7063778699256724,0.47995317933688425,0.7853857214643162,-0.022605122465815967,0.11668712153975314,Brain,Treatment vs Control,Brain | Treatment vs Control,0.7853857214643162,0.10491699859097055,FALSE,NS
Gene_0984,88.05486255221578,-0.2181884268486481,0.30849313423399194,-0.7072715812312123,0.4793977225398567,0.7853857214643162,-0.022274063360518105,0.11503919538516975,Brain,Treatment vs Control,Brain | Treatment vs Control,0.7853857214643162,0.10491699859097055,FALSE,NS
Gene_0385,411.7156626463304,0.18132939701195794,0.2564847947709309,0.7069791297917095,0.47957944746536657,0.7853857214643162,0.01757676394386445,0.09206795555116183,Brain,Treatment vs Control,Brain | Treatment vs Control,0.7853857214643162,0.10491699859097055,FALSE,NS
Gene_1547,363.84981712408097,-0.15824625109728693,0.22397684459700112,-0.7065295137183378,0.47985890542144544,0.7853857214643162,-0.015180342433056809,0.07895061068238067,Brain,Treatment vs Control,Brain | Treatment vs Control,0.7853857214643162,0.10491699859097055,FALSE,NS
Gene_1622,233.275449302763,-0.15773785931903558,0.22327253327644853,-0.7064812541170475,0.4798889063555208,0.7853857214643162,-0.015132748392811216,0.07867770997103754,Brain,Treatment vs Control,Brain | Treatment vs Control,0.7853857214643162,0.10491699859097055,FALSE,NS
Gene_0493,200.77182103966916,-0.15508095119894663,0.21804356310302234,-0.7112383827890081,0.4769365272458441,0.7853857214643162,-0.014925603868399955,0.07688350463125528,Brain,Treatment vs Control,Brain | Treatment vs Control,0.7853857214643162,0.10491699859097055,FALSE,NS
Gene_2210,230.1543797212615,-0.1538804300870239,0.21701727952711125,-0.7090699432890095,0.47828107386087937,0.7853857214643162,-0.014802202243361505,0.0764051886934521,Brain,Treatment vs Control,Brain | Treatment vs Control,0.7853857214643162,0.10491699859097055,FALSE,NS
Gene_1107,261.3452899027285,-0.14980389125740542,0.21058381799493972,-0.7113741819469014,0.4768523935334613,0.7853857214643162,-0.014468981875735483,0.07409314115320191,Brain,Treatment vs Control,Brain | Treatment vs Control,0.7853857214643162,0.10491699859097055,FALSE,NS
Gene_2777,414.3263238251403,0.14184626753096852,0.20096164616911974,0.7058375079770071,0.4802891936633641,0.7853857214643162,0.013781936683662708,0.07039595259000929,Brain,Treatment vs Control,Brain | Treatment vs Control,0.7853857214643162,0.10491699859097055,FALSE,NS
Gene_1274,6.750882158535179,0.742703006104802,1.0603630724551645,0.7004233034871231,0.48366298725848567,0.7857590158360325,0.12192039250589222,0.4871735297183875,Brain,Treatment vs Control,Brain | Treatment vs Control,0.7857590158360325,0.10471062716641155,FALSE,NS
Gene_2422,6.402732922782893,-0.7214013274626864,1.0279981662381452,-0.7017535158672327,0.4828328923651834,0.7857590158360325,-0.11840276793280038,0.47345115035783125,Brain,Treatment vs Control,Brain | Treatment vs Control,0.7857590158360325,0.10471062716641155,FALSE,NS
Gene_3302,8.261672531328925,0.5900481537553695,0.8393206713938648,0.7030068171387618,0.48205150107884864,0.7857590158360325,0.09408162068803957,0.38592261807721717,Brain,Treatment vs Control,Brain | Treatment vs Control,0.7857590158360325,0.10471062716641155,FALSE,NS
Gene_2739,13.464110809114688,0.4997019568801566,0.7135986340108518,0.7002563248636454,0.48376724191434484,0.7857590158360325,0.07568606189255067,0.3220619152284551,Brain,Treatment vs Control,Brain | Treatment vs Control,0.7857590158360325,0.10471062716641155,FALSE,NS
Gene_0548,11.444698607063955,0.4785026121317742,0.6816214155631746,0.7020064235165235,0.4826751575402908,0.7857590158360325,0.07127335701425117,0.30584798306212607,Brain,Treatment vs Control,Brain | Treatment vs Control,0.7857590158360325,0.10471062716641155,FALSE,NS
Gene_1252,15.061771363387695,-0.4081756274654268,0.5804720162081591,-0.7031788201122406,0.4819443166853223,0.7857590158360325,-0.056673037891533606,0.2529682039437184,Brain,Treatment vs Control,Brain | Treatment vs Control,0.7857590158360325,0.10471062716641155,FALSE,NS
Gene_1762,80.92604822678412,-0.22741926665763856,0.3247779389974464,-0.7002300321248934,0.483783659141188,0.7857590158360325,-0.02360455838254371,0.12207170967186387,Brain,Treatment vs Control,Brain | Treatment vs Control,0.7857590158360325,0.10471062716641155,FALSE,NS
Gene_0349,70.07865407517491,0.22419116048421467,0.3199585036604258,0.7006882390041127,0.48349759732554376,0.7857590158360325,0.02313405374788346,0.11985651505437167,Brain,Treatment vs Control,Brain | Treatment vs Control,0.7857590158360325,0.10471062716641155,FALSE,NS
Gene_0249,121.73915707285092,0.18548965410621168,0.264550668385688,0.7011498222177485,0.483209520486142,0.7857590158360325,0.018037628680765146,0.09514613108934658,Brain,Treatment vs Control,Brain | Treatment vs Control,0.7857590158360325,0.10471062716641155,FALSE,NS
Gene_1478,529.264114019187,0.13627036815042592,0.1935856028753044,0.7039282163880889,0.4814774784643019,0.7857590158360325,0.01335494572079688,0.06774996700161512,Brain,Treatment vs Control,Brain | Treatment vs Control,0.7857590158360325,0.10471062716641155,FALSE,NS
Gene_0877,856.2766452137641,-0.13406032001540225,0.1914263169643155,-0.7003233523026666,0.4837253912449696,0.7857590158360325,-0.013165214904971741,0.06689441886065672,Brain,Treatment vs Control,Brain | Treatment vs Control,0.7857590158360325,0.10471062716641155,FALSE,NS
Gene_3132,1433.0496278107855,-0.11875975658195294,0.16886303259841898,-0.7032904405097417,0.48187476688961506,0.7857590158360325,-0.01230814901365916,0.05968144637089778,Brain,Treatment vs Control,Brain | Treatment vs Control,0.7857590158360325,0.10471062716641155,FALSE,NS
Gene_1281,8.099155745333206,0.5653423459876498,0.8092241486447277,0.6986226831397379,0.48478786416388264,0.7866663365637269,0.08911262048829324,0.3701274464524333,Brain,Treatment vs Control,Brain | Treatment vs Control,0.7866663365637269,0.10420943398927869,FALSE,NS
Gene_1691,33.688262556966656,-0.2896933083934298,0.41464673584157374,-0.6986508836382459,0.4847702359333389,0.7866663365637269,-0.033750048923004726,0.16591152171052306,Brain,Treatment vs Control,Brain | Treatment vs Control,0.7866663365637269,0.10420943398927869,FALSE,NS
Gene_2753,16.47515431808092,-0.4966878169997752,0.7123059298201279,-0.6972956368974764,0.4856177980116608,0.7875699012838158,-0.07506977070135798,0.3208257319502805,Brain,Treatment vs Control,Brain | Treatment vs Control,0.7875699012838158,0.10371088973570966,FALSE,NS
Gene_0387,123.18954813684381,0.18482130720454684,0.2652952028459018,0.6966628315247047,0.48601382466650656,0.7875699012838158,0.01794545885728785,0.09520572994861527,Brain,Treatment vs Control,Brain | Treatment vs Control,0.7875699012838158,0.10371088973570966,FALSE,NS
Gene_1827,2466.3874023682274,-0.14950589714439735,0.21459439595012372,-0.6966905938174904,0.4859964466124032,0.7875699012838158,-0.01432498489218004,0.07500010062291404,Brain,Treatment vs Control,Brain | Treatment vs Control,0.7875699012838158,0.10371088973570966,FALSE,NS
Gene_3483,148.37197372587462,-0.1836805096333809,0.2641355771753215,-0.6954023823585942,0.48680316796791245,0.7884871495847242,-0.017807828634900727,0.09464346594520907,Brain,Treatment vs Control,Brain | Treatment vs Control,0.7884871495847242,0.10320538021703321,FALSE,NS
Gene_1667,6.660867737497324,0.6850105817044859,0.9879551723239285,0.6933620076032014,0.4880823984813508,0.789107244982858,0.11175362476047492,0.45363050912009234,Brain,Treatment vs Control,Brain | Treatment vs Control,0.789107244982858,0.10286396923781126,FALSE,NS
Gene_2731,21.0885280825839,-0.34534130379791994,0.4993468348742883,-0.691586047370983,0.4891973263289369,0.789107244982858,-0.04418684238680203,0.20865234001580846,Brain,Treatment vs Control,Brain | Treatment vs Control,0.789107244982858,0.10286396923781126,FALSE,NS
Gene_1301,45.35106926076497,-0.3049450982040589,0.44041034234400234,-0.6924113011993434,0.48867907072745403,0.789107244982858,-0.03654266062070319,0.17831813911180608,Brain,Treatment vs Control,Brain | Treatment vs Control,0.789107244982858,0.10286396923781126,FALSE,NS
Gene_1922,105.9962051618269,-0.20579046866549727,0.2972728490598456,-0.6922612317819462,0.48877329161221594,0.789107244982858,-0.020578129841042972,0.10888340423872703,Brain,Treatment vs Control,Brain | Treatment vs Control,0.789107244982858,0.10286396923781126,FALSE,NS
Gene_1810,115.69170489926128,-0.2019832585890416,0.2919771860616478,-0.6917775368463036,0.48907704545261926,0.789107244982858,-0.020074079227680418,0.10649025800759435,Brain,Treatment vs Control,Brain | Treatment vs Control,0.789107244982858,0.10286396923781126,FALSE,NS
Gene_0704,95.58669138539818,0.195701045082411,0.28284399585564207,0.6919045408419874,0.488997278827648,0.789107244982858,0.0192648808510023,0.10247633496367899,Brain,Treatment vs Control,Brain | Treatment vs Control,0.789107244982858,0.10286396923781126,FALSE,NS
Gene_3241,163.80708297208398,0.18119614778136756,0.2615707642310778,0.692723241888358,0.48848325050560176,0.789107244982858,0.017510917979195025,0.09341433172124652,Brain,Treatment vs Control,Brain | Treatment vs Control,0.789107244982858,0.10286396923781126,FALSE,NS
Gene_0145,146.99720286093947,-0.1763196437860971,0.25463304323525005,-0.6924460452809306,0.48865725809751503,0.789107244982858,-0.016957084212913063,0.09051378753235863,Brain,Treatment vs Control,Brain | Treatment vs Control,0.789107244982858,0.10286396923781126,FALSE,NS
Gene_0334,181.90378563709876,-0.16729188651750926,0.2409215532070599,-0.6943832309338066,0.4874419071735358,0.789107244982858,-0.015996244033819097,0.0850423557582181,Brain,Treatment vs Control,Brain | Treatment vs Control,0.789107244982858,0.10286396923781126,FALSE,NS
Gene_1364,8.172375180504877,-0.6008024744464066,0.8735844908296378,-0.6877439798362585,0.49161401926817966,0.7893993187976092,-0.09599856485916616,0.3991754648313921,Brain,Treatment vs Control,Brain | Treatment vs Control,0.7893993187976092,0.10270325270940016,FALSE,NS
Gene_0326,11.33183420450781,0.48155842172219027,0.6997447717294236,0.6881915252214255,0.491332180044195,0.7893993187976092,0.07197496017425724,0.31263946808431636,Brain,Treatment vs Control,Brain | Treatment vs Control,0.7893993187976092,0.10270325270940016,FALSE,NS
Gene_2714,46.18511789270456,-0.3392281872006296,0.49293329870239877,-0.6881827380978651,0.491337712851304,0.7893993187976092,-0.0430360241871698,0.20486638049016087,Brain,Treatment vs Control,Brain | Treatment vs Control,0.7893993187976092,0.10270325270940016,FALSE,NS
Gene_0090,44.009465494689685,-0.2511299767442818,0.36507563622994693,-0.6878847883075516,0.4915253365584275,0.7893993187976092,-0.027291427447501564,0.14025199694474955,Brain,Treatment vs Control,Brain | Treatment vs Control,0.7893993187976092,0.10270325270940016,FALSE,NS
Gene_1289,49.35032076352231,-0.24854966091464123,0.3609026532368446,-0.6886889267381722,0.49101904603281804,0.7893993187976092,-0.02687487301040495,0.1383049601950965,Brain,Treatment vs Control,Brain | Treatment vs Control,0.7893993187976092,0.10270325270940016,FALSE,NS
Gene_0075,108.52822860473097,0.19589814516036994,0.28451000045536157,0.6885457272040796,0.4911091848356874,0.7893993187976092,0.019285768489111923,0.10299350590714552,Brain,Treatment vs Control,Brain | Treatment vs Control,0.7893993187976092,0.10270325270940016,FALSE,NS
Gene_1475,153.58803723440576,0.16002217401324992,0.2326226238306893,0.6879046043678001,0.4915128568771583,0.7893993187976092,0.015230461610212777,0.08147017201408652,Brain,Treatment vs Control,Brain | Treatment vs Control,0.7893993187976092,0.10270325270940016,FALSE,NS
Gene_2185,2704.0749046035075,0.11639713498152401,0.16881914247408444,0.6894782977551982,0.49052232579355226,0.7893993187976092,0.012017029204368111,0.05933185005061932,Brain,Treatment vs Control,Brain | Treatment vs Control,0.7893993187976092,0.10270325270940016,FALSE,NS
Gene_2578,12219.268939864649,0.11217558052644226,0.1630583546538005,0.6879474576117816,0.4914858695097443,0.7893993187976092,0.011810618493412105,0.057587455837387586,Brain,Treatment vs Control,Brain | Treatment vs Control,0.7893993187976092,0.10270325270940016,FALSE,NS
Gene_2818,4498.777222014242,0.11090169599608972,0.16073192630942718,0.6899792626300726,0.49020722841309594,0.7893993187976092,0.01178769703197011,0.056957102707989794,Brain,Treatment vs Control,Brain | Treatment vs Control,0.7893993187976092,0.10270325270940016,FALSE,NS
Gene_1519,6.360439480296608,-0.6346672299259741,0.9246171343287367,-0.6864108465681166,0.49245406657985735,0.7897298962742482,-0.10240821563720567,0.42300505660023113,Brain,Treatment vs Control,Brain | Treatment vs Control,0.7897298962742482,0.10252142088123463,FALSE,NS
Gene_2806,7.93557552035637,-0.5640765679034243,0.8226970257852932,-0.6856431349864106,0.4929381737152203,0.7897298962742482,-0.08877411881723114,0.37402720828072095,Brain,Treatment vs Control,Brain | Treatment vs Control,0.7897298962742482,0.10252142088123463,FALSE,NS
Gene_0738,12.007312356915675,-0.44890643680010905,0.6547112784765744,-0.6856555730102196,0.49293032845664697,0.7897298962742482,-0.06523281526481962,0.2889101967337107,Brain,Treatment vs Control,Brain | Treatment vs Control,0.7897298962742482,0.10252142088123463,FALSE,NS
Gene_1590,38.97291433155003,-0.28587626745778427,0.41638023782622746,-0.6865750136227459,0.4923505784508659,0.7897298962742482,-0.03316413732077497,0.16548479951165457,Brain,Treatment vs Control,Brain | Treatment vs Control,0.7897298962742482,0.10252142088123463,FALSE,NS
Gene_0094,132.084643478207,-0.19159244325554378,0.27927683797166303,-0.6860305517888448,0.4926938427603882,0.7897298962742482,-0.01874126861676734,0.10056395364046657,Brain,Treatment vs Control,Brain | Treatment vs Control,0.7897298962742482,0.10252142088123463,FALSE,NS
Gene_0950,924.6719797170819,0.14151099237168865,0.20661248549765307,0.684910169057988,0.4934006086238802,0.7901122671432748,0.013569210274793462,0.07165795908015027,Brain,Treatment vs Control,Brain | Treatment vs Control,0.7901122671432748,0.10231119537194433,FALSE,NS
Gene_2094,184.10580149350648,0.15547662031160395,0.22725738332505993,0.684143318191851,0.4938846704059792,0.7904915487746224,0.014772791030205044,0.07924080684464126,Brain,Treatment vs Control,Brain | Treatment vs Control,0.7904915487746224,0.10210276879333653,FALSE,NS
Gene_1188,715.0028526506464,-0.14449806556366712,0.2114178951868003,-0.6834713089731335,0.4943090738301802,0.7904915487746224,-0.013798988827268526,0.07332922032896284,Brain,Treatment vs Control,Brain | Treatment vs Control,0.7904915487746224,0.10210276879333653,FALSE,NS
Gene_1548,1833.0143139229785,0.11132518723270106,0.1628270449523637,0.6837020672165984,0.49416331784872886,0.7904915487746224,0.011717969511824494,0.05742661148875774,Brain,Treatment vs Control,Brain | Treatment vs Control,0.7904915487746224,0.10210276879333653,FALSE,NS
Gene_0107,48.1424564629237,-0.26642529661059866,0.39032865968679703,-0.682566575624707,0.4948807607216967,0.7906895774245751,-0.02983905312774651,0.15209954093451422,Brain,Treatment vs Control,Brain | Treatment vs Control,0.7906895774245751,0.10199398587282492,FALSE,NS
Gene_1164,241.49924629178474,0.17487693486051417,0.2561984664022708,0.6825838472660123,0.49486984373364,0.7906895774245751,0.016760241045960095,0.09063800012109775,Brain,Treatment vs Control,Brain | Treatment vs Control,0.7906895774245751,0.10199398587282492,FALSE,NS
Gene_0540,655.4203273334418,0.12644768486216976,0.1854188616568734,0.6819569688447733,0.4952661608937476,0.790947450979567,0.012475780363501316,0.06433856558982944,Brain,Treatment vs Control,Brain | Treatment vs Control,0.790947450979567,0.10185236923014035,FALSE,NS
Gene_1131,8.741697149823317,0.573206192976645,0.8411727527524532,0.6814369475247762,0.4955950508057035,0.7910073153799029,0.0905487008461278,0.38216065388383197,Brain,Treatment vs Control,Brain | Treatment vs Control,0.7910073153799029,0.1018195000491832,FALSE,NS
Gene_1541,62.771038925123285,-0.22453070623726465,0.3296156995584293,-0.6811893563870226,0.49575168194158176,0.7910073153799029,-0.023221921155559804,0.12284691106379729,Brain,Treatment vs Control,Brain | Treatment vs Control,0.7910073153799029,0.1018195000491832,FALSE,NS
Gene_1311,6.8367633980653775,0.608910998364151,0.8955537898640641,0.6799267729709205,0.4965508283776285,0.7919245596212313,0.0974394509320514,0.4079062814014917,Brain,Treatment vs Control,Brain | Treatment vs Control,0.7919245596212313,0.10131618823464072,FALSE,NS
Gene_1765,14.426190292626039,0.4821168275112655,0.7105404323214335,0.6785213136093092,0.4974412146910983,0.7921561044918821,0.07214049518616454,0.3163643428220626,Brain,Treatment vs Control,Brain | Treatment vs Control,0.7921561044918821,0.10118922669457406,FALSE,NS
Gene_1639,71.70458089009725,0.22016638412937178,0.32415905403749923,0.6791924562560655,0.49701592651318716,0.7921561044918821,0.0225913700224403,0.12016963231707105,Brain,Treatment vs Control,Brain | Treatment vs Control,0.7921561044918821,0.10118922669457406,FALSE,NS
Gene_1036,161.74566375325276,-0.15975983731300752,0.23553627221833406,-0.6782812507320131,0.4975933842432723,0.7921561044918821,-0.015150537564073776,0.08216789758808551,Brain,Treatment vs Control,Brain | Treatment vs Control,0.7921561044918821,0.10118922669457406,FALSE,NS
Gene_1774,174.0283237963385,0.154828167633203,0.2281640477382735,0.6785826652707619,0.49740232946065444,0.7921561044918821,0.014677215909376217,0.07934797266777523,Brain,Treatment vs Control,Brain | Treatment vs Control,0.7921561044918821,0.10118922669457406,FALSE,NS
Gene_2995,12.577584305584699,0.4621831070754741,0.6818791598327646,0.6778079376833097,0.49789347753916,0.7922766422671357,0.06803666520737991,0.3015490634147151,Brain,Treatment vs Control,Brain | Treatment vs Control,0.7922766422671357,0.10112314766299435,FALSE,NS
Gene_3374,10.05960646920915,-0.5296769943725799,0.7824653959624579,-0.6769334428151419,0.49844818425283605,0.7924450871664854,-0.08185017431653303,0.35233754074858886,Brain,Treatment vs Control,Brain | Treatment vs Control,0.7924450871664854,0.10103082269614481,FALSE,NS
Gene_2581,18.782947426073207,0.39785240768713537,0.5877037641366574,0.6769607954980252,0.4984308290113314,0.7924450871664854,0.05482445123351484,0.2526103002769945,Brain,Treatment vs Control,Brain | Treatment vs Control,0.7924450871664854,0.10103082269614481,FALSE,NS
Gene_2240,1984.6821901045141,0.1480933555369582,0.21891542030960912,0.676486632725606,0.4987317301639298,0.792539036547631,0.014052221453134586,0.07579835835908452,Brain,Treatment vs Control,Brain | Treatment vs Control,0.792539036547631,0.10097933738818862,FALSE,NS
Gene_1008,8.287306738814037,-0.6086762900639948,0.901855035511695,-0.6749158856984634,0.49972920716735203,0.7928116104292239,-0.09731670259097269,0.4097698141851498,Brain,Treatment vs Control,Brain | Treatment vs Control,0.7928116104292239,0.10082999839611276,FALSE,NS
Gene_0822,71.91263890772598,0.22324355987543845,0.33077633753102686,0.6749078895478676,0.4997342876987891,0.7928116104292239,0.023050192162561788,0.12290042519434743,Brain,Treatment vs Control,Brain | Treatment vs Control,0.7928116104292239,0.10082999839611276,FALSE,NS
Gene_1341,87.49594042422677,-0.19203269055060637,0.2845762195585943,-0.6748023107779981,0.4998013720802754,0.7928116104292239,-0.018783242450551515,0.10216817648258189,Brain,Treatment vs Control,Brain | Treatment vs Control,0.7928116104292239,0.10082999839611276,FALSE,NS
Gene_1599,452.1628562990426,-0.1400141445360822,0.20743120622777614,-0.674990745521363,0.4996816446502679,0.7928116104292239,-0.01336743780284039,0.07159346932555262,Brain,Treatment vs Control,Brain | Treatment vs Control,0.7928116104292239,0.10082999839611276,FALSE,NS
Gene_1193,217.32837669753468,0.15515859255205047,0.23010921461396702,0.6742823959151124,0.500131793880553,0.7929795079444241,0.014682455268780616,0.07990389055280524,Brain,Treatment vs Control,Brain | Treatment vs Control,0.7929795079444241,0.10073803550919239,FALSE,NS
Gene_2969,835.4283199778877,0.12305701323211926,0.1826135263943667,0.6738658174004538,0.5003966258764532,0.7930433060905548,0.01218219930296004,0.06320764321502736,Brain,Treatment vs Control,Brain | Treatment vs Control,0.7930433060905548,0.10070309631085297,FALSE,NS
Gene_3031,42.875797695506364,0.263384255912025,0.3914684037339787,0.6728110197394298,0.5010675261793665,0.7937503072854836,0.029393020194119872,0.15171098350674378,Brain,Treatment vs Control,Brain | Treatment vs Control,0.7937503072854836,0.10031609357100534,FALSE,NS
Gene_3231,41.56380925770738,0.3255179140557668,0.48415436288819635,0.6723432421715825,0.5013652069117611,0.7938622770054645,0.04057438030282336,0.1983014647291639,Brain,Treatment vs Control,Brain | Treatment vs Control,0.7938622770054645,0.10025483450555099,FALSE,NS
Gene_0722,1127.6911122214465,0.12019067235945553,0.17885690868850362,0.671993456896759,0.5015878617952964,0.7938622770054645,0.011997183265574859,0.06197300667654244,Brain,Treatment vs Control,Brain | Treatment vs Control,0.7938622770054645,0.10025483450555099,FALSE,NS
Gene_1701,13.913526342885676,0.4048121985588329,0.6044603155343758,0.6697084790437513,0.503043645448733,0.7954532521627748,0.056322630883905184,0.26017197284123444,Brain,Treatment vs Control,Brain | Treatment vs Control,0.7954532521627748,0.09938533823525998,FALSE,NS
Gene_0021,355.6201584116912,0.12894962213714317,0.19247807504083542,0.6699444708691403,0.5028931892416448,0.7954532521627748,0.012512027121509457,0.06630077303610815,Brain,Treatment vs Control,Brain | Treatment vs Control,0.7954532521627748,0.09938533823525998,FALSE,NS
Gene_0506,49.241117887958296,0.2587532866618963,0.38674959967514755,0.6690460361930239,0.5034661118718986,0.7957649243597466,0.028645702897452652,0.14904474516525776,Brain,Treatment vs Control,Brain | Treatment vs Control,0.7957649243597466,0.0992152075529493,FALSE,NS
Gene_2601,63.7352539263172,-0.22024532609401745,0.3298255371179356,-0.6677631090016671,0.5042848185614872,0.7961133409443404,-0.022632760543773434,0.12191584792134302,Brain,Treatment vs Control,Brain | Treatment vs Control,0.7961133409443404,0.09902509828918594,FALSE,NS
Gene_2015,299.64956473651836,-0.15079559015783253,0.2259041698945396,-0.6675201711780242,0.5044399296417365,0.7961133409443404,-0.014234394431196309,0.07803202846002291,Brain,Treatment vs Control,Brain | Treatment vs Control,0.7961133409443404,0.09902509828918594,FALSE,NS
Gene_2394,282.7866998076447,0.142186029757275,0.21308056104289433,0.6672876636956675,0.5045884047106864,0.7961133409443404,0.013481830789649502,0.0733258133054096,Brain,Treatment vs Control,Brain | Treatment vs Control,0.7961133409443404,0.09902509828918594,FALSE,NS
Gene_1537,651.8676541946256,0.1256060255262732,0.18811197550972483,0.6677194537238792,0.5043126897538721,0.7961133409443404,0.0122715819928308,0.06480199939288656,Brain,Treatment vs Control,Brain | Treatment vs Control,0.7961133409443404,0.09902509828918594,FALSE,NS
Gene_0633,7.753729543449176,0.6189634941490243,0.9328602716821441,0.6635114742670972,0.5070030331901971,0.796393522318413,0.09904168034937999,0.4216844846033803,Brain,Treatment vs Control,Brain | Treatment vs Control,0.796393522318413,0.09887228108160669,FALSE,NS
Gene_1761,8.112491300148582,0.5247882191581608,0.7947365206035378,0.6603298144139982,0.5090422013658427,0.796393522318413,0.08086344397251118,0.35509482416830823,Brain,Treatment vs Control,Brain | Treatment vs Control,0.796393522318413,0.09887228108160669,FALSE,NS
Gene_1520,15.629728886694004,-0.44961514453078366,0.6799973224078358,-0.6612013455269491,0.5084831984896039,0.796393522318413,-0.0655886624429434,0.29763805928209025,Brain,Treatment vs Control,Brain | Treatment vs Control,0.796393522318413,0.09887228108160669,FALSE,NS
Gene_0880,16.783659881081107,0.3650565171825115,0.5529371424188478,0.660213411574335,0.5091168868892029,0.796393522318413,0.04842202188577296,0.23208932328115456,Brain,Treatment vs Control,Brain | Treatment vs Control,0.796393522318413,0.09887228108160669,FALSE,NS
Gene_2696,36.275873289961815,0.32921212278638773,0.49486306058371854,0.6652590363040306,0.5058848263268534,0.796393522318413,0.04135782785051969,0.20289557433626942,Brain,Treatment vs Control,Brain | Treatment vs Control,0.796393522318413,0.09887228108160669,FALSE,NS
Gene_2209,28.3425363602493,-0.30742481159854473,0.46513182907774453,-0.6609412480072615,0.5086499921784371,0.796393522318413,-0.037300969687993436,0.18721868516914345,Brain,Treatment vs Control,Brain | Treatment vs Control,0.796393522318413,0.09887228108160669,FALSE,NS
Gene_1496,30.921729792436096,0.3024500317028462,0.4564045411844475,0.6626797159334499,0.5075357035022803,0.796393522318413,0.036364510410664026,0.18300716636946546,Brain,Treatment vs Control,Brain | Treatment vs Control,0.796393522318413,0.09887228108160669,FALSE,NS
Gene_2778,63.202519935965576,0.24648999677162098,0.3699524933748974,0.6662747276630363,0.5052355160711974,0.796393522318413,0.026661375465363867,0.14066927404283702,Brain,Treatment vs Control,Brain | Treatment vs Control,0.796393522318413,0.09887228108160669,FALSE,NS
Gene_1046,61.902501425076764,-0.22807195354485507,0.3437787972098957,-0.6634264689849523,0.5070574583479945,0.796393522318413,-0.02380858643372783,0.12804411700762697,Brain,Treatment vs Control,Brain | Treatment vs Control,0.796393522318413,0.09887228108160669,FALSE,NS
Gene_1517,77.47366849022069,0.204192991081455,0.3074110921716744,0.6642342982452403,0.5065403647143324,0.796393522318413,0.020379025196855003,0.11151010969246829,Brain,Treatment vs Control,Brain | Treatment vs Control,0.796393522318413,0.09887228108160669,FALSE,NS
Gene_1903,86.5243656763842,-0.1932077263703833,0.2924921643101313,-0.6605569309047333,0.5088964971012004,0.796393522318413,-0.018928069220221458,0.10471291615266215,Brain,Treatment vs Control,Brain | Treatment vs Control,0.796393522318413,0.09887228108160669,FALSE,NS
Gene_3034,113.01193388280885,0.1894251092838375,0.28520328473324175,0.6641757631263323,0.5065778238784665,0.796393522318413,0.018448108506037748,0.10179047648458454,Brain,Treatment vs Control,Brain | Treatment vs Control,0.796393522318413,0.09887228108160669,FALSE,NS
Gene_0229,91.42499487170798,0.18584452660560902,0.28006698555526766,0.6635717031664733,0.5069644731226879,0.796393522318413,0.018003143188374114,0.09956019105335225,Brain,Treatment vs Control,Brain | Treatment vs Control,0.796393522318413,0.09887228108160669,FALSE,NS
Gene_1612,114.78653193628112,-0.17834935661414392,0.2695675124903628,-0.6616129479642693,0.5082193072988322,0.796393522318413,-0.017100520782659535,0.09503431730927467,Brain,Treatment vs Control,Brain | Treatment vs Control,0.796393522318413,0.09887228108160669,FALSE,NS
Gene_3299,304.8862027609526,-0.16323856373069454,0.2456223117736185,-0.6645917569619889,0.5063116429672291,0.796393522318413,-0.015436929101253587,0.085481504411512,Brain,Treatment vs Control,Brain | Treatment vs Control,0.796393522318413,0.09887228108160669,FALSE,NS
Gene_0566,202.94437858991455,-0.14437817826713292,0.21876670837687687,-0.6599641204017556,0.5092768545440318,0.796393522318413,-0.013613806940726489,0.07510188315753373,Brain,Treatment vs Control,Brain | Treatment vs Control,0.796393522318413,0.09887228108160669,FALSE,NS
Gene_2992,2455.732432015512,-0.12779844293390563,0.19340973585962773,-0.6607653041140533,0.5087628366232786,0.796393522318413,-0.012344405894245188,0.06633067370001404,Brain,Treatment vs Control,Brain | Treatment vs Control,0.796393522318413,0.09887228108160669,FALSE,NS
Gene_0544,523.8483101137865,0.1264485475945,0.1912429756587012,0.6611931609983126,0.5084884465752115,0.796393522318413,0.012259100914597691,0.06563147787928252,Brain,Treatment vs Control,Brain | Treatment vs Control,0.796393522318413,0.09887228108160669,FALSE,NS
Gene_1108,519.7826258173757,0.11953695366556474,0.18061291270144875,0.66184057317739,0.5080734005125573,0.796393522318413,0.011844681434824925,0.06225378615998541,Brain,Treatment vs Control,Brain | Treatment vs Control,0.796393522318413,0.09887228108160669,FALSE,NS
Gene_2958,4052.1531299947846,-0.11178110676013026,0.16892461079001142,-0.6617218547218338,0.5081494957918246,0.796393522318413,-0.011447774488782685,0.05871421495125866,Brain,Treatment vs Control,Brain | Treatment vs Control,0.796393522318413,0.09887228108160669,FALSE,NS
Gene_0611,5.170756596112939,-0.6744564778289105,1.0229592628207245,-0.659318999633625,0.5096909442702711,0.7964051257184374,-0.10878337274717133,0.46115212563028685,Brain,Treatment vs Control,Brain | Treatment vs Control,0.7964051257184374,0.09886595348632878,FALSE,NS
Gene_3267,67.2059514356127,-0.2277470021377512,0.3455665006646764,-0.6590540509560201,0.5098610604044342,0.7964051257184374,-0.023778213384769875,0.1285286422770022,Brain,Treatment vs Control,Brain | Treatment vs Control,0.7964051257184374,0.09886595348632878,FALSE,NS
Gene_1481,733.9079079917527,0.11949944888400824,0.1813624391417692,0.6588985539094824,0.5099609145424489,0.7964051257184374,0.011809540809355853,0.06240999123934606,Brain,Treatment vs Control,Brain | Treatment vs Control,0.7964051257184374,0.09886595348632878,FALSE,NS
Gene_0762,9.683265692027454,-0.4938717319629261,0.7507519377835231,-0.6578361068517581,0.5106434503025132,0.7967662496766126,-0.07464596397657342,0.3327888823934098,Brain,Treatment vs Control,Brain | Treatment vs Control,0.7967662496766126,0.098669070530199,FALSE,NS
Gene_0820,60.42792908880251,0.22006384608867532,0.33449219922221174,0.6579042698167118,0.5105996468150624,0.7967662496766126,0.022638759083898632,0.12331411318532357,Brain,Treatment vs Control,Brain | Treatment vs Control,0.7967662496766126,0.098669070530199,FALSE,NS
Gene_2232,10.080038345954412,0.4866460782602137,0.7427685914275521,0.65517858977439,0.5123527774089095,0.797563755568551,0.07319456024711687,0.32829586684576656,Brain,Treatment vs Control,Brain | Treatment vs Control,0.797563755568551,0.09823459029599138,FALSE,NS
Gene_1358,100.5188998162863,-0.2277655940479482,0.3469878445754574,-0.6564079912557783,0.511561650084687,0.797563755568551,-0.023792902405064417,0.1289795197886619,Brain,Treatment vs Control,Brain | Treatment vs Control,0.797563755568551,0.09823459029599138,FALSE,NS
Gene_2077,94.83447691795544,0.22516959880441384,0.34353084646058957,0.6554567111639149,0.512173748784607,0.797563755568551,0.023405989214658154,0.12729768001233838,Brain,Treatment vs Control,Brain | Treatment vs Control,0.797563755568551,0.09823459029599138,FALSE,NS
Gene_0960,284.8963363774294,-0.1415461590809004,0.2161225620003945,-0.6549346711919972,0.5125098163084232,0.797563755568551,-0.013337326874756661,0.07395903581183834,Brain,Treatment vs Control,Brain | Treatment vs Control,0.797563755568551,0.09823459029599138,FALSE,NS
Gene_1489,586.3645435145276,-0.13821317902686267,0.21083504594455216,-0.6555512552842452,0.5121128975250571,0.797563755568551,-0.01306803032208706,0.07210418966655609,Brain,Treatment vs Control,Brain | Treatment vs Control,0.797563755568551,0.09823459029599138,FALSE,NS
Gene_2393,636.9617804243962,0.1281027750880787,0.19544755169087671,0.6554329996964522,0.5121890107446134,0.797563755568551,0.012313810673577522,0.0668425900940367,Brain,Treatment vs Control,Brain | Treatment vs Control,0.797563755568551,0.09823459029599138,FALSE,NS
Gene_0710,317.8396802373431,-0.3546582290848855,0.5423804690955552,-0.6538919619954139,0.5131814128856296,0.7982570788102018,-0.04644373592510124,0.2257683669442862,Brain,Treatment vs Control,Brain | Treatment vs Control,0.7982570788102018,0.09785722152064666,FALSE,NS
Gene_0964,62.70420448433636,-0.23901842592296293,0.36583845172691665,-0.6533441872900237,0.5135344116043742,0.7983622236930566,-0.02554924826232814,0.1375822080351481,Brain,Treatment vs Control,Brain | Treatment vs Control,0.7983622236930566,0.09780002085619441,FALSE,NS
Gene_0437,353.59726831285,-0.15469958289449368,0.23700041298773053,-0.6527397186540027,0.5139240918527939,0.7983622236930566,-0.014521470205730271,0.08159767499844206,Brain,Treatment vs Control,Brain | Treatment vs Control,0.7983622236930566,0.09780002085619441,FALSE,NS
Gene_0954,682.6008194895031,-0.1223968322379791,0.1875138969644473,-0.6527347264356923,0.5139273108055276,0.7983622236930566,-0.011915057300375603,0.06418355592577896,Brain,Treatment vs Control,Brain | Treatment vs Control,0.7983622236930566,0.09780002085619441,FALSE,NS
Gene_0058,1461.3113065696484,0.1097945327277858,0.1684487487597834,0.651797852677187,0.5145315870874845,0.7989494432743658,0.011232163723552532,0.05835256340548513,Brain,Treatment vs Control,Brain | Treatment vs Control,0.7989494432743658,0.09748070153913042,FALSE,NS
Gene_0621,34.20157792643167,0.2986307978777796,0.45901933874023665,0.6505843494467181,0.5153148358690653,0.7998139276719427,0.035794709380031146,0.18293794700957505,Brain,Treatment vs Control,Brain | Treatment vs Control,0.7998139276719427,0.09701103748881233,FALSE,NS
Gene_2482,67.99356279461185,-0.20348300695437077,0.3129620842687147,-0.6501842145825458,0.5155732362993442,0.7998633995487628,-0.020306171924854295,0.11302406924477709,Brain,Treatment vs Control,Brain | Treatment vs Control,0.7998633995487628,0.09698417536761622,FALSE,NS
Gene_0103,35.98366259369001,-0.2825158752629927,0.4352004600722349,-0.6491626300581128,0.5162332634692062,0.8001729806365026,-0.03290232627043199,0.1708903445945452,Brain,Treatment vs Control,Brain | Treatment vs Control,0.8001729806365026,0.0968161174891208,FALSE,NS
Gene_2273,86.38521646558688,0.22970171167183812,0.3545533878544345,0.6478621261014279,0.517074128854051,0.8001729806365026,0.024130477881417377,0.13181897447656737,Brain,Treatment vs Control,Brain | Treatment vs Control,0.8001729806365026,0.0968161174891208,FALSE,NS
Gene_1841,52.05519159924439,-0.22815930996833983,0.3518050137022417,-0.6485391085456438,0.5166363245758985,0.8001729806365026,-0.02389102777745807,0.1305924321689678,Brain,Treatment vs Control,Brain | Treatment vs Control,0.8001729806365026,0.0968161174891208,FALSE,NS
Gene_1205,347.63313725040615,0.14248691273648734,0.21999912659492452,0.6476703564321086,0.517198181136293,0.8001729806365026,0.01336731863559653,0.07508062202427633,Brain,Treatment vs Control,Brain | Treatment vs Control,0.8001729806365026,0.0968161174891208,FALSE,NS
Gene_1157,373.1087723078378,-0.12917404307187166,0.19952073116780977,-0.6474216604751112,0.5173590809382994,0.8001729806365026,-0.01231496526778119,0.06795053035259196,Brain,Treatment vs Control,Brain | Treatment vs Control,0.8001729806365026,0.0968161174891208,FALSE,NS
Gene_1253,1234.0876361285543,-0.12790302626812983,0.19740114535068115,-0.6479345701916338,0.517027270111093,0.8001729806365026,-0.012230101404155438,0.06726059567368785,Brain,Treatment vs Control,Brain | Treatment vs Control,0.8001729806365026,0.0968161174891208,FALSE,NS
Gene_2003,1062.860220361948,0.12018244776899889,0.1850951935606579,0.6493007487502028,0.5161440018895103,0.8001729806365026,0.011744607391091066,0.06332298853327364,Brain,Treatment vs Control,Brain | Treatment vs Control,0.8001729806365026,0.0968161174891208,FALSE,NS
Gene_0853,133.15286226602663,0.1725571167082522,0.26715889097424994,0.6458969644580688,0.5183460856309521,0.8013485238016164,0.01639922038806639,0.09319463289072495,Brain,Treatment vs Control,Brain | Treatment vs Control,0.8013485238016164,0.09617855876746591,FALSE,NS
Gene_2444,947.2135600163731,-0.11000608581207538,0.17044984737191285,-0.64538682497056,0.5186765391814094,0.8015084725818629,-0.011161080159687746,0.058790506896535547,Brain,Treatment vs Control,Brain | Treatment vs Control,0.8015084725818629,0.0960918824475752,FALSE,NS
Gene_1326,1552.64501424122,-0.1496187603950762,0.23201237425655616,-0.6448740541296725,0.5190088069050256,0.801671083631516,-0.013993792161590364,0.07938055659693946,Brain,Treatment vs Control,Brain | Treatment vs Control,0.801671083631516,0.09600378117216994,FALSE,NS
Gene_3307,331.24799741228657,-0.1381676110544197,0.2144902551434557,-0.6441673117597357,0.5194669453318148,0.801677353132272,-0.012979261055500246,0.0729868149898487,Brain,Treatment vs Control,Brain | Treatment vs Control,0.801677353132272,0.09600038476809433,FALSE,NS
Gene_2146,469.3374306773718,0.1373532213692201,0.21313547981299238,0.6444409043944043,0.5192895669823183,0.801677353132272,0.012914722556186097,0.07251969049377187,Brain,Treatment vs Control,Brain | Treatment vs Control,0.801677353132272,0.09600038476809433,FALSE,NS
Gene_1355,174.03257313588114,0.17140868060299067,0.26623901844473685,0.6438150260780424,0.5196953887995288,0.8016795185020255,0.016263907903546305,0.09271025000874211,Brain,Treatment vs Control,Brain | Treatment vs Control,0.8016795185020255,0.09599921171903474,FALSE,NS
Gene_0023,9.287354376410205,-0.537867792374068,0.8369404147938064,-0.6426596002136906,0.5204450008172359,0.801785033981527,-0.08342822629582379,0.3720975425133532,Brain,Treatment vs Control,Brain | Treatment vs Control,0.801785033981527,0.09594205449594793,FALSE,NS
Gene_1436,53.61155585730117,-0.2206861195527646,0.3432258139186057,-0.6429764621524046,0.5202393731097084,0.801785033981527,-0.022792579143763144,0.12618676431760834,Brain,Treatment vs Control,Brain | Treatment vs Control,0.801785033981527,0.09594205449594793,FALSE,NS
Gene_2592,153.7956199133766,-0.16570679886472214,0.25774365521132975,-0.6429132027667391,0.5202804219721929,0.801785033981527,-0.015624737584287039,0.08924034509142308,Brain,Treatment vs Control,Brain | Treatment vs Control,0.801785033981527,0.09594205449594793,FALSE,NS
Gene_0562,1676.0368227946526,-0.15800002242058206,0.24604267984903955,-0.6421651012642343,0.5207659898169645,0.801929659853337,-0.014805549045667474,0.08460264050435368,Brain,Treatment vs Control,Brain | Treatment vs Control,0.801929659853337,0.0958637235827509,FALSE,NS
Gene_1029,8.1745458160750335,0.4889769069079653,0.7638748970722788,0.6401269485122217,0.5220900703969988,0.8021687342041527,0.07374879259837903,0.3359815711358458,Brain,Treatment vs Control,Brain | Treatment vs Control,0.8021687342041527,0.09573426933919915,FALSE,NS
Gene_1791,17.296680860486532,0.42691308923058896,0.6655842474356715,0.6414110473247792,0.521255657307717,0.8021687342041527,0.061158128806923236,0.2869236598348379,Brain,Treatment vs Control,Brain | Treatment vs Control,0.8021687342041527,0.09573426933919915,FALSE,NS
Gene_1829,15.563823289395296,-0.39876848251611724,0.6229945385310975,-0.6400834322823076,0.5221183594607453,0.8021687342041527,-0.05545932041593149,0.26503592394517195,Brain,Treatment vs Control,Brain | Treatment vs Control,0.8021687342041527,0.09573426933919915,FALSE,NS
Gene_0260,52.9295471794856,-0.24471966377940046,0.38204085767615575,-0.6405588796652786,0.5218093229987086,0.8021687342041527,-0.026547412993069102,0.14416619918111304,Brain,Treatment vs Control,Brain | Treatment vs Control,0.8021687342041527,0.09573426933919915,FALSE,NS
Gene_0637,67.39724973742665,-0.20485667649724815,0.31988035019628713,-0.64041656941898,0.5219018134945546,0.8021687342041527,-0.020520541570633325,0.11543215046803397,Brain,Treatment vs Control,Brain | Treatment vs Control,0.8021687342041527,0.09573426933919915,FALSE,NS
Gene_0064,307.2164604114138,-0.15335896194353027,0.2396877302248172,-0.6398281705938218,0.5222843160394639,0.8021687342041527,-0.014329189967780435,0.08205933037694402,Brain,Treatment vs Control,Brain | Treatment vs Control,0.8021687342041527,0.09573426933919915,FALSE,NS
Gene_2052,93.776863561920493,0.18737058822098052,0.2934263490962137,0.6385608817957321,0.5231086361016497,0.8030854756847501,0.018189999781285174,0.10376243901499387,Brain,Treatment vs Control,Brain | Treatment vs Control,0.8030854756847501,0.09523822851627467,FALSE,NS
Gene_0932,6.049870984061936,0.6256076232497325,0.9833127697727181,0.6362244470742863,0.5246301410644514,0.8046682940155891,0.09967803109166193,0.4385139745494436,Brain,Treatment vs Control,Brain | Treatment vs Control,0.8046682940155891,0.09438311064688733,FALSE,NS
Gene_1736,12.79514298098072,-0.4562481789643459,0.7178641659176646,-0.6355633845869878,0.5250610412478713,0.8046682940155891,-0.06718138077750382,0.31227108187479413,Brain,Treatment vs Control,Brain | Treatment vs Control,0.8046682940155891,0.09438311064688733,FALSE,NS
Gene_0734,160.6805439466326,-0.16951092793358835,0.2666814851241831,-0.6356306582538108,0.5250171819936156,0.8046682940155891,-0.016032844896210856,0.09246473150339667,Brain,Treatment vs Control,Brain | Treatment vs Control,0.8046682940155891,0.09438311064688733,FALSE,NS
Gene_0582,607.1953489804336,0.12156291352033265,0.19136864770555706,0.6352289937658511,0.5252790760991031,0.8046682940155891,0.011686091973113863,0.06492356354783846,Brain,Treatment vs Control,Brain | Treatment vs Control,0.8046682940155891,0.09438311064688733,FALSE,NS
Gene_2660,3030.7480000205996,-0.10242015318566033,0.16099829575166189,-0.6361567537562155,0.5246742572565642,0.8046682940155891,-0.01072868888469232,0.055930626538214075,Brain,Treatment vs Control,Brain | Treatment vs Control,0.8046682940155891,0.09438311064688733,FALSE,NS
Gene_2291,26.993159427709887,0.3214297454506823,0.5074316610992665,0.6334444026499215,0.5264434766045718,0.8051435926858695,0.040271814080057644,0.20528155088332217,Brain,Treatment vs Control,Brain | Treatment vs Control,0.8051435926858695,0.0941266588248303,FALSE,NS
Gene_2229,74.93895636919237,-0.20589269518109063,0.32508228371036607,-0.633355631783773,0.5265014317506862,0.8051435926858695,-0.020688321920287966,0.11726120975723524,Brain,Treatment vs Control,Brain | Treatment vs Control,0.8051435926858695,0.0941266588248303,FALSE,NS
Gene_0677,98.58301492575323,0.17408228821672406,0.27474289441958805,0.633618891525781,0.5263295689054499,0.8051435926858695,0.01655937503632077,0.09564691736469148,Brain,Treatment vs Control,Brain | Treatment vs Control,0.8051435926858695,0.0941266588248303,FALSE,NS
Gene_1235,134.4249407926333,-0.16257104108877252,0.2564919659038671,-0.6338250810931987,0.5261949829802479,0.8051435926858695,-0.015259383438490759,0.08829962679676875,Brain,Treatment vs Control,Brain | Treatment vs Control,0.8051435926858695,0.0941266588248303,FALSE,NS
Gene_2572,312.36178684279855,-0.17284667431316628,0.27324073819695666,-0.6325801761982337,0.5270078359470941,0.8055691206619866,-0.016413314876290424,0.09497492408311424,Brain,Treatment vs Control,Brain | Treatment vs Control,0.8055691206619866,0.09389718965296487,FALSE,NS
Gene_2748,17.82849883166215,0.44288226538607445,0.7013430843988998,0.6314773400320267,0.5277284609642885,0.8056243820427594,0.06451562248706871,0.3032853194715131,Brain,Treatment vs Control,Brain | Treatment vs Control,0.8056243820427594,0.093867398429625007,FALSE,NS
Gene_0406,187.84081480598792,-0.16473934134684307,0.26086120135024937,-0.6315210560027025,0.5276998861267053,0.8056243820427594,-0.015490309972321727,0.08992009980984997,Brain,Treatment vs Control,Brain | Treatment vs Control,0.8056243820427594,0.093867398429625007,FALSE,NS
Gene_2346,358.886473085352,0.13961117803186104,0.2210715847118628,0.6315202300369155,0.5277004260099154,0.8056243820427594,0.013014761577817743,0.07486208563195912,Brain,Treatment vs Control,Brain | Treatment vs Control,0.8056243820427594,0.093867398429625007,FALSE,NS
Gene_0857,66.59217272855969,0.2197595812181507,0.3490205747215221,0.6296464940311709,0.5289258969032131,0.8064064516257538,0.02272202811214732,0.1278212089299986,Brain,Treatment vs Control,Brain | Treatment vs Control,0.8064064516257538,0.0934460063273001,FALSE,NS
Gene_3385,231.32716449810798,-0.17215847948448085,0.2733171283017488,-0.6298854395045951,0.5287695399678736,0.8064064516257538,-0.016330109001526004,0.09486256287251559,Brain,Treatment vs Control,Brain | Treatment vs Control,0.8064064516257538,0.0934460063273001,FALSE,NS
Gene_3084,444.22214674572433,0.14190317633345034,0.225360433725219,0.6296720945544162,0.5289091437578346,0.8064064516257538,0.013203569625288757,0.07633253560087422,Brain,Treatment vs Control,Brain | Treatment vs Control,0.8064064516257538,0.0934460063273001,FALSE,NS
Gene_1874,157.08547500477312,0.16382793911923513,0.2607397783286469,0.628319699316227,0.5297945293362376,0.8067295558742817,0.015382863724670237,0.08971419231268841,Brain,Treatment vs Control,Brain | Treatment vs Control,0.8067295558742817,0.09327203166745829,FALSE,NS
Gene_1016,224.36087237576962,0.1528797835751508,0.24311085388990156,0.6288480383701256,0.5294485468951777,0.8067295558742817,0.014235192936008636,0.08288318918038584,Brain,Treatment vs Control,Brain | Treatment vs Control,0.8067295558742817,0.09327203166745829,FALSE,NS
Gene_1014,193.0941591238847,0.1394989016888673,0.2220344719877029,0.6282758728410122,0.5298232342317925,0.8067295558742817,0.01298469473646639,0.07508574756739342,Brain,Treatment vs Control,Brain | Treatment vs Control,0.8067295558742817,0.09327203166745829,FALSE,NS
Gene_0642,307.12152556062335,-0.14062650782050432,0.22434553407019925,-0.6268299852873439,0.5307706858671193,0.807759294107293,-0.01307410729766285,0.07585930852084387,Brain,Treatment vs Control,Brain | Treatment vs Control,0.807759294107293,0.09271803627374753,FALSE,NS
Gene_0179,270.5098949330461,0.12948607856961186,0.2066666004095723,0.6265457423357044,0.5309570437901521,0.807759294107293,0.01216186704342636,0.06968794668154134,Brain,Treatment vs Control,Brain | Treatment vs Control,0.807759294107293,0.09271803627374753,FALSE,NS
Gene_2443,49.43026208302501,0.224652214851077,0.358760200109572,0.626190460319913,0.5311900236542748,0.8077657078050148,0.023483584245757427,0.13203265072528247,Brain,Treatment vs Control,Brain | Treatment vs Control,0.8077657078050148,0.09271458794143958,FALSE,NS
Gene_0939,3187.5801590706956,0.12725946841790672,0.20356486592722958,0.6251543842708076,0.5318697372024429,0.8084511588729342,0.011985441730968844,0.06860406949512264,Brain,Treatment vs Control,Brain | Treatment vs Control,0.8084511588729342,0.09234621208743415,FALSE,NS
Gene_0158,13.821589455921647,-0.42586076532326783,0.6824634889191996,-0.624005199161193,0.5326241706187365,0.8090641411549381,-0.061157382690311526,0.2925527706428841,Brain,Treatment vs Control,Brain | Treatment vs Control,0.8090641411549381,0.09201704693478514,FALSE,NS
Gene_3446,104.89659100188614,-0.1706169258224335,0.2736116027435179,-0.6235734307743116,0.532907763981499,0.8090641411549381,-0.0161443929612103,0.09464866824055823,Brain,Treatment vs Control,Brain | Treatment vs Control,0.8090641411549381,0.09201704693478514,FALSE,NS
Gene_2448,486.17768177587226,-0.13996456701410892,0.22461011233826889,-0.6231445483777619,0.533189537373985,0.8090641411549381,-0.012994199590619225,0.07581594117770708,Brain,Treatment vs Control,Brain | Treatment vs Control,0.8090641411549381,0.09201704693478514,FALSE,NS
Gene_0913,701.5844926907064,-0.10767067565099757,0.1727125821443851,-0.6234095646893086,0.5330154142116971,0.8090641411549381,-0.010783860724793665,0.058956106818353074,Brain,Treatment vs Control,Brain | Treatment vs Control,0.8090641411549381,0.09201704693478514,FALSE,NS
Gene_0887,9.741043836751874,0.5168290104750038,0.8321155539091604,0.6211024515129115,0.5345322163730343,0.8107531168441512,0.07932126442718307,0.3655454109300665,Brain,Treatment vs Control,Brain | Treatment vs Control,0.8107531168441512,0.0911113730581794,FALSE,NS
Gene_0646,12.277710602990075,0.46861489723053584,0.7559047898898049,0.6199390498621528,0.5352979153117159,0.8112175703715316,0.06981183626225751,0.32835966394303523,Brain,Treatment vs Control,Brain | Treatment vs Control,0.8112175703715316,0.09086265141216582,FALSE,NS
Gene_1040,543.4042839573762,-0.14575148182100184,0.23501014462507341,-0.6201922987347138,0.5351311911673118,0.8112175703715316,-0.013505445438388504,0.07948440058690093,Brain,Treatment vs Control,Brain | Treatment vs Control,0.8112175703715316,0.09086265141216582,FALSE,NS
Gene_2121,242.6564297398744,0.12865543273184377,0.2077060776288104,0.619411016762652,0.5356456253944386,0.8113962690981393,0.012043258283772625,0.06980904025996382,Brain,Treatment vs Control,Brain | Treatment vs Control,0.8113962690981393,0.09076699356762533,FALSE,NS
Gene_0356,68.57908790989654,-0.18858391607812486,0.30470265679227176,-0.6189112955673708,0.5359747968332806,0.8115467442617127,-0.018373894850173576,0.10738808532974178,Brain,Treatment vs Control,Brain | Treatment vs Control,0.8115467442617127,0.09068646019972183,FALSE,NS
Gene_2516,8.135021604130058,0.5218089656956069,0.8443287077166796,0.6180163731572461,0.5365645457559105,0.8120914749524732,0.08028724549819517,0.3707679546445842,Brain,Treatment vs Control,Brain | Treatment vs Control,0.8120914749524732,0.09039504855493877,FALSE,NS
Gene_0535,27.104011345426613,0.2793630564258177,0.45316028016358306,0.616477367180046,0.53757950501775,0.8132790198019174,0.03271092990676788,0.17628310159358473,Brain,Treatment vs Control,Brain | Treatment vs Control,0.8132790198019174,0.08976043107103297,FALSE,NS
Gene_2366,36.72767689784862,0.28295165910126957,0.4594258872188674,0.6158809657290236,0.537973084986481,0.8134830755497132,0.03336289720052589,0.17929885171707508,Brain,Treatment vs Control,Brain | Treatment vs Control,0.8134830755497132,0.0896514780950737,FALSE,NS
Gene_3161,83.47493559272625,-0.19837798565493978,0.32281344494471653,-0.6145282631859185,0.5388663023819822,0.8134830755497132,-0.01970705207837888,0.11496935809556899,Brain,Treatment vs Control,Brain | Treatment vs Control,0.8134830755497132,0.0896514780950737,FALSE,NS
Gene_2783,1609.9884162265478,0.12358202229775267,0.20086599558687143,0.6152461094108155,0.5383922011432452,0.8134830755497132,0.011638901287048972,0.06741219549796311,Brain,Treatment vs Control,Brain | Treatment vs Control,0.8134830755497132,0.0896514780950737,FALSE,NS
Gene_2388,906.2426694631513,0.11678390189581263,0.18994374964809677,0.6148341396448935,0.5386642608163206,0.8134830755497132,0.011186283318333087,0.06391660891795689,Brain,Treatment vs Control,Brain | Treatment vs Control,0.8134830755497132,0.0896514780950737,FALSE,NS
Gene_3383,669.4284057104152,0.11198351721607176,0.1821766656229484,0.6146973699027096,0.5387545970806474,0.8134830755497132,0.01090474172790096,0.06153836515153763,Brain,Treatment vs Control,Brain | Treatment vs Control,0.8134830755497132,0.0896514780950737,FALSE,NS
Gene_2892,6.931884464769719,-0.5811827349018862,0.949383665594147,-0.61216845829991,0.5404263078665468,0.8137155957011661,-0.091341502536287,0.4182257937156851,Brain,Treatment vs Control,Brain | Treatment vs Control,0.8137155957011661,0.08952736022160344,FALSE,NS
Gene_2759,9.551819274793386,-0.49801667158693375,0.8139451248287933,-0.6118553406062693,0.5406334714004349,0.8137155957011661,-0.0756798321463354,0.355083398522897,Brain,Treatment vs Control,Brain | Treatment vs Control,0.8137155957011661,0.08952736022160344,FALSE,NS
Gene_1353,10.938831219651314,-0.44110837963072347,0.7205961973913978,-0.6121436405403785,0.5404427262334278,0.8137155957011661,-0.06437741081897891,0.30957412531518547,Brain,Treatment vs Control,Brain | Treatment vs Control,0.8137155957011661,0.08952736022160344,FALSE,NS
Gene_1549,33.67977428865275,0.2970877460688042,0.48420895044102763,0.6135527767469199,0.5395108972455529,0.8137155957011661,0.03597578147388728,0.19128747672878882,Brain,Treatment vs Control,Brain | Treatment vs Control,0.8137155957011661,0.08952736022160344,FALSE,NS
Gene_2895,246.19610752343638,0.15329251565511137,0.25006685418807406,0.613006134510817,0.5398722834971382,0.8137155957011661,0.014221199598587662,0.08483839492444106,Brain,Treatment vs Control,Brain | Treatment vs Control,0.8137155957011661,0.08952736022160344,FALSE,NS
Gene_3103,376.08709939917964,0.1506685573990223,0.2462391774406754,0.611878901501455,0.5406178817647469,0.8137155957011661,0.013950628596139677,0.08333344266226163,Brain,Treatment vs Control,Brain | Treatment vs Control,0.8137155957011661,0.08952736022160344,FALSE,NS
Gene_0040,392.0815081208093,-0.1260605416773853,0.20536423902231354,-0.6138388176905931,0.5393218433114947,0.8137155957011661,-0.011805748036660372,0.0688503955658008,Brain,Treatment vs Control,Brain | Treatment vs Control,0.8137155957011661,0.08952736022160344,FALSE,NS
Gene_3073,35.794034804650174,0.24272445423888953,0.397754368199686,0.6102370549379704,0.5417047867696998,0.8146335613644847,0.02648049679376407,0.14893525752507158,Brain,Treatment vs Control,Brain | Treatment vs Control,0.8146335613644847,0.08903770176885872,FALSE,NS
Gene_1138,52.874483238534545,0.20673995361628042,0.33866621870822944,0.6104534263997342,0.5415614861512268,0.8146335613644847,0.020908422757509232,0.12171358728736249,Brain,Treatment vs Control,Brain | Treatment vs Control,0.8146335613644847,0.08903770176885872,FALSE,NS
Gene_3065,1340.2824166058695,-0.1270386152182705,0.20833093597996633,-0.6097923701090984,0.5419993564112373,0.8147295561890502,-0.011847284058988373,0.06971239162539646,Brain,Treatment vs Control,Brain | Treatment vs Control,0.8147295561890502,0.08898652837208897,FALSE,NS
Gene_2859,35.337080148884205,0.2730135343531844,0.4486167275546651,0.6085674420598082,0.54281119043499515,0.8152865343482131,0.03167955806350792,0.17323370972703372,Brain,Treatment vs Control,Brain | Treatment vs Control,0.8152865343482131,0.08868973062649153,FALSE,NS
Gene_1949,236.66241218254842,0.12872416698272748,0.2115307086262965,0.6085365468620432,0.5428316743847774,0.8152865343482131,0.011967299408657588,0.0707486279429497,Brain,Treatment vs Control,Brain | Treatment vs Control,0.8152865343482131,0.08868973062649153,FALSE,NS
Gene_3220,57.36396389021635,-0.21849467923446542,0.3592815960504231,-0.6081432548629654,0.5430924661519552,0.8153314192102694,-0.022664136510741457,0.13086011278553086,Brain,Treatment vs Control,Brain | Treatment vs Control,0.8153314192102694,0.08866582159510322,FALSE,NS
Gene_2819,72.1649956752043,0.2371339787126588,0.39058715420776674,0.6071218066391376,0.5437700794038678,0.8160017638653027,0.025598010565522123,0.1452841324590672,Brain,Treatment vs Control,Brain | Treatment vs Control,0.8160017638653027,0.08830890247635964,FALSE,NS
Gene_1737,3.6954389099309166,-0.709800624924852,1.1706199860368225,-0.6063458965260865,0.5442850873489833,0.8164276310234749,-0.11207636932412016,0.510130888354711,Brain,Treatment vs Control,Brain | Treatment vs Control,0.8164276310234749,0.08808230552632561,FALSE,NS
Gene_0280,53.20862679134525,0.2045304238336746,0.33757150488084225,0.605887703424111,0.5445893254340681,0.816537115969297,0.020613802826306808,0.12090241663133913,Brain,Treatment vs Control,Brain | Treatment vs Control,0.816537115969297,0.08802406947685691,FALSE,NS
Gene_0449,430.0406791743627,0.1190528853960578,0.19708417329576516,0.6040712625736545,0.545796264530909,0.8179994100418675,0.011231473825429834,0.06587033337910779,Brain,Treatment vs Control,Brain | Treatment vs Control,0.8179994100418675,0.08724700955074778,FALSE,NS
Gene_0202,94.19959193656888,-0.16712746118400246,0.277454424175895,-0.602360051314411,0.5469344957142177,0.819310143658205,-0.015726283457832217,0.09509840119540626,Brain,Treatment vs Control,Brain | Treatment vs Control,0.819310143658205,0.08655166822431717,FALSE,NS
Gene_3311,1351.069676480255,0.10967080546498283,0.18215957916381467,0.6020589527512947,0.5471348962747231,0.819310143658205,0.01064276392040938,0.06122950380448143,Brain,Treatment vs Control,Brain | Treatment vs Control,0.819310143658205,0.08655166822431717,FALSE,NS
Gene_0431,1075.544891718675,0.09944041237801968,0.16555141016550284,0.6006618263088694,0.548065249477071,0.8203554030960313,0.010147558684710619,0.056484810502433896,Brain,Treatment vs Control,Brain | Treatment vs Control,0.8203554030960313,0.08599795717221054,FALSE,NS
Gene_1514,6.785303344675964,0.5635867575464331,0.9400817453849498,0.5995082452278152,0.5488340134178291,0.8209296025081152,0.08801893055379686,0.41145399326790716,Brain,Treatment vs Control,Brain | Treatment vs Control,0.8209296025081152,0.08569408350553782,FALSE,NS
Gene_2917,47.0782074693128,0.2839482873820872,0.4737299582990711,0.5993884963526571,0.5489138463669385,0.8209296025081152,0.03376629932705339,0.1845442382765562,Brain,Treatment vs Control,Brain | Treatment vs Control,0.8209296025081152,0.08569408350553782,FALSE,NS
Gene_2343,610.8154888357974,0.11690085037245726,0.19530133971077102,0.5985665564075497,0.5494619634523619,0.8214014364734504,0.011040414622757136,0.06515465867622049,Brain,Treatment vs Control,Brain | Treatment vs Control,0.8214014364734504,0.08544454198401305,FALSE,NS
Gene_1689,15.238732639351632,0.3937577803380335,0.6587175892337387,0.5977641811509498,0.549997293851819,0.8216211609957311,0.055069630860326804,0.2764904267391267,Brain,Treatment vs Control,Brain | Treatment vs Control,0.8216211609957311,0.08532838393690988,FALSE,NS
Gene_3297,61.83457199818847,-0.21102424568395067,0.3537095879658674,-0.5966031254553221,0.5507723840489651,0.8216211609957311,-0.021619442251327742,0.12746155300121706,Brain,Treatment vs Control,Brain | Treatment vs Control,0.8216211609957311,0.08532838393690988,FALSE,NS
Gene_2357,104.71400789498732,-0.1593689267503223,0.2669801016432153,-0.5969318528588264,0.5505528797597998,0.8216211609957311,-0.014837962847866372,0.09065450743611822,Brain,Treatment vs Control,Brain | Treatment vs Control,0.8216211609957311,0.08532838393690988,FALSE,NS
Gene_1835,216.20900099228547,-0.12787449759049588,0.2141695107923414,-0.5970714370939704,0.5504596868708496,0.8216211609957311,-0.011820439738027549,0.07126834039302764,Brain,Treatment vs Control,Brain | Treatment vs Control,0.8216211609957311,0.08532838393690988,FALSE,NS
Gene_1399,503.3089366400535,0.11793148652329868,0.19762431949142267,0.5967458196784186,0.5506770961833277,0.8216211609957311,0.011092150986964712,0.06583745064371507,Brain,Treatment vs Control,Brain | Treatment vs Control,0.8216211609957311,0.08532838393690988,FALSE,NS
Gene_0468,118.54335486948808,0.16260579298270325,0.272790749655952,0.5960825034858559,0.5511201120110211,0.8217927008069744,0.015201835562993033,0.09291100471912696,Brain,Treatment vs Control,Brain | Treatment vs Control,0.8217927008069744,0.08523772047659497,FALSE,NS
Gene_2356,26.12481246490979,0.3220401985973061,0.5419122936248412,0.594266272210186,0.5523340333663982,0.8218764418871146,0.04098291020006388,0.2176713303478209,Brain,Treatment vs Control,Brain | Treatment vs Control,0.8218764418871146,0.08519346791006524,FALSE,NS
Gene_1344,41.14577116779021,-0.28317183277786356,0.4756949735879057,-0.595280270972918,0.5516561413812321,0.8218764418871146,-0.033684137402464086,0.1850621723582487,Brain,Treatment vs Control,Brain | Treatment vs Control,0.8218764418871146,0.08519346791006524,FALSE,NS
Gene_2278,38.561222285625604,0.24413326616387176,0.41027823632944127,0.5950431793507077,0.5518146084120663,0.8218764418871146,0.026869124972854725,0.15350241021828562,Brain,Treatment vs Control,Brain | Treatment vs Control,0.8218764418871146,0.08519346791006524,FALSE,NS
Gene_2567,351.8854422030016,-0.14809406488791935,0.24920868370897803,-0.5942572412960587,0.5523400726701,0.8218764418871146,-0.01363507519778311,0.08369749815994143,Brain,Treatment vs Control,Brain | Treatment vs Control,0.8218764418871146,0.08519346791006524,FALSE,NS
Gene_0579,701.4428687693752,-0.11601416589996064,0.19511072612403657,-0.594606807142974,0.5521063288159368,0.8218764418871146,-0.010947148350099384,0.06498770308607042,Brain,Treatment vs Control,Brain | Treatment vs Control,0.8218764418871146,0.08519346791006524,FALSE,NS
Gene_0851,152.06725716535294,-0.16243417478506694,0.2735648420719002,-0.5937684592612046,0.5526669874945814,0.8220164839272819,-0.015181164875271966,0.09310381013718216,Brain,Treatment vs Control,Brain | Treatment vs Control,0.8220164839272819,0.08511947344914728,FALSE,NS
Gene_3339,10.710637189105825,0.4135820329605366,0.6983643026749716,0.5922153113731292,0.553706417676652,0.8232157308700034,0.05912475553765002,0.29528849448804145,Brain,Treatment vs Control,Brain | Treatment vs Control,0.8232157308700034,0.08448633921165516,FALSE,NS
Gene_3096,28.04916781687346,-0.2594258844486246,0.4385783877308405,-0.5915154319182654,0.554175118395154,0.8235658009483539,-0.02951288390657565,0.16666658526604813,Brain,Treatment vs Control,Brain | Treatment vs Control,0.8235658009483539,0.08430169601198403,FALSE,NS
Gene_1136,95.3555939115513,-0.16113225562246702,0.27336904772635334,-0.5894312357694677,0.5555720280274976,0.8249473637363727,-0.01503089407387043,0.09281125890720447,Brain,Treatment vs Control,Brain | Treatment vs Control,0.8249473637363727,0.0835737609871808,FALSE,NS
Gene_1728,730.7848733439289,-0.11360099906461556,0.19261834036078113,-0.5897724944147934,0.5553431854929443,0.8249473637363727,-0.010749503244119388,0.06408619308029277,Brain,Treatment vs Control,Brain | Treatment vs Control,0.8249473637363727,0.0835737609871808,FALSE,NS
Gene_0911,9.833608651803154,-0.488773027273889,0.8318165024341028,-0.5875971753909872,0.5568027074165189,0.8258852396800207,-0.07399997478445533,0.35911199030352037,Brain,Treatment vs Control,Brain | Treatment vs Control,0.8258852396800207,0.08308029558067585,FALSE,NS
Gene_3104,25.17458046663974,0.29071602063940377,0.4946725929255212,0.5876938095965517,0.5567378314131154,0.8258852396800207,0.03518126582638929,0.1935309300756495,Brain,Treatment vs Control,Brain | Treatment vs Control,0.8258852396800207,0.08308029558067585,FALSE,NS
Gene_2305,38.64375225351113,0.22535383968873435,0.3838449600758705,0.5870959974157042,0.5571392356040242,0.8258852396800207,0.02389801032489856,0.1404703408792516,Brain,Treatment vs Control,Brain | Treatment vs Control,0.8258852396800207,0.08308029558067585,FALSE,NS
Gene_2375,72.79363898112133,-0.19720220963450158,0.3358777177042882,-0.5871250137769525,0.5571197491584267,0.8258852396800207,-0.01966893494670456,0.11886283759943649,Brain,Treatment vs Control,Brain | Treatment vs Control,0.8258852396800207,0.08308029558067585,FALSE,NS
Gene_1918,31.26490313640651,-0.25545871699331396,0.4355227854293634,-0.5865564915081724,0.5575016107004951,0.8259731726343333,-0.028890034337391637,0.1647238598825614,Brain,Treatment vs Control,Brain | Treatment vs Control,0.8259731726343333,0.08303405820756105,FALSE,NS
Gene_2154,1224.607208086618,-0.11259084000476288,0.19203255388882054,-0.586311215076318,0.5576663957972956,0.8259731726343333,-0.01065451311971744,0.06381697472889795,Brain,Treatment vs Control,Brain | Treatment vs Control,0.8259731726343333,0.08303405820756105,FALSE,NS
Gene_1967,8.285616584616964,-0.47324194630494587,0.809783762933151,-0.5844053288877968,0.558947642365993,0.8268303834077593,-0.07101589613951206,0.3480799037118161,Brain,Treatment vs Control,Brain | Treatment vs Control,0.8268303834077593,0.08258357279960588,FALSE,NS
Gene_2248,8.980701606404105,-0.46362347079738236,0.7929158251922905,-0.5847070471634851,0.5587447147393634,0.8268303834077593,-0.0691382570882711,0.3400730597495427,Brain,Treatment vs Control,Brain | Treatment vs Control,0.8268303834077593,0.08258357279960588,FALSE,NS
Gene_3455,100.74987095714674,0.16555190386374663,0.2829472259326837,0.5850981691657697,0.5584817098427619,0.8268303834077593,0.015545165108775676,0.09642027235820529,Brain,Treatment vs Control,Brain | Treatment vs Control,0.8268303834077593,0.08258357279960588,FALSE,NS
Gene_2005,8.752504189092965,-0.4487770829632176,0.7720555028876784,-0.5812756742030597,0.5610546726902325,0.8271749683796287,-0.06626116894790292,0.32945047326895766,Brain,Treatment vs Control,Brain | Treatment vs Control,0.8271749683796287,0.08240261648790707,FALSE,NS
Gene_2269,12.761763454496107,-0.3885323320837503,0.6670202762497568,-0.582489537301966,0.5602369869190771,0.8271749683796287,-0.05427566279924806,0.2782843303470967,Brain,Treatment vs Control,Brain | Treatment vs Control,0.8271749683796287,0.08240261648790707,FALSE,NS
Gene_2621,15.782215590971328,-0.3581247591831534,0.61512523831375,-0.5821981230438292,0.5604332374965286,0.8271749683796287,-0.0482395229484954,0.2525107030355147,Brain,Treatment vs Control,Brain | Treatment vs Control,0.8271749683796287,0.08240261648790707,FALSE,NS
Gene_2218,16.08390810818384,0.3261315722286825,0.5607613291618461,0.5815871303325107,0.5608448136855846,0.8271749683796287,0.041989908277502735,0.22543467903449088,Brain,Treatment vs Control,Brain | Treatment vs Control,0.8271749683796287,0.08240261648790707,FALSE,NS
Gene_0375,28.50303861015539,-0.26790087948488006,0.46059918589511234,-0.581635590528131,0.5608121646436394,0.8271749683796287,-0.031135704763547083,0.1762910683539417,Brain,Treatment vs Control,Brain | Treatment vs Control,0.8271749683796287,0.08240261648790707,FALSE,NS
Gene_2180,93.46105284667365,-0.1771432541418206,0.3045484863049624,-0.5816586261553,0.56079664519493,0.8271749683796287,-0.01698182382217464,0.10509832855270487,Brain,Treatment vs Control,Brain | Treatment vs Control,0.8271749683796287,0.08240261648790707,FALSE,NS
Gene_1971,82.61915235599287,0.17521979951852168,0.3010611293591402,0.5820073813298542,0.5605617089938926,0.8271749683796287,0.016735675624807152,0.10366570174399414,Brain,Treatment vs Control,Brain | Treatment vs Control,0.8271749683796287,0.08240261648790707,FALSE,NS
Gene_2407,431.50958159206226,-0.14970474104024317,0.2571577346211305,-0.5821514225920623,0.5604646906344369,0.8271749683796287,-0.013771718000404266,0.08617808387449218,Brain,Treatment vs Control,Brain | Treatment vs Control,0.8271749683796287,0.08240261648790707,FALSE,NS
Gene_0173,27.126540066291053,0.2597843758766632,0.44834867589963284,0.5794248758633971,0.5623025231174672,0.8283229908751676,0.02973598830383026,0.1701755558838161,Brain,Treatment vs Control,Brain | Treatment vs Control,0.8283229908751676,0.0818002842264308,FALSE,NS
Gene_0979,287.91677963344375,-0.11599736405387522,0.20019063206132603,-0.5794345262786362,0.5622960131126089,0.8283229908751676,-0.010814520432698267,0.06617031397353372,Brain,Treatment vs Control,Brain | Treatment vs Control,0.8283229908751676,0.0818002842264308,FALSE,NS
Gene_2106,6.339390728404406,-0.5187193474779244,0.8970598342655941,-0.5782438669797205,0.5630994861801508,0.8291510782744422,-0.07968310535612307,0.38774792023280735,Brain,Treatment vs Control,Brain | Treatment vs Control,0.8291510782744422,0.08136633014575474,FALSE,NS
Gene_0232,65.04423863814665,-0.21211975474566447,0.3677029022766567,-0.5768781084737462,0.5640217999532954,0.8301629744206278,-0.021933496287371103,0.13230400512321358,Brain,Treatment vs Control,Brain | Treatment vs Control,0.8301629744206278,0.08083664022200479,FALSE,NS
Gene_0586,427.44293325597505,-0.28103290471516507,0.4901811496916023,-0.5733245860065754,0.5664249415289755,0.8325728650920206,-0.03363050727363545,0.1897601648297331,Brain,Treatment vs Control,Brain | Treatment vs Control,0.8325728650920206,0.07957774758428711,FALSE,NS
Gene_2853,65.56146150828977,-0.19167641619083248,0.3342991594582687,-0.5733679274020426,0.5663956014672654,0.8325728650920206,-0.018967743169211335,0.11726234170576529,Brain,Treatment vs Control,Brain | Treatment vs Control,0.8325728650920206,0.07957774758428711,FALSE,NS
Gene_1877,430.9746606315131,-0.1278818869864838,0.2228146058439833,-0.5739385284106008,0.5660093997441789,0.8325728650920206,-0.011677636667551118,0.07344490006017021,Brain,Treatment vs Control,Brain | Treatment vs Control,0.8325728650920206,0.07957774758428711,FALSE,NS
Gene_3253,2067.3269841869974,-0.1095143585230809,0.19110363482458062,-0.5730626663569597,0.5666022641790216,0.8325728650920206,-0.010342714060766034,0.06320157690676469,Brain,Treatment vs Control,Brain | Treatment vs Control,0.8325728650920206,0.07957774758428711,FALSE,NS
Gene_0343,136.69766811693452,0.1561593058127573,0.2729007277844559,0.5722201882000696,0.567172812155188,0.8330645589517341,0.014463258593661196,0.09179376105363712,Brain,Treatment vs Control,Brain | Treatment vs Control,0.8330645589517341,0.07932134131821789,FALSE,NS
Gene_2980,13.907133873665211,0.4331390324798132,0.7582762205875402,0.5712153707579031,0.5678536602121724,0.8333712694136246,0.06330729858327164,0.32111255393212307,Brain,Treatment vs Control,Brain | Treatment vs Control,0.8333712694136246,0.07916147598121806,FALSE,NS
Gene_1373,10769.799901072836,-0.11756882471404348,0.20579996505809678,-0.5712771850124179,0.5678117645838421,0.8333712694136246,-0.010859271287044475,0.06772511073508643,Brain,Treatment vs Control,Brain | Treatment vs Control,0.8333712694136246,0.07916147598121806,FALSE,NS
Gene_0081,42.53333600337464,0.2329924533569771,0.40869053374692754,0.5700950575509353,0.5686132271860169,0.8335438931019518,0.02530801839905155,0.15056844789301627,Brain,Treatment vs Control,Brain | Treatment vs Control,0.8335438931019518,0.079071525973875,FALSE,NS
Gene_0450,65.9193257036965,-0.17764367224192704,0.31197891111855,-0.569409232197825,0.5690784529905346,0.8335438931019518,-0.01708642519042954,0.1074965269946013,Brain,Treatment vs Control,Brain | Treatment vs Control,0.8335438931019518,0.079071525973875,FALSE,NS
Gene_2625,142.67224891386462,-0.17182495892662503,0.30181720046816124,-0.5693014137699911,0.5691516075527628,0.8335438931019518,-0.01633948721531412,0.10326614452780622,Brain,Treatment vs Control,Brain | Treatment vs Control,0.8335438931019518,0.079071525973875,FALSE,NS
Gene_1022,2060.9726440431928,0.11566547870216831,0.20301335281235733,0.5697432070346449,0.5688518803141458,0.8335438931019518,0.01071329260031665,0.06679459934531314,Brain,Treatment vs Control,Brain | Treatment vs Control,0.8335438931019518,0.079071525973875,FALSE,NS
Gene_2280,797.4070801778093,0.1015434904195235,0.17794220863682617,0.5706543219701753,0.568233987895815,0.8335438931019518,0.009881609351117322,0.05930666537609641,Brain,Treatment vs Control,Brain | Treatment vs Control,0.8335438931019518,0.079071525973875,FALSE,NS
Gene_0538,7.937657744392846,-0.5037623923525766,0.8881656269914237,-0.567194200094214,0.5705822480999152,0.834946505611604,-0.0769056719019622,0.3816103811101285,Brain,Treatment vs Control,Brain | Treatment vs Control,0.834946505611604,0.07834134854264432,FALSE,NS
Gene_2587,58.77481529979844,0.1894106468249291,0.3338048090430661,0.5674293530039951,0.570422511964161,0.834946505611604,0.018685157947450754,0.11666376210552844,Brain,Treatment vs Control,Brain | Treatment vs Control,0.834946505611604,0.07834134854264432,FALSE,NS
Gene_1241,91.4916866273404,-0.16569069645032639,0.29234838690572557,-0.5667576900424531,0.5708788198513636,0.8350344295340367,-0.015584970242330588,0.09926062414189873,Brain,Treatment vs Control,Brain | Treatment vs Control,0.8350344295340367,0.0782956176321034,FALSE,NS
Gene_2741,9.366670120673293,-0.4424490456984275,0.7837983096004718,-0.5644934931334039,0.5724183272245026,0.8363831179194035,-0.06521774477394437,0.3322405934240014,Brain,Treatment vs Control,Brain | Treatment vs Control,0.8363831179194035,0.07759474183767565,FALSE,NS
Gene_1228,58.17892911692925,0.19729646745227689,0.34987786647538816,0.563900967614239,0.5728215315007225,0.8363831179194035,0.019830040831874875,0.12343156768480194,Brain,Treatment vs Control,Brain | Treatment vs Control,0.8363831179194035,0.07759474183767565,FALSE,NS
Gene_1180,65.3862113235918,-0.1756951808335697,0.3113597522511873,-0.5642835323552957,0.5725611868047917,0.8363831179194035,-0.016851627571273058,0.10694024737512829,Brain,Treatment vs Control,Brain | Treatment vs Control,0.8363831179194035,0.07759474183767565,FALSE,NS
Gene_2762,102.93010719294091,-0.15227979384938592,0.26965494633667003,-0.5647209365826403,0.5722635913504448,0.8363831179194035,-0.0140286831735719,0.09018236698642938,Brain,Treatment vs Control,Brain | Treatment vs Control,0.8363831179194035,0.07759474183767565,FALSE,NS
Gene_2523,1232.4737112885957,-0.1179382781419414,0.20923637301584921,-0.5636604976564368,0.5729852059606448,0.8363831179194035,-0.010830252646394492,0.06861090787772395,Brain,Treatment vs Control,Brain | Treatment vs Control,0.8363831179194035,0.07759474183767565,FALSE,NS
Gene_2445,9.38619385136502,0.4397381706583166,0.7809842952189868,0.5630563551025244,0.57339650990501,0.8366376349068555,0.06470636545116992,0.3306560355755513,Brain,Treatment vs Control,Brain | Treatment vs Control,0.8366376349068555,0.07746260322090467,FALSE,NS
Gene_0524,5.642220355993497,-0.5588779691355279,0.9958589441840918,-0.5612019376834709,0.5746598821713778,0.8367521830709834,-0.08674269693669738,0.42853098959655517,Brain,Treatment vs Control,Brain | Treatment vs Control,0.8367521830709834,0.07740314590242915,FALSE,NS
Gene_0730,42.20642671263552,-0.2094162978238579,0.3727616292190852,-0.5617968197600525,0.5742544591349334,0.8367521830709834,-0.021653570734774273,0.13345500620378,Brain,Treatment vs Control,Brain | Treatment vs Control,0.8367521830709834,0.07740314590242915,FALSE,NS
Gene_0802,54.4664989094249,-0.18655627034579506,0.33177156487442927,-0.5623033740592082,0.5739093398858184,0.8367521830709834,-0.01831826421025182,0.11546183302809555,Brain,Treatment vs Control,Brain | Treatment vs Control,0.8367521830709834,0.07740314590242915,FALSE,NS
Gene_1221,965.1253194306771,-0.12366536533302834,0.2202478879100309,-0.5614826389778795,0.5744685622213741,0.8367521830709834,-0.011259613231601032,0.07216894111586342,Brain,Treatment vs Control,Brain | Treatment vs Control,0.8367521830709834,0.07740314590242915,FALSE,NS
Gene_2293,706.7447291099952,0.09829793865775646,0.17513052489229258,0.561283869378059,0.5746040361795566,0.8367521830709834,0.0096223063936554,0.0583307423556443,Brain,Treatment vs Control,Brain | Treatment vs Control,0.8367521830709834,0.07740314590242915,FALSE,NS
Gene_3156,348.55463907822894,0.10753100919299478,0.19224235925300354,0.55935127726703,0.5759220063635032,0.8382442722463025,0.010095896065055971,0.0632081180749093,Brain,Treatment vs Control,Brain | Treatment vs Control,0.8382442722463025,0.07662940543904477,FALSE,NS
Gene_1124,6.551691303097316,0.49817402362736446,0.8920116470743082,0.558483765611487,0.5765140872010209,0.8384148442779262,0.07588156488147153,0.3817760144359605,Brain,Treatment vs Control,Brain | Treatment vs Control,0.8384148442779262,0.07654104103434652,FALSE,NS
Gene_1070,207.9229420332382,-0.12942775772900877,0.23168453814029125,-0.5586378735841093,0.5764088868086827,0.8384148442779262,-0.011733772761216732,0.0759805837788766,Brain,Treatment vs Control,Brain | Treatment vs Control,0.8384148442779262,0.07654104103434652,FALSE,NS
Gene_1091,40.28059540626999,0.22073599847990819,0.3961184037709797,0.5572475208890552,0.5773583258207621,0.8386064370518761,0.023469135144893613,0.1437007961783452,Brain,Treatment vs Control,Brain | Treatment vs Control,0.8386064370518761,0.0764418083224098,FALSE,NS
Gene_3306,59.16815619844363,0.19816861069675168,0.35534278848237216,0.5576829391785516,0.5770609097545873,0.8386064370518761,0.020004128099036823,0.12540802364731204,Brain,Treatment vs Control,Brain | Treatment vs Control,0.8386064370518761,0.0764418083224098,FALSE,NS
Gene_2779,123.98531869417089,0.15316917918362766,0.27474614653867946,0.5574934575545143,0.5771903278736443,0.8386064370518761,0.014127302692962201,0.09181919225196297,Brain,Treatment vs Control,Brain | Treatment vs Control,0.8386064370518761,0.0764418083224098,FALSE,NS
Gene_1807,72.40458465696997,-0.17164690223368062,0.3082328137674621,-0.5568742021191001,0.5776133817642826,0.8386319288691125,-0.016356208863407114,0.10522128109362026,Brain,Treatment vs Control,Brain | Treatment vs Control,0.8386319288691125,0.07642860691253835,FALSE,NS
Gene_1916,48.9390079958598,-0.21278731667570028,0.3824991049233532,-0.556308012062772,0.5780003109208448,0.8388487866261829,-0.022226216186523706,0.1374314477167599,Brain,Treatment vs Control,Brain | Treatment vs Control,0.8388487866261829,0.07631631932924958,FALSE,NS
Gene_2640,9.291600992049652,0.4969631616395146,0.8947757584694144,0.5554052587316513,0.5786174964501216,0.8391134225892165,0.0756630650218656,0.38247790101817253,Brain,Treatment vs Control,Brain | Treatment vs Control,0.8391134225892165,0.07617933181096062,FALSE,NS
Gene_1588,36.7819079330765,0.22049495613468426,0.3975380095052052,0.5546512556349589,0.5791332231237385,0.8391134225892165,0.023459735167246955,0.14414240855246974,Brain,Treatment vs Control,Brain | Treatment vs Control,0.8391134225892165,0.07617933181096062,FALSE,NS
Gene_0127,131.35600570856602,-0.13481687008149892,0.24283701971496832,-0.5551742903110126,0.5787754524121691,0.8391134225892165,-0.012214975226145623,0.07979234834893066,Brain,Treatment vs Control,Brain | Treatment vs Control,0.8391134225892165,0.07617933181096062,FALSE,NS
Gene_3450,943.8608620020145,-0.09889621135200409,0.17823301633915578,-0.5548703230372122,0.5789833621032404,0.8391134225892165,-0.009579156304030402,0.0590602110004522,Brain,Treatment vs Control,Brain | Treatment vs Control,0.8391134225892165,0.07617933181096062,FALSE,NS
Gene_2433,7.463354071637303,0.476262240456845,0.8600879950510144,0.5537366446192479,0.5797590927041989,0.83926505224789,0.07180783788574596,0.36625523072832117,Brain,Treatment vs Control,Brain | Treatment vs Control,0.83926505224789,0.07610086092346864,FALSE,NS
Gene_1637,81.89573706923227,-0.19743179370087893,0.3569383545029482,-0.5531257462533302,0.5801773079312667,0.83926505224789,-0.01993230193815269,0.1257958790336864,Brain,Treatment vs Control,Brain | Treatment vs Control,0.83926505224789,0.07610086092346864,FALSE,NS
Gene_3368,58.276634149900346,0.18173335725430287,0.3287731643854205,0.5527621379744273,0.5804262978162977,0.83926505224789,0.01770984219751823,0.11358872894049461,Brain,Treatment vs Control,Brain | Treatment vs Control,0.83926505224789,0.07610086092346864,FALSE,NS
Gene_1316,77.90386768094734,0.16304362279049847,0.29491380734333017,0.5528517781491586,0.5803649098100021,0.83926505224789,0.015291872738308706,0.09957080098865662,Brain,Treatment vs Control,Brain | Treatment vs Control,0.83926505224789,0.07610086092346864,FALSE,NS
Gene_1522,115.88931971141949,-0.1550342572719945,0.2803550280444147,-0.5529926049602845,0.5802684739603011,0.83926505224789,-0.014342094830384372,0.0937940983861073,Brain,Treatment vs Control,Brain | Treatment vs Control,0.83926505224789,0.07610086092346864,FALSE,NS
Gene_0253,9.734017140302578,0.4043575843130834,0.7328832404474557,0.5517353406338045,0.5811296931884892,0.8393565047915316,0.05793391577526833,0.3057357592119017,Brain,Treatment vs Control,Brain | Treatment vs Control,0.8393565047915316,0.07605353955441763,FALSE,NS
Gene_0919,21.512397597325602,0.31454492465280326,0.5706816647530893,0.5511740504032033,0.5815143669546531,0.8393565047915316,0.04032733201648239,0.22652321349009488,Brain,Treatment vs Control,Brain | Treatment vs Control,0.8393565047915316,0.07605353955441763,FALSE,NS
Gene_2014,134.73269405456287,0.167618135433076,0.30443451391243836,0.5505884772358184,0.5819158096090822,0.8393565047915316,0.0158657414609878,0.10331422563841317,Brain,Treatment vs Control,Brain | Treatment vs Control,0.8393565047915316,0.07605353955441763,FALSE,NS
Gene_3445,145.06788247216494,0.1580451243395163,0.28673516377714814,0.5511884983257571,0.5815044637452665,0.8393565047915316,0.014695230813732259,0.096219658492734,Brain,Treatment vs Control,Brain | Treatment vs Control,0.8393565047915316,0.07605353955441763,FALSE,NS
Gene_1264,326.77664863576035,-0.13117739936441403,0.23817948684503754,-0.5507501972651391,0.5818049286801548,0.8393565047915316,-0.011859757258095753,0.07797433849320487,Brain,Treatment vs Control,Brain | Treatment vs Control,0.8393565047915316,0.07605353955441763,FALSE,NS
Gene_2650,4987.254313931642,-0.10056945599125444,0.18256264795180535,-0.5508764093836092,0.5817184000822648,0.8393565047915316,-0.009620925981032298,0.060193336422632714,Brain,Treatment vs Control,Brain | Treatment vs Control,0.8393565047915316,0.07605353955441763,FALSE,NS
Gene_2873,10.956975068245336,-0.3721635412877512,0.677002318860784,-0.5497226980167573,0.5825095861013972,0.8396289395698694,-0.05162005100338696,0.2783357835778498,Brain,Treatment vs Control,Brain | Treatment vs Control,0.8396289395698694,0.07591260096278614,FALSE,NS
Gene_0293,20.568363206545882,-0.29185157328579847,0.5314987369402581,-0.5491105679120426,0.5829295732732016,0.8396289395698694,-0.036058277480245544,0.20717403976805424,Brain,Treatment vs Control,Brain | Treatment vs Control,0.8396289395698694,0.07591260096278614,FALSE,NS
Gene_0787,74.21794085429046,-0.18750946102525134,0.34155983788628486,-0.5489798279143072,0.5830192932932444,0.8396289395698694,-0.01853462110361811,0.11882313916915861,Brain,Treatment vs Control,Brain | Treatment vs Control,0.8396289395698694,0.07591260096278614,FALSE,NS
Gene_1494,223.0752099828474,0.12194478214754101,0.22215135271081893,0.5489265793770799,0.5830558368239365,0.8396289395698694,0.011049040716235681,0.07240799351494506,Brain,Treatment vs Control,Brain | Treatment vs Control,0.8396289395698694,0.07591260096278614,FALSE,NS
Gene_0886,22.791986438884987,-0.2623980224706434,0.4789750607674661,-0.5478323277420764,0.5838070388088179,0.8403679796306303,-0.030680141684141248,0.18171077230334118,Brain,Treatment vs Control,Brain | Treatment vs Control,0.8403679796306303,0.07553050378471461,FALSE,NS
Gene_2360,107.62960513852812,-0.18333867330407524,0.3363029409184959,-0.545159292402703,0.5856439661661716,0.8413915636251716,-0.017976432420448135,0.11632656003459932,Brain,Treatment vs Control,Brain | Treatment vs Control,0.8413915636251716,0.0750018468345958,FALSE,NS
Gene_0087,123.83792628052186,-0.14596488093719356,0.26743780718004173,-0.5457900005848035,0.5852102975750979,0.8413915636251716,-0.013331646578260907,0.08848739972039872,Brain,Treatment vs Control,Brain | Treatment vs Control,0.8413915636251716,0.0750018468345958,FALSE,NS
Gene_3422,234.43966517966015,-0.12330052429108466,0.22609462758645327,-0.5453492000553505,0.5855133718800253,0.8413915636251716,-0.011142830032834245,0.07361868368665299,Brain,Treatment vs Control,Brain | Treatment vs Control,0.8413915636251716,0.0750018468345958,FALSE,NS
Gene_1370,602.2516002580878,0.10751141166573855,0.19690878491758534,0.5459960138941319,0.5850686772324754,0.8413915636251716,0.00997695783008359,0.0642841796987087,Brain,Treatment vs Control,Brain | Treatment vs Control,0.8413915636251716,0.0750018468345958,FALSE,NS
Gene_2755,1335.8665104082502,-0.09542154456375339,0.17506487316999184,-0.5450639116568917,0.5857095619911277,0.8413915636251716,-0.009307286205367707,0.05799487403565028,Brain,Treatment vs Control,Brain | Treatment vs Control,0.8413915636251716,0.0750018468345958,FALSE,NS
Gene_0398,4.921082361317186,0.5622951494536336,1.0325024723272815,0.5445944823611016,0.5860324504408103,0.841513046972957,0.08706556406669633,0.4410115621872063,Brain,Treatment vs Control,Brain | Treatment vs Control,0.841513046972957,0.07493914625448482,FALSE,NS
Gene_3268,512.559973937883,0.10482457223184813,0.19294725385309172,0.5432809751812306,0.5869363611167153,0.8424684110175291,0.009786928774272988,0.06303346669508347,Brain,Treatment vs Control,Brain | Treatment vs Control,0.8424684110175291,0.0744463743473934,FALSE,NS
Gene_1372,74.02113881322587,0.18414908655491527,0.3394442278356815,0.5425017468379469,0.5874729044027607,0.8425535440479885,0.018106871575919007,0.11750332715774972,Brain,Treatment vs Control,Brain | Treatment vs Control,0.8425535440479885,0.07440249028371514,FALSE,NS
Gene_1045,231.08764703746434,0.16000778058650073,0.2948469821257789,0.5426807472570396,0.587349632295898,0.8425535440479885,0.014947340740536679,0.09902246515635554,Brain,Treatment vs Control,Brain | Treatment vs Control,0.8425535440479885,0.07440249028371514,FALSE,NS
Gene_3326,84.03065338095806,-0.16913897084387422,0.3123022511261824,-0.5415874212688125,0.5881027591090117,0.8428774650892624,-0.016093702995301187,0.10604857341008712,Brain,Treatment vs Control,Brain | Treatment vs Control,0.8428774650892624,0.07423555717074048,FALSE,NS
Gene_1686,343.5288632253062,0.10505450416342367,0.1940133228095541,0.5414808768908437,0.5881761750155601,0.8428774650892624,0.009784881206058018,0.06330705551536582,Brain,Treatment vs Control,Brain | Treatment vs Control,0.8428774650892624,0.07423555717074048,FALSE,NS
Gene_0486,64.37296202475531,0.21619969960885765,0.40073538302724865,0.5395073875823858,0.5895368008653239,0.8444845614018087,0.02294960126090511,0.14439891500157948,Brain,Treatment vs Control,Brain | Treatment vs Control,0.8444845614018087,0.0734082856540037,FALSE,NS
Gene_0273,11.143511290589993,0.3653089915880316,0.6780533230082412,0.5387614501574998,0.5900514664738493,0.8448790462770325,0.0504841769903978,0.27727644340786667,Brain,Treatment vs Control,Brain | Treatment vs Control,0.8448790462770325,0.07320546062943331,FALSE,NS
Gene_0833,59.19350667712217,0.24439247070383885,0.45464280627145504,0.537548306786402,0.5908889263593187,0.8453925441550868,0.027677505543679745,0.16918744280420153,Brain,Treatment vs Control,Brain | Treatment vs Control,0.8453925441550868,0.07294158670167988,FALSE,NS
Gene_2653,530.484763658795,-0.11377432946587146,0.21152169882610652,-0.5378849077767957,0.5906565084014843,0.8453925441550868,-0.01034636088442985,0.0686081156625576,Brain,Treatment vs Control,Brain | Treatment vs Control,0.8453925441550868,0.07294158670167988,FALSE,NS
Gene_1216,49.37488802810836,0.1924679360008224,0.3585303502269538,0.5368246673649469,0.5913887309495747,0.8454225137582786,0.019340754085654256,0.1253844276339382,Brain,Treatment vs Control,Brain | Treatment vs Control,0.8454225137582786,0.07292619101043443,FALSE,NS
Gene_2334,110.74768235535466,-0.16859352083763543,0.31387441795545973,-0.5371368649150619,0.5911730779497212,0.8454225137582786,-0.016042693481535485,0.10644932214410617,Brain,Treatment vs Control,Brain | Treatment vs Control,0.8454225137582786,0.07292619101043443,FALSE,NS
Gene_1239,7.154217610959342,-0.4439376358790224,0.8284018979412212,-0.5358964495160075,0.5920301184208766,0.8455610077681264,-0.06583915506461935,0.3484952391984362,Brain,Treatment vs Control,Brain | Treatment vs Control,0.8455610077681264,0.07285505231082873,FALSE,NS
Gene_0079,7.904504837262719,-0.43639566906910315,0.8152380221129876,-0.5352984738592346,0.5924434815118507,0.8455610077681264,-0.06440614433365982,0.3422516391631689,Brain,Treatment vs Control,Brain | Treatment vs Control,0.8455610077681264,0.07285505231082873,FALSE,NS
Gene_1817,187.50148717257133,0.14412951570283122,0.26897386291537523,0.5358495213647483,0.5920625536922878,0.8455610077681264,0.013130824225184596,0.08863755913905792,Brain,Treatment vs Control,Brain | Treatment vs Control,0.8455610077681264,0.07285505231082873,FALSE,NS
Gene_0238,168.62104924260453,-0.12271397122899777,0.2291848742192516,-0.5354366061331013,0.5923479829510034,0.8455610077681264,-0.011046142066054088,0.07434227029783022,Brain,Treatment vs Control,Brain | Treatment vs Control,0.8455610077681264,0.07285505231082873,FALSE,NS
Gene_2071,140.32568793456954,-0.13963459188210192,0.26118230497172434,-0.534625007989032,0.5929091872265103,0.845883773776488,-0.012652792138905473,0.08567216607276566,Brain,Treatment vs Control,Brain | Treatment vs Control,0.845883773776488,0.07268930584412962,FALSE,NS
Gene_1105,5.954371855358442,0.5306088371380479,0.9943675748907235,0.5336143801715973,0.5936083570825066,0.8465392200558687,0.08158179239755162,0.4226546269676122,Brain,Treatment vs Control,Brain | Treatment vs Control,0.8465392200558687,0.072352916280069,FALSE,NS
Gene_2791,18.945446055436534,-0.2785606461186412,0.5228776684079091,-0.5327453493411187,0.594209869297938,0.8467130946291441,-0.03389557795874897,0.20120253547901804,Brain,Treatment vs Control,Brain | Treatment vs Control,0.8467130946291441,0.07226372370395105,FALSE,NS
Gene_3464,35.50988727099597,-0.2230065995907535,0.4184002706124668,-0.5329982202552349,0.5940348123017207,0.8467130946291441,-0.024134935347475385,0.15194614710069723,Brain,Treatment vs Control,Brain | Treatment vs Control,0.8467130946291441,0.07226372370395105,FALSE,NS
Gene_2385,1076.9609294206741,0.10718828888767641,0.20146563794270617,0.532042535800369,0.5946965355628705,0.8470647305657506,0.009842244962676877,0.06531839248726218,Brain,Treatment vs Control,Brain | Treatment vs Control,0.8470647305657506,0.07208340070428788,FALSE,NS
Gene_1909,6.918598691530542,-0.47569560445137543,0.9034473894925062,-0.526533819217285,0.5985173607648104,0.8477195350423368,-0.0718419617419849,0.3812923656782539,Brain,Treatment vs Control,Brain | Treatment vs Control,0.8477195350423368,0.07174780874626921,FALSE,NS
Gene_0462,9.614871851837146,-0.4349059908554886,0.8259142087957594,-0.5265752619628762,0.598488574692911,0.8477195350423368,-0.06422961609297118,0.3458040346368846,Brain,Treatment vs Control,Brain | Treatment vs Control,0.8477195350423368,0.07174780874626921,FALSE,NS
Gene_1741,13.284302508534806,0.35207098821321164,0.6665646910193969,0.528187275678793,0.5973693600579812,0.8477195350423368,0.048102449345757824,0.27023818473541594,Brain,Treatment vs Control,Brain | Treatment vs Control,0.8477195350423368,0.07174780874626921,FALSE,NS
Gene_2781,14.51448397768252,-0.33893463402779833,0.6410014880644898,-0.5287579519529896,0.5969733700061441,0.8477195350423368,-0.04552087039611986,0.25793503064622786,Brain,Treatment vs Control,Brain | Treatment vs Control,0.8477195350423368,0.07174780874626921,FALSE,NS
Gene_2461,16.067685323390478,0.2981487572606529,0.5644147181912869,0.52824412201031,0.5973299092541138,0.8477195350423368,0.0376610534502363,0.22074127553521597,Brain,Treatment vs Control,Brain | Treatment vs Control,0.8477195350423368,0.07174780874626921,FALSE,NS
Gene_1100,25.06926096164558,-0.2877822684799248,0.5447429649721802,-0.528290013795078,0.5972980616638663,0.8477195350423368,-0.0357028863425992,0.21124557162028956,Brain,Treatment vs Control,Brain | Treatment vs Control,0.8477195350423368,0.07174780874626921,FALSE,NS
Gene_0316,21.785538448539878,-0.2689978929511629,0.5103489449360086,-0.5270862135021988,0.5981337201110095,0.8477195350423368,-0.0322453300793025,0.19459766596509304,Brain,Treatment vs Control,Brain | Treatment vs Control,0.8477195350423368,0.07174780874626921,FALSE,NS
Gene_0811,25.0473119049514,0.2489747207047838,0.4726313382251225,0.5267841985251364,0.5983434572228261,0.8477195350423368,0.028655108314223472,0.17665335820613493,Brain,Treatment vs Control,Brain | Treatment vs Control,0.8477195350423368,0.07174780874626921,FALSE,NS
Gene_1928,80.1877207707801,-0.15818883699888422,0.29823719587148784,-0.5304128364560158,0.595825727963107,0.8477195350423368,-0.014759989100179643,0.09975636931170082,Brain,Treatment vs Control,Brain | Treatment vs Control,0.8477195350423368,0.07174780874626921,FALSE,NS
Gene_1692,118.50902136917259,-0.13987047567852345,0.26520045675887866,-0.5274141582859122,0.5979060136115246,0.8477195350423368,-0.012672868788511047,0.08686712724800466,Brain,Treatment vs Control,Brain | Treatment vs Control,0.8477195350423368,0.07174780874626921,FALSE,NS
Gene_1139,112.43263083272656,0.13898462210478285,0.26302807006399614,0.5284022426616564,0.5972201812831299,0.8477195350423368,0.012580110281886036,0.08610134082471109,Brain,Treatment vs Control,Brain | Treatment vs Control,0.8477195350423368,0.07174780874626921,FALSE,NS
Gene_2040,365.2681009542946,0.11330113110903599,0.21410614733751937,0.5291820553401804,0.596679163691181,0.8477195350423368,0.010255048573395226,0.06918824610188477,Brain,Treatment vs Control,Brain | Treatment vs Control,0.8477195350423368,0.07174780874626921,FALSE,NS
Gene_0729,394.0537036372808,-0.10909921027277518,0.20595584006511589,-0.5297213724955889,0.5963051273759323,0.8477195350423368,-0.009954513903265351,0.0666380271258926,Brain,Treatment vs Control,Brain | Treatment vs Control,0.8477195350423368,0.07174780874626921,FALSE,NS
Gene_1811,1491.3853826600894,-0.09664651464126932,0.1829566327557755,-0.5282482148120887,0.5973270689350078,0.8477195350423368,-0.009186032018984262,0.059831771471254125,Brain,Treatment vs Control,Brain | Treatment vs Control,0.8477195350423368,0.07174780874626921,FALSE,NS
Gene_1627,1810.8309847334265,0.10647424051933878,0.20266814667125438,0.525362481811458,0.5993312296956077,0.8485319053950243,0.00974310420592066,0.06551682900996297,Brain,Treatment vs Control,Brain | Treatment vs Control,0.8485319053950243,0.07133182326204524,FALSE,NS
Gene_2297,6053.164488953467,0.0959094701255421,0.1827376868390642,0.5248477847375232,0.5996890101207053,0.84869815420289,0.009113696448957573,0.05970190507481038,Brain,Treatment vs Control,Brain | Treatment vs Control,0.84869815420289,0.07124674235070778,FALSE,NS
Gene_3087,37.65833688198651,0.21350507673170663,0.4075823792578007,0.523832941749089,0.600394739180818,0.8493565000190177,0.02271341458210734,0.14627952637513988,Brain,Treatment vs Control,Brain | Treatment vs Control,0.8493565000190177,0.07090998526371602,FALSE,NS
Gene_1788,20.158703566316337,-0.26524491039426246,0.5071610609951113,-0.522999360151625,0.6009746985149828,0.8498364679440946,-0.03163886216122297,0.1926563271518719,Brain,Treatment vs Control,Brain | Treatment vs Control,0.8498364679440946,0.07066463652366656,FALSE,NS
Gene_2823,4.561204170304633,-0.6006129123853142,1.1510169719356629,-0.5218106483480124,0.6018021749190324,0.8499853918556415,-0.09245936778053147,0.4849168371722722,Brain,Treatment vs Control,Brain | Treatment vs Control,0.8499853918556415,0.07058853815747498,FALSE,NS
Gene_0775,14.480632927894613,0.31715763769502914,0.6072498894171503,0.522285212763798,0.6014717633740272,0.8499853918556415,0.041430776436939334,0.24075617200080862,Brain,Treatment vs Control,Brain | Treatment vs Control,0.8499853918556415,0.07058853815747498,FALSE,NS
Gene_2855,19.304857520260075,-0.27649196174370055,0.5295196280724886,-0.5221562092989123,0.6015615728663537,0.8499853918556415,-0.0337212899057928,0.2032564498661048,Brain,Treatment vs Control,Brain | Treatment vs Control,0.8499853918556415,0.07058853815747498,FALSE,NS
Gene_3282,42.28754524177501,0.22411630267687682,0.43142945733434845,0.5194738070543745,0.6034303738601527,0.8504520050526859,0.024509837567484725,0.15681221238721843,Brain,Treatment vs Control,Brain | Treatment vs Control,0.8504520050526859,0.07035019060982106,FALSE,NS
Gene_1931,168.5729987116217,-0.14608852516627646,0.28096733438672356,-0.5199484327427193,0.6030995171819391,0.8504520050526859,-0.013358211769518187,0.09250157467350274,Brain,Treatment vs Control,Brain | Treatment vs Control,0.8504520050526859,0.07035019060982106,FALSE,NS
Gene_1319,243.4444792014283,-0.13752074106779416,0.26483854816889846,-0.5192625545586798,0.6035776620396576,0.8504520050526859,-0.012422038865106875,0.08639913776102387,Brain,Treatment vs Control,Brain | Treatment vs Control,0.8504520050526859,0.07035019060982106,FALSE,NS
Gene_2639,958.6100657848999,0.11024413763037455,0.21185348605342072,0.5203791529896068,0.6027993371934968,0.8504520050526859,0.009972169196949904,0.06823066231810397,Brain,Treatment vs Control,Brain | Treatment vs Control,0.8504520050526859,0.07035019060982106,FALSE,NS
Gene_1515,407.24205030678564,-0.10936129968452178,0.21045259986282913,-0.5196481286323018,0.6033088466014266,0.8504520050526859,-0.009903182694866995,0.06777153632556449,Brain,Treatment vs Control,Brain | Treatment vs Control,0.8504520050526859,0.07035019060982106,FALSE,NS
Gene_0823,908.3380111057919,0.09641508984244679,0.18538410887054874,0.5200828184781047,0.6030058530978487,0.8504520050526859,0.009092415712953066,0.0603425173716084,Brain,Treatment vs Control,Brain | Treatment vs Control,0.8504520050526859,0.07035019060982106,FALSE,NS
Gene_1891,23.044020080045964,-0.2850242859482231,0.5525816356124988,-0.5158048468843761,0.605990717003403,0.8522472869825841,-0.03544407962632831,0.21362999781274997,Brain,Treatment vs Control,Brain | Treatment vs Control,0.8522472869825841,0.06943437261637064,FALSE,NS
Gene_2132,166.24836479148223,0.1347282498314371,0.2611006478071375,0.5160012085874042,0.6058535651046961,0.8522472869825841,0.01212966748926705,0.08489523041328048,Brain,Treatment vs Control,Brain | Treatment vs Control,0.8522472869825841,0.06943437261637064,FALSE,NS
Gene_2075,257.0389217305461,0.10662738023172519,0.20675935055228,0.5157076569785606,0.6060586059510815,0.8522472869825841,0.00968263862977449,0.06652374890743597,Brain,Treatment vs Control,Brain | Treatment vs Control,0.8522472869825841,0.06943437261637064,FALSE,NS
Gene_2257,951.1932257008943,-0.09430147764953861,0.18254793884630474,-0.5165847297182317,0.6054460776741373,0.8522472869825841,-0.008948011065080082,0.059484438882649336,Brain,Treatment vs Control,Brain | Treatment vs Control,0.8522472869825841,0.06943437261637064,FALSE,NS
Gene_2327,1184.5214888686107,-0.09286394943610991,0.17993542085462905,-0.516095991523177,0.6057873674550198,0.8522472869825841,-0.008871943943220007,0.05876074568240398,Brain,Treatment vs Control,Brain | Treatment vs Control,0.8522472869825841,0.06943437261637064,FALSE,NS
Gene_2021,396.5388984495067,0.10271759893980152,0.199418006529503,0.5150868807055541,0.6064923099239945,0.8525176537984175,0.009417219871239953,0.06428767929835844,Brain,Treatment vs Control,Brain | Treatment vs Control,0.8525176537984175,0.06929661894208773,FALSE,NS
Gene_3242,53.557931785180244,-0.1897413273193889,0.3687745629837391,-0.5145184792145098,0.6068895440151845,0.8527365618454501,-0.019146487969262813,0.1283549098061717,Brain,Treatment vs Control,Brain | Treatment vs Control,0.8527365618454501,0.06918511585179121,FALSE,NS
Gene_0591,40.79953275933796,-0.21277013172147044,0.4140238638530591,-0.5139078934758807,0.6073163885070074,0.8529968845736846,-0.022727338512807845,0.14842329727408005,Brain,Treatment vs Control,Brain | Treatment vs Control,0.8529968845736846,0.06905255501644927,FALSE,NS
Gene_0354,387.60466630508995,0.1046939719636605,0.204181036968801,0.5127507114172303,0.6081257115823115,0.853793991092303,0.00952910337167582,0.06566240641207217,Brain,Treatment vs Control,Brain | Treatment vs Control,0.853793991092303,0.06864690603785582,FALSE,NS
Gene_3141,15.30342409104403,-0.29932578566367085,0.5882505304451243,-0.50884065576137,0.6108639195210959,0.85390360246595,-0.03830425265931424,0.2299777271268874,Brain,Treatment vs Control,Brain | Treatment vs Control,0.85390360246595,0.06859115422913553,FALSE,NS
Gene_1895,19.12133840219778,0.2977456988625727,0.5824686413494053,0.5111789334663324,0.6092257686004259,0.85390360246595,0.037951005382626274,0.2274696685029419,Brain,Treatment vs Control,Brain | Treatment vs Control,0.85390360246595,0.06859115422913553,FALSE,NS
Gene_2611,24.991624917477377,0.23624592022391364,0.4636144093839417,0.509574153525213,0.6103498353087702,0.85390360246595,0.026729483475899218,0.1708492259605598,Brain,Treatment vs Control,Brain | Treatment vs Control,0.85390360246595,0.06859115422913553,FALSE,NS
Gene_2189,45.17886932027985,0.1998175596627676,0.3918472797858191,0.5099373403127525,0.6100953608555508,0.85390360246595,0.020726104470348256,0.1381819211896741,Brain,Treatment vs Control,Brain | Treatment vs Control,0.85390360246595,0.06859115422913553,FALSE,NS
Gene_1812,56.408427126553576,-0.1742954306741723,0.3403057900170865,-0.5121729802640768,0.6085299515547857,0.85390360246595,-0.016953607075372887,0.11601841820053241,Brain,Treatment vs Control,Brain | Treatment vs Control,0.85390360246595,0.06859115422913553,FALSE,NS
Gene_3025,102.3117118279477,0.1570468413753308,0.3074435625008576,0.510815188640981,0.6094804726388894,0.85390360246595,0.014690356779698533,0.10244509987193456,Brain,Treatment vs Control,Brain | Treatment vs Control,0.85390360246595,0.06859115422913553,FALSE,NS
Gene_0867,117.16701718319949,0.13456196644725926,0.263803833368303,0.5100834386261325,0.6099930072926534,0.85390360246595,0.012109328852735187,0.0856511128316868,Brain,Treatment vs Control,Brain | Treatment vs Control,0.85390360246595,0.06859115422913553,FALSE,NS
Gene_3099,224.2371976876237,-0.12110014793915166,0.23787803409830768,-0.5090850376252256,0.6106926190640227,0.85390360246595,-0.010802178727402748,0.0764356002830299,Brain,Treatment vs Control,Brain | Treatment vs Control,0.85390360246595,0.06859115422913553,FALSE,NS
Gene_3462,220.3565168012173,-0.1140151453628845,0.2232481928011174,-0.510710272420686,0.6095539466308908,0.85390360246595,-0.010206508393262145,0.071606901062234,Brain,Treatment vs Control,Brain | Treatment vs Control,0.85390360246595,0.06859115422913553,FALSE,NS
Gene_2002,822.7871627262203,0.10147190621575256,0.1987120277804533,0.510648033484232,0.6095975351085043,0.85390360246595,0.009302491564224656,0.0639738612311957,Brain,Treatment vs Control,Brain | Treatment vs Control,0.85390360246595,0.06859115422913553,FALSE,NS
Gene_1780,1295.7193998748808,0.0860336409765287,0.16898919100222373,0.5091073604547677,0.6106769728483377,0.85390360246595,0.008497859855749784,0.055760002824977915,Brain,Treatment vs Control,Brain | Treatment vs Control,0.85390360246595,0.06859115422913553,FALSE,NS
Gene_2916,28.276316969984798,-0.23102616785407643,0.45470383951792026,-0.5080805301732481,0.6113968687740212,0.854310385295239,-0.02585653385142974,0.16658128586546075,Brain,Treatment vs Control,Brain | Treatment vs Control,0.854310385295239,0.06838431416963676,FALSE,NS
Gene_0818,12.556696333600236,-0.3352767586318081,0.6663795785967371,-0.5031318026549287,0.6148716084630111,0.8559642568538742,-0.04537342210861593,0.2668007729915003,Brain,Treatment vs Control,Brain | Treatment vs Control,0.8559642568538742,0.06754437010699124,FALSE,NS
Gene_1072,15.333286052862537,0.3046416531129133,0.6080951460713242,0.5009769525066748,0.616387343338962,0.8559642568538742,0.03949994137171376,0.23858063043539218,Brain,Treatment vs Control,Brain | Treatment vs Control,0.8559642568538742,0.06754437010699124,FALSE,NS
Gene_0671,17.493982313020016,0.2869001869886594,0.5733646685951498,0.5003799548577318,0.6168075650075924,0.8559642568538742,0.03613417436812323,0.221875104669141,Brain,Treatment vs Control,Brain | Treatment vs Control,0.8559642568538742,0.06754437010699124,FALSE,NS
Gene_1048,24.311280914277344,-0.2507694315325229,0.5020300155072662,-0.4995108335885812,0.6174195566283865,0.8559642568538742,-0.029479398937348383,0.18790175518387736,Brain,Treatment vs Control,Brain | Treatment vs Control,0.8559642568538742,0.06754437010699124,FALSE,NS
Gene_0434,27.97522825139214,-0.24894174080583484,0.4921232536233006,-0.5058524241091625,0.6129602531063113,0.8559642568538742,-0.029028913535631643,0.18384770047695365,Brain,Treatment vs Control,Brain | Treatment vs Control,0.8559642568538742,0.06754437010699124,FALSE,NS
Gene_1148,33.472841115655214,-0.21640447213607286,0.4313226687902993,-0.5017229276240163,0.6158624342972643,0.8559642568538742,-0.023498620240467127,0.15531390784770077,Brain,Treatment vs Control,Brain | Treatment vs Control,0.8559642568538742,0.06754437010699124,FALSE,NS
Gene_2749,38.16479115134306,-0.20743376233503272,0.4115977350135133,-0.5039720695455779,0.6142810043593621,0.8559642568538742,-0.022004955906062888,0.14656491604820096,Brain,Treatment vs Control,Brain | Treatment vs Control,0.8559642568538742,0.06754437010699124,FALSE,NS
Gene_0013,42.83601841333364,-0.1933927565900829,0.3859109025753979,-0.5011331768536871,0.616277399063174,0.8559642568538742,-0.01984182558384036,0.13493990758201918,Brain,Treatment vs Control,Brain | Treatment vs Control,0.8559642568538742,0.06754437010699124,FALSE,NS
Gene_0441,47.36591382622034,0.18702170943361424,0.37441951428351844,0.4994977619996521,0.6174287630152414,0.8559642568538742,0.018898482322046377,0.12981082412104095,Brain,Treatment vs Control,Brain | Treatment vs Control,0.8559642568538742,0.06754437010699124,FALSE,NS
Gene_1438,57.63540873437357,0.17536744426328454,0.34777424135473106,0.5042565647764841,0.6140810959091496,0.8559642568538742,0.0171652484286257,0.11869422934978992,Brain,Treatment vs Control,Brain | Treatment vs Control,0.8559642568538742,0.06754437010699124,FALSE,NS
Gene_0430,85.63288402228766,0.1504415699507131,0.2982946295086332,0.5043388484684704,0.6140232823408687,0.8559642568538742,0.013904666730439157,0.09850054856490735,Brain,Treatment vs Control,Brain | Treatment vs Control,0.8559642568538742,0.06754437010699124,FALSE,NS
Gene_3345,105.03342589943193,0.13942700833291205,0.277778562525948,0.5019358119829272,0.6157126731924236,0.8559642568538742,0.012635857992612805,0.09050661925500718,Brain,Treatment vs Control,Brain | Treatment vs Control,0.8559642568538742,0.06754437010699124,FALSE,NS
Gene_1796,161.94421681851767,0.13120413445404247,0.26166912017659494,0.5014123728680541,0.6160809338186308,0.8559642568538742,0.011758829831508468,0.08453666065067784,Brain,Treatment vs Control,Brain | Treatment vs Control,0.8559642568538742,0.06754437010699124,FALSE,NS
Gene_2230,248.478371135608,-0.12768907349361802,0.25312473511379724,-0.5044511886055422,0.6139443546058796,0.8559642568538742,-0.01140931347748618,0.08158498307126703,Brain,Treatment vs Control,Brain | Treatment vs Control,0.8559642568538742,0.06754437010699124,FALSE,NS
Gene_2671,464.7226035565786,-0.12567600318722388,0.2511878581391959,-0.5003267439685737,0.6168450258044478,0.8559642568538742,-0.011206782580423756,0.08075182406513269,Brain,Treatment vs Control,Brain | Treatment vs Control,0.8559642568538742,0.06754437010699124,FALSE,NS
Gene_2464,246.38824274896496,-0.115998833216659,0.2313920504207414,-0.5013086361685188,0.616153928269511,0.8559642568538742,-0.010328517364328348,0.07400437502231945,Brain,Treatment vs Control,Brain | Treatment vs Control,0.8559642568538742,0.06754437010699124,FALSE,NS
Gene_0605,393.1388875957962,-0.10350772048297853,0.20608551982789403,-0.5022561535105418,0.6154873476624074,0.8559642568538742,-0.009373008985809736,0.06598090330576857,Brain,Treatment vs Control,Brain | Treatment vs Control,0.8559642568538742,0.06754437010699124,FALSE,NS
Gene_0475,826.8930967271151,0.1009624674898093,0.2020969690763212,0.49957437734596205,0.6173748032918649,0.8559642568538742,0.00918351474549284,0.06471863949027053,Brain,Treatment vs Control,Brain | Treatment vs Control,0.8559642568538742,0.06754437010699124,FALSE,NS
Gene_1820,1214.1209780551515,-0.09371197957866644,0.18712024396119503,-0.5008115508768811,0.6165037555874129,0.8559642568538742,-0.00876237329030425,0.06043491488183918,Brain,Treatment vs Control,Brain | Treatment vs Control,0.8559642568538742,0.06754437010699124,FALSE,NS
Gene_2661,6360.679324749374,0.08407089872442772,0.167846706118336,0.5008790501087087,0.6164562474097675,0.8559642568538742,0.008325509967576084,0.055339403728842135,Brain,Treatment vs Control,Brain | Treatment vs Control,0.8559642568538742,0.06754437010699124,FALSE,NS
Gene_0824,37.68909731556245,0.21566138353703151,0.43222694980388143,0.49895404170167007,0.6178117612361711,0.8561590772860754,0.023418526707247225,0.1555037473094462,Brain,Treatment vs Control,Brain | Treatment vs Control,0.8561590772860754,0.06744553442460197,FALSE,NS
Gene_0792,10.083257004313058,-0.3862876849454175,0.7776381555433145,-0.49674476771980003,0.6193690485809056,0.8579682957461624,-0.05539971248511504,0.3186636728743742,Brain,Treatment vs Control,Brain | Treatment vs Control,0.8579682957461624,0.066528760212940255,FALSE,NS
Gene_1153,55.29873517896153,-0.17502102455578228,0.35257161503211704,-0.49641269204226485,0.6196032722041105,0.8579682957461624,-0.01718390483997511,0.12025010942463674,Brain,Treatment vs Control,Brain | Treatment vs Control,0.8579682957461624,0.066528760212940255,FALSE,NS
Gene_2510,8.29458943157062,0.43108676940153823,0.8699727644552859,0.49551754608255305,0.6202348396324486,0.8585061617962274,0.06387933666241803,0.3610212032635323,Brain,Treatment vs Control,Brain | Treatment vs Control,0.8585061617962274,0.0662565834098827,FALSE,NS
Gene_2903,8.95028920251132,-0.3883301604815529,0.7853563919919591,-0.49446361478844225,0.6209787966910074,0.8586018635814662,-0.055833891880562515,0.32193278382740703,Brain,Treatment vs Control,Brain | Treatment vs Control,0.8586018635814662,0.06620817322640414,FALSE,NS
Gene_1783,21.130768503101365,0.2924202285794677,0.5923736479431596,0.49364152101432857,0.6215593717684356,0.8586018635814662,0.037334919614771575,0.23020196459199413,Brain,Treatment vs Control,Brain | Treatment vs Control,0.8586018635814662,0.06620817322640414,FALSE,NS
Gene_1190,20.101851320936454,0.27318675372317414,0.5536114186293026,0.49346300406802046,0.6216854742929153,0.8586018635814662,0.03371452628783313,0.21170298196788373,Brain,Treatment vs Control,Brain | Treatment vs Control,0.8586018635814662,0.06620817322640414,FALSE,NS
Gene_3379,21.765655342035963,-0.25669596836632547,0.5203085671396869,-0.4933533379576479,0.6217629468076491,0.8586018635814662,-0.03067690795110603,0.1959144492908052,Brain,Treatment vs Control,Brain | Treatment vs Control,0.8586018635814662,0.06620817322640414,FALSE,NS
Gene_0005,131.93505788837425,-0.15691637869835795,0.317981483066482,-0.4934764665700696,0.6216759641333777,0.8586018635814662,-0.014759182446972486,0.1057909024705369,Brain,Treatment vs Control,Brain | Treatment vs Control,0.8586018635814662,0.06620817322640414,FALSE,NS
Gene_0337,938.7523627168504,-0.08710437666660856,0.17610299360406756,-0.494621782878066,0.6208671230462028,0.8586018635814662,-0.008376071138209998,0.05734876172977606,Brain,Treatment vs Control,Brain | Treatment vs Control,0.8586018635814662,0.06620817322640414,FALSE,NS
Gene_1150,4.908497431308261,-0.5798547410387215,1.1815166361701963,-0.49077154166722536,0.6235880401054309,0.8607011116564675,-0.08834170958364813,0.4909230016257025,Brain,Treatment vs Control,Brain | Treatment vs Control,0.8607011116564675,0.06514763611188325,FALSE,NS
Gene_0255,29.000915905211897,0.2342316762129052,0.4775234933609776,0.4905134081766336,0.6237706442166242,0.8607011116564675,0.02672325062857738,0.17561641988796822,Brain,Treatment vs Control,Brain | Treatment vs Control,0.8607011116564675,0.06514763611188325,FALSE,NS
Gene_3443,2186.785048921433,-0.09449068391351222,0.1929632905088727,-0.4896821756320921,0.6243588167302381,0.8611761647947151,-0.008704813094027545,0.06184671029160198,Brain,Treatment vs Control,Brain | Treatment vs Control,0.8611761647947151,0.0649079988687324,FALSE,NS
Gene_1369,81.73168105197932,-0.16907574322734142,0.34573797184018784,-0.48902856208543427,0.624821475861262,0.8614777943249184,-0.016414580434864205,0.11694161055446507,Brain,Treatment vs Control,Brain | Treatment vs Control,0.8614777943249184,0.0647559125588945,FALSE,NS
Gene_3083,52.79627399095679,-0.1685513354270865,0.34530933399128017,-0.4881169399010303,0.6254670128991482,0.8615507376340426,-0.016349547337650358,0.11671015133317049,Brain,Treatment vs Control,Brain | Treatment vs Control,0.8615507376340426,0.06471914140151004,FALSE,NS
Gene_3397,89.65861752112855,0.14189765270435017,0.2904367550867233,0.4885664442228742,0.6251486743916863,0.8615507376340426,0.012943187017393692,0.09473147637169348,Brain,Treatment vs Control,Brain | Treatment vs Control,0.8615507376340426,0.06471914140151004,FALSE,NS
Gene_1709,154.9081888480193,0.12721982804346899,0.2607390090379557,0.48792019465315073,0.6256063696668607,0.8615507376340426,0.011346484577602874,0.0836953637483355,Brain,Treatment vs Control,Brain | Treatment vs Control,0.8615507376340426,0.06471914140151004,FALSE,NS
Gene_1601,15.364384546833866,-0.33999628263943127,0.7004947044338554,-0.48536595706918095,0.6274167762937741,0.8619533936342838,-0.04669803859045545,0.2807277719341328,Brain,Treatment vs Control,Brain | Treatment vs Control,0.8619533936342838,0.06451621611804943,FALSE,NS
Gene_1880,14.082330335203604,0.3098897355741591,0.6372575819207585,0.48628646306587714,0.626764075656212,0.8619533936342838,0.04085465207913832,0.2507672373454106,Brain,Treatment vs Control,Brain | Treatment vs Control,0.8619533936342838,0.06451621611804943,FALSE,NS
Gene_3169,21.07472954231956,0.25349033293754425,0.521037680217028,0.4865105587602759,0.6266052209387579,0.8619533936342838,0.03023830678522122,0.19558589182730082,Brain,Treatment vs Control,Brain | Treatment vs Control,0.8619533936342838,0.06451621611804943,FALSE,NS
Gene_2927,22.468765178285285,-0.24162930442860875,0.4971557532796372,-0.4860233494928471,0.626950611073164,0.8619533936342838,-0.02811484611320106,0.18434712972408113,Brain,Treatment vs Control,Brain | Treatment vs Control,0.8619533936342838,0.06451621611804943,FALSE,NS
Gene_1291,35.53400011486106,-0.19854008619818936,0.4097013659067196,-0.4845970814834744,0.6279621843605094,0.8619533936342838,-0.020857763661179047,0.14428264744114927,Brain,Treatment vs Control,Brain | Treatment vs Control,0.8619533936342838,0.06451621611804943,FALSE,NS
Gene_2870,42.72993051928833,0.18970564078146235,0.39184511271092526,0.48413425261070775,0.6282905937508307,0.8619533936342838,0.0194850950201558,0.13637553654209758,Brain,Treatment vs Control,Brain | Treatment vs Control,0.8619533936342838,0.06451621611804943,FALSE,NS
Gene_1247,161.2331067713599,-0.12745660471938672,0.2625333464306666,-0.4854872969558067,0.6273307214570014,0.8619533936342838,-0.01136973523359549,0.08424883291225954,Brain,Treatment vs Control,Brain | Treatment vs Control,0.8619533936342838,0.06451621611804943,FALSE,NS
Gene_1923,663.5818172770414,-0.12388131367416484,0.2556919389490641,-0.48449440441234637,0.6280350345540868,0.8619533936342838,-0.011010635775258865,0.08177822479711365,Brain,Treatment vs Control,Brain | Treatment vs Control,0.8619533936342838,0.06451621611804943,FALSE,NS
Gene_3059,228.69848619119315,-0.12356904077006775,0.2542493805630197,-0.4860151104259592,0.6269564525777435,0.8619533936342838,-0.010981666741244393,0.08132384067602012,Brain,Treatment vs Control,Brain | Treatment vs Control,0.8619533936342838,0.06451621611804943,FALSE,NS
Gene_0498,924.7496776599081,-0.10049268778500545,0.207601710778156,-0.4840648345735085,0.6283398570418144,0.8619533936342838,-0.009041186868644292,0.06599719206852014,Brain,Treatment vs Control,Brain | Treatment vs Control,0.8619533936342838,0.06451621611804943,FALSE,NS
Gene_1809,40.288923009567405,-0.18665347177531028,0.3864844499942385,-0.48295208714889515,0.6291297565917698,0.8627018137963259,-0.01903386670253556,0.13395656816864873,Brain,Treatment vs Control,Brain | Treatment vs Control,0.8627018137963259,0.06413928887424711,FALSE,NS
Gene_2353,14.026534055290172,-0.404198882192416,0.8377474154428711,-0.48248299516237625,0.6294628754675398,0.8628235299984017,-0.05904621339568204,0.34433655656059015,Brain,Treatment vs Control,Brain | Treatment vs Control,0.8628235299984017,0.06407801979443034,FALSE,NS
Gene_3051,1101.5703484896117,0.08345140066134801,0.17346709575676098,0.4810791366356028,0.6304602555282761,0.8638553210206996,0.008070523653888616,0.05644188118100787,Brain,Treatment vs Control,Brain | Treatment vs Control,0.8638553210206996,0.06355898731710292,FALSE,NS
Gene_1722,19.608481651378035,0.26927008718654294,0.5612583625441968,0.4797613811328094,0.6313970762865627,0.8638835595734322,0.033295297550338415,0.21388837556237245,Brain,Treatment vs Control,Brain | Treatment vs Control,0.8638835595734322,0.06354479090378197,FALSE,NS
Gene_1360,38.643723536574214,0.19969752006300512,0.4162902416842635,0.4797074254132199,0.6314354472034913,0.8638835595734322,0.021113018198213658,0.14685811006090624,Brain,Treatment vs Control,Brain | Treatment vs Control,0.8638835595734322,0.06354479090378197,FALSE,NS
Gene_2454,583.2710853030566,-0.09683444629811361,0.20187569901822217,-0.47967361484837717,0.6314594922851964,0.8638835595734322,-0.00876717461833115,0.06419677317657604,Brain,Treatment vs Control,Brain | Treatment vs Control,0.8638835595734322,0.06354479090378197,FALSE,NS
Gene_0570,1813.6538114563202,-0.0844623617190285,0.17599757068680696,-0.4799064066022357,0.6312939455219838,0.8638835595734322,-0.008100260137623428,0.05707085541452506,Brain,Treatment vs Control,Brain | Treatment vs Control,0.8638835595734322,0.06354479090378197,FALSE,NS
Gene_1361,14.73522011682763,-0.3034000978168176,0.6348695783603941,-0.4778935834354746,0.6327259485911692,0.8642767212670864,-0.039810648737518176,0.24862808248228016,Brain,Treatment vs Control,Brain | Treatment vs Control,0.8642767212670864,0.06334718428258067,FALSE,NS
Gene_1723,721.1064390445147,0.12573808759156027,0.26299322240765677,0.4781039086880269,0.6325762502216781,0.8642767212670864,0.011193156066729541,0.08414174944766276,Brain,Treatment vs Control,Brain | Treatment vs Control,0.8642767212670864,0.06334718428258067,FALSE,NS
Gene_2378,189.65046202749684,0.11795240951935472,0.24650586948059203,0.4784973670926784,0.6322962478009884,0.8642767212670864,0.010434139711663,0.07838166534451135,Brain,Treatment vs Control,Brain | Treatment vs Control,0.8642767212670864,0.06334718428258067,FALSE,NS
Gene_2599,194.5445361558377,-0.11334356750696867,0.23701521091233435,-0.4782122087045774,0.6324991738793677,0.8642767212670864,-0.010017534401561116,0.07516843770690995,Brain,Treatment vs Control,Brain | Treatment vs Control,0.8642767212670864,0.06334718428258067,FALSE,NS
Gene_3184,354.92571984252476,-0.09477949214815082,0.19866134701726135,-0.4770907555555615,0.6332974972290799,0.8647229167501473,-0.008618056940702203,0.06320712743482484,Brain,Treatment vs Control,Brain | Treatment vs Control,0.8647229167501473,0.06312303126810402,FALSE,NS
Gene_0168,3603.0523400114935,-0.09710129602520043,0.20399772355188353,-0.47599205684520435,0.6340800368230717,0.8654567491388736,-0.008757573415049236,0.06473667846307779,Brain,Treatment vs Control,Brain | Treatment vs Control,0.8654567491388736,0.06275463094245066,FALSE,NS
Gene_0290,25.10560285203207,0.21996865328112444,0.46250100924716014,0.4756068611378389,0.6343544864171438,0.8654967896209176,0.024537265087886995,0.1674152838174798,Brain,Treatment vs Control,Brain | Treatment vs Control,0.8654967896209176,0.06273453871002713,FALSE,NS
Gene_2699,80.55639556755244,-0.1505443194926954,0.31749120605876546,-0.4741684702436472,0.6353797753794244,0.8665608292254722,-0.014056347678518752,0.10462332474358814,Brain,Treatment vs Control,Brain | Treatment vs Control,0.8665608292254722,0.062200946083675705,FALSE,NS
Gene_2336,41.13152635465688,0.18529407883848187,0.3917023789338652,0.473048132469389,0.6361788399032335,0.8666464057478078,0.01895147617202592,0.13556790041338615,Brain,Treatment vs Control,Brain | Treatment vs Control,0.8666464057478078,0.06215805979666846,FALSE,NS
Gene_1848,168.93880132233346,-0.11335869763976057,0.23956093090256553,-0.47319359301482233,0.6360750683524721,0.8666464057478078,-0.01000408272244024,0.07586409464354155,Brain,Treatment vs Control,Brain | Treatment vs Control,0.8666464057478078,0.06215805979666846,FALSE,NS
Gene_3039,585.1317640861496,-0.09860212071906525,0.2082435652289792,-0.4734942019007643,0.6358606366124537,0.8666464057478078,-0.008841003566580418,0.06593911930766974,Brain,Treatment vs Control,Brain | Treatment vs Control,0.8666464057478078,0.06215805979666846,FALSE,NS
Gene_2512,7.941440407294378,-0.39260660384459567,0.8324309000217643,-0.47163867155139333,0.6371847188588193,0.8676819291517512,-0.05704936238957535,0.3402937623624929,Brain,Treatment vs Control,Brain | Treatment vs Control,0.8676819291517512,0.061639447323348015,FALSE,NS
Gene_0483,1582.8594180570078,-0.09034723109496591,0.19188858405875517,-0.47083171486273573,0.6377609145357219,0.868131761459381,-0.008304829014851488,0.06116269098362623,Brain,Treatment vs Control,Brain | Treatment vs Control,0.868131761459381,0.06141435439498205,FALSE,NS
Gene_1393,17.828695928216252,-0.26563103415175204,0.565906616649207,-0.469390225059713,0.6387907340747636,0.8691984901803431,-0.03286019073067851,0.21500749043472855,Brain,Treatment vs Control,Brain | Treatment vs Control,0.8691984901803431,0.060881036731304995,FALSE,NS
Gene_0669,15.23779759829614,0.28383278010731616,0.6069164944744152,0.46766364514959025,0.6400251430922397,0.8705426734432582,0.03632728843518119,0.23420041483878334,Brain,Treatment vs Control,Brain | Treatment vs Control,0.8705426734432582,0.06020993518801767,FALSE,NS
Gene_2082,16.59332613382624,0.2634053392964697,0.5636550360165217,0.46731657213251415,0.6402734015381788,0.870545006095999,0.03249516226951391,0.2137335941974525,Brain,Treatment vs Control,Brain | Treatment vs Control,0.870545006095999,0.06020877148072658,FALSE,NS
Gene_3090,8.799569058503725,0.3985108785608197,0.8578197567532896,0.46456248579435794,0.6422448022819092,0.8705572867551932,0.058262299095029724,0.3507766175898574,Brain,Treatment vs Control,Brain | Treatment vs Control,0.8705572867551932,0.06020264499115256,FALSE,NS
Gene_2108,11.53506169639273,0.33661701272420874,0.7252591654341136,0.4641334143260666,0.6425521631827097,0.8705572867551932,0.04654550851903382,0.28962185660666034,Brain,Treatment vs Control,Brain | Treatment vs Control,0.8705572867551932,0.06020264499115256,FALSE,NS
Gene_2459,19.999860460670956,0.2741281576454058,0.5881679030012962,0.46607126340384764,0.6411644918152113,0.8705572867551932,0.034532040014776756,0.2251646592093141,Brain,Treatment vs Control,Brain | Treatment vs Control,0.8705572867551932,0.06020264499115256,FALSE,NS
Gene_3308,21.61812410262393,0.25850574743049193,0.5563178207087387,0.4646727784149721,0.6421658052014096,0.8705572867551932,0.0316490119201711,0.2100146987833526,Brain,Treatment vs Control,Brain | Treatment vs Control,0.8705572867551932,0.06020264499115256,FALSE,NS
Gene_1849,26.164065421792294,0.2356477592608087,0.5064750734376076,0.4652702010809581,0.6417379716425936,0.8705572867551932,0.027480009006085025,0.1867882462274426,Brain,Treatment vs Control,Brain | Treatment vs Control,0.8705572867551932,0.06020264499115256,FALSE,NS
Gene_3077,39.42548641346299,0.18614786645096942,0.4015995373279226,0.46351613771649347,0.6429944502570217,0.8705572867551932,0.019211172581219845,0.13924380885133922,Brain,Treatment vs Control,Brain | Treatment vs Control,0.8705572867551932,0.06020264499115256,FALSE,NS
Gene_0594,68.48244340093767,0.14815697879346712,0.31957906603343667,0.46360038732313547,0.6429340768083942,0.8705572867551932,0.013816528412812066,0.10493657748082397,Brain,Treatment vs Control,Brain | Treatment vs Control,0.8705572867551932,0.06020264499115256,FALSE,NS
Gene_2203,134.6347512657144,-0.12498830364457014,0.26963037121064815,-0.46355424681340257,0.6429671409044728,0.8705572867551932,-0.011120676359999197,0.08598931029840368,Brain,Treatment vs Control,Brain | Treatment vs Control,0.8705572867551932,0.06020264499115256,FALSE,NS
Gene_0148,158.31352357578112,-0.11410469576119943,0.2453951689598781,-0.46498346420118586,0.6419432982995423,0.8705572867551932,-0.010051684274726313,0.07757070075248294,Brain,Treatment vs Control,Brain | Treatment vs Control,0.8705572867551932,0.06020264499115256,FALSE,NS
Gene_0803,536.6664130274976,0.09649598405433008,0.20808282567521907,0.4637383394867169,0.6428352250842191,0.8705572867551932,0.00863293811350436,0.06566502364519898,Brain,Treatment vs Control,Brain | Treatment vs Control,0.8705572867551932,0.06020264499115256,FALSE,NS
Gene_0335,2059.5346269936913,0.08670008997449237,0.18631253034023756,0.46534760606902625,0.6416825481430595,0.8705572867551932,0.008058569490346683,0.05953419366362757,Brain,Treatment vs Control,Brain | Treatment vs Control,0.8705572867551932,0.06020264499115256,FALSE,NS
Gene_3448,44.56935522537327,-0.178923999033321,0.3872108199078179,-0.46208419247147303,0.6440209455940797,0.8706117759926093,-0.018125424420699435,0.13291023934272053,Brain,Treatment vs Control,Brain | Treatment vs Control,0.8706117759926093,0.0601754628229795,FALSE,NS
Gene_1155,220.0944231499562,0.1243542516577046,0.2689256361556624,0.46241129494149286,0.6437864010223064,0.8706117759926093,0.01105532171449427,0.08569385003789987,Brain,Treatment vs Control,Brain | Treatment vs Control,0.8706117759926093,0.0601754628229795,FALSE,NS
Gene_2642,600.605877723257,-0.09259987116266939,0.2002307961229336,-0.4624656793843881,0.643747408803563,0.8706117759926093,-0.008370141637574624,0.0633462397669726,Brain,Treatment vs Control,Brain | Treatment vs Control,0.8706117759926093,0.0601754628229795,FALSE,NS
Gene_1563,12698.114868076345,0.09220023238389878,0.19921867702252463,0.4628091791487711,0.6435011511466223,0.8706117759926093,0.008348039368409117,0.06306391010762101,Brain,Treatment vs Control,Brain | Treatment vs Control,0.8706117759926093,0.0601754628229795,FALSE,NS
Gene_0378,24.44633081029027,-0.24515290038754162,0.5309701468596125,-0.4617075024603211,0.6442910901892667,0.8706436431145429,-0.02926916222255425,0.19785624774704516,Brain,Treatment vs Control,Brain | Treatment vs Control,0.8706436431145429,0.060159566573572805,FALSE,NS
Gene_2160,146.6250608063375,0.12855209922784863,0.2791445119108184,0.4605216787099819,0.6451418145948784,0.8713198824285115,0.01150585962142044,0.08933464942317139,Brain,Treatment vs Control,Brain | Treatment vs Control,0.8713198824285115,0.05982237579667147,FALSE,NS
Gene_2465,319.0817805436743,-0.09179855845815824,0.19942244702368275,-0.46032209426883897,0.6452850446192461,0.8713198824285115,-0.008304196633507517,0.06307015779011081,Brain,Treatment vs Control,Brain | Treatment vs Control,0.8713198824285115,0.05982237579667147,FALSE,NS
Gene_2476,202.24424735012897,0.11473252040158237,0.24960297244972854,0.45966007245642937,0.6457602329632919,0.871628204355269,0.01010060856641565,0.07883098983307206,Brain,Treatment vs Control,Brain | Treatment vs Control,0.871628204355269,0.059668725193015984,FALSE,NS
Gene_0345,8109.749590661921,-0.0853450541943329,0.18593658662245907,-0.4590008655350037,0.6462335445283098,0.8719337583987246,-0.00792924362696597,0.05931861645407868,Brain,Treatment vs Control,Brain | Treatment vs Control,0.8719337583987246,0.05951650756130664,FALSE,NS
Gene_3067,542.7771696014643,0.11306955390276387,0.24678072235936074,0.4581782273013716,0.6468244009063842,0.8723976163485266,0.009943532448110621,0.07782601330126314,Brain,Treatment vs Control,Brain | Treatment vs Control,0.8723976163485266,0.05928552971426341,FALSE,NS
Gene_2296,104.98655967847607,-0.12580036442382048,0.2755809722114234,-0.4564914747717324,0.6480365999127656,0.8736988294356531,-0.011214935962397097,0.08787873304921348,Brain,Treatment vs Control,Brain | Treatment vs Control,0.8736988294356531,0.05863824614697426,FALSE,NS
Gene_0623,7.353348249559202,-0.41043123415818633,0.9019271362152717,-0.45506030107982554,0.6490658573638066,0.8745542757659386,-0.0605682983673461,0.3690853520327674,Brain,Treatment vs Control,Brain | Treatment vs Control,0.8745542757659386,0.05821323257273545,FALSE,NS
Gene_0810,11.663805478966351,0.34800095026964317,0.7649709646862886,0.45492046931788704,0.6491664561830996,0.8745542757659386,0.04894236212652168,0.3069156209724635,Brain,Treatment vs Control,Brain | Treatment vs Control,0.8745542757659386,0.05821323257273545,FALSE,NS
Gene_3026,208.86766684378503,0.10866427601232538,0.23945708544462127,0.4537943649090974,0.6499768398545461,0.8746449014963424,0.009537476706874732,0.07524861717387286,Brain,Treatment vs Control,Brain | Treatment vs Control,0.8746449014963424,0.05816823111700682,FALSE,NS
Gene_0673,327.00278623927994,0.10096088366974357,0.22244097617730035,0.4538771830837093,0.6499172269106656,0.8746449014963424,0.008901644571817323,0.06979407110479806,Brain,Treatment vs Control,Brain | Treatment vs Control,0.8746449014963424,0.05816823111700682,FALSE,NS
Gene_0938,2112.6537477930506,0.08416294445986236,0.18536554753772497,0.4540376870342306,0.6498017017293569,0.8746449014963424,0.007822353708961218,0.059078538174577415,Brain,Treatment vs Control,Brain | Treatment vs Control,0.8746449014963424,0.05816823111700682,FALSE,NS
Gene_1862,79.16993995586519,0.13447172987365166,0.2974999281177357,0.45200592391549904,0.6512647148349552,0.8750440289506191,0.01220148373360442,0.09584244574765825,Brain,Treatment vs Control,Brain | Treatment vs Control,0.8750440289506191,0.0579700943499979,FALSE,NS
Gene_1137,140.3407301245133,0.12908384364058276,0.28542707804652984,0.4522480646336565,0.6510902857493046,0.8750440289506191,0.011583517634268629,0.0913274613416916,Brain,Treatment vs Control,Brain | Treatment vs Control,0.8750440289506191,0.0579700943499979,FALSE,NS
Gene_2893,186.01833814369635,-0.10248555199860807,0.22672077861194279,-0.4520342274142557,0.6512443250711449,0.8750440289506191,-0.009013270997581792,0.07108851418110439,Brain,Treatment vs Control,Brain | Treatment vs Control,0.8750440289506191,0.0579700943499979,FALSE,NS
Gene_3029,2067.3466508902557,0.08269130774962682,0.18269559086624537,0.4526179715533834,0.6508238555666308,0.8750440289506191,0.0077362261758905536,0.05835062051224512,Brain,Treatment vs Control,Brain | Treatment vs Control,0.8750440289506191,0.0579700943499979,FALSE,NS
Gene_3182,1296.5875633512715,-0.07791206863781198,0.17254718181771903,-0.4515406616152054,0.6515999259137477,0.8751614067711841,-0.007516084346804636,0.055751817873691704,Brain,Treatment vs Control,Brain | Treatment vs Control,0.8751614067711841,0.05791184228563421,FALSE,NS
Gene_0147,214.5112733239916,-0.11980919390459134,0.265623216797959,-0.4510494050515238,0.651953941719116,0.8753039422852467,-0.010593379685820947,0.08411024919355246,Brain,Treatment vs Control,Brain | Treatment vs Control,0.8753039422852467,0.057841115507291783,FALSE,NS
Gene_2838,6.3697206681019685,-0.3986271286454387,0.8863495499302245,-0.4497403182263922,0.6528976960766526,0.876009356264101,-0.05849881451882633,0.36138441263143034,Brain,Treatment vs Control,Brain | Treatment vs Control,0.876009356264101,0.057491255302044054,FALSE,NS
Gene_3373,254.0199822929393,0.09942921792164527,0.22113447104979345,0.44963237730248096,0.652975538285787,0.876009356264101,0.008763804015040495,0.0692818101558725,Brain,Treatment vs Control,Brain | Treatment vs Control,0.876009356264101,0.057491255302044054,FALSE,NS
Gene_1463,17.042718487797874,0.25490993407929746,0.5675763235744449,0.44912009802301556,0.6533450228930274,0.8760965928188414,0.031359080510681564,0.21374402244356402,Brain,Treatment vs Control,Brain | Treatment vs Control,0.8760965928188414,0.057448008654322605,FALSE,NS
Gene_1767,28.738633791648294,0.20100565818573382,0.44781943116001977,0.4488542573176291,0.6535367956626532,0.8760965928188414,0.021833143096972193,0.15865947315998344,Brain,Treatment vs Control,Brain | Treatment vs Control,0.8760965928188414,0.057448008654322605,FALSE,NS
Gene_3381,17.81985537076399,-0.24528655461907173,0.5481631769204796,-0.4474699595785777,0.6545357730950856,0.8767700359631059,-0.029626416646825613,0.20452247875367208,Brain,Treatment vs Control,Brain | Treatment vs Control,0.8767700359631059,0.057114300828504626,FALSE,NS
Gene_3482,422.5214195715677,0.08289601575349737,0.18522191389182907,0.4475497202880067,0.6544781970188159,0.8767700359631059,0.007697210208774872,0.058927611715487306,Brain,Treatment vs Control,Brain | Treatment vs Control,0.8767700359631059,0.057114300828504626,FALSE,NS
Gene_1317,349.13814952145776,0.11409619187862541,0.2553961853071358,0.44674195795608673,0.6550613833812964,0.8771413518086302,0.010026036023385069,0.08039916841140786,Brain,Treatment vs Control,Brain | Treatment vs Control,0.8771413518086302,0.05693041420083577,FALSE,NS
Gene_3377,16.248624721536128,0.26421285159257857,0.5930896994293041,0.445485483640696,0.6559689480139035,0.8772519983385071,0.03318524267803275,0.22532408191726352,Brain,Treatment vs Control,Brain | Treatment vs Control,0.8772519983385071,0.05687563380916708,FALSE,NS
Gene_2198,35.9545686831034,-0.18518123784056326,0.4161092260099737,-0.4450303580534517,0.6562978154465188,0.8772519983385071,-0.019333788404115135,0.14433978820665092,Brain,Treatment vs Control,Brain | Treatment vs Control,0.8772519983385071,0.05687563380916708,FALSE,NS
Gene_1603,305.50309021130323,-0.09567116200989484,0.214523557876163,-0.4459704237476915,0.6556186103905288,0.8772519983385071,-0.008466567112457357,0.06717841225272496,Brain,Treatment vs Control,Brain | Treatment vs Control,0.8772519983385071,0.05687563380916708,FALSE,NS
Gene_2420,585.0651278754245,0.09217769619655049,0.20704825867931806,0.4451990892583057,0.6561758848462399,0.8772519983385071,0.008220418788616731,0.06494792582961367,Brain,Treatment vs Control,Brain | Treatment vs Control,0.8772519983385071,0.05687563380916708,FALSE,NS
Gene_2896,3301.423716694636,-0.07366738936706103,0.16557892178427053,-0.44490801469912217,0.6563862304192398,0.8772519983385071,-0.007285916827880896,0.05397450127081864,Brain,Treatment vs Control,Brain | Treatment vs Control,0.8772519983385071,0.05687563380916708,FALSE,NS
Gene_1392,92.09023893602874,0.16972461133672975,0.3825565627423743,0.4436588673843446,0.657289238187885,0.8781264850705341,0.016984395368156796,0.12977832141073728,Brain,Treatment vs Control,Brain | Treatment vs Control,0.8781264850705341,0.05644292394377373,FALSE,NS
Gene_3233,26.329694730469626,-0.20266369031554565,0.45737945691764353,-0.44309749213777566,0.6576952190830669,0.8783365425802985,-0.022216224937105306,0.16251418779343493,Brain,Treatment vs Control,Brain | Treatment vs Control,0.8783365425802985,0.05633904835246122,FALSE,NS
Gene_0453,50.64866995357038,0.20448614208891377,0.46442904528653156,0.4402957656594349,0.6597229071376831,0.8800622471051355,0.022576884172260947,0.1654712857814966,Brain,Treatment vs Control,Brain | Treatment vs Control,0.8800622471051355,0.05548660896550723,FALSE,NS
Gene_1329,27.85705963002417,-0.1981042259073934,0.44943782919725245,-0.4407822685091513,0.6593706314453789,0.8800622471051355,-0.021499257225599904,0.15878286422308413,Brain,Treatment vs Control,Brain | Treatment vs Control,0.8800622471051355,0.05548660896550723,FALSE,NS
Gene_2072,268.5972905556002,-0.09902283126340634,0.22490933862998966,-0.4402788779985436,0.6597351368131673,0.8800622471051355,-0.008689504304541688,0.07021823710462437,Brain,Treatment vs Control,Brain | Treatment vs Control,0.8800622471051355,0.05548660896550723,FALSE,NS
Gene_3134,7.115268914746409,0.37210724539307205,0.8513557500670933,0.43707609347061693,0.662056164208247,0.8800641520710126,0.05384372054624894,0.34393238584259156,Brain,Treatment vs Control,Brain | Treatment vs Control,0.8800641520710126,0.05548566890101067,FALSE,NS
Gene_3198,10.245995889573079,0.3214389690501316,0.7340543756513471,0.4378953109092358,0.6614621749138088,0.8800641520710126,0.044281595629843275,0.290397909746454,Brain,Treatment vs Control,Brain | Treatment vs Control,0.8800641520710126,0.05548566890101067,FALSE,NS
Gene_2168,12.853656044995553,-0.3076523810916325,0.7017368035792267,-0.4384156275151076,0.6610850200002352,0.8800641520710126,-0.0416318668411037,0.27542828924213886,Brain,Treatment vs Control,Brain | Treatment vs Control,0.8800641520710126,0.05548566890101067,FALSE,NS
Gene_2069,33.36330007682707,-0.20823899774989185,0.47653854339179713,-0.4369824868052349,0.662124049061757,0.8800641520710126,-0.023281556739109477,0.17068036705281836,Brain,Treatment vs Control,Brain | Treatment vs Control,0.8800641520710126,0.05548566890101067,FALSE,NS
Gene_2411,163.10999306622188,0.10736861389142817,0.24510473957597315,0.4380519694444667,0.6613486108980191,0.8800641520710126,0.009386835661642348,0.07665531770563758,Brain,Treatment vs Control,Brain | Treatment vs Control,0.8800641520710126,0.05548566890101067,FALSE,NS
Gene_0050,285.57058216570454,0.10615875907708694,0.24245003523525943,0.43785829510841956,0.6614890093359218,0.8800641520710126,0.00927812917408342,0.07577225555229065,Brain,Treatment vs Control,Brain | Treatment vs Control,0.8800641520710126,0.05548566890101067,FALSE,NS
Gene_2214,207.35246164411777,0.10465648574957553,0.23957743007668314,0.43683783449917396,0.6622289583836535,0.8800641520710126,0.009143686942103072,0.07480212307738507,Brain,Treatment vs Control,Brain | Treatment vs Control,0.8800641520710126,0.05548566890101067,FALSE,NS
Gene_1974,287.49184604637276,0.0945679622644162,0.21602943817634085,0.4377549794265637,0.6615639098305723,0.8800641520710126,0.008341594532426142,0.06744048987975113,Brain,Treatment vs Control,Brain | Treatment vs Control,0.8800641520710126,0.05548566890101067,FALSE,NS
Gene_3417,269.2965436845757,-0.09289178427232332,0.21160323136925646,-0.43899038625843706,0.660668502345909,0.8800641520710126,-0.008229818661240854,0.06614886656984573,Brain,Treatment vs Control,Brain | Treatment vs Control,0.8800641520710126,0.05548566890101067,FALSE,NS
Gene_2252,2180.1863858960996,-0.07204601914526094,0.1646127092946157,-0.43766984611325815,0.6616256312477508,0.8800641520710126,-0.0071453386027584154,0.05365296083451028,Brain,Treatment vs Control,Brain | Treatment vs Control,0.8800641520710126,0.05548566890101067,FALSE,NS
Gene_2924,10.559745011237426,0.35970021406106356,0.8287064412609005,0.43405022110576263,0.6642519723248317,0.8810443481043745,0.05160179534546994,0.3333064827260024,Brain,Treatment vs Control,Brain | Treatment vs Control,0.8810443481043745,0.05500223046165581,FALSE,NS
Gene_0067,15.347272562869913,-0.2903536672463331,0.6721896127820063,-0.4319520291969997,0.66577627872823,0.8810443481043745,-0.03849776085120735,0.26089335942253444,Brain,Treatment vs Control,Brain | Treatment vs Control,0.8810443481043745,0.05500223046165581,FALSE,NS
Gene_2712,30.986644127162652,0.24641731545759965,0.5682232247960273,0.4336628717456156,0.6645332718186469,0.8810443481043745,0.03017540810483398,0.21254243040605894,Brain,Treatment vs Control,Brain | Treatment vs Control,0.8810443481043745,0.05500223046165581,FALSE,NS
Gene_2446,19.162673657982168,0.23467895414549478,0.5421117169117394,0.4328977714822249,0.6650890390719759,0.8810443481043745,0.028045409847112797,0.2003630117961228,Brain,Treatment vs Control,Brain | Treatment vs Control,0.8810443481043745,0.05500223046165581,FALSE,NS
Gene_2259,40.15110256832973,0.1994520818884069,0.4606538295439785,0.4329760637957863,0.6650321592365873,0.8810443481043745,0.021871896084691495,0.16322030788300199,Brain,Treatment vs Control,Brain | Treatment vs Control,0.8810443481043745,0.05500223046165581,FALSE,NS
Gene_2974,31.68909264976848,-0.19309640290752744,0.4434150247623518,-0.435475552527832,0.6632172805726295,0.8810443481043745,-0.020770031980251586,0.15571410975630537,Brain,Treatment vs Control,Brain | Treatment vs Control,0.8810443481043745,0.05500223046165581,FALSE,NS
Gene_0112,47.28041043697944,0.1707832239227679,0.3930756269870366,0.43447930168511883,0.6639404221402062,0.8810443481043745,0.017264800617094164,0.13370137349395844,Brain,Treatment vs Control,Brain | Treatment vs Control,0.8810443481043745,0.05500223046165581,FALSE,NS
Gene_2889,123.84000090358943,0.12248779971141542,0.28411449432134456,0.43112126329210415,0.6663802005393116,0.8810443481043745,0.010909192536180497,0.09003480945132192,Brain,Treatment vs Control,Brain | Treatment vs Control,0.8810443481043745,0.05500223046165581,FALSE,NS
Gene_1900,245.71353974074518,-0.11862625447387591,0.27436326573498565,-0.43236930481961816,0.6654730236816392,0.8810443481043745,-0.010490082010730555,0.08656125769627514,Brain,Treatment vs Control,Brain | Treatment vs Control,0.8810443481043745,0.05500223046165581,FALSE,NS
Gene_2505,111.3815159893665,0.11281763195138102,0.25963166568700186,0.4345295542161947,0.6639039381874405,0.8810443481043745,0.009896902342642053,0.08146312459655197,Brain,Treatment vs Control,Brain | Treatment vs Control,0.8810443481043745,0.05500223046165581,FALSE,NS
Gene_2658,302.9124275753353,-0.10609097866678943,0.244266943899577,-0.4343239284575712,0.6640532300441621,0.8810443481043745,-0.009264879693962664,0.07626938894060531,Brain,Treatment vs Control,Brain | Treatment vs Control,0.8810443481043745,0.05500223046165581,FALSE,NS
Gene_3244,570.5827855377895,0.08379167432069527,0.19433785407096768,0.431164966399683,0.6663484253534688,0.8810443481043745,0.007599801243091661,0.061081959881528,Brain,Treatment vs Control,Brain | Treatment vs Control,0.8810443481043745,0.05500223046165581,FALSE,NS
Gene_1081,457.9179986899449,-0.08121090322076743,0.18841919949036762,-0.431011825973282,0.6664597716756682,0.8810443481043745,-0.007458432066031546,0.05948849939998995,Brain,Treatment vs Control,Brain | Treatment vs Control,0.8810443481043745,0.05500223046165581,FALSE,NS
Gene_2042,1590.0506181443625,0.07345033610388448,0.16997279651256747,0.43212995026797535,0.6656469679076213,0.8810443481043745,0.007126637645455592,0.05484783255067434,Brain,Treatment vs Control,Brain | Treatment vs Control,0.8810443481043745,0.05500223046165581,FALSE,NS
Gene_2637,959.7694582799156,-0.0865407011887656,0.20105769179275346,-0.43042720931050055,0.6668849060693924,0.8812764234023296,-0.007756535504630107,0.06292836215677748,Brain,Treatment vs Control,Brain | Treatment vs Control,0.8812764234023296,0.054887848308871674,FALSE,NS
Gene_3392,11.42522757102309,0.295664548121908,0.687803792731451,0.4298675745124141,0.667291973835083,0.8813226154660164,0.03956754004132986,0.26793626611964877,Brain,Treatment vs Control,Brain | Treatment vs Control,0.8813226154660164,0.054865085379891085,FALSE,NS
Gene_2820,35.238483966702866,-0.20591774247563124,0.47977065466204233,-0.42920036995735555,0.6677774137853566,0.8813226154660164,-0.023044869437442828,0.17153180967849116,Brain,Treatment vs Control,Brain | Treatment vs Control,0.8813226154660164,0.054865085379891085,FALSE,NS
Gene_2100,69.0872607738006,0.1375879156828953,0.3202614589212127,0.42961121874094504,0.6674784748876039,0.8813226154660164,0.012700011377994537,0.10361805234086824,Brain,Treatment vs Control,Brain | Treatment vs Control,0.8813226154660164,0.054865085379891085,FALSE,NS
Gene_1459,981.2807612646184,-0.08712242891756738,0.20307934495097027,-0.4290068442883814,0.6679182438366071,0.8813226154660164,-0.007782580043105782,0.06347063935015755,Brain,Treatment vs Control,Brain | Treatment vs Control,0.8813226154660164,0.054865085379891085,FALSE,NS
Gene_2534,5.921913922850523,-0.3860263634159156,0.9005482244065842,-0.42865707016444066,0.6681728066980854,0.88132916714641,-0.05651603022517456,0.36464138299305615,Brain,Treatment vs Control,Brain | Treatment vs Control,0.88132916714641,0.054861856882158076,FALSE,NS
Gene_2415,45.75334252653816,-0.16915621517275653,0.39611774833779817,-0.42703518305497595,0.669353701853857,0.8817921198042521,-0.01712357207620852,0.13454675365867824,Brain,Treatment vs Control,Brain | Treatment vs Control,0.8817921198042521,0.054633786594773914,FALSE,NS
Gene_1594,180.35295540474604,0.10843968822366612,0.25396808376036145,0.4269815585409833,0.6693927598212891,0.8817921198042521,0.009471801682466138,0.07929317398192523,Brain,Treatment vs Control,Brain | Treatment vs Control,0.8817921198042521,0.054633786594773914,FALSE,NS
Gene_1483,593.6533263021778,-0.07723691840466679,0.18096613580675924,-0.4268031588359855,0.6695227055211554,0.8817921198042521,-0.007224408727864288,0.05748577421889849,Brain,Treatment vs Control,Brain | Treatment vs Control,0.8817921198042521,0.054633786594773914,FALSE,NS
Gene_0082,12133.683387780744,-0.06965221085881076,0.1630720617784835,-0.42712534629890236,0.6692880325421153,0.8817921198042521,-0.006941487392046076,0.05316415538292105,Brain,Treatment vs Control,Brain | Treatment vs Control,0.8817921198042521,0.054633786594773914,FALSE,NS
Gene_2455,18.66871425013558,0.24217645350285819,0.5679017922248257,0.42644072763725904,0.6697867295616071,0.8818109403736146,0.029577850781710727,0.21170883814807312,Brain,Treatment vs Control,Brain | Treatment vs Control,0.8818109403736146,0.054624517310085885,FALSE,NS
Gene_0357,249.23869244972735,0.09925352810991389,0.2331335789332554,0.4257367324092319,0.6702996929142584,0.8818554752638488,0.00865320864122323,0.0724302688322604,Brain,Treatment vs Control,Brain | Treatment vs Control,0.8818554752638488,0.054602584299496715,FALSE,NS
Gene_3146,1493.9033047460168,-0.0900085499348909,0.21143220475766483,-0.42570879889397695,0.6703200497332682,0.8818554752638488,-0.007951374114215868,0.0658081292770321,Brain,Treatment vs Control,Brain | Treatment vs Control,0.8818554752638488,0.054602584299496715,FALSE,NS
Gene_1975,29.1700450222365,0.4540377343540345,1.0727143969788824,0.42326059539496674,0.6721051405710281,0.8823799166260928,0.06803883181113358,0.4367290658835777,Brain,Treatment vs Control,Brain | Treatment vs Control,0.8823799166260928,0.054344385198106776,FALSE,NS
Gene_3054,11.844049504215684,-0.31704248911998034,0.7582532639055786,-0.4181221555011467,0.6758578070036877,0.8823799166260928,-0.04394922090418141,0.29914121334734545,Brain,Treatment vs Control,Brain | Treatment vs Control,0.8823799166260928,0.054344385198106776,FALSE,NS
Gene_3203,17.074560028236,-0.2590806237965857,0.6202984730531648,-0.4176709036882964,0.6761877485190781,0.8823799166260928,-0.03295956484086079,0.23518875995679847,Brain,Treatment vs Control,Brain | Treatment vs Control,0.8823799166260928,0.054344385198106776,FALSE,NS
Gene_1416,26.11624014356878,0.21646012424378533,0.5158865773987075,0.4195885951040983,0.6747860213584382,0.8823799166260928,0.025096166499238078,0.1871596285091911,Brain,Treatment vs Control,Brain | Treatment vs Control,0.8823799166260928,0.054344385198106776,FALSE,NS
Gene_2089,42.37831881358723,0.20123908629789558,0.48065394455523947,0.4186776964539569,0.6754516979549403,0.8823799166260928,0.022465802950805986,0.17111917845830682,Brain,Treatment vs Control,Brain | Treatment vs Control,0.8823799166260928,0.054344385198106776,FALSE,NS
Gene_2262,26.569810841973293,-0.20002984224915515,0.4738580426062873,-0.4221303096365365,0.6729299056921669,0.8823799166260928,-0.022187227985426942,0.16832717926579968,Brain,Treatment vs Control,Brain | Treatment vs Control,0.8823799166260928,0.054344385198106776,FALSE,NS
Gene_3363,46.888625158249326,-0.18543662682106726,0.44082182608416526,-0.42066117385408724,0.674002516530907,0.8823799166260928,-0.019787579024876524,0.1535272773577066,Brain,Treatment vs Control,Brain | Treatment vs Control,0.8823799166260928,0.054344385198106776,FALSE,NS
Gene_0071,56.649269261851344,0.17476788126413298,0.4126126835601999,0.4235640062156123,0.6718838099985762,0.8823799166260928,0.018038121517919094,0.14141300578823532,Brain,Treatment vs Control,Brain | Treatment vs Control,0.8823799166260928,0.054344385198106776,FALSE,NS
Gene_2737,35.90921125702674,0.16845747444002515,0.4040247857353971,0.4169483665052938,0.6767161750845254,0.8823799166260928,0.01716588644608033,0.13731144906383727,Brain,Treatment vs Control,Brain | Treatment vs Control,0.8823799166260928,0.054344385198106776,FALSE,NS
Gene_2128,79.91483315583015,0.12216697537660727,0.2911092021988163,0.41966030085566297,0.6747336302301259,0.8823799166260928,0.01091015902929009,0.09216596144911998,Brain,Treatment vs Control,Brain | Treatment vs Control,0.8823799166260928,0.054344385198106776,FALSE,NS
Gene_3147,103.44395040991233,-0.11825851673756994,0.28034902219405466,-0.4218260360320167,0.6731520002364837,0.8823799166260928,-0.010472183690893339,0.08833289565038495,Brain,Treatment vs Control,Brain | Treatment vs Control,0.8823799166260928,0.054344385198106776,FALSE,NS
Gene_0998,127.89352164024915,0.1169543859484269,0.27780362971833783,0.420996608528858,0.6737575583776196,0.8823799166260928,0.01033417014106866,0.0873910279281478,Brain,Treatment vs Control,Brain | Treatment vs Control,0.8823799166260928,0.054344385198106776,FALSE,NS
Gene_1738,295.7849754130046,0.11578215215779342,0.2748358942216403,0.42127740441509204,0.6735525279332109,0.8823799166260928,0.010209441981469398,0.08634351297660572,Brain,Treatment vs Control,Brain | Treatment vs Control,0.8823799166260928,0.054344385198106776,FALSE,NS
Gene_2555,96.88252595200461,-0.11536527309923061,0.2762889232139124,-0.41755301572445175,0.6762739548385682,0.8823799166260928,-0.010172512167840674,0.0867317668919487,Brain,Treatment vs Control,Brain | Treatment vs Control,0.8823799166260928,0.054344385198106776,FALSE,NS
Gene_1411,110.63658511951141,-0.11497507557152992,0.27197504113239757,-0.4227412746876284,0.6724840379377276,0.8823799166260928,-0.010122696066044315,0.08538062906931279,Brain,Treatment vs Control,Brain | Treatment vs Control,0.8823799166260928,0.054344385198106776,FALSE,NS
Gene_0018,312.02928772588854,-0.10700181493329981,0.25612038607405163,-0.4177793754471484,0.6761084316085948,0.8823799166260928,-0.009330119184781651,0.07974192338163212,Brain,Treatment vs Control,Brain | Treatment vs Control,0.8823799166260928,0.054344385198106776,FALSE,NS
Gene_0796,343.3988576895723,0.09923579028226748,0.2335987705303192,0.4248129819218697,0.6709730132956706,0.8823799166260928,0.008648800351816923,0.07255383574753098,Brain,Treatment vs Control,Brain | Treatment vs Control,0.8823799166260928,0.054344385198106776,FALSE,NS
Gene_3164,187.94574274304696,0.09808108780328728,0.2341056578788006,0.4189607747714712,0.6752447996342411,0.8823799166260928,0.008534802257059805,0.07256330349790298,Brain,Treatment vs Control,Brain | Treatment vs Control,0.8823799166260928,0.054344385198106776,FALSE,NS
Gene_2594,395.79649654279467,0.09614595854754891,0.22891774839156173,0.4200022026387055,0.6744838446138425,0.8823799166260928,0.008380612994012073,0.0709604425351069,Brain,Treatment vs Control,Brain | Treatment vs Control,0.8823799166260928,0.054344385198106776,FALSE,NS
Gene_2403,345.6467290961627,0.09278621833643098,0.22117017891015875,0.4195240913293358,0.6748331517773903,0.8823799166260928,0.00811827341054747,0.06856997800646784,Brain,Treatment vs Control,Brain | Treatment vs Control,0.8823799166260928,0.054344385198106776,FALSE,NS
Gene_1348,555.6921234415656,-0.08948815786439208,0.21318737644895222,-0.41976293040887463,0.6746586476620322,0.8823799166260928,-0.007880757364181768,0.06619491598004648,Brain,Treatment vs Control,Brain | Treatment vs Control,0.8823799166260928,0.054344385198106776,FALSE,NS
Gene_2771,305.67072798216026,0.08727558502009763,0.20715844470889233,0.4212987075797992,0.6735369738611414,0.8823799166260928,0.007740327683229445,0.06447766231551785,Brain,Treatment vs Control,Brain | Treatment vs Control,0.8823799166260928,0.054344385198106776,FALSE,NS
Gene_2944,1172.7029981109508,0.07589564994312299,0.17954435901488244,0.4227125283108003,0.6725050137791414,0.8823799166260928,0.007122793192506876,0.05706384985037343,Brain,Treatment vs Control,Brain | Treatment vs Control,0.8823799166260928,0.054344385198106776,FALSE,NS
Gene_1625,8023.58880386274,-0.07284661765504155,0.1745874879616331,-0.4172499330023589,0.6764956054738311,0.8823799166260928,-0.006936993311671828,0.055757795613739364,Brain,Treatment vs Control,Brain | Treatment vs Control,0.8823799166260928,0.054344385198106776,FALSE,NS
Gene_2392,53.70732723233865,0.16497896523283467,0.3975718639180154,0.4149664003055697,0.6781665000156184,0.8826413238316065,0.016666107631426296,0.13444294429069006,Brain,Treatment vs Control,Brain | Treatment vs Control,0.8826413238316065,0.054215743451353646,FALSE,NS
Gene_1696,82.94165459731691,0.1374991847719622,0.33121943540507903,0.41513018281611913,0.6780466051190834,0.8826413238316065,0.012795955116706002,0.10725053797374501,Brain,Treatment vs Control,Brain | Treatment vs Control,0.8826413238316065,0.054215743451353646,FALSE,NS
Gene_0971,138.61214940469773,0.10514618342179698,0.2528265628089771,0.415882659850263,0.6774958687082224,0.8826413238316065,0.009153593931692286,0.07857772803713038,Brain,Treatment vs Control,Brain | Treatment vs Control,0.8826413238316065,0.054215743451353646,FALSE,NS
Gene_1407,627.5815625398068,-0.08685310841726158,0.20889800697534225,-0.41576800887101567,0.677579770405498,0.8826413238316065,-0.00767728138567508,0.06486446694810064,Brain,Treatment vs Control,Brain | Treatment vs Control,0.8826413238316065,0.054215743451353646,FALSE,NS
Gene_2678,311.07670143682253,-0.08332171497628715,0.20078047735745427,-0.4149891267961651,0.6781498628912528,0.8826413238316065,-0.0074469064597027035,0.06255438016192486,Brain,Treatment vs Control,Brain | Treatment vs Control,0.8826413238316065,0.054215743451353646,FALSE,NS
Gene_1821,12.287908460821932,-0.3301962268154801,0.8014037203037555,-0.4120223283844079,0.6803230574795347,0.882739029631319,-0.04657848221390709,0.3180787229780727,Brain,Treatment vs Control,Brain | Treatment vs Control,0.882739029631319,0.054167670989659876,FALSE,NS
Gene_2596,10.026586942581414,-0.30883986677051706,0.7509426960659353,-0.41126955277476973,0.6808748927759909,0.882739029631319,-0.042573639529855024,0.29496538354076357,Brain,Treatment vs Control,Brain | Treatment vs Control,0.882739029631319,0.054167670989659876,FALSE,NS
Gene_3175,29.48405018896835,0.19100193601097046,0.46460003422095136,0.4111104647920345,0.680991536877857,0.882739029631319,0.020890715420851677,0.16337963480568463,Brain,Treatment vs Control,Brain | Treatment vs Control,0.882739029631319,0.054167670989659876,FALSE,NS
Gene_3320,43.30403050203246,0.1592597235637871,0.38592330745424086,0.4126719492905222,0.6798469790908921,0.882739029631319,0.015843681379134188,0.12939273166058327,Brain,Treatment vs Control,Brain | Treatment vs Control,0.882739029631319,0.054167670989659876,FALSE,NS
Gene_1133,42.813902065133334,0.1518618715288021,0.3691896460114165,0.41133838169477277,0.680824429433776,0.882739029631319,0.014787476341692706,0.12236126904754921,Brain,Treatment vs Control,Brain | Treatment vs Control,0.882739029631319,0.054167670989659876,FALSE,NS
Gene_3078,67.91828203571512,-0.1398256540083959,0.33900139568949994,-0.41246335792807703,0.6799998325602534,0.882739029631319,-0.013122651288036063,0.11020095385830109,Brain,Treatment vs Control,Brain | Treatment vs Control,0.882739029631319,0.054167670989659876,FALSE,NS
Gene_1984,59.379477739286706,-0.13471638490703244,0.32693623139989986,-0.4120570679187003,0.680297595186683,0.882739029631319,-0.01246292969126312,0.10543580687828286,Brain,Treatment vs Control,Brain | Treatment vs Control,0.882739029631319,0.054167670989659876,FALSE,NS
Gene_0309,288.0730134366486,0.09448025760067535,0.2290907565430546,0.41241409747983016,0.680035931997897,0.882739029631319,0.008219824042031263,0.07082848906928262,Brain,Treatment vs Control,Brain | Treatment vs Control,0.882739029631319,0.054167670989659876,FALSE,NS
Gene_3474,213.4480191386299,-0.09051133569605738,0.22011550714715056,-0.41119926927978395,0.6809264240439523,0.882739029631319,-0.007909547432192809,0.06806296142092753,Brain,Treatment vs Control,Brain | Treatment vs Control,0.882739029631319,0.054167670989659876,FALSE,NS
Gene_1576,352.7872077413115,0.08056869187089771,0.19444452665673456,0.4143530972879006,0.6786155330300057,0.882739029631319,0.007281114034666086,0.06080944400588589,Brain,Treatment vs Control,Brain | Treatment vs Control,0.882739029631319,0.054167670989659876,FALSE,NS
Gene_1805,2125.711567787599,0.07840778151412503,0.19033688249190614,0.4119421337977375,0.6803818373808721,0.882739029631319,0.0071432902974208606,0.059673062215793486,Brain,Treatment vs Control,Brain | Treatment vs Control,0.882739029631319,0.054167670989659876,FALSE,NS
Gene_1431,1169.652160751718,-0.07054391790521945,0.17192442210403686,-0.4103193545273697,0.6815716961159479,0.8831668473340962,-0.006771793367168927,0.055021465379777236,Brain,Treatment vs Control,Brain | Treatment vs Control,0.8831668473340962,0.05395724202667238,FALSE,NS
Gene_1275,2547.195689294393,0.07222740328401163,0.17618342683971103,0.4099557181943283,0.6818384313481143,0.8831883716398354,0.006833708442767742,0.05604536691999167,Brain,Treatment vs Control,Brain | Treatment vs Control,0.8831883716398354,0.05394665764691753,FALSE,NS
Gene_0937,271.8804758153933,-0.09005310309243526,0.22003450088231374,-0.40926810446240197,0.6823429197832558,0.8831938598807465,-0.007866479696093808,0.06799559986848736,Brain,Treatment vs Control,Brain | Treatment vs Control,0.8831938598807465,0.053943958896103,FALSE,NS
Gene_0631,722.3584862565402,-0.0848772214725047,0.20732601947369594,-0.4093901078502755,0.6822533979715257,0.8831938598807465,-0.0075067038271745545,0.06428651087542837,Brain,Treatment vs Control,Brain | Treatment vs Control,0.8831938598807465,0.053943958896103,FALSE,NS
Gene_2867,173.26851373032227,-0.10292774642081845,0.25213498041195154,-0.40822477806391494,0.6831086585921069,0.8835372430361647,-0.008940818807544411,0.0781252535290349,Brain,Treatment vs Control,Brain | Treatment vs Control,0.8835372430361647,0.05377513930470253,FALSE,NS
Gene_0310,156.75487826231264,0.09813510582592826,0.24029596278430257,0.40839265332983354,0.6829854262071348,0.8835372430361647,0.008511501526082392,0.07426220663392498,Brain,Treatment vs Control,Brain | Treatment vs Control,0.8835372430361647,0.05377513930470253,FALSE,NS
Gene_3497,68.81145113721297,-0.12598976125869313,0.30938540658332825,-0.40722593431296733,0.6838420554641456,0.884161954538227,-0.011414461325190077,0.09849376930966686,Brain,Treatment vs Control,Brain | Treatment vs Control,0.884161954538227,0.05346817670632106,FALSE,NS
Gene_1607,37.392855977100446,-0.16518577979629986,0.4064763355674252,-0.40638473963239935,0.6844599306372829,0.8846369015667079,-0.016827556418895644,0.13772216564478817,Brain,Treatment vs Control,Brain | Treatment vs Control,0.8846369015667079,0.05323494851543779,FALSE,NS
Gene_1085,11.566355392910042,-0.3198602342514792,0.78784523586278,-0.40599374051071835,0.6847471996508676,0.884684362227301,-0.044787928180286075,0.31118204861835175,Brain,Treatment vs Control,Brain | Treatment vs Control,0.884684362227301,0.05321164929507599,FALSE,NS
Gene_2499,188.02164705110326,-0.09730084514439856,0.24013176496294145,-0.40519772617094035,0.6853321762683535,0.8851162817862313,-0.008432531158776489,0.07412618764399896,Brain,Treatment vs Control,Brain | Treatment vs Control,0.8851162817862313,0.05299967029571453,FALSE,NS
Gene_1602,28.812113116231252,0.18336783012385757,0.4533696091406212,0.4044554959725643,0.6858777979097717,0.8851734299778523,0.019755943053961167,0.15794241601277928,Brain,Treatment vs Control,Brain | Treatment vs Control,0.8851734299778523,0.05297163065438863,FALSE,NS
Gene_2971,1147.7080626720995,0.07083078713925615,0.17507952173008234,0.4045635174195586,0.6857983799554909,0.8851734299778523,0.006719683369965864,0.055702635649094646,Brain,Treatment vs Control,Brain | Treatment vs Control,0.8851734299778523,0.05297163065438863,FALSE,NS
Gene_2631,14.8308523716521,0.2679514756303923,0.666043509949121,0.4023032604144151,0.6874608554368725,0.8855763445252706,0.035064876777624106,0.2548237822797749,Brain,Treatment vs Control,Brain | Treatment vs Control,0.8855763445252706,0.052773992828692724,FALSE,NS
Gene_3138,19.61650549940542,0.22923083197868022,0.5702384853621643,0.4019911631062456,0.6876905297965794,0.8855763445252706,0.02784057197705885,0.21055251714496287,Brain,Treatment vs Control,Brain | Treatment vs Control,0.8855763445252706,0.052773992828692724,FALSE,NS
Gene_2565,44.92756907918197,0.14759639589754373,0.3660550789352149,0.4032081628996209,0.6867950951182125,0.8855763445252706,0.014280078844792621,0.120651691469962,Brain,Treatment vs Control,Brain | Treatment vs Control,0.8855763445252706,0.052773992828692724,FALSE,NS
Gene_3263,184.21020043258218,-0.1124081692744433,0.27986973716633995,-0.40164460228021637,0.6879455998393704,0.8855763445252706,-0.009894393105529399,0.08746283200679836,Brain,Treatment vs Control,Brain | Treatment vs Control,0.8855763445252706,0.052773992828692724,FALSE,NS
Gene_1166,109.29905339202038,-0.10391606729755641,0.25810826274109216,-0.40260651167837425,0.6872377185574219,0.8855763445252706,-0.009031873350267798,0.07996089016107971,Brain,Treatment vs Control,Brain | Treatment vs Control,0.8855763445252706,0.052773992828692724,FALSE,NS
Gene_2243,204.09141366135566,-0.0954631840686179,0.23677904955427204,-0.4031741163262707,0.6868201396745364,0.8855763445252706,-0.008271377442898674,0.07300774042559564,Brain,Treatment vs Control,Brain | Treatment vs Control,0.8855763445252706,0.052773992828692724,FALSE,NS
Gene_1486,11858.955276172393,0.06983359818596106,0.17383402159381814,0.4017257240307928,0.6878858907486805,0.8855763445252706,0.006649799516199206,0.055364565017151125,Brain,Treatment vs Control,Brain | Treatment vs Control,0.8855763445252706,0.052773992828692724,FALSE,NS
Gene_0294,94.70887298913722,0.12928294743310612,0.32306155833371863,0.40018053556083705,0.6890235498685445,0.8863177248035813,0.011865474369082208,0.10342061978902124,Brain,Treatment vs Control,Brain | Treatment vs Control,0.8863177248035813,0.05241056547914072,FALSE,NS
Gene_3294,416.2167846653346,0.07897357709629099,0.1972865901738556,0.40029875840368473,0.6889364823318314,0.8863177248035813,0.007079335093638123,0.06133114424844898,Brain,Treatment vs Control,Brain | Treatment vs Control,0.8863177248035813,0.05241056547914072,FALSE,NS
Gene_2129,127.28350558664873,-0.12099703208847089,0.30274435846941655,-0.39966733880755073,0.6894015514452092,0.8864376069578764,-0.010863818149925188,0.09570914873141423,Brain,Treatment vs Control,Brain | Treatment vs Control,0.8864376069578764,0.052351827358616564,FALSE,NS
Gene_1491,359.99797221999484,0.08189580376059866,0.20506125574720943,0.3993723897875483,0.6896188349796903,0.8864376069578764,0.0072496115802374445,0.06345409764349652,Brain,Treatment vs Control,Brain | Treatment vs Control,0.8864376069578764,0.052351827358616564,FALSE,NS
Gene_1250,83.92633183860548,-0.1215554862689761,0.3048433221764135,-0.39874741359311017,0.6900793280425497,0.8867067348319662,-0.010934281904901916,0.09645551556853776,Brain,Treatment vs Control,Brain | Treatment vs Control,0.8867067348319662,0.05221999291199383,FALSE,NS
Gene_2987,217.4024627024422,-0.09904542080607202,0.24891765635455262,-0.39790436024752696,0.6907006858546686,0.8870325003408346,-0.008574634783052155,0.07677619376656014,Brain,Treatment vs Control,Brain | Treatment vs Control,0.8870325003408346,0.05206046758642034,FALSE,NS
Gene_2173,271.35759905468495,0.09252196437130814,0.23262986573212321,0.3977217803918976,0.6908352806392792,0.8870325003408346,0.008012629710030384,0.07157270132882637,Brain,Treatment vs Control,Brain | Treatment vs Control,0.8870325003408346,0.05206046758642034,FALSE,NS
Gene_2704,106.93038194849234,-0.11484841858841989,0.29044013830625337,-0.39542887996878195,0.6925263989678405,0.8886311105376196,-0.010180404845407307,0.0910391650747338,Brain,Treatment vs Control,Brain | Treatment vs Control,0.8886311105376196,0.05127848639302616,FALSE,NS
Gene_0466,532.4865813739741,0.08128435846633553,0.20560032526303332,0.3953513126126866,0.6925836352873206,0.8886311105376196,0.007184259662475191,0.06352955003905487,Brain,Treatment vs Control,Brain | Treatment vs Control,0.8886311105376196,0.05127848639302616,FALSE,NS
Gene_2419,273.764267530309,-0.09816814595041146,0.2488223287971984,-0.3945310954404859,0.6931889742050155,0.8890847322622265,-0.008491441773090053,0.07665373710478326,Brain,Treatment vs Control,Brain | Treatment vs Control,0.8890847322622265,0.05105684757831685,FALSE,NS
Gene_1837,36.590371474140994,-0.1836140446046116,0.46735776471005963,-0.39287684611065027,0.6944104434966252,0.8900048188699033,-0.020032053231112065,0.16331953923353532,Brain,Treatment vs Control,Brain | Treatment vs Control,0.8900048188699033,0.05060764189110706,FALSE,NS
Gene_3478,156.25051516444108,0.1070548806918227,0.2722621868638222,0.39320510102774026,0.6941680024599967,0.8900048188699033,0.009351633319422084,0.08451660770270256,Brain,Treatment vs Control,Brain | Treatment vs Control,0.8900048188699033,0.05060764189110706,FALSE,NS
Gene_2497,189.12748927945253,-0.09386010151862356,0.23918851431781282,-0.39241057116108197,0.694754876494081,0.8901231744922351,-0.008109667790402977,0.07350060191496763,Brain,Treatment vs Control,Brain | Treatment vs Control,0.8901231744922351,0.050549891893412156,FALSE,NS
Gene_0761,9.155341778427918,0.31597859109823134,0.8075197587444203,0.3912951821631382,0.6955790596362554,0.8908558794253238,0.04442842132103477,0.3183107851735091,Brain,Treatment vs Control,Brain | Treatment vs Control,0.8908558794253238,0.05019254942320556,FALSE,NS
Gene_2457,12.163894526582508,0.2714268372666192,0.6970507571666894,0.3893932177477163,0.6969852883884287,0.8916866135143268,0.0360944971844985,0.2677662056140364,Brain,Treatment vs Control,Brain | Treatment vs Control,0.8916866135143268,0.04978775317477763,FALSE,NS
Gene_3281,57.83100982342376,0.14998271219649115,0.3847416565229659,0.38982706877111556,0.6966644261651725,0.8916866135143268,0.014794839023306711,0.1276494765731008,Brain,Treatment vs Control,Brain | Treatment vs Control,0.8916866135143268,0.04978775317477763,FALSE,NS
Gene_0328,56.69089142244862,0.1454199647855483,0.37323183712525865,0.3896236878011684,0.6968148334174289,0.8916866135143268,0.014138560798536448,0.12289582750409178,Brain,Treatment vs Control,Brain | Treatment vs Control,0.8916866135143268,0.04978775317477763,FALSE,NS
Gene_0852,144.8059278090298,-0.11107477692602229,0.28599228453227066,-0.3883838233876861,0.6977320135967061,0.8923186309344329,-0.009789726385344734,0.089196833915641,Brain,Treatment vs Control,Brain | Treatment vs Control,0.8923186309344329,0.04948003918082388,FALSE,NS
Gene_0491,10.607986402027684,0.27239623164284527,0.702692239701187,0.3876465631080245,0.6982776057495839,0.8923869009092422,0.03632852996766119,0.27017321660917176,Brain,Treatment vs Control,Brain | Treatment vs Control,0.8923869009092422,0.04944681322525327,FALSE,NS
Gene_0132,243.7185251739072,0.08657789584378055,0.22335266759834535,0.38762866266488205,0.6982908544922788,0.8923869009092422,0.007510295387638928,0.06851386208209012,Brain,Treatment vs Control,Brain | Treatment vs Control,0.8923869009092422,0.04944681322525327,FALSE,NS
Gene_0603,20.892141877641464,0.19919341655891026,0.5146961379577378,0.3870116790642525,0.698747561754163,0.8926474821106908,0.022834386025333445,0.18402627921805406,Brain,Treatment vs Control,Brain | Treatment vs Control,0.8926474821106908,0.049320015691539355,FALSE,NS
Gene_1445,295.4548039175409,-0.09767048465325032,0.25263687417297326,-0.38660423175746755,0.699049224621384,0.8927098778076336,-0.008439380986807632,0.07768906914864451,Brain,Treatment vs Control,Brain | Treatment vs Control,0.8927098778076336,0.04928965974432549,FALSE,NS
Gene_0580,472.04546098533683,-0.09199538462778548,0.23853139753738625,-0.38567411073574315,0.6997380388399824,0.8932664552219732,-0.007936435055542156,0.07312736995323997,Brain,Treatment vs Control,Brain | Treatment vs Control,0.8932664552219732,0.04901897473786212,FALSE,NS
Gene_1917,143.31109500782182,-0.11111150652301889,0.2888891621999839,-0.3846163894722427,0.7005216495059513,0.8937437451108184,-0.009807158709968348,0.0901065648435151,Brain,Treatment vs Control,Brain | Treatment vs Control,0.8937437451108184,0.04878698460161773,FALSE,NS
Gene_1001,2342.1543654278894,0.0659129772625885,0.17143133777985614,0.38448616289298737,0.7006181496648953,0.8937437451108184,0.006312788908585309,0.05457657244410492,Brain,Treatment vs Control,Brain | Treatment vs Control,0.8937437451108184,0.04878698460161773,FALSE,NS
Gene_1532,1544.5689462986668,0.07900935300144962,0.20672412450114155,0.3821970618674132,0.7023152010070568,0.8955850396373845,0.006954306749398207,0.06360055972570079,Brain,Treatment vs Control,Brain | Treatment vs Control,0.8955850396373845,0.04789316973480881,FALSE,NS
Gene_2835,143.27370481556915,-0.1011425034946587,0.2649810150776723,-0.38169716975765755,0.7026859996350182,0.8957343915925087,-0.008771847426406083,0.0816711136344559,Brain,Treatment vs Control,Brain | Treatment vs Control,0.8957343915925087,0.04782075079155236,FALSE,NS
Gene_1766,44.403170807948555,0.15185847099212357,0.3985330155396939,0.3810436402275898,0.7031708666506884,0.8960289895862795,0.015200945759039968,0.1329229479144637,Brain,Treatment vs Control,Brain | Treatment vs Control,0.8960289895862795,0.047677939206528026,FALSE,NS
Gene_1006,13.305522299367436,0.2774460783294105,0.7307155972357652,0.37969092130914595,0.7041748601321787,0.8963086690846995,0.03751294666914786,0.2821549317540619,Brain,Treatment vs Control,Brain | Treatment vs Control,0.8963086690846995,0.04754240306660093,FALSE,NS
Gene_0091,33.97935452645858,0.1581843631646001,0.4169549471558984,0.3793799887580069,0.7044057084990204,0.8963086690846995,0.016191364815763255,0.14059942609395307,Brain,Treatment vs Control,Brain | Treatment vs Control,0.8963086690846995,0.04754240306660093,FALSE,NS
Gene_2371,75.86067167749857,0.11789935132591446,0.3106289874196857,0.37955038357905274,0.7042791974113908,0.8963086690846995,0.010612471533911927,0.0978842799912171,Brain,Treatment vs Control,Brain | Treatment vs Control,0.8963086690846995,0.04754240306660093,FALSE,NS
Gene_3277,768.6907408487085,-0.06575866232032619,0.173144336564956,-0.37979100919455416,0.704100556807251,0.8963086690846995,-0.0062551306975183905,0.054920471905541654,Brain,Treatment vs Control,Brain | Treatment vs Control,0.8963086690846995,0.04754240306660093,FALSE,NS
Gene_1480,159.84529750582809,0.09721632859250313,0.25670177111316633,0.378713119784614,0.704900909662689,0.8966156743584132,0.008394700616039847,0.07881488884169846,Brain,Treatment vs Control,Brain | Treatment vs Control,0.8966156743584132,0.047393673201808,FALSE,NS
Gene_1677,257.2077939698355,0.0839261460766613,0.22199247273240813,0.37805852173117005,0.705387120380554,0.8969110270305136,0.007271492119463456,0.06790686106323324,Brain,Treatment vs Control,Brain | Treatment vs Control,0.8969110270305136,0.0472506365391603,FALSE,NS
Gene_1293,13.775367526117936,0.2345242493284693,0.6211844278287028,0.37754367112554454,0.7057696165260466,0.8970743397960658,0.02950282804023544,0.23174339463331578,Brain,Treatment vs Control,Brain | Treatment vs Control,0.8970743397960658,0.04717156584615343,FALSE,NS
Gene_2345,40.64961979912055,-0.16360678656243743,0.43426064821215465,-0.3767478983785531,0.7063609634190436,0.8975029009833189,-0.017088991353155596,0.14784276535383026,Brain,Treatment vs Control,Brain | Treatment vs Control,0.8975029009833189,0.046964138984728114,FALSE,NS
Gene_0985,1496.0915373480186,0.0733437904258918,0.1961706314940173,0.3738775262500421,0.7084954373613512,0.8998911472384644,0.006555724224823363,0.06059227500879121,Brain,Treatment vs Control,Brain | Treatment vs Control,0.8998911472384644,0.04581002057484293,FALSE,NS
Gene_1375,34.14852069389637,-0.1627893638202327,0.43646495994830303,-0.3729723546181445,0.7091690196029324,0.9004228005098722,-0.017029982479736562,0.14856370899052382,Brain,Treatment vs Control,Brain | Treatment vs Control,0.9004228005098722,0.045553516325615724,FALSE,NS
Gene_1052,22.362503281941887,-0.21022221443482841,0.5651455186672508,-0.37197891072476874,0.7099085513045085,0.9007140117341788,-0.02519229816270909,0.20567046897052096,Brain,Treatment vs Control,Brain | Treatment vs Control,0.9007140117341788,0.04541308120927487,FALSE,NS
Gene_0292,109.11025100998829,0.10805218116830122,0.29028730700000005,0.37222495976477954,0.70972536392041,0.9007140117341788,0.00951777177189794,0.09019254601534724,Brain,Treatment vs Control,Brain | Treatment vs Control,0.9007140117341788,0.04541308120927487,FALSE,NS
Gene_3461,8.680026741022406,0.2782007334545005,0.7584305079406403,0.3668111060166825,0.7137599228383424,0.9021982515380554,0.038026006824750803,0.2933767384890382,Brain,Treatment vs Control,Brain | Treatment vs Control,0.9021982515380554,0.044698018901032935,FALSE,NS
Gene_0496,11.394235451515652,0.2645858733765869,0.718264213256432,0.3683684478404125,0.7125985208956988,0.9021982515380554,0.035421130862676294,0.27529407251598337,Brain,Treatment vs Control,Brain | Treatment vs Control,0.9021982515380554,0.044698018901032935,FALSE,NS
Gene_1004,23.1560409829809,-0.18246259060338485,0.4941905828564898,-0.36921502945022927,0.7119674542010157,0.9021982515380554,-0.02036422843500887,0.17356496842740174,Brain,Treatment vs Control,Brain | Treatment vs Control,0.9021982515380554,0.044698018901032935,FALSE,NS
Gene_1378,38.649474893075336,-0.14399659578238902,0.3905338903373807,-0.3687172850939798,0.7123384635383052,0.9021982515380554,-0.014220436396308609,0.12894709337422927,Brain,Treatment vs Control,Brain | Treatment vs Control,0.9021982515380554,0.044698018901032935,FALSE,NS
Gene_0482,63.63494774989754,0.1417282289792252,0.3869230353793189,0.3662956609452894,0.7141444670203525,0.9021982515380554,0.013923953399589432,0.1273364780728891,Brain,Treatment vs Control,Brain | Treatment vs Control,0.9021982515380554,0.044698018901032935,FALSE,NS
Gene_3133,70.19611350267748,-0.12425377821727626,0.33820129036511104,-0.3673959318225426,0.713323705686802,0.9021982515380554,-0.011499598980438603,0.1078986496450372,Brain,Treatment vs Control,Brain | Treatment vs Control,0.9021982515380554,0.044698018901032935,FALSE,NS
Gene_2139,288.8339689919203,-0.09917048265465543,0.27025328153583456,-0.36695385192392493,0.7136534411055617,0.9021982515380554,-0.008594869523875483,0.08303496816131412,Brain,Treatment vs Control,Brain | Treatment vs Control,0.9021982515380554,0.044698018901032935,FALSE,NS
Gene_2283,163.31730805669386,0.089977092896069,0.24317552216242186,0.3700088401001622,0.7113759036807621,0.9021982515380554,0.007733299300253146,0.0742131757356565,Brain,Treatment vs Control,Brain | Treatment vs Control,0.9021982515380554,0.044698018901032935,FALSE,NS
Gene_0942,269.46366739372706,-0.08976898273702509,0.2443460391648737,-0.3673846445141393,0.7133321239183796,0.9021982515380554,-0.007711190557260137,0.07452057888275111,Brain,Treatment vs Control,Brain | Treatment vs Control,0.9021982515380554,0.044698018901032935,FALSE,NS
Gene_0443,171.88856104559414,-0.08533542587074243,0.23250560866604564,-0.36702523590866193,0.7136001941023504,0.9021982515380554,-0.007339758576802118,0.07082887281718321,Brain,Treatment vs Control,Brain | Treatment vs Control,0.9021982515380554,0.044698018901032935,FALSE,NS
Gene_1963,168.25829506426572,0.08446225338526092,0.23055438223422275,0.3663441682034687,0.7141082754239867,0.9021982515380554,0.00726823881340881,0.07022104266974753,Brain,Treatment vs Control,Brain | Treatment vs Control,0.9021982515380554,0.044698018901032935,FALSE,NS
Gene_0831,1189.7035808791325,-0.06430912790604061,0.1742834807525936,-0.36899152821793524,0.7121340394123001,0.9021982515380554,-0.006083248888532672,0.055056287224051335,Brain,Treatment vs Control,Brain | Treatment vs Control,0.9021982515380554,0.044698018901032935,FALSE,NS
Gene_3344,15.06661634408325,0.2408802084097507,0.6605188004867907,0.3646833492585317,0.7153477892350879,0.9033952231005349,0.031073651060322272,0.24856519596972168,Brain,Treatment vs Control,Brain | Treatment vs Control,0.9033952231005349,0.04412221019543841,FALSE,NS
Gene_2614,543.219537721757,0.075260364703986,0.20729499258788694,0.3630592508021043,0.7165606238251038,0.9046033474173905,0.006595001627278005,0.0634187587694925,Brain,Treatment vs Control,Brain | Treatment vs Control,0.9046033474173905,0.043541809512705164,FALSE,NS
Gene_3189,8.215370484397639,0.3354574834860804,0.9280228043400292,0.36147547443582884,0.7177440358778635,0.9051875983653653,0.04859058110882008,0.367776624729643,Brain,Treatment vs Control,Brain | Treatment vs Control,0.9051875983653653,0.04326140478180722,FALSE,NS
Gene_2337,27.655790766390545,-0.16540210253756776,0.4572587528301168,-0.3617253940221869,0.7175572485996622,0.9051875983653653,-0.017675849801603912,0.15686244548678893,Brain,Treatment vs Control,Brain | Treatment vs Control,0.9051875983653653,0.04326140478180722,FALSE,NS
Gene_1237,34.53457450315104,0.15237587173256076,0.4216142272714939,0.36141064953778224,0.7177924880835522,0.9051875983653653,0.01560571839317421,0.14155957398447652,Brain,Treatment vs Control,Brain | Treatment vs Control,0.9051875983653653,0.04326140478180722,FALSE,NS
Gene_2170,11.048519861021662,-0.25313069608140704,0.7026480393627936,-0.36025247620552986,0.7186583350845317,0.9056679845511179,-0.03350951109417255,0.2673678066517056,Brain,Treatment vs Control,Brain | Treatment vs Control,0.9056679845511179,0.04303098433688925,FALSE,NS
Gene_0048,83.20692575020396,0.10664266766802129,0.29605287345464215,0.36021493871553273,0.7186864040533085,0.9056679845511179,0.009413554011756699,0.09186298897944016,Brain,Treatment vs Control,Brain | Treatment vs Control,0.9056679845511179,0.04303098433688925,FALSE,NS
Gene_2136,28.867150123424533,0.16781691315505684,0.46639931905274506,0.3598138039650063,0.7189863795743558,0.9057227635665539,0.01811351307617006,0.1607187708889874,Brain,Treatment vs Control,Brain | Treatment vs Control,0.9057227635665539,0.04300471697943482,FALSE,NS
Gene_0442,55.40780220478864,-0.13206148236522108,0.3673936717965655,-0.35945497297064666,0.7192547563052843,0.9057377120235232,-0.012638022993922474,0.11907431851656847,Brain,Treatment vs Control,Brain | Treatment vs Control,0.9057377120235232,0.042997549246589044,FALSE,NS
Gene_0547,5.251313136597554,-0.3478768107174428,0.9711691333699235,-0.35820414669721046,0.7201905442487861,0.9064052086917276,-0.05077906687404051,0.3857435488413082,Brain,Treatment vs Control,Brain | Treatment vs Control,0.9064052086917276,0.04267760744786352,FALSE,NS
Gene_1280,43.75958838868545,0.13057651172473864,0.36467747865774963,0.35806025698473387,0.7202982202177818,0.9064052086917276,0.012449154143779107,0.11792323000342754,Brain,Treatment vs Control,Brain | Treatment vs Control,0.9064052086917276,0.04267760744786352,FALSE,NS
Gene_2518,12.388013016847164,-0.22883585264463682,0.6425961395468417,-0.3561114649801844,0.721757091509696,0.9079174528395927,-0.029082301832481453,0.23960038750974472,Brain,Treatment vs Control,Brain | Treatment vs Control,0.9079174528395927,0.04195363540614992,FALSE,NS
Gene_2517,16.756195354968977,0.20122492218880306,0.5661369289167728,0.35543507570477695,0.7222636754733707,0.9079902858497279,0.024025581591953504,0.20480168201170929,Brain,Treatment vs Control,Brain | Treatment vs Control,0.9079902858497279,0.04191879776132343,FALSE,NS
Gene_1597,67.70078310073112,-0.12810900355092217,0.36086615036467595,-0.3550042125631918,0.722586435354782,0.9079902858497279,-0.012146467821459625,0.11626829184974022,Brain,Treatment vs Control,Brain | Treatment vs Control,0.9079902858497279,0.04191879776132343,FALSE,NS
Gene_2947,115.2420358129544,-0.09846038238912438,0.27730478439014966,-0.3550619676673053,0.7225431680991434,0.9079902858497279,-0.008547964115210317,0.08510461500873952,Brain,Treatment vs Control,Brain | Treatment vs Control,0.9079902858497279,0.04191879776132343,FALSE,NS
Gene_0472,19.146000380389214,-0.18924150833044426,0.5359819604061079,-0.3530743985992699,0.7240326654019884,0.9091605055243318,-0.021948713770108933,0.19105467652503183,Brain,Treatment vs Control,Brain | Treatment vs Control,0.9091605055243318,0.04135943854912859,FALSE,NS
Gene_1304,31.77166282298801,-0.18138655772336637,0.5134137693824327,-0.35329507804504323,0.723867235079694,0.9091605055243318,-0.020567240028241854,0.18099809282390494,Brain,Treatment vs Control,Brain | Treatment vs Control,0.9091605055243318,0.04135943854912859,FALSE,NS
Gene_3370,881.0373899633896,-0.06109177935140058,0.1733813609864831,-0.3523549417527258,0.7245720891069867,0.9095144140194703,-0.005783106191208771,0.05465069914946501,Brain,Treatment vs Control,Brain | Treatment vs Control,0.9095144140194703,0.04119041383027889,FALSE,NS
Gene_3444,9.765509089813204,0.2553755174048683,0.7265689373850838,0.351481468949062,0.7252271724062926,0.9100132003435036,0.03419803593350574,0.2773741164588672,Brain,Treatment vs Control,Brain | Treatment vs Control,0.9100132003435036,0.04095230790444117,FALSE,NS
Gene_3202,117.18312983847608,-0.09778974427338963,0.2787422664994167,-0.35082495920508083,0.7257196711342014,0.9103076940585667,-0.008489823860098623,0.08547657282352131,Brain,Treatment vs Control,Brain | Treatment vs Control,0.9103076940585667,0.04081178653052713,FALSE,NS
Gene_2018,106.9889019153936,-0.09177448095299584,0.2618875115109058,-0.3504347359808109,0.7260124615188066,0.9103515630763162,-0.007888620435473087,0.07977570552085003,Brain,Treatment vs Control,Brain | Treatment vs Control,0.9103515630763162,0.040790857768306384,FALSE,NS
Gene_0980,7.401356774073002,0.30772286172100555,0.8794703466632436,0.349895664917552,0.7264170005433823,0.9105354735245592,0.04390027137530378,0.3453881847524038,Brain,Treatment vs Control,Brain | Treatment vs Control,0.9105354735245592,0.04070312987360183,FALSE,NS
Gene_0327,50.46460202208371,-0.12750761943702313,0.36489107106838026,-0.3494402290077641,0.72675883610485,0.910640684984466,-0.012131835108582737,0.1176248681376332,Brain,Treatment vs Control,Brain | Treatment vs Control,0.910640684984466,0.04065295048122634,FALSE,NS
Gene_0120,8.967951692578904,-0.27924803526462577,0.801059651476363,-0.34859830319748114,0.7273909017744984,0.9111093558587279,-0.03873703430672443,0.31060916568060926,Brain,Treatment vs Control,Brain | Treatment vs Control,0.9111093558587279,0.040429493723221355,FALSE,NS
Gene_3250,91.49088431530137,-0.09512593385899155,0.2734117257547289,-0.3479219246958221,0.7278988192122041,0.911422244907196,-0.008223162839599799,0.08357001283607035,Brain,Treatment vs Control,Brain | Treatment vs Control,0.911422244907196,0.04028037588243815,FALSE,NS
Gene_0534,59.53635559871292,-0.11156604170370096,0.32180357004951915,-0.34668988192558947,0.7288243123858108,0.91225758491113,-0.010077568275182044,0.10084805823586576,Brain,Treatment vs Control,Brain | Treatment vs Control,0.91225758491113,0.03988251703280691,FALSE,NS
Gene_2556,132.55211661116977,-0.1030019715570294,0.2979292730781054,-0.34572625406307866,0.7295484516918042,0.9128403908305317,-0.009075520658213956,0.0920665563620176,Brain,Treatment vs Control,Brain | Treatment vs Control,0.9128403908305317,0.03960515175512408,FALSE,NS
Gene_2063,12.808848714423897,-0.23960957980585298,0.6964309517903954,-0.3440536052997946,0.7308059728753004,0.913820247828669,-0.0314702261600185,0.26299680793632013,Brain,Treatment vs Control,Brain | Treatment vs Control,0.913820247828669,0.03913922336190689,FALSE,NS
Gene_3095,12.515873205087376,0.22873955922552827,0.6654603369249633,0.34373131880784163,0.7310483557268703,0.913820247828669,0.029446070122982827,0.24890491827279496,Brain,Treatment vs Control,Brain | Treatment vs Control,0.913820247828669,0.03913922336190689,FALSE,NS
Gene_1990,1049.6470827929327,-0.09054210378852977,0.26347026771555243,-0.3436520734335032,0.7311079581183771,0.913820247828669,-0.007776372235050665,0.08012319149279348,Brain,Treatment vs Control,Brain | Treatment vs Control,0.913820247828669,0.03913922336190689,FALSE,NS
Gene_1798,349.1278499585055,-0.07672894672061834,0.22381479753740707,-0.342823385963988,0.7317313314825126,0.9142757719266639,-0.006593013029700827,0.06774137881185195,Brain,Treatment vs Control,Brain | Treatment vs Control,0.9142757719266639,0.03892278877194034,FALSE,NS
Gene_1465,37.84605479653582,0.1406890515196095,0.4109435211960911,0.34235617369053617,0.7320828661951522,0.9143914398779917,0.01414823912446832,0.13606739857963523,Brain,Treatment vs Control,Brain | Treatment vs Control,0.9143914398779917,0.0388678482636429,FALSE,NS
Gene_2997,17.879222912583675,0.21763299551716217,0.6381090739104818,0.34105923958024326,0.7330589855692575,0.9149633361771115,0.027460783982554814,0.23625234159460878,Brain,Treatment vs Control,Brain | Treatment vs Control,0.9149633361771115,0.03859630835430335,FALSE,NS
Gene_1527,101.88441963814027,0.09782722429241542,0.2866821451286507,0.3412393340663568,0.7329234141115822,0.9149633361771115,0.00852571398268629,0.08795029352367144,Brain,Treatment vs Control,Brain | Treatment vs Control,0.9149633361771115,0.03859630835430335,FALSE,NS
Gene_1786,30.29288177806619,-0.15088079186429026,0.44349422602133176,-0.34020914594056745,0.7336990310911882,0.9153159043824156,-0.015773735214917158,0.14967683143584534,Brain,Treatment vs Control,Brain | Treatment vs Control,0.9153159043824156,0.038428991341075115,FALSE,NS
Gene_2816,1143.8517076396702,0.1486014160617005,0.4384000576407809,0.3389630395155251,0.7346375737807324,0.9153159043824156,0.015436609966757244,0.14743942949901034,Brain,Treatment vs Control,Brain | Treatment vs Control,0.9153159043824156,0.038428991341075115,FALSE,NS
Gene_2149,62.122268591540745,0.11846038598467976,0.34935658867235353,0.33908158547935285,0.7345482702211151,0.9153159043824156,0.011028818754400696,0.11107600026449725,Brain,Treatment vs Control,Brain | Treatment vs Control,0.9153159043824156,0.038428991341075115,FALSE,NS
Gene_1842,68.4076517579875,-0.11339717734208582,0.3343875612440524,-0.33911900586314875,0.7345200812806405,0.9153159043824156,-0.010371167909172353,0.10531909438089003,Brain,Treatment vs Control,Brain | Treatment vs Control,0.9153159043824156,0.038428991341075115,FALSE,NS
Gene_2554,113.95886188423773,-0.0914582223394002,0.26947677474797005,-0.3393918545482708,0.7343145539757304,0.9153159043824156,-0.007872019176265326,0.08201101558716012,Brain,Treatment vs Control,Brain | Treatment vs Control,0.9153159043824156,0.038428991341075115,FALSE,NS
Gene_2383,63.60881690870938,0.10906793265376084,0.32288994364741364,0.33778671277808464,0.7355239236382654,0.9158945611382056,0.009842017563307796,0.10093584633754207,Brain,Treatment vs Control,Brain | Treatment vs Control,0.9158945611382056,0.03815451994736904,FALSE,NS
Gene_1129,229.25872553969637,0.08510615647924183,0.2520482465751467,0.33765819693519644,0.7356207803420989,0.9158945611382056,0.007271035468599566,0.07626437502980547,Brain,Treatment vs Control,Brain | Treatment vs Control,0.9158945611382056,0.03815451994736904,FALSE,NS
Gene_2447,1923.8023215197607,-0.06194544711855124,0.18404499033993288,-0.33657774114979927,0.7364352381262586,0.9165854162227066,-0.005659292670971087,0.05699095651193465,Brain,Treatment vs Control,Brain | Treatment vs Control,0.9165854162227066,0.03782705708947668,FALSE,NS
Gene_2201,10.531746943992621,0.24334228112584286,0.7259258270274699,0.3352164533424632,0.7374618113801912,0.9169543480068135,0.032445180626283494,0.27551966883287854,Brain,Treatment vs Control,Brain | Treatment vs Control,0.9169543480068135,0.037652285815545784,FALSE,NS
Gene_2028,532.7584352153544,0.07164084728748799,0.21343775907403081,0.3356521713791016,0.7371331769821976,0.9169543480068135,0.006201017790961128,0.06465348584975253,Brain,Treatment vs Control,Brain | Treatment vs Control,0.9169543480068135,0.037652285815545784,FALSE,NS
Gene_2619,393.7350758387961,-0.06494607989778249,0.19378119328212265,-0.3351516150652898,0.7375107188726565,0.9169543480068135,-0.0057948501336771,0.059396418828188226,Brain,Treatment vs Control,Brain | Treatment vs Control,0.9169543480068135,0.037652285815545784,FALSE,NS
Gene_0771,39.12058571669978,-0.13697262865811372,0.409874677190619,-0.3341817298813323,0.7382424297203837,0.9171618811676776,-0.01372713832133672,0.13521395434814956,Brain,Treatment vs Control,Brain | Treatment vs Control,0.9171618811676776,0.037554003595993715,FALSE,NS
Gene_2871,134.41631625784592,-0.11033780391979403,0.33067967332398784,-0.3336697499748921,0.7386287786086299,0.9171618811676776,-0.010034633259155865,0.10371310764238745,Brain,Treatment vs Control,Brain | Treatment vs Control,0.9171618811676776,0.037554003595993715,FALSE,NS
Gene_2629,174.689175362646,-0.07991157320394639,0.23900541570948458,-0.3343504705394641,0.7381151095803298,0.9171618811676776,-0.006817534362018053,0.07211241616329402,Brain,Treatment vs Control,Brain | Treatment vs Control,0.9171618811676776,0.037554003595993715,FALSE,NS
Gene_2814,989.6987588249222,-0.06367256732502469,0.19089170095675817,-0.33355335515318263,0.7387166213653001,0.9171618811676776,-0.005715759899822091,0.05864344024008804,Brain,Treatment vs Control,Brain | Treatment vs Control,0.9171618811676776,0.037554003595993715,FALSE,NS
Gene_2676,26.453731628487773,0.15935489624210106,0.4788114793290453,0.3328134414517459,0.7392751113011271,0.9174426738569057,0.01731649961117723,0.164459653507831,Brain,Treatment vs Control,Brain | Treatment vs Control,0.9174426738569057,0.03742106299458862,FALSE,NS
Gene_1056,122.98008912269833,-0.08522475909342506,0.2562647290712424,-0.3325653101084086,0.7394624326810404,0.9174426738569057,-0.007281535430273663,0.07749702560969837,Brain,Treatment vs Control,Brain | Treatment vs Control,0.9174426738569057,0.03742106299458862,FALSE,NS
Gene_0355,194.879156230665,0.08769135964685953,0.26414177690963664,0.33198595342553067,0.7398998656182578,0.9176629524053629,0.007514606430723127,0.0800489533472452,Brain,Treatment vs Control,Brain | Treatment vs Control,0.9176629524053629,0.03731680113939401,FALSE,NS
Gene_2693,6.9798819252923385,0.28081122483880083,0.8480754289883098,0.33111585979302277,0.7405569723423755,0.9177968708728974,0.03949434203695499,0.3295915239008086,Brain,Treatment vs Control,Brain | Treatment vs Control,0.9177968708728974,0.03725342731792348,FALSE,NS
Gene_2812,52.953720431711616,0.12311329195347057,0.3729322448257206,0.3301224114074772,0.7413074697619664,0.9177968708728974,0.011772580825778308,0.11999164649744895,Brain,Treatment vs Control,Brain | Treatment vs Control,0.9177968708728974,0.03725342731792348,FALSE,NS
Gene_3319,62.68933926524091,-0.1090553041413689,0.3294260430318718,-0.33104639553594084,0.740609440875682,0.9177968708728974,-0.009897436589049218,0.10314629876328314,Brain,Treatment vs Control,Brain | Treatment vs Control,0.9177968708728974,0.03725342731792348,FALSE,NS
Gene_3257,104.27627197182512,-0.09420039761857234,0.2853174584820328,-0.33015994927104814,0.7412791074231635,0.9177968708728974,-0.008179745994735328,0.08715540299136881,Brain,Treatment vs Control,Brain | Treatment vs Control,0.9177968708728974,0.03725342731792348,FALSE,NS
Gene_0250,162.2692130147197,-0.08044339544131728,0.24346623448066787,-0.3304088372373656,0.7410910649956582,0.9177968708728974,-0.006855650534347866,0.07340252398042277,Brain,Treatment vs Control,Brain | Treatment vs Control,0.9177968708728974,0.03725342731792348,FALSE,NS
Gene_2156,6.096142756001245,0.3069038523351731,0.9309494334901514,0.3296675859016137,0.7416511484334817,0.9178889078803678,0.0441695381280785,0.365337723499426,Brain,Treatment vs Control,Brain | Treatment vs Control,0.9178889078803678,0.03720987829120941,FALSE,NS
Gene_2977,20.126945805649584,-0.18265521927455916,0.5551226307807481,-0.3290358006440218,0.7421286282632538,0.9178889078803678,-0.02144081568501352,0.19789367516552886,Brain,Treatment vs Control,Brain | Treatment vs Control,0.9178889078803678,0.03720987829120941,FALSE,NS
Gene_0311,914.3005056546162,0.060359051164130234,0.18346656976971873,0.32899209507154875,0.7421616629845511,0.9178889078803678,0.005517080626983785,0.05675856990499631,Brain,Treatment vs Control,Brain | Treatment vs Control,0.9178889078803678,0.03720987829120941,FALSE,NS
Gene_1248,203.39538177530125,0.08693559880062297,0.26457185002997624,0.32858975280542163,0.7424657944439478,0.9179435294753431,0.007445918297985153,0.08010609221403327,Brain,Treatment vs Control,Brain | Treatment vs Control,0.9179435294753431,0.037184035129475455,FALSE,NS
Gene_2582,566.1952983097339,0.06167660945337932,0.18804452800612384,0.32798938691462887,0.7429196871775183,0.9181832045585641,0.005569409251163675,0.05786259123077708,Brain,Treatment vs Control,Brain | Treatment vs Control,0.9181832045585641,0.03707065562820858,FALSE,NS
Gene_1453,889.4502339635034,-0.0669824141566596,0.2044554782495542,-0.3276136923800214,0.7432037678121601,0.9182129125768851,-0.005856372704890705,0.06207403265299968,Brain,Treatment vs Control,Brain | Treatment vs Control,0.9182129125768851,0.037056604162616996,FALSE,NS
Gene_3098,8.479726770662143,-0.2587452034695813,0.7918419808489088,-0.32676368483543744,0.7438466282337385,0.9186068941436575,-0.035570321948164625,0.30427179315876457,Brain,Treatment vs Control,Brain | Treatment vs Control,0.9186068941436575,0.03687029952628982,FALSE,NS
Gene_1631,108.66667374179704,0.0965469444576662,0.29601077245078117,0.3261602395693874,0.7443031221028049,0.9186068941436575,0.0084527413495619,0.09078127269280915,Brain,Treatment vs Control,Brain | Treatment vs Control,0.9186068941436575,0.03687029952628982,FALSE,NS
Gene_2227,130.4926187650214,-0.08120215750211945,0.24893088655024176,-0.32620362473875014,0.7442702991193921,0.9186068941436575,-0.0069171338978265716,0.0750168240364247,Brain,Treatment vs Control,Brain | Treatment vs Control,0.9186068941436575,0.03687029952628982,FALSE,NS
Gene_1152,51.118706032369516,0.1335141874926261,0.41082150819141317,0.3249931778898444,0.745186234942713,0.9193754701546888,0.013364974670623204,0.13515789006173454,Brain,Treatment vs Control,Brain | Treatment vs Control,0.9193754701546888,0.03650708783671851,FALSE,NS
Gene_3336,62.559747184365584,-0.11084990942962175,0.34161158352420884,-0.32449107341749783,0.7455662793564534,0.9195230640613471,-0.01018812933490773,0.10752917787008678,Brain,Treatment vs Control,Brain | Treatment vs Control,0.9195230640613471,0.03643737303933387,FALSE,NS
Gene_1408,15.499417278895082,-0.18467375454895144,0.5705139242149188,-0.3236971907444328,0.7461672979093099,0.9196218949102175,-0.02195587453045117,0.20439834983554875,Brain,Treatment vs Control,Brain | Treatment vs Control,0.9196218949102175,0.03639069733589008,FALSE,NS
Gene_3050,310.9354904838555,-0.06705644174971848,0.20712397110959113,-0.3237502708667087,0.7461271081333717,0.9196218949102175,-0.00583671742287269,0.06273116034365772,Brain,Treatment vs Control,Brain | Treatment vs Control,0.9196218949102175,0.03639069733589008,FALSE,NS
Gene_2797,16.150534448853797,-0.18650946846888178,0.5773534571306235,-0.323042091747075,0.7466633649271066,0.9196925454785171,-0.022305629830639898,0.20741507101595869,Brain,Treatment vs Control,Brain | Treatment vs Control,0.9196925454785171,0.036357333652881706,FALSE,NS
Gene_0593,200.22367978772206,-0.10625453141948916,0.3290290613031397,-0.32293357613659296,0.7467455474049585,0.9196925454785171,-0.00962018821575952,0.10271130003834722,Brain,Treatment vs Control,Brain | Treatment vs Control,0.9196925454785171,0.036357333652881706,FALSE,NS
Gene_0183,67.52192080692247,-0.1074987776651393,0.3332637652734212,-0.32256365337810894,0.7470257238403368,0.9197168169038457,-0.009779412832601194,0.10429016967217448,Brain,Treatment vs Control,Brain | Treatment vs Control,0.9197168169038457,0.03634587242374554,FALSE,NS
Gene_1149,15.386210300476806,-0.19697049593466948,0.6122630674581047,-0.3217089293862194,0.7476732125297143,0.9201931381813946,-0.0242488924156977,0.22300553292347436,Brain,Treatment vs Control,Brain | Treatment vs Control,0.9201931381813946,0.036121009564014574,FALSE,NS
Gene_0874,9.952254959816628,-0.2947071470673741,0.918233205877382,-0.32095021741865476,0.7482481173484559,0.920579826605365,-0.04221131447695936,0.35895187434965764,Brain,Treatment vs Control,Brain | Treatment vs Control,0.920579826605365,0.03593854637661554,FALSE,NS
Gene_2711,594.2161216868515,-0.06112259246542558,0.1910390533398436,-0.3199481540389192,0.7490076332831863,0.9211932961069073,-0.005473775049633353,0.05850337924989836,Brain,Treatment vs Control,Brain | Treatment vs Control,0.9211932961069073,0.03564923123144019,FALSE,NS
Gene_2228,34.80050942853803,0.13189740172111453,0.4138931833249172,0.31867497952381485,0.7499729896518865,0.9218793620269315,0.013232339796359214,0.13612537135459085,Brain,Treatment vs Control,Brain | Treatment vs Control,0.9218793620269315,0.035325907399647326,FALSE,NS
Gene_0697,185.36480380054678,-0.08689166509716338,0.2727948696807349,-0.3185238241425028,0.7500876259142947,0.9218793620269315,-0.007459623740141566,0.08258183952280215,Brain,Treatment vs Control,Brain | Treatment vs Control,0.9218793620269315,0.035325907399647326,FALSE,NS
Gene_3030,13.796123174921037,0.19542368507621258,0.6184571682511071,0.31598580323490777,0.7520132838702622,0.9222218432014749,0.02414365201435443,0.22535745069087773,Brain,Treatment vs Control,Brain | Treatment vs Control,0.9222218432014749,0.035164595552392666,FALSE,NS
Gene_0388,30.85002923326474,0.15324534362610082,0.484793848833644,0.31610414198693065,0.7519234629668197,0.9222218432014749,0.01669301831250881,0.16607005464190788,Brain,Treatment vs Control,Brain | Treatment vs Control,0.9222218432014749,0.035164595552392666,FALSE,NS
Gene_2428,30.05868627021477,0.143356340436442,0.4515027463666587,0.3175093431658208,0.7508571511461972,0.9222218432014749,0.015041854939436092,0.15185032896029566,Brain,Treatment vs Control,Brain | Treatment vs Control,0.9222218432014749,0.035164595552392666,FALSE,NS
Gene_0946,54.41322472206833,-0.14311188509341405,0.45138624634517116,-0.31704972460321185,0.7512058722321043,0.9222218432014749,-0.015012465801056953,0.1517763532893899,Brain,Treatment vs Control,Brain | Treatment vs Control,0.9222218432014749,0.035164595552392666,FALSE,NS
Gene_0795,88.27676096645489,-0.10169588954288931,0.32082705063355516,-0.316980408422746,0.7512584681091903,0.9222218432014749,-0.009110755881260379,0.09946128360915567,Brain,Treatment vs Control,Brain | Treatment vs Control,0.9222218432014749,0.035164595552392666,FALSE,NS
Gene_2961,95.71768202672321,-0.08804202687252156,0.2787988703009478,-0.31579047209726896,0.7521615505063837,0.9222218432014749,-0.007583855086258258,0.08453261172496591,Brain,Treatment vs Control,Brain | Treatment vs Control,0.9222218432014749,0.035164595552392666,FALSE,NS
Gene_1688,224.59630283723823,0.08080281793889273,0.25610394005640646,0.3155079063644864,0.7523760489848542,0.9222218432014749,0.00687917233328472,0.07705245053678464,Brain,Treatment vs Control,Brain | Treatment vs Control,0.9222218432014749,0.035164595552392666,FALSE,NS
Gene_1512,568.4999332488602,0.06322211163207131,0.2004486908994052,0.3154029659580027,0.7524557151694844,0.9222218432014749,0.005552537420305578,0.06084096200289322,Brain,Treatment vs Control,Brain | Treatment vs Control,0.9222218432014749,0.035164595552392666,FALSE,NS
Gene_0003,7.506809559320503,0.27739818995100307,0.886186667715725,0.31302455798171425,0.7542620044816307,0.9236608082061522,0.03933196160609482,0.3443306521755104,Brain,Treatment vs Control,Brain | Treatment vs Control,0.9236608082061522,0.03448748350813732,FALSE,NS
Gene_1041,86.3325790823995,0.101286548752527,0.3237814885099535,0.3128237788350686,0.7544145485320144,0.9236608082061522,0.009095067627680763,0.10041603558683154,Brain,Treatment vs Control,Brain | Treatment vs Control,0.9236608082061522,0.03448748350813732,FALSE,NS
Gene_2926,869.6433376165235,-0.059275152799049435,0.1892539731205699,-0.3132042716021947,0.7541254733151614,0.9236608082061522,-0.005325366446322605,0.05797718586219514,Brain,Treatment vs Control,Brain | Treatment vs Control,0.9236608082061522,0.03448748350813732,FALSE,NS
Gene_1071,76.1331164781496,-0.10133096155739857,0.32521470971910804,-0.31158172902117304,0.7553584215847396,0.924495870577371,-0.00911102630276386,0.10090585657867539,Brain,Treatment vs Control,Brain | Treatment vs Control,0.924495870577371,0.03409502435279779,FALSE,NS
Gene_1973,25.873681507938525,0.15865791245539584,0.5104080222126142,0.31084525624737486,0.7559182632348913,0.9248604946231467,0.017740430121577076,0.1769162162169156,Brain,Treatment vs Control,Brain | Treatment vs Control,0.9248604946231467,0.03392377102803976,FALSE,NS
Gene_0251,9310.268842210467,0.054923205212718304,0.177052569430907,0.3102084617537931,0.7564024361737014,0.9251323180219396,0.00510570511982192,0.05503813076397187,Brain,Treatment vs Control,Brain | Treatment vs Control,0.9251323180219396,0.03379614739383903,FALSE,NS
Gene_1242,1153.3411540791742,0.052363178345716854,0.16921342211962506,0.3094505015606789,0.756978859504725,0.9255167426977783,0.005006591057554638,0.053268242911204966,Brain,Treatment vs Control,Brain | Treatment vs Control,0.9255167426977783,0.03361572040595775,FALSE,NS
Gene_0794,111.2687113337631,0.09789999632614721,0.31676752824827,0.3090594445318809,0.7572763084879935,0.9255599325964367,0.008716587318956397,0.09771817804659598,Brain,Treatment vs Control,Brain | Treatment vs Control,0.9255599325964367,0.03359545421718768,FALSE,NS
Gene_1497,108.27733072778088,0.10032473392324477,0.3257506049762833,0.3079801921796862,0.7580974046070514,0.9262428843140134,0.009018629093839237,0.10098640710470136,Brain,Treatment vs Control,Brain | Treatment vs Control,0.9262428843140134,0.03327511538511664,FALSE,NS
Gene_3442,176.9644098575648,0.07783942661479783,0.2536136990094664,0.30692122278415407,0.7589033347617591,0.9269068402088451,0.006611267042072755,0.07607372848805127,Brain,Treatment vs Control,Brain | Treatment vs Control,0.9269068402088451,0.0329639129065741,FALSE,NS
Gene_0945,361.6751480269315,-0.0787749836642742,0.25726073437354935,-0.3062067899949739,0.7594472028916044,0.9272503711653718,-0.0066965943755961125,0.07721577789645656,Brain,Treatment vs Control,Brain | Treatment vs Control,0.9272503711653718,0.03280298415730255,FALSE,NS
Gene_0429,15.116160170655093,-0.1935817984093041,0.637916489863076,-0.30345946763479176,0.76153973212534265,0.928006654671064,-0.024203685017378563,0.2331579732640954,Brain,Treatment vs Control,Brain | Treatment vs Control,0.928006654671064,0.032448909474500374,FALSE,NS
Gene_2690,24.546971040173304,-0.1546681323241498,0.5078368084422403,-0.3045626661024931,0.7606992579941783,0.928006654671064,-0.017222262305045682,0.17541719933128713,Brain,Treatment vs Control,Brain | Treatment vs Control,0.928006654671064,0.032448909474500374,FALSE,NS
Gene_2613,33.29658746451216,-0.12484318398519058,0.41118074131408844,-0.3036211851416131,0.7614165096690602,0.928006654671064,-0.012438054286193866,0.134310604642639,Brain,Treatment vs Control,Brain | Treatment vs Control,0.928006654671064,0.032448909474500374,FALSE,NS
Gene_3209,131.11447790550432,0.08803035189964138,0.29021959270290326,0.30332325629633744,0.7616435245643567,0.928006654671064,0.0076299491122371,0.08811317670730921,Brain,Treatment vs Control,Brain | Treatment vs Control,0.928006654671064,0.032448909474500374,FALSE,NS
Gene_2535,122.20337202201247,-0.08531014722176543,0.2797804031413327,-0.30491823681686,0.7604284258009526,0.928006654671064,-0.007336891515980974,0.08458627122462418,Brain,Treatment vs Control,Brain | Treatment vs Control,0.928006654671064,0.032448909474500374,FALSE,NS
Gene_1930,724.7395534937511,0.05408837763260239,0.17792665907333113,0.30399254341256565,0.7611335719998407,0.928006654671064,0.005009887097819271,0.05517507766378816,Brain,Treatment vs Control,Brain | Treatment vs Control,0.928006654671064,0.032448909474500374,FALSE,NS
Gene_0264,5.391908257142309,0.2845419464473295,0.9685548630893408,0.2937798954823718,0.76892609862192,0.9285064171947852,0.040968609982750454,0.377414242545676,Brain,Treatment vs Control,Brain | Treatment vs Control,0.9285064171947852,0.03221509037045415,FALSE,NS
Gene_1154,6.006418843656357,0.2776305217617145,0.9481656833866214,0.2928080256712989,0.7696688933959807,0.9285064171947852,0.03980988766431548,0.36875759613745285,Brain,Treatment vs Control,Brain | Treatment vs Control,0.9285064171947852,0.03221509037045415,FALSE,NS
Gene_2049,7.759042942772122,0.2569938766331582,0.8799322238492981,0.292060990230507,0.7702399922297233,0.9285064171947852,0.03621957243192125,0.33956286501891503,Brain,Treatment vs Control,Brain | Treatment vs Control,0.9285064171947852,0.03221509037045415,FALSE,NS
Gene_1446,8.783558015133153,-0.22991882573890934,0.7752972685692374,-0.29655570199958287,0.7668057348141962,0.9285064171947852,-0.031167239491532373,0.29410645997668977,Brain,Treatment vs Control,Brain | Treatment vs Control,0.9285064171947852,0.03221509037045415,FALSE,NS
Gene_1753,13.426039759159456,0.21442659702615952,0.7340558165982258,0.2921121148795727,0.7702009041278697,0.9285064171947852,0.028441587863541996,0.27536517270646627,Brain,Treatment vs Control,Brain | Treatment vs Control,0.9285064171947852,0.03221509037045415,FALSE,NS
Gene_0812,11.804823097447299,-0.2093733259011592,0.6973503931236732,-0.30024121010859944,0.7639931730879547,0.9285064171947852,-0.027234341096612182,0.25960167995243677,Brain,Treatment vs Control,Brain | Treatment vs Control,0.9285064171947852,0.03221509037045415,FALSE,NS
Gene_0318,15.15430888922128,0.202134986655009,0.6952652161676833,0.29073076281477356,0.771257242036903,0.9285064171947852,0.02620543269300629,0.2579089387881965,Brain,Treatment vs Control,Brain | Treatment vs Control,0.9285064171947852,0.03221509037045415,FALSE,NS
Gene_1299,12.241996324763912,0.19459640749758558,0.6684737619768167,0.29110552809451085,0.7709706121279942,0.9285064171947852,0.02479578697698929,0.24593582541928194,Brain,Treatment vs Control,Brain | Treatment vs Control,0.9285064171947852,0.03221509037045415,FALSE,NS
Gene_3296,19.389369058830926,-0.16646661006289418,0.5708096952048854,-0.29163241525381406,0.7705676884720775,0.9285064171947852,-0.019648552311741355,0.20235009720294386,Brain,Treatment vs Control,Brain | Treatment vs Control,0.9285064171947852,0.03221509037045415,FALSE,NS
Gene_1640,18.960636850740507,-0.15527250065202097,0.5274903782359075,-0.29436082070596375,0.7684822018710146,0.9285064171947852,-0.017599630475826654,0.1834088892884527,Brain,Treatment vs Control,Brain | Treatment vs Control,0.9285064171947852,0.03221509037045415,FALSE,NS
Gene_0702,30.070587158979233,0.1382207679885869,0.4590392654010035,0.3011088122665089,0.7633315214744544,0.9285064171947852,0.014573190029147915,0.15419532788878523,Brain,Treatment vs Control,Brain | Treatment vs Control,0.9285064171947852,0.03221509037045415,FALSE,NS
Gene_1318,50.35572316262759,-0.1312939449840479,0.43943380755175165,-0.29877979965978274,0.76510806484944,0.9285064171947852,-0.01352090677721352,0.14580455059509334,Brain,Treatment vs Control,Brain | Treatment vs Control,0.9285064171947852,0.03221509037045415,FALSE,NS
Gene_0304,43.852728373110615,0.1204801322797496,0.4091304997489772,0.29447849122387704,0.7683922966803702,0.9285064171947852,0.011947977671165679,0.13306779017741527,Brain,Treatment vs Control,Brain | Treatment vs Control,0.9285064171947852,0.03221509037045415,FALSE,NS
Gene_0625,39.89175141324918,0.11131266325644877,0.37847127056328,0.29411126263502585,0.7686728849653754,0.9285064171947852,0.010626547556994988,0.12072169095639596,Brain,Treatment vs Control,Brain | Treatment vs Control,0.9285064171947852,0.03221509037045415,FALSE,NS
Gene_2181,63.18887978848271,0.10786384556486193,0.36523322099441613,0.2953286814139807,0.7677428085020376,0.9285064171947852,0.010132890347644901,0.11556766639224733,Brain,Treatment vs Control,Brain | Treatment vs Control,0.9285064171947852,0.03221509037045415,FALSE,NS
Gene_2434,73.7211392715877,-0.09672486799367047,0.32212310898060376,-0.3002729866223123,0.7639689366078809,0.9285064171947852,-0.00864536632790619,0.0994031913331255,Brain,Treatment vs Control,Brain | Treatment vs Control,0.9285064171947852,0.03221509037045415,FALSE,NS
Gene_1340,60.70437043768996,-0.09576514158725524,0.319640149140725,-0.2996029811796065,0.764480009930823,0.9285064171947852,-0.008535179668903131,0.09847335129073827,Brain,Treatment vs Control,Brain | Treatment vs Control,0.9285064171947852,0.03221509037045415,FALSE,NS
Gene_1558,89.44466490654078,-0.08986855013386859,0.2989831336736522,-0.3005806683127565,0.7637342745845329,0.9285064171947852,-0.00784545445786419,0.09109423107341125,Brain,Treatment vs Control,Brain | Treatment vs Control,0.9285064171947852,0.03221509037045415,FALSE,NS
Gene_2326,95.3127535278058,0.0806165826557311,0.274618946386252,0.29355797812414497,0.7690956901849076,0.9285064171947852,0.0068935681289962105,0.08258083116231957,Brain,Treatment vs Control,Brain | Treatment vs Control,0.9285064171947852,0.03221509037045415,FALSE,NS
Gene_2431,256.54201569177036,-0.0730340129523985,0.2427366416030086,-0.300877578556287,0.7635078482803879,0.9285064171947852,-0.0061890959004053635,0.07257685441223795,Brain,Treatment vs Control,Brain | Treatment vs Control,0.9285064171947852,0.03221509037045415,FALSE,NS
Gene_2936,171.15903518145137,-0.07009045878293252,0.2333336697955407,-0.30038724734561234,0.7638817899483734,0.9285064171947852,-0.005949034534842857,0.06974879118471075,Brain,Treatment vs Control,Brain | Treatment vs Control,0.9285064171947852,0.03221509037045415,FALSE,NS
Gene_1630,279.7229371836845,-0.06756452157997402,0.22975679366136922,-0.29406974437306554,0.7687046097242424,0.9285064171947852,-0.00573627565548036,0.06859171542123094,Brain,Treatment vs Control,Brain | Treatment vs Control,0.9285064171947852,0.03221509037045415,FALSE,NS
Gene_3112,208.35044410344887,0.06706894098410235,0.22980444418805374,0.2918522364572656,0.7703996040513527,0.9285064171947852,0.005691950462634369,0.068568004127808585,Brain,Treatment vs Control,Brain | Treatment vs Control,0.9285064171947852,0.03221509037045415,FALSE,NS
Gene_2738,267.0608243035521,0.06503158151471261,0.22031127912098547,0.29518044547778266,0.7678560390724363,0.9285064171947852,0.005554636943061153,0.06591412912079586,Brain,Treatment vs Control,Brain | Treatment vs Control,0.9285064171947852,0.03221509037045415,FALSE,NS
Gene_0152,285.2326417821081,0.06433035996466059,0.22121838350431272,0.2908002442907574,0.7712040984975416,0.9285064171947852,0.005486949986722078,0.06610005124936318,Brain,Treatment vs Control,Brain | Treatment vs Control,0.9285064171947852,0.03221509037045415,FALSE,NS
Gene_3181,767.0178124782432,-0.06323991921232101,0.21318812196540932,-0.2966390370594003,0.7667421043091738,0.9285064171947852,-0.00543953470285327,0.06396684487438956,Brain,Treatment vs Control,Brain | Treatment vs Control,0.9285064171947852,0.03221509037045415,FALSE,NS
Gene_2298,1461.9508190986335,0.0625952333030809,0.21074072595364385,0.2970248537382842,0.7664475343959463,0.9285064171947852,0.005399726816888896,0.06330872308887253,Brain,Treatment vs Control,Brain | Treatment vs Control,0.9285064171947852,0.03221509037045415,FALSE,NS
Gene_0894,448.21329570396813,-0.06202915261249593,0.2109966166113533,-0.2939817406017982,0.7687718560746051,0.9285064171947852,-0.0053467157464999904,0.06333393169587209,Brain,Treatment vs Control,Brain | Treatment vs Control,0.9285064171947852,0.03221509037045415,FALSE,NS
Gene_0518,483.7987554010758,0.06108892254027198,0.20380429641865197,0.29974305553786734,0.7643731541481664,0.9285064171947852,0.005322920356119799,0.061501927517863396,Brain,Treatment vs Control,Brain | Treatment vs Control,0.9285064171947852,0.03221509037045415,FALSE,NS
Gene_3405,271.2314804443342,-0.060679295459053366,0.20295619988283448,-0.29897729408652307,0.7649573703179033,0.9285064171947852,-0.005293727815538505,0.06126975170755781,Brain,Treatment vs Control,Brain | Treatment vs Control,0.9285064171947852,0.03221509037045415,FALSE,NS
Gene_1468,496.1815101953355,-0.05969095072991873,0.20471542719138303,-0.2915801292987814,0.7706076700712274,0.9285064171947852,-0.005187505745960945,0.0616305788385118,Brain,Treatment vs Control,Brain | Treatment vs Control,0.9285064171947852,0.03221509037045415,FALSE,NS
Gene_0194,1073.313285529982,-0.05630537020027333,0.19253709529419016,-0.2924390757751935,0.7699509351779172,0.9285064171947852,-0.005005858034312079,0.05853861785823388,Brain,Treatment vs Control,Brain | Treatment vs Control,0.9285064171947852,0.03221509037045415,FALSE,NS
Gene_1981,1061.4071782330154,0.055720090460169694,0.1908996963852135,0.29188150382247335,0.7703772258217794,0.9285064171947852,0.004971878065698014,0.05812878054725784,Brain,Treatment vs Control,Brain | Treatment vs Control,0.9285064171947852,0.03221509037045415,FALSE,NS
Gene_0503,1282.9168278413308,0.05315031436798351,0.17781450671889384,0.29890876368151786,0.7650096601896463,0.9285064171947852,0.004921666778216283,0.055097532357397595,Brain,Treatment vs Control,Brain | Treatment vs Control,0.9285064171947852,0.03221509037045415,FALSE,NS
Gene_0134,512.0058490634685,-0.05311214188672037,0.17998194160578884,-0.29509706036537225,0.7679197352778089,0.9285064171947852,-0.004882313580635771,0.05555881271694257,Brain,Treatment vs Control,Brain | Treatment vs Control,0.9285064171947852,0.03221509037045415,FALSE,NS
Gene_2244,129.01836936658032,-0.07229315628264883,0.24917421398034514,-0.29013096952460465,0.7717160440023303,0.9287421102154835,-0.006116073334242515,0.0743434034630398,Brain,Treatment vs Control,Brain | Treatment vs Control,0.9287421102154835,0.03210486260357086,FALSE,NS
Gene_2647,37.0879670285233,-0.1231027659647315,0.4272564329497297,-0.2881238443031601,0.7732519410788918,0.9290073507824318,-0.012463328564207454,0.14023751698779585,Brain,Treatment vs Control,Brain | Treatment vs Control,0.9290073507824318,0.03198084963217331,FALSE,NS
Gene_0051,78.75139652019465,0.09200549128072606,0.31845590757455444,0.2889112404334545,0.7726493017430069,0.9290073507824318,0.008171031517289705,0.09772005001473638,Brain,Treatment vs Control,Brain | Treatment vs Control,0.9290073507824318,0.03198084963217331,FALSE,NS
Gene_0070,114.98387950675586,0.07606767404188312,0.2637548210687682,0.28840297111403385,0.773038293688825,0.9290073507824318,0.006460385310662793,0.0789112104238496,Brain,Treatment vs Control,Brain | Treatment vs Control,0.9290073507824318,0.03198084963217331,FALSE,NS
Gene_2480,262.53730865523823,-0.0643054736150343,0.22237349723092592,-0.2891777770992901,0.772445337010785,0.9290073507824318,-0.0054786788340087135,0.06639957849673017,Brain,Treatment vs Control,Brain | Treatment vs Control,0.9290073507824318,0.03198084963217331,FALSE,NS
Gene_1471,483.9053255855121,-0.0543242810062919,0.18829318801011888,-0.2885090086390832,0.772957135657395,0.9290073507824318,-0.004875660093933892,0.05745625416319267,Brain,Treatment vs Control,Brain | Treatment vs Control,0.9290073507824318,0.03198084963217331,FALSE,NS
Gene_2942,85.4182875416868,-0.08059374839714926,0.28054962152487367,-0.2872709218394144,0.7739048857350588,0.9294755617450655,-0.006910612324499015,0.0844126450881994,Brain,Treatment vs Control,Brain | Treatment vs Control,0.9294755617450655,0.031762024438387805,FALSE,NS
Gene_0575,17.910792819895896,0.1858984915616856,0.6562725166767157,0.28326417279067695,0.7769743389736932,0.9298786024126794,0.023450078852831093,0.23989385996625567,Brain,Treatment vs Control,Brain | Treatment vs Control,0.9298786024126794,0.03157374579406823,FALSE,NS
Gene_3420,13.991869461444058,-0.17397680396347281,0.6134738769566813,-0.2835928480386748,0.7767224186257194,0.9298786024126794,-0.021254138770076862,0.2207990078078822,Brain,Treatment vs Control,Brain | Treatment vs Control,0.9298786024126794,0.03157374579406823,FALSE,NS
Gene_0146,34.63985184404572,-0.12406801921796878,0.437119509991416,-0.2838308892238765,0.7765399814011751,0.9298786024126794,-0.012698731653641536,0.1441362346825391,Brain,Treatment vs Control,Brain | Treatment vs Control,0.9298786024126794,0.03157374579406823,FALSE,NS
Gene_1209,42.104491012030635,0.12068811605552023,0.42454638648688814,0.2842754523344591,0.7761992966508582,0.9298786024126794,0.012168487052461985,0.13894744663362624,Brain,Treatment vs Control,Brain | Treatment vs Control,0.9298786024126794,0.03157374579406823,FALSE,NS
Gene_0682,47.498981421328835,0.10888868168174562,0.3846955228479868,0.2830515959104967,0.7771372856753942,0.9298786024126794,0.010450310136759669,0.12276230406968511,Brain,Treatment vs Control,Brain | Treatment vs Control,0.9298786024126794,0.03157374579406823,FALSE,NS
Gene_1379,67.22731530784014,0.09415182771107651,0.33209520846258117,0.28350854005677434,0.7767870360883764,0.9298786024126794,0.008479706681494283,0.1025596913120467,Brain,Treatment vs Control,Brain | Treatment vs Control,0.9298786024126794,0.03157374579406823,FALSE,NS
Gene_0445,65.8322537297105,-0.09215214115439949,0.32216453720283783,-0.2860406112805011,0.7748470171099429,0.9298786024126794,-0.008212139586855216,0.09898475271423751,Brain,Treatment vs Control,Brain | Treatment vs Control,0.9298786024126794,0.03157374579406823,FALSE,NS
Gene_2579,78.27111115258693,-0.08525826128368319,0.3002237937342258,-0.28398235937008504,0.7764238995319188,0.9298786024126794,-0.007426265582077788,0.09108045432942663,Brain,Treatment vs Control,Brain | Treatment vs Control,0.9298786024126794,0.03157374579406823,FALSE,NS
Gene_2406,116.10284896744801,-0.07336944681570653,0.25715661082735286,-0.2853103662381231,0.7754063716639231,0.9298786024126794,-0.00621238044767254,0.07674189165920661,Brain,Treatment vs Control,Brain | Treatment vs Control,0.9298786024126794,0.03157374579406823,FALSE,NS
Gene_0352,291.27470987131613,-0.06316120506773537,0.22054012456072533,-0.2863932592472262,0.7745769369311202,0.9298786024126794,-0.00538630778651902,0.06584212575431662,Brain,Treatment vs Control,Brain | Treatment vs Control,0.9298786024126794,0.03157374579406823,FALSE,NS
Gene_0262,416.07781177930264,-0.05793017039575935,0.20338739234627393,-0.28482675217710285,0.7757768754971299,0.9298786024126794,-0.005039987569817925,0.06119573092946778,Brain,Treatment vs Control,Brain | Treatment vs Control,0.9298786024126794,0.03157374579406823,FALSE,NS
Gene_0192,71.0847427226744,0.1049963525368874,0.3727711639547109,0.2816643632597175,0.7782008825301305,0.9308358117255727,0.009926017838858875,0.1180101896790083,Brain,Treatment vs Control,Brain | Treatment vs Control,0.9308358117255727,0.031126916601873632,FALSE,NS
Gene_0093,10.666469117646054,0.19380003582501343,0.7073882035647293,0.27396560311353824,0.7841110554025388,0.9310503430578468,0.02522433315401456,0.26203931090759675,Brain,Treatment vs Control,Brain | Treatment vs Control,0.9310503430578468,0.031026835537330613,FALSE,NS
Gene_1066,13.594835774852765,0.17175897354541433,0.6259410489323789,0.2744011977459712,0.7837763226565548,0.9310503430578468,0.021148801069356432,0.22573723135194093,Brain,Treatment vs Control,Brain | Treatment vs Control,0.9310503430578468,0.031026835537330613,FALSE,NS
Gene_3049,18.799870601197725,0.14908050366728798,0.5471391777874088,0.2724727267203908,0.7852585591510117,0.9310503430578468,0.01714389513463714,0.19074234715703414,Brain,Treatment vs Control,Brain | Treatment vs Control,0.9310503430578468,0.031026835537330613,FALSE,NS
Gene_0581,23.540828636901217,0.14884921587720076,0.5369303498231123,0.2772225781728264,0.7816092039063933,0.9310503430578468,0.01696607136571965,0.18654262169900485,Brain,Treatment vs Control,Brain | Treatment vs Control,0.9310503430578468,0.031026835537330613,FALSE,NS
Gene_1715,18.956097061174393,-0.1459113111314644,0.5286767562674436,-0.2759934296367131,0.7825531127116707,0.9310503430578468,-0.01649166770008143,0.18286684523770244,Brain,Treatment vs Control,Brain | Treatment vs Control,0.9310503430578468,0.031026835537330613,FALSE,NS
Gene_3183,23.41526164386826,-0.13445806196873172,0.48774825111946946,-0.27567102836376434,0.7828007496940476,0.9310503430578468,-0.01455873034748386,0.16514544714225787,Brain,Treatment vs Control,Brain | Treatment vs Control,0.9310503430578468,0.031026835537330613,FALSE,NS
Gene_0569,26.339369781873607,-0.12370068156444683,0.45033079608064724,-0.2746884793157561,0.7835555829907871,0.9310503430578468,-0.012835090861304261,0.14923570127294924,Brain,Treatment vs Control,Brain | Treatment vs Control,0.9310503430578468,0.031026835537330613,FALSE,NS
Gene_1940,28.711103474109375,0.11848267002704664,0.433831221368708,0.2731077529488124,0.7847703872124243,0.9310503430578468,0.012051591543005299,0.14229455560687687,Brain,Treatment vs Control,Brain | Treatment vs Control,0.9310503430578468,0.031026835537330613,FALSE,NS
Gene_1557,42.95444914278634,-0.1175333702293815,0.4226909394856474,-0.2780598287070035,0.7809664321778513,0.9310503430578468,-0.011807818122054222,0.13791468251202943,Brain,Treatment vs Control,Brain | Treatment vs Control,0.9310503430578468,0.031026835537330613,FALSE,NS
Gene_0069,34.01548738019853,0.11127701985473748,0.40638425501357534,0.2738221731819316,0.7842212828957243,0.9310503430578468,0.010948538100654527,0.13109280407630367,Brain,Treatment vs Control,Brain | Treatment vs Control,0.9310503430578468,0.031026835537330613,FALSE,NS
Gene_2725,41.77097361759944,0.10433951635198938,0.3838189421979342,0.27184566700770546,0.785740689778928,0.9310503430578468,0.009979158418267606,0.12199611201771064,Brain,Treatment vs Control,Brain | Treatment vs Control,0.9310503430578468,0.031026835537330613,FALSE,NS
Gene_2694,69.57738044396814,-0.09493158396341642,0.34856877402933634,-0.27234678214585784,0.7853553881993208,0.9310503430578468,-0.008696587435880067,0.10837676442446628,Brain,Treatment vs Control,Brain | Treatment vs Control,0.9310503430578468,0.031026835537330613,FALSE,NS
Gene_1187,68.09943946457814,0.09125970406463331,0.3365894937595737,0.2711305782165032,0.7862906040777398,0.9310503430578468,0.008241019240872846,0.10384944279412228,Brain,Treatment vs Control,Brain | Treatment vs Control,0.9310503430578468,0.031026835537330613,FALSE,NS
Gene_2667,83.5551228303807,0.08994927481437366,0.33007586904342595,0.2725109080983427,0.7852292050970763,0.9310503430578468,0.0080645445323189,0.1014831900553152,Brain,Treatment vs Control,Brain | Treatment vs Control,0.9310503430578468,0.031026835537330613,FALSE,NS
Gene_0321,69.9512261397996,-0.08408317209414799,0.3088858960642377,-0.27221434570344244,0.7854572119255854,0.9310503430578468,-0.007368674654881505,0.09382095673308084,Brain,Treatment vs Control,Brain | Treatment vs Control,0.9310503430578468,0.031026835537330613,FALSE,NS
Gene_2869,147.04799875932594,0.07939412002888872,0.29247406657770153,0.27145695670694997,0.7860396007465632,0.9310503430578468,0.0068510425329717725,0.08807991822807108,Brain,Treatment vs Control,Brain | Treatment vs Control,0.9310503430578468,0.031026835537330613,FALSE,NS
Gene_0500,128.32644966892605,-0.0690914402425612,0.24987494144788747,-0.27650407776872066,0.7821609280846111,0.9310503430578468,-0.005831731675367386,0.07429938475159298,Brain,Treatment vs Control,Brain | Treatment vs Control,0.9310503430578468,0.031026835537330613,FALSE,NS
Gene_0509,249.72284644702495,0.06650718837324081,0.24329138659997795,0.27336433608557037,0.7845731647369211,0.9310503430578468,0.005608915790297576,0.07223756714342972,Brain,Treatment vs Control,Brain | Treatment vs Control,0.9310503430578468,0.031026835537330613,FALSE,NS
Gene_1035,1442.244215405943,0.06299411067179274,0.22847330789672787,0.2757175936729847,0.782764981438007,0.9310503430578468,0.005335491841779227,0.06792148220343591,Brain,Treatment vs Control,Brain | Treatment vs Control,0.9310503430578468,0.031026835537330613,FALSE,NS
Gene_0814,345.8682377492691,0.06116297436436691,0.22033363051547844,0.2775925500854043,0.7813251516409223,0.9310503430578468,0.0052096486050601165,0.06565262420389122,Brain,Treatment vs Control,Brain | Treatment vs Control,0.9310503430578468,0.031026835537330613,FALSE,NS
Gene_0480,3241.817387504161,-0.0598578412823204,0.21808883122118375,-0.2744654136901358,0.7837269792890942,0.9310503430578468,-0.005105931881294989,0.06498653908877443,Brain,Treatment vs Control,Brain | Treatment vs Control,0.9310503430578468,0.031026835537330613,FALSE,NS
Gene_3172,2522.005005010354,0.05909904601982169,0.21746171868967978,0.2717675845474056,0.7858007312001543,0.9310503430578468,0.005042108282949906,0.06477618218847288,Brain,Treatment vs Control,Brain | Treatment vs Control,0.9310503430578468,0.031026835537330613,FALSE,NS
Gene_1156,311.23381146296987,0.057428841881347975,0.20692708092673914,0.27753178377691506,0.7813718040126851,0.9310503430578468,0.004964623523538267,0.06202600619551737,Brain,Treatment vs Control,Brain | Treatment vs Control,0.9310503430578468,0.031026835537330613,FALSE,NS
Gene_3362,885.8209975562968,-0.05772404329789519,0.21289269309166742,-0.27114149602607707,0.7862822073117226,0.9310503430578468,-0.004947739594238295,0.06352741171929777,Brain,Treatment vs Control,Brain | Treatment vs Control,0.9310503430578468,0.031026835537330613,FALSE,NS
Gene_2488,1077.3129034597275,0.056874993856918604,0.20439315391620302,0.27826271461242863,0.7808106956620441,0.9310503430578468,0.004935785751273465,0.061373174155269196,Brain,Treatment vs Control,Brain | Treatment vs Control,0.9310503430578468,0.031026835537330613,FALSE,NS
Gene_1570,2093.7257131238457,-0.056612250115171556,0.20569569438046068,-0.27522331123985466,0.7831446785015781,0.9310503430578468,-0.0049012018834296124,0.061673886462742834,Brain,Treatment vs Control,Brain | Treatment vs Control,0.9310503430578468,0.031026835537330613,FALSE,NS
Gene_1295,1283.7194416186583,0.05435944746751525,0.19837444035513294,0.274024452798456,0.7840658300200254,0.9310503430578468,0.004763649741315861,0.05978051078703602,Brain,Treatment vs Control,Brain | Treatment vs Control,0.9310503430578468,0.031026835537330613,FALSE,NS
Gene_2830,16661.228542701694,-0.052881801260092065,0.18935060544975554,-0.27927981077474995,0.7800300987915649,0.9310503430578468,-0.004728253034407472,0.05761100960045745,Brain,Treatment vs Control,Brain | Treatment vs Control,0.9310503430578468,0.031026835537330613,FALSE,NS
Gene_0210,3449.117607097048,0.050328246017000096,0.18533856824258593,0.2715476141540409,0.7859698840395807,0.9310503430578468,0.004542277162820841,0.05657285211368785,Brain,Treatment vs Control,Brain | Treatment vs Control,0.9310503430578468,0.031026835537330613,FALSE,NS
Gene_2331,5979.366784779754,0.04496212947974088,0.16507267312881885,0.272377787476995,0.7853315502885695,0.9310503430578468,0.004355682187280812,0.052065020087117116,Brain,Treatment vs Control,Brain | Treatment vs Control,0.9310503430578468,0.031026835537330613,FALSE,NS
Gene_3024,29.77042334930134,-0.13674938124005492,0.5065917988331021,-0.26993998235867084,0.7872064270692845,0.9318222909760789,-0.015090902047676966,0.1729553412111205,Brain,Treatment vs Control,Brain | Treatment vs Control,0.9318222909760789,0.030666904606713733,FALSE,NS
Gene_2509,10.158685522822296,-0.19851264615790484,0.7442705291167098,-0.26672108916296466,0.7896839151617391,0.9329805500920877,-0.026341599410968,0.27789159492243315,Brain,Treatment vs Control,Brain | Treatment vs Control,0.9329805500920877,0.030127409925232843,FALSE,NS
Gene_0963,9.903310544354412,-0.19233621116075283,0.7197105306204645,-0.267241068426412,0.7892835575722518,0.9329805500920877,-0.02518202756896758,0.26702352763594134,Brain,Treatment vs Control,Brain | Treatment vs Control,0.9329805500920877,0.030127409925232843,FALSE,NS
Gene_1904,27.47754329888607,0.1443411037052499,0.5407238670187748,0.26694050791776525,0.7895149671010676,0.9329805500920877,0.0164777960431559,0.1876217619456166,Brain,Treatment vs Control,Brain | Treatment vs Control,0.9329805500920877,0.030127409925232843,FALSE,NS
Gene_1998,60.41552494331373,0.10938854687026837,0.41099616932950694,0.26615466282501665,0.790120097824093,0.9329805500920877,0.010806709973172762,0.1326555602203803,Brain,Treatment vs Control,Brain | Treatment vs Control,0.9329805500920877,0.030127409925232843,FALSE,NS
Gene_1011,62.673020836548496,-0.08469967455637374,0.3178060433909912,-0.2665137316226841,0.7898435854155503,0.9329805500920877,-0.007483328412949163,0.09685228175196667,Brain,Treatment vs Control,Brain | Treatment vs Control,0.9329805500920877,0.030127409925232843,FALSE,NS
Gene_1333,121.82892154384905,-0.06900099893915707,0.25896164202939687,-0.26645258501768454,0.7898906714454417,0.9329805500920877,-0.005826488712743115,0.07693872826791714,Brain,Treatment vs Control,Brain | Treatment vs Control,0.9329805500920877,0.030127409925232843,FALSE,NS
Gene_0774,275.66586589109266,-0.06216727672047326,0.23377949242549084,-0.26592271236232123,0.7902987327458041,0.9329805500920877,-0.005245762352544096,0.06929829314546558,Brain,Treatment vs Control,Brain | Treatment vs Control,0.9329805500920877,0.030127409925232843,FALSE,NS
Gene_2365,1080.3924644105903,0.0510052550830695,0.19097866282365217,0.2670730558531937,0.7894129126308274,0.9329805500920877,0.004535892157960197,0.057875007320750106,Brain,Treatment vs Control,Brain | Treatment vs Control,0.9329805500920877,0.030127409925232843,FALSE,NS
Gene_1905,11.24869635337997,0.18966117772687865,0.7163238957815224,0.2647701393794142,0.7911865414811234,0.9337164699097082,0.024771581258990268,0.2653353699060444,Brain,Treatment vs Control,Brain | Treatment vs Control,0.9337164699097082,0.02978498056572863,FALSE,NS
Gene_3197,4.831636066502654,0.3084876514395999,1.1925778259521493,0.2586729727205053,0.7958875746097361,0.9345903605695405,0.04475879818112429,0.46263850300169485,Brain,Treatment vs Control,Brain | Treatment vs Control,0.9345903605695405,0.02937870263232003,FALSE,NS
Gene_0949,5.547119050566788,-0.25847199326513487,0.999130585144359,-0.25869690820023256,0.7958691052789019,0.9345903605695405,-0.03717371532428385,0.38672051294100046,Brain,Treatment vs Control,Brain | Treatment vs Control,0.9345903605695405,0.02937870263232003,FALSE,NS
Gene_0936,7.0451622057838295,-0.2297935749529075,0.8878273000975171,-0.2588268855076516,0.7957688129045211,0.9345903605695405,-0.032265184948072116,0.33997513791857586,Brain,Treatment vs Control,Brain | Treatment vs Control,0.9345903605695405,0.02937870263232003,FALSE,NS
Gene_1695,12.911115865014288,0.2025499458398876,0.7887277940529696,0.25680589344907084,0.7973286203045274,0.9345903605695405,0.027415041947774388,0.29676090656051085,Brain,Treatment vs Control,Brain | Treatment vs Control,0.9345903605695405,0.02937870263232003,FALSE,NS
Gene_2492,17.97707606346616,-0.15495345648812023,0.5904483507689541,-0.2624335494989882,0.7929872100442048,0.9345903605695405,-0.018492924031392747,0.20922500851582101,Brain,Treatment vs Control,Brain | Treatment vs Control,0.9345903605695405,0.02937870263232003,FALSE,NS
Gene_0502,27.68031920621248,-0.13098326223381598,0.5008709798194321,-0.2615109828903173,0.793698481006891,0.9345903605695405,-0.014342548177936499,0.17006306933497334,Brain,Treatment vs Control,Brain | Treatment vs Control,0.9345903605695405,0.02937870263232003,FALSE,NS
Gene_0667,21.455177232337935,-0.12646486193741932,0.4914063264090424,-0.25735293817147775,0.7969063294602041,0.9345903605695405,-0.013696141838876207,0.16580662848707872,Brain,Treatment vs Control,Brain | Treatment vs Control,0.9345903605695405,0.02937870263232003,FALSE,NS
Gene_2840,27.982390010346222,-0.11641399205200983,0.44986217563037817,-0.25877701740290227,0.7958072914581402,0.9345903605695405,-0.01203280029914179,0.14833259027193074,Brain,Treatment vs Control,Brain | Treatment vs Control,0.9345903605695405,0.02937870263232003,FALSE,NS
Gene_2008,45.47973115905367,0.09209387231955582,0.3573231344498961,0.25773274507214766,0.7966131727094298,0.9345903605695405,0.0085014483021454,0.11123704950476102,Brain,Treatment vs Control,Brain | Treatment vs Control,0.9345903605695405,0.02937870263232003,FALSE,NS
Gene_1432,58.49149229012768,-0.09205204658882861,0.35210106979082056,-0.26143642972603215,0.7937559667449363,0.9345903605695405,-0.00845022554003383,0.10936993610316095,Brain,Treatment vs Control,Brain | Treatment vs Control,0.9345903605695405,0.02937870263232003,FALSE,NS
Gene_2809,110.2496115946497,-0.08200680086807496,0.3189552103301786,-0.25711071088377113,0.7970933093425588,0.9345903605695405,-0.007241427868251392,0.0970144785013215,Brain,Treatment vs Control,Brain | Treatment vs Control,0.9345903605695405,0.02937870263232003,FALSE,NS
Gene_1878,162.76737684889582,-0.0666116251648183,0.2549910511827853,-0.26123122696203593,0.7939141983071558,0.9345903605695405,-0.005613383088673822,0.0755993496430239,Brain,Treatment vs Control,Brain | Treatment vs Control,0.9345903605695405,0.02937870263232003,FALSE,NS
Gene_0871,134.55281131471563,0.0663956799440899,0.2571265733718355,0.25822177409906943,0.7962357543222958,0.9345903605695405,0.005595597169785364,0.07620919542097747,Brain,Treatment vs Control,Brain | Treatment vs Control,0.9345903605695405,0.02937870263232003,FALSE,NS
Gene_0723,153.26694500292487,-0.06390832001216333,0.24588699305439798,-0.25990931532529166,0.7949337255627953,0.9345903605695405,-0.005377818753755816,0.07278772027850024,Brain,Treatment vs Control,Brain | Treatment vs Control,0.9345903605695405,0.02937870263232003,FALSE,NS
Gene_1097,142.41484605883943,-0.06201712030370195,0.24168520068048843,-0.25660288726445246,0.7974853459065493,0.9345903605695405,-0.005216793915636956,0.07147367342133357,Brain,Treatment vs Control,Brain | Treatment vs Control,0.9345903605695405,0.02937870263232003,FALSE,NS
Gene_0947,615.7429247851336,-0.0575706248949316,0.22020991484538674,-0.2614352080166461,0.7937569087782105,0.9345903605695405,-0.0048924457451871755,0.06538764542825046,Brain,Treatment vs Control,Brain | Treatment vs Control,0.9345903605695405,0.02937870263232003,FALSE,NS
Gene_1024,1525.9738386254555,-0.05486985593698334,0.21193413081978366,-0.2589005165177545,0.7957119996467921,0.9345903605695405,-0.004700319621647929,0.06311138268611587,Brain,Treatment vs Control,Brain | Treatment vs Control,0.9345903605695405,0.02937870263232003,FALSE,NS
Gene_1357,360.14800399662903,0.054765539408262995,0.2133877895289201,0.2566479531427955,0.7974505532715466,0.9345903605695405,0.004682042454279311,0.06347072919352686,Brain,Treatment vs Control,Brain | Treatment vs Control,0.9345903605695405,0.02937870263232003,FALSE,NS
Gene_0389,492.97062683211607,0.053691384892051885,0.20719940359065128,0.2591290513467212,0.7955356704050379,0.9345903605695405,0.004628044505910941,0.06186665138013072,Brain,Treatment vs Control,Brain | Treatment vs Control,0.9345903605695405,0.02937870263232003,FALSE,NS
Gene_2776,5250.621813545468,-0.04795324898758375,0.18375417585363063,-0.26096413191600554,0.7941201676256149,0.9345903605695405,-0.004341647445720999,0.05609929770895222,Brain,Treatment vs Control,Brain | Treatment vs Control,0.9345903605695405,0.02937870263232003,FALSE,NS
Gene_1540,1439.3193738303387,-0.04499056286211938,0.17476638953116075,-0.2574325817613666,0.7968448535935728,0.9345903605695405,-0.004189519153923343,0.054031712418588465,Brain,Treatment vs Control,Brain | Treatment vs Control,0.9345903605695405,0.02937870263232003,FALSE,NS
Gene_1284,34.398961575112786,-0.10971728405687159,0.43011180613481076,-0.25509014747314956,0.7986534736830175,0.9350283208139041,-0.011069478787420537,0.1400102576754733,Brain,Treatment vs Control,Brain | Treatment vs Control,0.9350283208139041,0.02917523470295764,FALSE,NS
Gene_3411,42.72413030884523,0.10647524859649492,0.41662357213247025,0.25556702913257123,0.7982851800038396,0.9350283208139041,0.010569102246157246,0.13452498763894002,Brain,Treatment vs Control,Brain | Treatment vs Control,0.9350283208139041,0.02917523470295764,FALSE,NS
Gene_2043,852.0704394487316,0.04516445434149486,0.1768579290535794,0.255371385287522,0.7984362694888308,0.9350283208139041,0.0041746965119393124,0.05447853311672597,Brain,Treatment vs Control,Brain | Treatment vs Control,0.9350283208139041,0.02917523470295764,FALSE,NS
Gene_3128,7.151222640970179,0.21936399372389445,0.8661744110989383,0.2532561466986557,0.8000702814903957,0.9352085051627343,0.030567801394133697,0.3302066921454917,Brain,Treatment vs Control,Brain | Treatment vs Control,0.9352085051627343,0.02909155217935685,FALSE,NS
Gene_3346,7.61965327700642,-0.213881446506414,0.8402947465069553,-0.2545314574385997,0.7990850046104208,0.9352085051627343,-0.029547091792295956,0.319113919125397,Brain,Treatment vs Control,Brain | Treatment vs Control,0.9352085051627343,0.02909155217935685,FALSE,NS
Gene_0944,9.15661752693281,-0.19800959957180803,0.7821003646722637,-0.2531767130102071,0.8001316607467065,0.9352085051627343,-0.026702832164396676,0.29357059328355717,Brain,Treatment vs Control,Brain | Treatment vs Control,0.9352085051627343,0.02909155217935685,FALSE,NS
Gene_2724,15.85447446137958,0.15464459076590983,0.6085337597431797,0.2541265596031594,0.7993977851508369,0.9352085051627343,0.018705722645346128,0.21672299680756055,Brain,Treatment vs Control,Brain | Treatment vs Control,0.9352085051627343,0.02909155217935685,FALSE,NS
Gene_1255,1349.331539033404,0.042559412239458944,0.16776191471926272,0.2536893567928037,0.7997355571802202,0.9352085051627343,0.004068936403560593,0.05249008710557177,Brain,Treatment vs Control,Brain | Treatment vs Control,0.9352085051627343,0.02909155217935685,FALSE,NS
Gene_1208,34.59691634452936,-0.10421077623991043,0.4124324558419103,-0.2526735584550007,0.8005204822838943,0.935353349749977,-0.010285608160994445,0.1327183817944258,Brain,Treatment vs Control,Brain | Treatment vs Control,0.935353349749977,0.02902429409330795,FALSE,NS
Gene_3020,1635.3976936895733,-0.044802675037730576,0.17832540355250226,-0.251241125185733,0.8016276906936328,0.936337206695077,-0.004119485514161461,0.05477211987181595,Brain,Treatment vs Control,Brain | Treatment vs Control,0.936337206695077,0.028567718961139868,FALSE,NS
Gene_1629,20.127990429289238,0.13308241693729475,0.5313361561446304,0.25046745906196066,0.8022258667396364,0.9364163753579028,0.015003893181825935,0.1826574162202196,Brain,Treatment vs Control,Brain | Treatment vs Control,0.9364163753579028,0.028531000287893304,FALSE,NS
Gene_1819,2746.3402551629074,-0.05029537209687264,0.20061593091446062,-0.2507047763735063,0.8020423675856799,0.9364163753579028,-0.00437641944888433,0.060081626369970595,Brain,Treatment vs Control,Brain | Treatment vs Control,0.9364163753579028,0.028531000287893304,FALSE,NS
Gene_1679,349.4754328460981,0.048115917118416174,0.1925311389914888,0.2499123901227387,0.8026551012685461,0.9366077867082738,0.004255012815317147,0.058075447684639125,Brain,Treatment vs Control,Brain | Treatment vs Control,0.9366077867082738,0.02844223593000325,FALSE,NS
Gene_2130,70.64428589826319,-0.09019979874059189,0.3621444308087626,-0.24907134023613814,0.803305598147959,0.9370571744500968,-0.008361787309212589,0.11280705003800665,Brain,Treatment vs Control,Brain | Treatment vs Control,0.9370571744500968,0.028233909869264648,FALSE,NS
Gene_3398,222.06762188830092,0.05769042684885948,0.23245043998617856,0.24818377135483044,0.8039922222040055,0.9375483938581054,0.0048574080535219236,0.0686448677665996,Brain,Treatment vs Control,Brain | Treatment vs Control,0.9375483938581054,0.028006305847606654,FALSE,NS
Gene_1450,331.8071411329278,0.04886737110348446,0.19738730882787955,0.24757098819406106,0.8044663600879802,0.9377915871477908,0.004276286856278234,0.05924130683499606,Brain,Treatment vs Control,Brain | Treatment vs Control,0.9377915871477908,0.027893667600240275,FALSE,NS
Gene_0336,127.5139187288279,-0.067057989437003293,0.27149150045921217,-0.24699848549062708,0.8049093961724748,0.9379983755396067,-0.005675915262489993,0.08056188881904973,Brain,Treatment vs Control,Brain | Treatment vs Control,0.9379983755396067,0.027797913747583475,FALSE,NS
Gene_2834,7.495323152441348,0.22149409530774447,0.9096610427874877,0.2434908002974568,0.807625210999713,0.9382982534355164,0.03120856037831454,0.3480179738387249,Brain,Treatment vs Control,Brain | Treatment vs Control,0.9382982534355164,0.027659092076706866,FALSE,NS
Gene_3191,7.869947188639205,-0.21606307193152818,0.8945998003109679,-0.2415192490054474,0.8091526994367453,0.9382982534355164,-0.0303093950394809,0.3414506878431099,Brain,Treatment vs Control,Brain | Treatment vs Control,0.9382982534355164,0.027659092076706866,FALSE,NS
Gene_3463,7.750952869271126,0.205562496249069,0.8383581633811814,0.24519651054629815,0.8063042781192281,0.9382982534355164,0.028332894644147198,0.317539577704268,Brain,Treatment vs Control,Brain | Treatment vs Control,0.9382982534355164,0.027659092076706866,FALSE,NS
Gene_2932,26.503165783751978,-0.1258952268305607,0.520479430972331,-0.24188319333843833,0.808870673278436,0.9382982534355164,-0.014016497372311953,0.17753818347594114,Brain,Treatment vs Control,Brain | Treatment vs Control,0.9382982534355164,0.027659092076706866,FALSE,NS
Gene_0359,65.19522468005853,-0.07700947376831181,0.31777967452453854,-0.24233605841384687,0.8085197757152215,0.9382982534355164,-0.006773610286853958,0.0962189600745853,Brain,Treatment vs Control,Brain | Treatment vs Control,0.9382982534355164,0.027659092076706866,FALSE,NS
Gene_0828,149.9785621584919,-0.07376741648086038,0.30439899804793985,-0.24233790831743388,0.8085183424165326,0.9382982534355164,-0.006401240309915975,0.09150988182850316,Brain,Treatment vs Control,Brain | Treatment vs Control,0.9382982534355164,0.027659092076706866,FALSE,NS
Gene_0943,92.78641413254614,0.06664682740574614,0.27160267779931274,0.2453835431438253,0.8061594702292392,0.9382982534355164,0.00563998191933256,0.08056677018975589,Brain,Treatment vs Control,Brain | Treatment vs Control,0.9382982534355164,0.027659092076706866,FALSE,NS
Gene_3043,136.5719041154814,0.06635082954400562,0.27116666067269596,0.24468653107799454,0.806699157727611,0.9382982534355164,0.005612941594325065,0.08041270783528123,Brain,Treatment vs Control,Brain | Treatment vs Control,0.9382982534355164,0.027659092076706866,FALSE,NS
Gene_0584,124.28338257772143,-0.06361371829610568,0.26089426101402857,-0.2438295041403195,0.8073628688376918,0.9382982534355164,-0.0053553492446617515,0.07712860521691633,Brain,Treatment vs Control,Brain | Treatment vs Control,0.9382982534355164,0.027659092076706866,FALSE,NS
Gene_2999,170.8097205045573,-0.06252601065693879,0.25486162311377036,-0.2453331729313642,0.806198468147356,0.9382982534355164,-0.005255561085705317,0.07527814924798691,Brain,Treatment vs Control,Brain | Treatment vs Control,0.9382982534355164,0.027659092076706866,FALSE,NS
Gene_1258,193.7609952063034,-0.058536451226548776,0.2420797942348189,-0.24180643168329882,0.808930155021362,0.9382982534355164,-0.004912886882484721,0.0713572237749608,Brain,Treatment vs Control,Brain | Treatment vs Control,0.9382982534355164,0.027659092076706866,FALSE,NS
Gene_1457,495.530530425306,-0.058208883316060334,0.23803630769437448,-0.2445378349205338,0.806814303176102,0.9382982534355164,-0.00489033985278585,0.07020926093366334,Brain,Treatment vs Control,Brain | Treatment vs Control,0.9382982534355164,0.027659092076706866,FALSE,NS
Gene_2624,1730.380200967699,-0.05798153125098464,0.23884363399316555,-0.2427593747491037,0.808191808490107,0.9382982534355164,-0.004869199931071578,0.07041880161555651,Brain,Treatment vs Control,Brain | Treatment vs Control,0.9382982534355164,0.027659092076706866,FALSE,NS
Gene_3487,324.5741294033268,0.04922622821738217,0.20166151807102561,0.2441032314357794,0.8071508699158844,0.9382982534355164,0.004272127813122918,0.060273887822428436,Brain,Treatment vs Control,Brain | Treatment vs Control,0.9382982534355164,0.027659092076706866,FALSE,NS
Gene_1200,1797.2209654952655,-0.04627771635250887,0.190229870597461,-0.24327260596436817,0.8077942243015063,0.9382982534355164,-0.00411138447150961,0.0574578840285596,Brain,Treatment vs Control,Brain | Treatment vs Control,0.9382982534355164,0.027659092076706866,FALSE,NS
Gene_0233,7.438144708238132,-0.1905921045291548,0.7955295716672406,-0.23957890607349658,0.8106567190959292,0.938384439304679,-0.02579748741446855,0.2984558667501635,Brain,Treatment vs Control,Brain | Treatment vs Control,0.938384439304679,0.027619202491145668,FALSE,NS
Gene_3421,17.68402050101389,0.13006629137505343,0.5399816372445179,0.24087169341307804,0.8096545616718989,0.938384439304679,0.014762344606528035,0.1859228480689523,Brain,Treatment vs Control,Brain | Treatment vs Control,0.938384439304679,0.027619202491145668,FALSE,NS
Gene_1708,26.320607438663917,-0.10799959679939365,0.4504472468860529,-0.23976081005266683,0.8105156899205579,0.938384439304679,-0.011129794450159398,0.1477861462124826,Brain,Treatment vs Control,Brain | Treatment vs Control,0.938384439304679,0.027619202491145668,FALSE,NS
Gene_3160,30.397708640422096,0.10614360157205248,0.44189364820759086,0.2402016910688628,0.8101739027708925,0.938384439304679,0.010829782004531524,0.14426669494709668,Brain,Treatment vs Control,Brain | Treatment vs Control,0.938384439304679,0.027619202491145668,FALSE,NS
Gene_0063,116.33498813192718,0.06302823480915838,0.2618863244589727,0.24067020276590437,0.809810734971468,0.938384439304679,0.0053053988217419785,0.0773842033852409,Brain,Treatment vs Control,Brain | Treatment vs Control,0.938384439304679,0.027619202491145668,FALSE,NS
Gene_1217,2513.7345165630536,0.047979246701041284,0.20044277997536375,0.23936630048205465,0.8108215588554447,0.938384439304679,0.004170504484207788,0.05991729546919688,Brain,Treatment vs Control,Brain | Treatment vs Control,0.938384439304679,0.027619202491145668,FALSE,NS
Gene_0024,177.33949334877275,0.05490771589105954,0.2305290318225243,0.23818134946808325,0.8117404418874024,0.9391400721836232,0.004620364601340262,0.06795472688365242,Brain,Treatment vs Control,Brain | Treatment vs Control,0.9391400721836232,0.027269628138980866,FALSE,NS
Gene_1051,52.88622348909075,-0.08325899004327376,0.35149524565016455,-0.236870885377891,0.8127569573782889,0.9400081285629669,-0.007602655680149049,0.10841650379631168,Brain,Treatment vs Control,Brain | Treatment vs Control,0.9400081285629669,0.026868390895217385,FALSE,NS
Gene_2410,551.9633573051121,0.04511740531146195,0.19097295330846586,0.23625023611896925,0.8132384997875177,0.9402570866894974,0.003998129202715102,0.05756969651492839,Brain,Treatment vs Control,Brain | Treatment vs Control,0.9402570866894974,0.02675338462872697,FALSE,NS
Gene_0529,6.878981469880996,-0.21914553754059862,0.9389156161699028,-0.2334028040076211,0.8154486360159527,0.9409637692066434,-0.031048359425052893,0.35955955425391484,Brain,Treatment vs Control,Brain | Treatment vs Control,0.9409637692066434,0.02642709829065197,FALSE,NS
Gene_3466,9.668450128254992,-0.20745599296749864,0.8880968436750638,-0.23359613812950616,0.8152985261391487,0.9409637692066434,-0.029011503783682467,0.33805811700342503,Brain,Treatment vs Control,Brain | Treatment vs Control,0.9409637692066434,0.02642709829065197,FALSE,NS
Gene_1090,35.18888282800128,0.11022013391844905,0.47003956496645927,0.23449118358007598,0.8146036769013824,0.9409637692066434,0.011606570756171457,0.1557447157499855,Brain,Treatment vs Control,Brain | Treatment vs Control,0.9409637692066434,0.02642709829065197,FALSE,NS
Gene_2332,47.151221005480544,-0.08295871040630616,0.35414609769016786,-0.23424996335519227,0.8147909286900485,0.9409637692066434,-0.007595877997523218,0.10933898525656637,Brain,Treatment vs Control,Brain | Treatment vs Control,0.9409637692066434,0.02642709829065197,FALSE,NS
Gene_0073,150.13448174623343,-0.06900490855282947,0.2955436050617357,-0.23348469522260554,0.8153850526194535,0.9409637692066434,-0.005930749931926419,0.08827075594941443,Brain,Treatment vs Control,Brain | Treatment vs Control,0.9409637692066434,0.02642709829065197,FALSE,NS
Gene_0843,575.1862966554136,-0.04704129277493464,0.20137994755862162,-0.23359472154615066,0.8152996259883927,0.9409637692066434,-0.0040794627707936345,0.06009281085674104,Brain,Treatment vs Control,Brain | Treatment vs Control,0.9409637692066434,0.02642709829065197,FALSE,NS
Gene_2994,22.625974293389934,-0.1503755486142713,0.6459974351969717,-0.232780411223181,0.8159319246992021,0.9411051123487002,-0.018649236885072265,0.23202630924345044,Brain,Treatment vs Control,Brain | Treatment vs Control,0.9411051123487002,0.026361867365931702,FALSE,NS
Gene_2175,211.55332825162358,-0.056441301509013296,0.24269711612399864,-0.23255859983180166,0.8161041784230303,0.9411051123487002,-0.004730520528503411,0.07140053803793157,Brain,Treatment vs Control,Brain | Treatment vs Control,0.9411051123487002,0.026361867365931702,FALSE,NS
Gene_2531,8.732269454610332,-0.1869484956170313,0.8068319691888592,-0.2317068519297496,0.816765709135484,0.9413293914671641,-0.025394400182711142,0.3028293614259846,Brain,Treatment vs Control,Brain | Treatment vs Control,0.9413293914671641,0.026258380966996245,FALSE,NS
Gene_2780,22.978497030238277,-0.11423523975174127,0.4931974744669067,-0.23162170462291448,0.816831848047406,0.9413293914671641,-0.012335558603992951,0.1653974886151734,Brain,Treatment vs Control,Brain | Treatment vs Control,0.9413293914671641,0.026258380966996245,FALSE,NS
Gene_2247,7.276499649570485,0.19483112744106768,0.8454883829634945,0.23043619683829514,0.817752836847783,0.941468949106463,0.026859062867831653,0.31951897168025506,Brain,Treatment vs Control,Brain | Treatment vs Control,0.941468949106463,0.026193999018637965,FALSE,NS
Gene_1321,20.219189555055287,-0.13448938825851564,0.5829729839831813,-0.23069574740773174,0.8175511775019284,0.941468949106463,-0.015853167720801472,0.20415455729866502,Brain,Treatment vs Control,Brain | Treatment vs Control,0.941468949106463,0.026193999018637965,FALSE,NS
Gene_1427,120.93005781661883,-0.060639830984893,0.2626434770178427,-0.2308826842890655,0.8174059432685308,0.941468949106463,-0.005098258168064044,0.07745264751977082,Brain,Treatment vs Control,Brain | Treatment vs Control,0.941468949106463,0.026193999018637965,FALSE,NS
Gene_1583,11.356921112753295,-0.17191686068766773,0.7491855635730176,-0.2294716676970675,0.8185023390463125,0.9417308714371889,-0.02272153908993264,0.2774104326642195,Brain,Treatment vs Control,Brain | Treatment vs Control,0.9417308714371889,0.026073192482428578,FALSE,NS
Gene_0700,401.5671805141863,-0.04739970580687104,0.20657338176884713,-0.2294569871538952,0.8185137480715754,0.9417308714371889,-0.0040743642368786855,0.06136807099157756,Brain,Treatment vs Control,Brain | Treatment vs Control,0.9417308714371889,0.026073192482428578,FALSE,NS
Gene_2083,89.5076300411902,-0.07087300751856897,0.3098978707273719,-0.22869794927025638,0.8191036887991444,0.9421026466285924,-0.006169240663481685,0.09311817869337383,Brain,Treatment vs Control,Brain | Treatment vs Control,0.9421026466285924,0.025901776150058627,FALSE,NS
Gene_1724,38.442032915614824,0.09866599466327339,0.4351318526680874,0.22674964854511456,0.8206184184924209,0.9435374912721387,0.00996191241724443,0.14098577165940257,Brain,Treatment vs Control,Brain | Treatment vs Control,0.9435374912721387,0.02524083855244774,FALSE,NS
Gene_3047,380.3240394966539,-0.05241758268876863,0.23204016800292782,-0.22589874477296207,0.8212801741190447,0.9439909813848786,-0.004400679718885013,0.06821858409259167,Brain,Treatment vs Control,Brain | Treatment vs Control,0.9439909813848786,0.025032154805205663,FALSE,NS
Gene_1464,10.617637076838381,-0.16879057216245844,0.7520383730613976,-0.2244440951534771,0.8224117627796803,0.9441533854287597,-0.02232326685537292,0.27833634418638903,Brain,Treatment vs Control,Brain | Treatment vs Control,0.9441533854287597,0.02495744528456736,FALSE,NS
Gene_2758,24.883745002012564,0.11002923284195269,0.48915583391181494,0.22493697348356428,0.8220283055576935,0.9441533854287597,0.011815334155129848,0.16340147123590973,Brain,Treatment vs Control,Brain | Treatment vs Control,0.9441533854287597,0.02495744528456736,FALSE,NS
Gene_1824,50.7782847883811,-0.10345964470552516,0.4611688541563305,-0.22434222036697565,0.8224910262188799,0.9441533854287597,-0.010765503686085877,0.15163437559557869,Brain,Treatment vs Control,Brain | Treatment vs Control,0.9441533854287597,0.02495744528456736,FALSE,NS
Gene_0675,56.07834591878427,-0.07807959703826321,0.3465114260030025,-0.2253305120091095,0.8217221647940612,0.9441533854287597,-0.007073465887852397,0.10624481085119485,Brain,Treatment vs Control,Brain | Treatment vs Control,0.9441533854287597,0.02495744528456736,FALSE,NS
Gene_0121,86.97335992930623,-0.07276440208144042,0.32571275571518554,-0.22340052946857297,0.8232237922837289,0.944687426244344,-0.00643470552904874,0.0986011350398864,Brain,Treatment vs Control,Brain | Treatment vs Control,0.944687426244344,0.024711865049254645,FALSE,NS
Gene_1785,412.3058031663969,0.05325992560113944,0.23925967081947555,0.22260302130618884,0.8238444847872146,0.9450925522364051,0.00445986054495399,0.07025036731144137,Brain,Treatment vs Control,Brain | Treatment vs Control,0.9450925522364051,0.02452565926072207,FALSE,NS
Gene_0393,148.84908250564334,0.06532487639107554,0.2941299207492606,0.2220953115707109,0.8242396875507727,0.9452388232353942,0.005597515727124479,0.08755896766191126,Brain,Treatment vs Control,Brain | Treatment vs Control,0.9452388232353942,0.024458449152828285,FALSE,NS
Gene_1664,10.947468064142756,0.15949117532375182,0.719775602430345,0.22158458106279907,0.8246372866564362,0.9453877464882714,0.020715475236000456,0.26394961761678926,Brain,Treatment vs Control,Brain | Treatment vs Control,0.9453877464882714,0.024390031044121747,FALSE,NS
Gene_1504,63.979848865828,0.08794558063607437,0.3979995303147922,0.22096905633661185,0.8251165269050001,0.9456243461345094,0.008478449389752556,0.12586702086981907,Brain,Treatment vs Control,Brain | Treatment vs Control,0.9456243461345094,0.02428135493177061,FALSE,NS
Gene_0230,697.5125992152742,0.04320096944338894,0.19580588499802837,0.22063161913557372,0.8253792791805601,0.9456243461345094,0.0037811698767545995,0.05859082224063171,Brain,Treatment vs Control,Brain | Treatment vs Control,0.9456243461345094,0.02428135493177061,FALSE,NS
Gene_0884,30.637714475809382,0.09406262126524405,0.43239891618830556,0.2175366721416126,0.8277901309481813,0.9459310525495237,0.009451132594700172,0.13954686481551348,Brain,Treatment vs Control,Brain | Treatment vs Control,0.9459310525495237,0.024140517497281477,FALSE,NS
Gene_2286,57.633683865814916,-0.08059777680741455,0.36980288738985245,-0.21794793809288734,0.8274696756236699,0.9459310525495237,-0.00750074689794388,0.11482146074121859,Brain,Treatment vs Control,Brain | Treatment vs Control,0.9459310525495237,0.024140517497281477,FALSE,NS
Gene_0901,230.18475002580078,-0.05237089463974906,0.23915478874049234,-0.21898325731029744,0.8266630899854894,0.9459310525495237,-0.004383414683464195,0.07017047880033264,Brain,Treatment vs Control,Brain | Treatment vs Control,0.9459310525495237,0.024140517497281477,FALSE,NS
Gene_2800,199.02185967239262,0.04750517331058423,0.21816024852156837,0.21775357166357298,0.8276211209016967,0.9459310525495237,0.004021408993551459,0.06428325761275279,Brain,Treatment vs Control,Brain | Treatment vs Control,0.9459310525495237,0.024140517497281477,FALSE,NS
Gene_0832,522.8918999790885,-0.04685246318087181,0.2140918886966888,-0.21884277571696922,0.8267725242083206,0.9459310525495237,-0.0039833611870907955,0.06321190224835763,Brain,Treatment vs Control,Brain | Treatment vs Control,0.9459310525495237,0.024140517497281477,FALSE,NS
Gene_3170,403.9299178173435,-0.04309190770850888,0.19722571043248383,-0.2184903155578213,0.827047103123193,0.9459310525495237,-0.003759895364524499,0.058917426442446116,Brain,Treatment vs Control,Brain | Treatment vs Control,0.9459310525495237,0.024140517497281477,FALSE,NS
Gene_2288,1019.3680558401999,0.039971883219932274,0.1821399733585303,0.21945695106285268,0.8262941105424206,0.9459310525495237,0.003620553841894183,0.055374847652534594,Brain,Treatment vs Control,Brain | Treatment vs Control,0.9459310525495237,0.024140517497281477,FALSE,NS
Gene_0373,1344.3641821022366,0.039069628568197484,0.1784325230431615,0.2189602427957981,0.8266810179080273,0.9459310525495237,0.003579893891616291,0.05454163000117126,Brain,Treatment vs Control,Brain | Treatment vs Control,0.9459310525495237,0.024140517497281477,FALSE,NS
Gene_0324,8.525394945940882,0.19426544941534596,0.9049275101087785,0.21467515049022426,0.8300205979222065,0.9474648802159531,0.027219579560506687,0.34381985779960184,Brain,Treatment vs Control,Brain | Treatment vs Control,0.9474648802159531,0.023436879102469017,FALSE,NS
Gene_3394,7.921011266510052,-0.18293423044753473,0.8554848403647192,-0.21383690489424023,0.8306742445809026,0.9474648802159531,-0.02524427124490916,0.3226552539400625,Brain,Treatment vs Control,Brain | Treatment vs Control,0.9474648802159531,0.023436879102469017,FALSE,NS
Gene_1023,21.917198877420702,0.1252549485985858,0.5849834688886891,0.21411707383208012,0.8304557615523696,0.9474648802159531,0.014749190899816165,0.20419896393707307,Brain,Treatment vs Control,Brain | Treatment vs Control,0.9474648802159531,0.023436879102469017,FALSE,NS
Gene_2348,44.67410487465936,-0.0807636096509462,0.37646546773269696,-0.2145312560468124,0.8301327954970221,0.9474648802159531,-0.007573735257929697,0.11728115464727235,Brain,Treatment vs Control,Brain | Treatment vs Control,0.9474648802159531,0.023436879102469017,FALSE,NS
Gene_3216,47.835619557685604,-0.07958561446955932,0.37239683672019125,-0.21371184344768687,0.8307717749779646,0.9474648802159531,-0.0074250273800716944,0.11569667608775937,Brain,Treatment vs Control,Brain | Treatment vs Control,0.9474648802159531,0.023436879102469017,FALSE,NS
Gene_2872,3328.3832103313844,-0.045651711669473585,0.2139200276146933,-0.2134055056859854,0.8310106864992373,0.9474648802159531,-0.0038796126141447547,0.06310830522151123,Brain,Treatment vs Control,Brain | Treatment vs Control,0.9474648802159531,0.023436879102469017,FALSE,NS
Gene_2212,756.4566676005134,0.04336278847340497,0.20209311924287016,0.21456835658661252,0.8301038670812435,0.9474648802159531,0.0037479383492176567,0.06008427380434242,Brain,Treatment vs Control,Brain | Treatment vs Control,0.9474648802159531,0.023436879102469017,FALSE,NS
Gene_1060,162.38328385878867,0.05243360769255098,0.2461994528359202,0.21297207239325344,0.8313487459648292,0.9475443582962595,0.004382401091922597,0.07215664829105237,Brain,Treatment vs Control,Brain | Treatment vs Control,0.9475443582962595,0.023400449842887496,FALSE,NS
Gene_3093,22.702324742744977,-0.1255463358547704,0.5911442533690602,-0.21237851021853704,0.8318117497417538,0.9476062138813125,-0.014858002363925121,0.2068061525094469,Brain,Treatment vs Control,Brain | Treatment vs Control,0.9476062138813125,0.02337210007515153,FALSE,NS
Gene_1560,62.33284255576247,0.08041754144717277,0.37943484907171254,0.21194031503409427,0.8321535981093788,0.9476062138813125,0.007565747357038566,0.11835289197485306,Brain,Treatment vs Control,Brain | Treatment vs Control,0.9476062138813125,0.02337210007515153,FALSE,NS
Gene_0119,52.129154393044736,0.07595338276865267,0.3600841702626917,0.21093230150395811,0.8329400981876203,0.9476062138813125,0.006977315271085578,0.11094642165257924,Brain,Treatment vs Control,Brain | Treatment vs Control,0.9476062138813125,0.02337210007515153,FALSE,NS
Gene_2522,86.5000069695411,-0.06544769381173145,0.3098515328995925,-0.2112227530368223,0.8327134569072845,0.9476062138813125,-0.005681155361363317,0.09272846069758235,Brain,Treatment vs Control,Brain | Treatment vs Control,0.9476062138813125,0.02337210007515153,FALSE,NS
Gene_2319,1465.8457236420172,0.037768273365175534,0.17867933369021885,0.21137460379528503,0.8325949722749787,0.9476062138813125,0.003455549420243547,0.054541592287030774,Brain,Treatment vs Control,Brain | Treatment vs Control,0.9476062138813125,0.02337210007515153,FALSE,NS
Gene_1773,4715.258362318112,0.037501657141327895,0.1778690350415013,0.21083859330871063,0.8330132222847901,0.9476062138813125,0.003440136299966229,0.054359190203531464,Brain,Treatment vs Control,Brain | Treatment vs Control,0.9476062138813125,0.02337210007515153,FALSE,NS
Gene_2844,12.73784304630653,-0.17534927962778185,0.8358139390915708,-0.20979463422010577,0.8338279611453907,0.9477570001756926,-0.024013903890893095,0.31390822077616076,Brain,Treatment vs Control,Brain | Treatment vs Control,0.9477570001756926,0.023302999171168154,FALSE,NS
Gene_1297,10.242720433359255,-0.14850423176500235,0.7104860799622006,-0.20901779211902802,0.8344343492731214,0.9477570001756926,-0.019146169520849007,0.25910895995343886,Brain,Treatment vs Control,Brain | Treatment vs Control,0.9477570001756926,0.023302999171168154,FALSE,NS
Gene_0838,58.88958829867835,-0.06953552251008205,0.3319432759841343,-0.20948013573682267,0.8340734407778592,0.9477570001756926,-0.006178396630177291,0.10052339061476061,Brain,Treatment vs Control,Brain | Treatment vs Control,0.9477570001756926,0.023302999171168154,FALSE,NS
Gene_1875,122.29126706251739,-0.06224057302911034,0.2981371041042265,-0.2087649345629637,0.8346317463175983,0.9477570001756926,-0.005341255910690666,0.0886564460800771,Brain,Treatment vs Control,Brain | Treatment vs Control,0.9477570001756926,0.023302999171168154,FALSE,NS
Gene_2412,100.91075988653301,0.06218451753968782,0.2980962872881045,0.20860547477932068,0.8347562363484577,0.9477570001756926,0.005336127096952313,0.08863956598116352,Brain,Treatment vs Control,Brain | Treatment vs Control,0.9477570001756926,0.023302999171168154,FALSE,NS
Gene_1128,2485.7145039108404,-0.03811103801083937,0.18167146464016543,-0.2097799898642611,0.8338393913374855,0.9477570001756926,-0.0034538290893491854,0.055196755240025076,Brain,Treatment vs Control,Brain | Treatment vs Control,0.9477570001756926,0.023302999171168154,FALSE,NS
Gene_0858,253.175805493812,-0.05173990331082486,0.24934396090366193,-0.20750413654820946,0.8356161624791559,0.9484283734213758,-0.00432196682359976,0.07301763758748815,Brain,Treatment vs Control,Brain | Treatment vs Control,0.9484283734213758,0.022995462036727927,FALSE,NS
Gene_2908,11.556051871321316,-0.14778077987693256,0.7150065228879261,-0.20668451985590697,0.8362562477305189,0.9488498749153156,-0.019097254834314296,0.26096451038199053,Brain,Treatment vs Control,Brain | Treatment vs Control,0.9488498749153156,0.02280249532127211,FALSE,NS
Gene_1713,176.9561168536076,0.05089646142456374,0.24715296381251645,0.2059310179390461,0.8368447958790017,0.9492126483291857,0.0042501500316751385,0.07234319923727935,Brain,Treatment vs Control,Brain | Treatment vs Control,0.9492126483291857,0.022636483409847676,FALSE,NS
Gene_1195,6.402498088778248,0.18911718181535117,0.9219071826875428,0.20513690029405887,0.837465167157922,0.9492130185955885,0.026580127959208267,0.3503221988927777,Brain,Treatment vs Control,Brain | Treatment vs Control,0.9492130185955885,0.022636314001417992,FALSE,NS
Gene_2429,8.21067017473162,0.15973089927669673,0.7863285748852467,0.2031350562327042,0.8390294719843752,0.9492130185955885,0.02141099807816044,0.29200904305510705,Brain,Treatment vs Control,Brain | Treatment vs Control,0.9492130185955885,0.022636314001417992,FALSE,NS
Gene_1782,9.592921959257753,0.151014367963994,0.7485341851193842,0.201746788545013,0.8401146826270577,0.9492130185955885,0.019867574708673473,0.27540370683482124,Brain,Treatment vs Control,Brain | Treatment vs Control,0.9492130185955885,0.022636314001417992,FALSE,NS
Gene_2289,15.588043431705593,-0.12621470789185044,0.6254111550492613,-0.2018107717984483,0.8400646601376142,0.9492130185955885,-0.015335006712996072,0.22129626956921877,Brain,Treatment vs Control,Brain | Treatment vs Control,0.9492130185955885,0.022636314001417992,FALSE,NS
Gene_0600,36.85065233051685,0.08641199404374013,0.4289312792797782,0.2014588308617529,0.8403398176521693,0.9492130185955885,0.008623839585578438,0.1376119643579164,Brain,Treatment vs Control,Brain | Treatment vs Control,0.9492130185955885,0.022636314001417992,FALSE,NS
Gene_2988,35.57909192992256,0.08596286806018986,0.4234300389945544,0.20301551648133165,0.839122904351131,0.9492130185955885,0.00852429348982668,0.1354428895867457,Brain,Treatment vs Control,Brain | Treatment vs Control,0.9492130185955885,0.022636314001417992,FALSE,NS
Gene_2007,57.940350377233045,-0.07854733640365358,0.38598014022597005,-0.20350097898215294,0.8387434805736589,0.9492130185955885,-0.007439768780899433,0.1206509900219352,Brain,Treatment vs Control,Brain | Treatment vs Control,0.9492130185955885,0.022636314001417992,FALSE,NS
Gene_0156,51.95406405970951,-0.07123792859019946,0.3519003439253696,-0.20243779189175068,0.8395744862965632,0.9492130185955885,-0.006471487536676536,0.10767344086611022,Brain,Treatment vs Control,Brain | Treatment vs Control,0.9492130185955885,0.022636314001417992,FALSE,NS
Gene_2645,78.51467880099258,-0.06553955638859797,0.3228484129272228,-0.20300411513366193,0.8391318157721956,0.9492130185955885,-0.005759518001229445,0.09712438978197309,Brain,Treatment vs Control,Brain | Treatment vs Control,0.9492130185955885,0.022636314001417992,FALSE,NS
Gene_1526,87.50342281303419,0.06460664474044205,0.3175678852947741,0.20344199691499856,0.8387895772926164,0.9492130185955885,0.005646066031743866,0.09526714379362256,Brain,Treatment vs Control,Brain | Treatment vs Control,0.9492130185955885,0.022636314001417992,FALSE,NS
Gene_2602,204.2181555459173,-0.04703001372630492,0.22961160249418963,-0.20482420407085059,0.8377094757911941,0.9492130185955885,-0.003942488825911316,0.06727260486870985,Brain,Treatment vs Control,Brain | Treatment vs Control,0.9492130185955885,0.022636314001417992,FALSE,NS
Gene_2750,227.46809972516948,-0.04577683961998888,0.2269709079829538,-0.20168593423183054,0.84016225949146,0.9492130185955885,-0.003841691500072052,0.06650291379944502,Brain,Treatment vs Control,Brain | Treatment vs Control,0.9492130185955885,0.022636314001417992,FALSE,NS
Gene_1778,2967.978044094972,-0.03232670803563767,0.15944530624495554,-0.20274480821639368,0.8393344985305574,0.9492130185955885,-0.003195910580916968,0.050480295148569894,Brain,Treatment vs Control,Brain | Treatment vs Control,0.9492130185955885,0.022636314001417992,FALSE,NS
Gene_1795,51.22658419077753,-0.07235215394803295,0.36118003965587964,-0.20032157374191464,0.8412290910887741,0.9499136298799045,-0.006644428809338134,0.11109130189670609,Brain,Treatment vs Control,Brain | Treatment vs Control,0.9499136298799045,0.02231588078672402,FALSE,NS
Gene_3097,16.657736609624433,0.11482066894365296,0.5768464050648422,0.19904894602012158,0.8422244571748603,0.9500584643608997,0.013392508242385444,0.19995304897304872,Brain,Treatment vs Control,Brain | Treatment vs Control,0.9500584643608997,0.022249668428976185,FALSE,NS
Gene_0693,26.58391866744915,0.09046304519914826,0.4529926402998847,0.19970091597793072,0.8417144973577277,0.9500584643608997,0.009286800712872943,0.14736542841334394,Brain,Treatment vs Control,Brain | Treatment vs Control,0.9500584643608997,0.022249668428976185,FALSE,NS
Gene_2135,240.77678484543827,0.04179788995021643,0.209701405823628,0.19932098111622137,0.8420116678891085,0.9500584643608997,0.0035652530398686618,0.061869327826612495,Brain,Treatment vs Control,Brain | Treatment vs Control,0.9500584643608997,0.022249668428976185,FALSE,NS
Gene_1402,560.0135220465319,0.04175112594778711,0.21003518163617912,0.1987815832687878,0.8424336029209791,0.9500584643608997,0.003559483308222697,0.0619501321957997,Brain,Treatment vs Control,Brain | Treatment vs Control,0.9500584643608997,0.022249668428976185,FALSE,NS
Gene_0092,10.736348932777277,-0.34064213805773497,1.7346035968715319,-0.19638039415582026,0.8443124406780308,0.9511651393327126,-0.04397988010881874,0.6280685603580365,Brain,Treatment vs Control,Brain | Treatment vs Control,0.9511651393327126,0.021744075202732614,FALSE,NS
Gene_1507,4.367764625643566,-0.21591455692984007,1.1061827322274227,-0.19518886946921685,0.8452450923551259,0.9511651393327126,-0.031081547454152137,0.4243615353707961,Brain,Treatment vs Control,Brain | Treatment vs Control,0.9511651393327126,0.021744075202732614,FALSE,NS
Gene_3188,15.994549094523126,-0.13086170727410723,0.6700293556279326,-0.19530742373439344,0.8451522856846672,0.9511651393327126,-0.01640865780044154,0.24056710787765306,Brain,Treatment vs Control,Brain | Treatment vs Control,0.9511651393327126,0.021744075202732614,FALSE,NS
Gene_2409,34.717428562297926,0.09121045921120892,0.46261867188470956,0.19716121452603133,0.8437013811559724,0.9511651393327126,0.009464628380103202,0.15125053567338334,Brain,Treatment vs Control,Brain | Treatment vs Control,0.9511651393327126,0.021744075202732614,FALSE,NS
Gene_2267,32.077870482869,-0.08286922201869562,0.4245573333568467,-0.1951897082155517,0.8452444357600296,0.9511651393327126,-0.008218845381303587,0.1356564874526958,Brain,Treatment vs Control,Brain | Treatment vs Control,0.9511651393327126,0.021744075202732614,FALSE,NS
Gene_3038,95.7328616378695,0.05695247652662865,0.2918872931184166,0.1951180399741603,0.8453005401376529,0.9511651393327126,0.004852010410958082,0.08630780328179338,Brain,Treatment vs Control,Brain | Treatment vs Control,0.9511651393327126,0.021744075202732614,FALSE,NS
Gene_1605,909.1061182281754,0.03648213038253317,0.18591451517209112,0.1962306727302256,0.8444296213700792,0.9511651393327126,0.0032621962992695494,0.05606026288951842,Brain,Treatment vs Control,Brain | Treatment vs Control,0.9511651393327126,0.021744075202732614,FALSE,NS
Gene_0215,11.26270080693743,-0.14105651862955731,0.7304966872061507,-0.19309672596742425,0.8468832167050466,0.9512788126025602,-0.018354887194498307,0.267009743470479,Brain,Treatment vs Control,Brain | Treatment vs Control,0.9512788126025602,0.02169217598768007,FALSE,NS
Gene_0692,17.16716166877761,-0.10723119713722253,0.5540822081056851,-0.1935293997326284,0.8465443835952571,0.9512788126025602,-0.012239266201221769,0.18985766923447658,Brain,Treatment vs Control,Brain | Treatment vs Control,0.9512788126025602,0.02169217598768007,FALSE,NS
Gene_2162,104.4645232493701,0.05124981500404353,0.263559715007506,0.1944523843584516,0.8458216758193782,0.9512788126025602,0.004288857296274842,0.07716844485238647,Brain,Treatment vs Control,Brain | Treatment vs Control,0.9512788126025602,0.02169217598768007,FALSE,NS
Gene_2312,166.24421997776963,0.04743036803010112,0.2448638183240294,0.19370100635830279,0.8464100038085554,0.9512788126025602,0.0039548679845763605,0.07150857969404914,Brain,Treatment vs Control,Brain | Treatment vs Control,0.9512788126025602,0.02169217598768007,FALSE,NS
Gene_1444,2759.584635303362,-0.04161148318709326,0.21509055442806127,-0.19346030000127482,0.8465984946964079,0.9512788126025602,-0.0035240661601414237,0.06321435056471174,Brain,Treatment vs Control,Brain | Treatment vs Control,0.9512788126025602,0.02169217598768007,FALSE,NS
Gene_1288,377.2355697418645,0.038441250751006996,0.1992552946223293,0.1929246137417275,0.8470180081626875,0.9512788126025602,0.0033324755560243478,0.05919190080211997,Brain,Treatment vs Control,Brain | Treatment vs Control,0.9512788126025602,0.02169217598768007,FALSE,NS
Gene_1896,17.39051442789543,0.10608979810909652,0.5638397251455713,0.18815594818493217,0.8507544039113113,0.9524457197878378,0.012209889394397147,0.19385006719853776,Brain,Treatment vs Control,Brain | Treatment vs Control,0.9524457197878378,0.02115976554036363,FALSE,NS
Gene_3055,29.311547181703123,-0.09946278329090907,0.5228621305234539,-0.19022755232117064,0.8491308216701803,0.9524457197878378,-0.011005494355703482,0.17633300132968166,Brain,Treatment vs Control,Brain | Treatment vs Control,0.9524457197878378,0.02115976554036363,FALSE,NS
Gene_1050,25.29213382365937,-0.08822636856425839,0.4673854567717712,-0.1887657548731564,0.850276412918643,0.9524457197878378,-0.0091934199150609,0.1529428804171393,Brain,Treatment vs Control,Brain | Treatment vs Control,0.9524457197878378,0.02115976554036363,FALSE,NS
Gene_0052,85.37073090532198,-0.05788178919244509,0.30668526737987845,-0.18873351722092765,0.8503016807103098,0.9524457197878378,-0.004992856225055428,0.09120201235032815,Brain,Treatment vs Control,Brain | Treatment vs Control,0.9524457197878378,0.02115976554036363,FALSE,NS
Gene_1961,126.17287252090537,0.05418148407196659,0.28540004251577544,0.18984399439594238,0.8494313801961247,0.9524457197878378,0.004589337637447306,0.0840752175828907,Brain,Treatment vs Control,Brain | Treatment vs Control,0.9524457197878378,0.02115976554036363,FALSE,NS
Gene_1207,102.7700507275216,-0.05391378826701872,0.28651577262743677,-0.18817040253181486,0.850743073377954,0.9524457197878378,-0.004569499133048561,0.08441463088232029,Brain,Treatment vs Control,Brain | Treatment vs Control,0.9524457197878378,0.02115976554036363,FALSE,NS
Gene_0015,168.15988000345908,-0.0474610731188951,0.25089515293447806,-0.18916695904161085,0.8499619629614499,0.9524457197878378,-0.003956232432969317,0.07323753958683721,Brain,Treatment vs Control,Brain | Treatment vs Control,0.9524457197878378,0.02115976554036363,FALSE,NS
Gene_2638,202.7569799754419,-0.044716423288999704,0.23582398044164127,-0.18961779546446744,0.8496086414365251,0.9524457197878378,-0.003732588158041266,0.06884816812468451,Brain,Treatment vs Control,Brain | Treatment vs Control,0.9524457197878378,0.02115976554036363,FALSE,NS
Gene_2956,390.8892911830741,0.03901370313909523,0.2062616457358425,0.18914666854282616,0.8499778653804106,0.9524457197878378,0.0033407886796950137,0.06090079345496947,Brain,Treatment vs Control,Brain | Treatment vs Control,0.9524457197878378,0.02115976554036363,FALSE,NS
Gene_1632,65261.945588120485,0.0314640218609161,0.16477929575798417,0.19094645183535777,0.8485675463600699,0.9524457197878378,0.003031307624983508,0.05147877140993723,Brain,Treatment vs Control,Brain | Treatment vs Control,0.9524457197878378,0.02115976554036363,FALSE,NS
Gene_0928,20.95319040286549,-0.10040603586237645,0.5349842727412583,-0.18768035057908553,0.8511272345085827,0.9525610982725217,-0.011241402650735652,0.1814149780408073,Brain,Treatment vs Control,Brain | Treatment vs Control,0.9525610982725217,0.021107158653275563,FALSE,NS
Gene_2674,28.325388812245762,0.09501638286565885,0.5077307035262646,0.18713932839939768,0.8515513932126313,0.952733830619075,0.010345764382741637,0.16978987566384504,Brain,Treatment vs Control,Brain | Treatment vs Control,0.952733830619075,0.02102841314881607,FALSE,NS
Gene_1435,218.53433572117407,0.039387394946122194,0.2120381500429622,0.185756171416048,0.8526359763893113,0.953645116449369,0.0033450064260034315,0.062346770155053625,Brain,Treatment vs Control,Brain | Treatment vs Control,0.953645116449369,0.020613210874067468,FALSE,NS
Gene_2478,22.35267633635696,0.09325252071142424,0.5085860768266978,0.18335641685920614,0.854518370381519,0.9551454149468641,0.01015732907952833,0.17001638305193018,Brain,Treatment vs Control,Brain | Treatment vs Control,0.9551454149468641,0.019930504749817408,FALSE,NS
Gene_0798,380.9884575575594,-0.04407018626249763,0.23992044130052131,-0.18368666722855795,0.8542592689463598,0.9551454149468641,-0.00367253424845499,0.06995243006006005,Brain,Treatment vs Control,Brain | Treatment vs Control,0.9551454149468641,0.019930504749817408,FALSE,NS
Gene_2386,188.75706197483518,0.04132813438840158,0.22613056349910124,0.1827622668466301,0.8549845565724694,0.9553640725498068,0.00346306731760333,0.06607012605889082,Brain,Treatment vs Control,Brain | Treatment vs Control,0.9553640725498068,0.019831094836995394,FALSE,NS
Gene_0062,7.5684149424348295,-0.15191413537190027,0.8385874383085549,-0.18115479487543204,0.856246075925779,0.9560403333063872,-0.02074674457945737,0.3133435275994263,Brain,Treatment vs Control,Brain | Treatment vs Control,0.9560403333063872,0.019523785377767024,FALSE,NS
Gene_1161,26.79419577938747,0.11323668203707267,0.6373715193069616,0.17766197360089017,0.8589884507494798,0.9560403333063872,0.01383702547497912,0.22540928153014894,Brain,Treatment vs Control,Brain | Treatment vs Control,0.9560403333063872,0.019523785377767024,FALSE,NS
Gene_2909,24.223119989518647,-0.0923340302811134,0.5141276329802433,-0.17959359574952385,0.8574716327858736,0.9560403333063872,-0.010110218936012418,0.17223030439918832,Brain,Treatment vs Control,Brain | Treatment vs Control,0.9560403333063872,0.019523785377767024,FALSE,NS
Gene_1396,49.08757014711533,-0.09089833710532302,0.5098517854379877,-0.1782838458185194,0.8585000647444012,0.9560403333063872,-0.009907017630810734,0.17037406345535303,Brain,Treatment vs Control,Brain | Treatment vs Control,0.9560403333063872,0.019523785377767024,FALSE,NS
Gene_0459,34.70075713021609,-0.07798835805327232,0.4393518989004284,-0.17750772956360217,0.8591095943305485,0.9560403333063872,-0.00785317220249964,0.1411080035793376,Brain,Treatment vs Control,Brain | Treatment vs Control,0.9560403333063872,0.019523785377767024,FALSE,NS
Gene_0418,47.37451785971011,0.0666969592423795,0.3729036542455767,0.17885842223057447,0.8580488705181301,0.9560403333063872,0.006194262686802843,0.1150102371016324,Brain,Treatment vs Control,Brain | Treatment vs Control,0.9560403333063872,0.019523785377767024,FALSE,NS
Gene_2849,58.82999831421018,-0.0587948837513004,0.32679357141035065,-0.1799144441475943,0.8572197354465738,0.9560403333063872,-0.005172426566018636,0.09806333274962233,Brain,Treatment vs Control,Brain | Treatment vs Control,0.9560403333063872,0.019523785377767024,FALSE,NS
Gene_3261,117.52475550113836,0.05341688506252227,0.3007654725531685,0.17760311583996524,0.8590346773632624,0.9560403333063872,0.004575605986268254,0.08899417821383686,Brain,Treatment vs Control,Brain | Treatment vs Control,0.9560403333063872,0.019523785377767024,FALSE,NS
Gene_1657,216.0842581886756,0.046805163306464045,0.26239652112042633,0.17837570066328323,0.858427931325125,0.9560403333063872,0.003907623610399253,0.07658874962750022,Brain,Treatment vs Control,Brain | Treatment vs Control,0.9560403333063872,0.019523785377767024,FALSE,NS
Gene_1260,358.88567465252936,-0.039418984050301746,0.2206262924635331,-0.1786685694172975,0.8581979499937509,0.9560403333063872,-0.003315458862757168,0.06454090857783844,Brain,Treatment vs Control,Brain | Treatment vs Control,0.9560403333063872,0.019523785377767024,FALSE,NS
Gene_1400,246.91995500642454,0.039336719143008014,0.22081544080687898,0.17814297315109937,0.8586106940531065,0.9560403333063872,0.0033078317575888586,0.0645865857772898,Brain,Treatment vs Control,Brain | Treatment vs Control,0.9560403333063872,0.019523785377767024,FALSE,NS
Gene_1843,379.85475415699426,-0.03586458016166696,0.19882788898777992,-0.1803800278937288,0.856854232583818,0.9560403333063872,-0.0031081352116191317,0.058988389666199195,Brain,Treatment vs Control,Brain | Treatment vs Control,0.9560403333063872,0.019523785377767024,FALSE,NS
Gene_1999,338.11004945888976,0.03446254520978509,0.1933169807939195,0.17826962260766416,0.8585112343080505,0.9560403333063872,0.0030207008326885304,0.05765259483569163,Brain,Treatment vs Control,Brain | Treatment vs Control,0.9560403333063872,0.019523785377767024,FALSE,NS
Gene_2079,24.9370214760798,0.09376259351051006,0.530085427569839,0.1768820432215273,0.8596010436460548,0.9562858491223125,0.01043084654969258,0.17891945563957065,Brain,Treatment vs Control,Brain | Treatment vs Control,0.9562858491223125,0.019412270756838938,FALSE,NS
Gene_0330,65.4084779472673,-0.06388333034696643,0.36581775441823394,-0.17463157426178277,0.8613691371258245,0.9576493775791205,-0.0058784976358887435,0.11223812012566385,Brain,Treatment vs Control,Brain | Treatment vs Control,0.9576493775791205,0.018793469266973443,FALSE,NS
Gene_1120,138.118098638937,0.0423090402391017,0.24226305507816723,0.1746409093431539,0.8613618015256428,0.9576493775791205,0.0035210922866487243,0.07052711224499418,Brain,Treatment vs Control,Brain | Treatment vs Control,0.9576493775791205,0.018793469266973443,FALSE,NS
Gene_0025,47.222413894700324,0.060723185413076454,0.35629863448192467,0.1704277803404183,0.864673726164789,0.9595106621897769,0.00552073457077152,0.10859440398310691,Brain,Treatment vs Control,Brain | Treatment vs Control,0.9595106621897769,0.017950194972847833,FALSE,NS
Gene_0895,193.32223590017907,0.04392784601470677,0.2562558129932147,0.17142185186593178,0.8638920737789507,0.9595106621897769,0.003657807536483204,0.0746283648619017,Brain,Treatment vs Control,Brain | Treatment vs Control,0.9595106621897769,0.017950194972847833,FALSE,NS
Gene_1652,209.54525755770715,-0.040295056833555394,0.2363527399911136,-0.17048694605812656,0.8646271996168888,0.9595106621897769,-0.0033561914777186326,0.06879145127176077,Brain,Treatment vs Control,Brain | Treatment vs Control,0.9595106621897769,0.017950194972847833,FALSE,NS
Gene_0592,222.6879956565877,0.03875232343186776,0.22698997062064846,0.17072262411378364,0.8644418725206713,0.9595106621897769,0.0032415767457323616,0.06618747801037289,Brain,Treatment vs Control,Brain | Treatment vs Control,0.9595106621897769,0.017950194972847833,FALSE,NS
Gene_1732,558.1775976834233,0.037176628602478175,0.21644393905849563,0.1717610054787947,0.8636254229692683,0.9595106621897769,0.0031372926390701933,0.0633706560443,Brain,Treatment vs Control,Brain | Treatment vs Control,0.9595106621897769,0.017950194972847833,FALSE,NS
Gene_0511,422.85529242593634,0.033212710649798506,0.1934992574279518,0.1716425741952268,0.863718534758063,0.9595106621897769,0.0029083935843656488,0.0576494713785268,Brain,Treatment vs Control,Brain | Treatment vs Control,0.9595106621897769,0.017950194972847833,FALSE,NS
Gene_2495,4.110937126858114,-0.2016041806898192,1.2088830582510288,-0.16676896852330225,0.8675518362377348,0.9595758057492003,-0.028913538144612637,0.46131261459433603,Brain,Treatment vs Control,Brain | Treatment vs Control,0.9595758057492003,0.017920710643847912,FALSE,NS
Gene_2263,13.174146221841243,-0.10624079847044265,0.6392051374909153,-0.16620767299754782,0.8679935212582683,0.9595758057492003,-0.012980943907906044,0.22572148901595565,Brain,Treatment vs Control,Brain | Treatment vs Control,0.9595758057492003,0.017920710643847912,FALSE,NS
Gene_1721,32.71313279347532,-0.087236256946354,0.5175945143053297,-0.1685416953528476,0.8661571446486976,0.9595758057492003,-0.009572058148667703,0.17332087832388132,Brain,Treatment vs Control,Brain | Treatment vs Control,0.9595758057492003,0.017920710643847912,FALSE,NS
Gene_2789,27.67814922513969,-0.07780586254020307,0.4622462834924764,-0.16832122900447172,0.866330573794568,0.9595758057492003,-0.008037332437951072,0.15018955775582368,Brain,Treatment vs Control,Brain | Treatment vs Control,0.9595758057492003,0.017920710643847912,FALSE,NS
Gene_1618,46.282117256146854,-0.06512638188170641,0.38892624821702076,-0.16745175256303582,0.8670146073122604,0.9595758057492003,-0.0061595181271655464,0.12088218005493052,Brain,Treatment vs Control,Brain | Treatment vs Control,0.9595758057492003,0.017920710643847912,FALSE,NS
Gene_0717,64.62816275941412,0.05579348611381576,0.33531970836200015,0.16638892591897086,0.8678508883156258,0.9595758057492003,0.004946888983004886,0.10085684388024267,Brain,Treatment vs Control,Brain | Treatment vs Control,0.9595758057492003,0.017920710643847912,FALSE,NS
Gene_0968,197.51270305300883,0.04344098866605864,0.2593685722278893,0.1674874804334044,0.8669864975570141,0.9595758057492003,0.0036187417616715474,0.0755252748576061,Brain,Treatment vs Control,Brain | Treatment vs Control,0.9595758057492003,0.017920710643847912,FALSE,NS
Gene_0531,273.02485844481083,0.04037966556594741,0.23935571229453328,0.16870149109397148,0.8660314458690423,0.9595758057492003,0.003360076722406154,0.06962744799767559,Brain,Treatment vs Control,Brain | Treatment vs Control,0.9595758057492003,0.017920710643847912,FALSE,NS
Gene_0055,1115.468240711367,0.03665456526156198,0.21906549248290988,0.16732240594406506,0.8671163752599876,0.9595758057492003,0.0030839780591066933,0.06402321731497419,Brain,Treatment vs Control,Brain | Treatment vs Control,0.9595758057492003,0.017920710643847912,FALSE,NS
Gene_1933,7353.375822497473,-0.03321000247784951,0.19618834292382925,-0.1692761250893658,0.8655794543873971,0.9595758057492003,-0.0028906960742594674,0.058271567205874966,Brain,Treatment vs Control,Brain | Treatment vs Control,0.9595758057492003,0.017920710643847912,FALSE,NS
Gene_0225,457.97066488428015,-0.033111232889750604,0.19865003911502946,-0.16668123015358358,0.8676208750837848,0.9595758057492003,-0.002867233047355061,0.05884493992572014,Brain,Treatment vs Control,Brain | Treatment vs Control,0.9595758057492003,0.017920710643847912,FALSE,NS
Gene_2301,3089.879893031758,-0.02788344547153185,0.16709658456260915,-0.1668702298405402,0.8674721578218165,0.9595758057492003,-0.0026552898960413704,0.05182683327846182,Brain,Treatment vs Control,Brain | Treatment vs Control,0.9595758057492003,0.017920710643847912,FALSE,NS
Gene_1649,167.4214442065986,-0.03777390522321288,0.22805680568217487,-0.16563375563479324,0.8684451810444205,0.9597746273138806,-0.0031561789964869216,0.06643195436306273,Brain,Treatment vs Control,Brain | Treatment vs Control,0.9597746273138806,0.017830735298808832,FALSE,NS
Gene_2878,7.394687547712145,0.15782207886748625,0.9548878214309743,0.1652781356358462,0.8687250673724238,0.9597835459612105,0.022242176754850972,0.3615926255886463,Brain,Treatment vs Control,Brain | Treatment vs Control,0.9597835459612105,0.017826699662509434,FALSE,NS
Gene_0923,1172.2111489754473,0.036432879161407694,0.22177135617560062,0.16428126602860202,0.8695097288676172,0.9603499695438087,0.0030572046501807547,0.06471706480314496,Brain,Treatment vs Control,Brain | Treatment vs Control,0.9603499695438087,0.017570473060045225,FALSE,NS
Gene_3063,13.611710359405366,-0.10157885499790884,0.6209072105652339,-0.16359748005734703,0.8700480286011308,0.9604890771518916,-0.012234157537677325,0.2176352051039226,Brain,Treatment vs Control,Brain | Treatment vs Control,0.9604890771518916,0.01750756964625769,FALSE,NS
Gene_3214,212.06565054563038,0.043109902606141656,0.2637817079868486,0.16343022014358552,0.8701797105094594,0.9604890771518916,0.0035950776425018914,0.07682815592694528,Brain,Treatment vs Control,Brain | Treatment vs Control,0.9604890771518916,0.01750756964625769,FALSE,NS
Gene_2511,4377.971413237861,-0.02964419938993716,0.1827346793080733,-0.16222536139382637,0.8711283888189029,0.9612357315373582,-0.0026679296429042835,0.055125541556726346,Brain,Treatment vs Control,Brain | Treatment vs Control,0.9612357315373582,0.017170093755487295,FALSE,NS
Gene_1415,136.41518749752356,-0.04331858939410059,0.2687031098803255,-0.16121357662512262,0.8719251883840885,0.9617696147075849,-0.0036193692982313536,0.078326985031971,Brain,Treatment vs Control,Brain | Treatment vs Control,0.9617696147075849,0.016928947758446337,FALSE,NS
Gene_2421,268.05628035174993,0.032895847827395165,0.20442453723252912,0.1609192725723368,0.8721569828076146,0.9617696147075849,0.002818069559690115,0.060217542904145986,Brain,Treatment vs Control,Brain | Treatment vs Control,0.9617696147075849,0.016928947758446337,FALSE,NS
Gene_2330,12.85834965934355,0.09938241749577156,0.6258052826741655,0.15880725242697646,0.8738207347184181,0.9623246610843718,0.012008674154296557,0.2195813915609434,Brain,Treatment vs Control,Brain | Treatment vs Control,0.9623246610843718,0.01667838458349361,FALSE,NS
Gene_0891,15.810462479041044,-0.09125693628962117,0.573559270303521,-0.15910637490233404,0.8735850657567502,0.9623246610843718,-0.010555247635552815,0.19693679198493536,Brain,Treatment vs Control,Brain | Treatment vs Control,0.9623246610843718,0.01667838458349361,FALSE,NS
Gene_2223,100.38930417878574,-0.04454220727051086,0.2813116052314087,-0.15833761011697386,0.8741907733436962,0.9623246610843718,-0.003747944575509269,0.08228840201757355,Brain,Treatment vs Control,Brain | Treatment vs Control,0.9623246610843718,0.01667838458349361,FALSE,NS
Gene_3495,202.25276422448164,-0.0404339948788147,0.2534404943880457,-0.15954038827317682,0.8732431405526219,0.9623246610843718,-0.0033608395852351733,0.07364689781884798,Brain,Treatment vs Control,Brain | Treatment vs Control,0.9623246610843718,0.01667838458349361,FALSE,NS
Gene_2093,264.11621185772685,-0.03339375963502262,0.21107948944567348,-0.15820466366826857,0.8742955289602562,0.9623246610843718,-0.002832440716506044,0.06187217448397617,Brain,Treatment vs Control,Brain | Treatment vs Control,0.9623246610843718,0.01667838458349361,FALSE,NS
Gene_0813,548.0232819234695,0.03179832310240087,0.20082925467878693,0.15833511483802584,0.8741927394871202,0.9623246610843718,0.002740455666278636,0.05931583020597881,Brain,Treatment vs Control,Brain | Treatment vs Control,0.9623246610843718,0.01667838458349361,FALSE,NS
Gene_2092,418.8931103764124,-0.037469440307739105,0.2376622307240757,-0.1576583716881833,0.8747260047341614,0.962498448961148,-0.0031158287299440247,0.0690352778681116,Brain,Treatment vs Control,Brain | Treatment vs Control,0.962498448961148,0.01659996167209277,FALSE,NS
Gene_0435,106.37394040439106,-0.040934132481872935,0.26366014132355503,-0.1552533965747971,0.8766215541885614,0.9639834032512644,-0.0034106054928378635,0.0766948813917361,Brain,Treatment vs Control,Brain | Treatment vs Control,0.9639834032512644,0.01593044321173507,FALSE,NS
Gene_3290,314.236881400051,-0.03394470655855909,0.21816126934385408,-0.15559455929391972,0.8763526137648691,0.9639834032512644,-0.002855524189482748,0.0636871557035738,Brain,Treatment vs Control,Brain | Treatment vs Control,0.9639834032512644,0.01593044321173507,FALSE,NS
Gene_1249,29.04822086965506,0.07937067544818233,0.5146877539817305,0.15421131517926048,0.8774431206906242,0.9642862306749438,0.008667438010691326,0.17163628234895914,Brain,Treatment vs Control,Brain | Treatment vs Control,0.9642862306749438,0.015794034612190446,FALSE,NS
Gene_3126,160.3822817554988,0.037185722599771015,0.24097568838993702,0.15431317096021155,0.8773628127801478,0.9642862306749438,0.0030890833649023083,0.0699471436986252,Brain,Treatment vs Control,Brain | Treatment vs Control,0.9642862306749438,0.015794034612190446,FALSE,NS
Gene_1201,63.63991806466005,-0.05065059517241424,0.3315312788228999,-0.15277772689276536,0.8785735628777935,0.9652281426638111,-0.004464657867978994,0.09926642764844798,Brain,Treatment vs Control,Brain | Treatment vs Control,0.9652281426638111,0.01537002407632762,FALSE,NS
Gene_2035,6.05556524977635,0.16357079817652964,1.0781460078194007,0.1517148855444533,0.8794118161179342,0.9655557099770387,0.02340718196992438,0.4106404719434322,Brain,Treatment vs Control,Brain | Treatment vs Control,0.9655557099770387,0.015222663533865113,FALSE,NS
Gene_0448,4.996160364146845,0.14581561180393,0.961170738007915,0.15170625367366233,0.8794186245500302,0.9655557099770387,0.020548105295055005,0.3634532704232146,Brain,Treatment vs Control,Brain | Treatment vs Control,0.9655557099770387,0.015222663533865113,FALSE,NS
Gene_1513,12.476339022034294,-0.10226123157200882,0.6763612348764964,-0.15119321791214385,0.879823300117744,0.9656997428398365,-0.012805170612308032,0.24134163191904495,Brain,Treatment vs Control,Brain | Treatment vs Control,0.9656997428398365,0.015157884244775653,FALSE,NS
Gene_2138,34.4630560136562,-0.0621046028240165,0.4132123383695471,-0.15029706777166624,0.8805302462931586,0.9658752095871833,-0.0060388904356712785,0.12996759419094664,Brain,Treatment vs Control,Brain | Treatment vs Control,0.9658752095871833,0.015078980508480982,FALSE,NS
Gene_2114,306.64838901487474,0.02988814624961804,0.19862320210382103,0.1504766106529458,0.8803886026118284,0.9658752095871833,0.0025850799411838085,0.058730292491264074,Brain,Treatment vs Control,Brain | Treatment vs Control,0.9658752095871833,0.015078980508480982,FALSE,NS
Gene_2627,6.85625414558316,0.13207506658544912,0.887895585192452,0.14875067382706014,0.8817503740708561,0.9659798553874008,0.018271276884539563,0.3326608645546265,Brain,Treatment vs Control,Brain | Treatment vs Control,0.9659798553874008,0.015031930298082443,FALSE,NS
Gene_1508,13.047451960077007,0.09377333322165408,0.6292714432542799,0.1490188919692667,0.8815387257744101,0.9659798553874008,0.011348553588923707,0.22072255080946315,Brain,Treatment vs Control,Brain | Treatment vs Control,0.9659798553874008,0.015031930298082443,FALSE,NS
Gene_3032,192.88740774056967,0.03334410669137336,0.2243249173247363,0.14864201038845767,0.8818361217252737,0.9659798553874008,0.002788694424850244,0.06527109265257298,Brain,Treatment vs Control,Brain | Treatment vs Control,0.9659798553874008,0.015031930298082443,FALSE,NS
Gene_1528,1261.0308576358445,0.030914201200924345,0.20821855688165133,0.1484699618703801,0.88197189015672,0.9659798553874008,0.0026303861256610937,0.06107692663383067,Brain,Treatment vs Control,Brain | Treatment vs Control,0.9659798553874008,0.015031930298082443,FALSE,NS
Gene_1268,283.0922065042644,-0.030540233638427155,0.20573769649684198,-0.1484425759520251,0.8819935014922063,0.9659798553874008,-0.0026082690818272644,0.060456591525711756,Brain,Treatment vs Control,Brain | Treatment vs Control,0.9659798553874008,0.015031930298082443,FALSE,NS
Gene_2265,423.0396872881052,0.03563146879338791,0.24088225254349635,0.14792068912156117,0.8824053602635757,0.9660726708254618,0.002958306457910567,0.06986029538616066,Brain,Treatment vs Control,Brain | Treatment vs Control,0.9660726708254618,0.01499020344845551,FALSE,NS
Gene_0054,536.0412952638972,0.031078546538142304,0.21049960407945545,0.1476418289433521,0.8826254421078843,0.9660726708254618,0.0026358670720977393,0.06164746266876863,Brain,Treatment vs Control,Brain | Treatment vs Control,0.9660726708254618,0.01499020344845551,FALSE,NS
Gene_3144,5.971442487532071,0.13733868513169134,0.9465858544855562,0.1450884613169412,0.8846410284251227,0.967708282487064,0.019282451459407726,0.3570789404534607,Brain,Treatment vs Control,Brain | Treatment vs Control,0.967708282487064,0.014255541865048928,FALSE,NS
Gene_1162,9.625698948142274,0.10804788413178561,0.7448781925101319,0.14505443335329746,0.8846678946100942,0.967708282487064,0.014088453071377533,0.2709831087711698,Brain,Treatment vs Control,Brain | Treatment vs Control,0.967708282487064,0.014255541865048928,FALSE,NS
Gene_0117,798.3925983188909,0.02763573802481586,0.19119743474214154,0.1445403180334862,0.8850738215102321,0.9678524818063269,0.002428268997096423,0.056943754156530184,Brain,Treatment vs Control,Brain | Treatment vs Control,0.9678524818063269,0.014190831968133024,FALSE,NS
Gene_2803,8.129695367778655,0.11435515043637935,0.8019753395856641,0.14259185387852483,0.8866125313998481,0.968149706199709,0.015323552835737228,0.29563412278468537,Brain,Treatment vs Control,Brain | Treatment vs Control,0.968149706199709,0.014057482000094004,FALSE,NS
Gene_0993,18.12780366094421,-0.09024563664893641,0.6276336154964279,-0.1437871306137044,0.8856685655506311,0.968149706199709,-0.010901567583445678,0.21982288441420209,Brain,Treatment vs Control,Brain | Treatment vs Control,0.968149706199709,0.014057482000094004,FALSE,NS
Gene_1290,87.99851832738649,0.05794318409256608,0.4067325758835197,0.1424601507924457,0.8867165533417896,0.968149706199709,0.005584850791291189,0.12725503234179789,Brain,Treatment vs Control,Brain | Treatment vs Control,0.968149706199709,0.014057482000094004,FALSE,NS
Gene_0956,37.46742445758041,-0.056065079952326666,0.39297949895876094,-0.14266667879845332,0.8865534339320794,0.968149706199709,-0.005313421720773442,0.12191727579470388,Brain,Treatment vs Control,Brain | Treatment vs Control,0.968149706199709,0.014057482000094004,FALSE,NS
Gene_1521,245.16554208786437,0.03452323165939052,0.24138533554059327,0.14302124684614415,0.886273401136071,0.968149706199709,0.0028648371325265057,0.06995970834260398,Brain,Treatment vs Control,Brain | Treatment vs Control,0.968149706199709,0.014057482000094004,FALSE,NS
Gene_3274,6.151152491494447,-0.12890176905162792,0.9092355932170832,-0.14176938299956343,0.8872621685861319,0.9684459713377533,-0.01792852107276587,0.34132228594444086,Brain,Treatment vs Control,Brain | Treatment vs Control,0.9684459713377533,0.013924603137325563,FALSE,NS
Gene_3086,9.218746288549243,-0.10772546820359465,0.7627220424098131,-0.14123817355958015,0.8876817901829687,0.9685184488437822,-0.014171238560211012,0.27858169631170215,Brain,Treatment vs Control,Brain | Treatment vs Control,0.9685184488437822,0.013892102198622516,FALSE,NS
Gene_1678,48.092325475776946,0.05041112895886089,0.3586830117319399,0.14054506990851137,0.8882293452084737,0.9685184488437822,0.004580372035734118,0.1089159059968642,Brain,Treatment vs Control,Brain | Treatment vs Control,0.9685184488437822,0.013892102198622516,FALSE,NS
Gene_0976,55.788834655222686,-0.0477452159743127,0.3416049675022762,-0.13976733512809517,0.888843822705859,0.9685184488437822,-0.004251122857830286,0.1026653451475884,Brain,Treatment vs Control,Brain | Treatment vs Control,0.9685184488437822,0.013892102198622516,FALSE,NS
Gene_3044,259.2197640562817,0.0354921152553999,0.2531757338814229,0.14018766613716205,0.8885117166685198,0.9685184488437822,0.0029446114474140674,0.07336985318862059,Brain,Treatment vs Control,Brain | Treatment vs Control,0.9685184488437822,0.013892102198622516,FALSE,NS
Gene_3118,448.97933823017024,0.03162846234888893,0.2265613642900673,0.13960218878446945,0.8889743111590763,0.9685184488437822,0.0026392114409711535,0.06580354142651548,Brain,Treatment vs Control,Brain | Treatment vs Control,0.9685184488437822,0.013892102198622516,FALSE,NS
Gene_1653,911.3725350302088,-0.025918433391088378,0.1856531114518515,-0.13960678163915521,0.8889706821279407,0.9685184488437822,-0.002309677641722174,0.05565518434229744,Brain,Treatment vs Control,Brain | Treatment vs Control,0.9685184488437822,0.013892102198622516,FALSE,NS
Gene_0672,15.591756520147703,-0.08824245278348154,0.6382812712641446,-0.13825010501829926,0.8900427571719751,0.9690752800218919,-0.010740235936986238,0.2242609908547633,Brain,Treatment vs Control,Brain | Treatment vs Control,0.9690752800218919,0.013642484633227373,FALSE,NS
Gene_2570,34.25719302679977,0.06053996375336518,0.4389704307091884,0.13791353475804397,0.8903087534384078,0.9690752800218919,0.006064037568776209,0.13994853616060243,Brain,Treatment vs Control,Brain | Treatment vs Control,0.9690752800218919,0.013642484633227373,FALSE,NS
Gene_2986,42.53947708173324,-0.0566555218039131,0.40959667199003313,-0.1383202688846352,0.8899873072279325,0.9690752800218919,-0.005477466416845009,0.12829158179805897,Brain,Treatment vs Control,Brain | Treatment vs Control,0.9690752800218919,0.013642484633227373,FALSE,NS
Gene_0166,170.92279580420248,0.03343938185305446,0.24427812287663567,0.136890612467748,0.8911172591473654,0.969656407411201,0.002772525662528412,0.07073616534815066,Brain,Treatment vs Control,Brain | Treatment vs Control,0.969656407411201,0.013382128414102981,FALSE,NS
Gene_3343,21.61871065278676,0.0912730335891403,0.6732795041848785,0.1355648479150455,0.8921652961489965,0.9700939398088705,0.011386791115637522,0.2394094147164176,Brain,Treatment vs Control,Brain | Treatment vs Control,0.9700939398088705,0.013186208450014133,FALSE,NS
Gene_1751,36.973602038220314,-0.058451695925052706,0.434119024093494,-0.13464440091541408,0.8928930343751995,0.9700939398088705,-0.00581910808846673,0.13793108553319916,Brain,Treatment vs Control,Brain | Treatment vs Control,0.9700939398088705,0.013186208450014133,FALSE,NS
Gene_3454,44.55648999813329,-0.04898083243619589,0.36250588642435355,-0.13511734366392705,0.8925190976663452,0.9700939398088705,-0.004468467438287015,0.11024082282152306,Brain,Treatment vs Control,Brain | Treatment vs Control,0.9700939398088705,0.013186208450014133,FALSE,NS
Gene_1544,180.2577520371546,0.03306139216017581,0.2434865818579573,0.1357832202000471,0.8919926565360932,0.9700939398088705,0.002741127371890661,0.07049868021635808,Brain,Treatment vs Control,Brain | Treatment vs Control,0.9700939398088705,0.013186208450014133,FALSE,NS
Gene_0458,850.8358874994537,0.02470818143757039,0.18347219496043307,0.13466989612730618,0.8928728757340204,0.9700939398088705,0.002214980709720822,0.055145379871254153,Brain,Treatment vs Control,Brain | Treatment vs Control,0.9700939398088705,0.013186208450014133,FALSE,NS
Gene_3035,210.29599732063556,0.02989152764862687,0.2233607997169955,0.13382620265731626,0.8935400068419818,0.9704982356687288,0.002498852062778206,0.06489994667636129,Brain,Treatment vs Control,Brain | Treatment vs Control,0.9704982356687288,0.013005249806820654,FALSE,NS
Gene_0576,167.73213926411034,0.038622598165879866,0.29178095598761356,0.13236846810358466,0.894692853991815,0.9714515582549503,0.0032669055419195688,0.08537087331829049,Brain,Treatment vs Control,Brain | Treatment vs Control,0.9714515582549503,0.012578850758581594,FALSE,NS
Gene_2239,219.47115187230952,-0.02864221535663591,0.21869593759051284,-0.13096820943361878,0.8958004559443591,0.9720563644559104,-0.002403629749318382,0.06364648594936309,Brain,Treatment vs Control,Brain | Treatment vs Control,0.9720563644559104,0.012308551881888221,FALSE,NS
Gene_3276,486.6309726128736,-0.024158499169363783,0.18401717084749622,-0.1312839397437812,0.8955506960534727,0.9720563644559104,-0.002161838487472074,0.05525014639906572,Brain,Treatment vs Control,Brain | Treatment vs Control,0.9720563644559104,0.012308551881888221,FALSE,NS
Gene_3207,9.942619966723615,0.12159010560589245,0.9451441544556342,0.12864715401633475,0.8976368527850791,0.9724496095295976,0.017041235136147682,0.35571370406653835,Brain,Treatment vs Control,Brain | Treatment vs Control,0.9724496095295976,0.012132893724853893,FALSE,NS
Gene_0589,23.879944738696317,0.06871054761536857,0.5353220948329089,0.12835365526396836,0.8978691054507468,0.9724496095295976,0.007640087533746442,0.17963333641805349,Brain,Treatment vs Control,Brain | Treatment vs Control,0.9724496095295976,0.012132893724853893,FALSE,NS
Gene_0737,72.99750385552072,-0.039533503188330654,0.30696231135929114,-0.1287894367659284,0.8975242641567491,0.9724496095295976,-0.003388152708422271,0.09038936484176538,Brain,Treatment vs Control,Brain | Treatment vs Control,0.9724496095295976,0.012132893724853893,FALSE,NS
Gene_1184,205.49568051488038,-0.03187664513854302,0.24785792455121425,-0.12860853731532165,0.8976674106145798,0.9724496095295976,-0.00264090619207045,0.07170225774267334,Brain,Treatment vs Control,Brain | Treatment vs Control,0.9724496095295976,0.012132893724853893,FALSE,NS
Gene_1936,277.93523376427254,0.028605893501631178,0.22314772701990016,0.12819262774332504,0.8979965341431564,0.9724496095295976,0.0023907973320575664,0.06480359523647661,Brain,Treatment vs Control,Brain | Treatment vs Control,0.9724496095295976,0.012132893724853893,FALSE,NS
Gene_3159,375.9237282798586,0.02703795178871138,0.20828969133395517,0.12980936125811848,0.8967172563728355,0.9724496095295976,0.0022972903310801143,0.06097413692405984,Brain,Treatment vs Control,Brain | Treatment vs Control,0.9724496095295976,0.012132893724853893,FALSE,NS
Gene_1530,895.1174104414389,-0.02502034636159172,0.19535902384566478,-0.12807366595646996,0.8980906759207075,0.9724496095295976,-0.002175411319511912,0.05782534071385959,Brain,Treatment vs Control,Brain | Treatment vs Control,0.9724496095295976,0.012132893724853893,FALSE,NS
Gene_0541,2615.532117117816,-0.023475110581253705,0.18397104936882394,-0.1276021997036662,0.8984637902535736,0.9725553781071026,-0.0021005378105101308,0.05522304772343609,Brain,Treatment vs Control,Brain | Treatment vs Control,0.9725553781071026,0.012085660211411579,FALSE,NS
Gene_1647,10.113709767786448,0.11429557495336272,0.9211929877394395,0.12407343138145051,0.9012571342737552,0.9727551560683141,0.015922165133724978,0.3455464083313478,Brain,Treatment vs Control,Brain | Treatment vs Control,0.9727551560683141,0.011996458549321328,FALSE,NS
Gene_2335,79.17448812828324,-0.04338121177269376,0.35025382574793046,-0.12385649658517708,0.9014288983386911,0.9727551560683141,-0.0038957717214926557,0.10555916694380033,Brain,Treatment vs Control,Brain | Treatment vs Control,0.9727551560683141,0.011996458549321328,FALSE,NS
Gene_3017,95.94475701797211,0.03813175080749751,0.3058289679629694,0.12468325372014664,0.9007743155293881,0.9727551560683141,0.0032632927554153072,0.08995683801510129,Brain,Treatment vs Control,Brain | Treatment vs Control,0.9727551560683141,0.011996458549321328,FALSE,NS
Gene_2206,176.86982504612303,0.03531912858991501,0.28589002055627655,0.12354096348376228,0.9016787385476046,0.9727551560683141,0.0029716307621119624,0.08335569455745676,Brain,Treatment vs Control,Brain | Treatment vs Control,0.9727551560683141,0.011996458549321328,FALSE,NS
Gene_1245,125.13957329603674,0.03273211956036629,0.259322519150113,0.12622166276820249,0.8995564640942642,0.9727551560683141,0.0027161314518562673,0.07507896023271658,Brain,Treatment vs Control,Brain | Treatment vs Control,0.9727551560683141,0.011996458549321328,FALSE,NS
Gene_1365,472.141715170027,0.030249095384394603,0.24195140979009436,0.12502136445758796,0.9005066366474112,0.9727551560683141,0.002506316215687033,0.06997057574052619,Brain,Treatment vs Control,Brain | Treatment vs Control,0.9727551560683141,0.011996458549321328,FALSE,NS
Gene_2377,173.61406174852064,-0.029389501462639026,0.23614288068647557,-0.12445643661669038,0.9009538906829602,0.9727551560683141,-0.002438293714265333,0.06832561022451046,Brain,Treatment vs Control,Brain | Treatment vs Control,0.9727551560683141,0.011996458549321328,FALSE,NS
Gene_0644,164.06303144719,0.028678903491015758,0.23035051975294835,0.12450114513209683,0.9009184937510448,0.9727551560683141,0.0023851187368795464,0.06672338466228625,Brain,Treatment vs Control,Brain | Treatment vs Control,0.9727551560683141,0.011996458549321328,FALSE,NS
Gene_2931,2291.6064660917195,-0.02534412254264097,0.20476886382458728,-0.12376941527766497,0.9014978486469052,0.9727551560683141,-0.0021642106288749232,0.060065791165426444,Brain,Treatment vs Control,Brain | Treatment vs Control,0.9727551560683141,0.011996458549321328,FALSE,NS
Gene_3477,386.1766624324423,0.023942745715424228,0.19333783100118432,0.12383890721975443,0.9014428254027653,0.9727551560683141,0.0020905699688619,0.05733137666028803,Brain,Treatment vs Control,Brain | Treatment vs Control,0.9727551560683141,0.011996458549321328,FALSE,NS
Gene_0344,2387.5223771540536,0.022686234427612865,0.18026778668708632,0.12584741203369984,0.8998527107119233,0.9727551560683141,0.0020527871116598475,0.05440404847298389,Brain,Treatment vs Control,Brain | Treatment vs Control,0.9727551560683141,0.011996458549321328,FALSE,NS
Gene_1830,8.126123997492545,0.10225578470263418,0.8428427874544538,0.12132248887300344,0.9034356080421619,0.9737579768000225,0.01390108925405483,0.31231235359356574,Brain,Treatment vs Control,Brain | Treatment vs Control,0.9737579768000225,0.011548971664905502,FALSE,NS
Gene_0512,36.6721944048301,0.04813710450327917,0.39595527792474433,0.1215720743907552,0.9032379308146057,0.9737579768000225,0.004569040412593575,0.12267680009939903,Brain,Treatment vs Control,Brain | Treatment vs Control,0.9737579768000225,0.011548971664905502,FALSE,NS
Gene_2680,82.05806973008924,-0.03770609254819733,0.3103803705433495,-0.12148349614438998,0.9033080860508182,0.9737579768000225,-0.0032401748079805143,0.09146185619959891,Brain,Treatment vs Control,Brain | Treatment vs Control,0.9737579768000225,0.011548971664905502,FALSE,NS
Gene_3313,13.913340470759668,0.08537226180021101,0.7064124521456319,0.1208532798946343,0.9038072480825783,0.9738612734145817,0.010864716609121278,0.25333695027517555,Brain,Treatment vs Control,Brain | Treatment vs Control,0.9738612734145817,0.011502903985363442,FALSE,NS
Gene_3154,494.00359996705157,-0.025806119237100054,0.21509684978239546,-0.11997441739945067,0.9045034135136244,0.9740393133467532,-0.0021721808151490074,0.06264266798727906,Brain,Treatment vs Control,Brain | Treatment vs Control,0.9740393133467532,0.011423514142944043,FALSE,NS
Gene_2503,1414.1142534075095,0.025655808475552603,0.2138907473829079,0.11994819219376279,0.90452418818012,0.9740393133467532,0.002162530786919041,0.062333024992389956,Brain,Treatment vs Control,Brain | Treatment vs Control,0.9740393133467532,0.011423514142944043,FALSE,NS
Gene_1451,16.13080377401429,-0.06721877714460386,0.5631603755237545,-0.11935991960032445,0.9049902137582689,0.9742440380428193,-0.007669162783133344,0.19125469549252766,Brain,Treatment vs Control,Brain | Treatment vs Control,0.9742440380428193,0.01133224322377854,FALSE,NS
Gene_2266,1365.2424173437887,0.029034732676502584,0.24524956115315755,0.11838852041154312,0.9057598211956883,0.9744783451072441,0.0024037298091853015,0.0708649407581298,Brain,Treatment vs Control,Brain | Treatment vs Control,0.9744783451072441,0.011227807346692256,FALSE,NS
Gene_1826,197.41267333971683,-0.028541965344354776,0.2408842488113704,-0.11848830085484409,0.9056807643607345,0.9744783451072441,-0.002364156193222771,0.06961727513774046,Brain,Treatment vs Control,Brain | Treatment vs Control,0.9744783451072441,0.011227807346692256,FALSE,NS
Gene_2155,12.7393179716963,-0.07231667157422178,0.6289485613551455,-0.11498026391602961,0.9084607653945275,0.9750982412450628,-0.008720293578910321,0.21948247484469927,Brain,Treatment vs Control,Brain | Treatment vs Control,0.9750982412450628,0.010951626884775348,FALSE,NS
Gene_3292,24.253034567809593,0.055974649711067206,0.47990761240451313,0.11663630303885718,0.9071482683864287,0.9750982412450628,0.0058651859612539785,0.15616372145683632,Brain,Treatment vs Control,Brain | Treatment vs Control,0.9750982412450628,0.010951626884775348,FALSE,NS
Gene_0457,94.85129313792989,0.03855605983920297,0.33614215685970095,0.1147016494432012,0.9086816064926557,0.9750982412450628,0.0034035217119369804,0.10035297708724863,Brain,Treatment vs Control,Brain | Treatment vs Control,0.9750982412450628,0.010951626884775348,FALSE,NS
Gene_3500,113.9954238515852,-0.033026160114392696,0.28724780266406724,-0.1149744569256684,0.9084653681777881,0.9750982412450628,-0.0027795739882780866,0.0837079710832677,Brain,Treatment vs Control,Brain | Treatment vs Control,0.9750982412450628,0.010951626884775348,FALSE,NS
Gene_0031,183.4777347259377,-0.03037771229553332,0.2609324567428883,-0.11641983015346467,0.9073198200641771,0.9750982412450628,-0.002520079215349957,0.07547973959970872,Brain,Treatment vs Control,Brain | Treatment vs Control,0.9750982412450628,0.010951626884775348,FALSE,NS
Gene_0759,111.70838661306531,-0.03025427035551479,0.2641710453269735,-0.11452530809373165,0.9088213854255173,0.9750982412450628,-0.0025123428296341638,0.07644705993892793,Brain,Treatment vs Control,Brain | Treatment vs Control,0.9750982412450628,0.010951626884775348,FALSE,NS
Gene_0347,270.5573057431225,-0.028769451757957087,0.2495592757314458,-0.11528103563225714,0.9082223695106248,0.9750982412450628,-0.002381252961587012,0.07209110969524216,Brain,Treatment vs Control,Brain | Treatment vs Control,0.9750982412450628,0.010951626884775348,FALSE,NS
Gene_3316,171.53933610618805,-0.02856139718440142,0.24890126137269455,-0.11474990936922072,0.9086433532178566,0.9750982412450628,-0.002363867828881308,0.07189517875967817,Brain,Treatment vs Control,Brain | Treatment vs Control,0.9750982412450628,0.010951626884775348,FALSE,NS
Gene_3352,832.779456103032,0.02149327968565711,0.18530928445281522,0.1159859839139894,0.907663650035654,0.9750982412450628,0.0019146757508829463,0.05546953202344961,Brain,Treatment vs Control,Brain | Treatment vs Control,0.9750982412450628,0.010951626884775348,FALSE,NS
Gene_3426,21.937007319213482,0.06055883767071296,0.5359790042028807,0.11298733195860414,0.9100405985296606,0.9758133475275528,0.006728446113037785,0.17953046588654828,Brain,Treatment vs Control,Brain | Treatment vs Control,0.9758133475275528,0.010633245746279739,FALSE,NS
Gene_3386,38.42960264074916,-0.04421219344465914,0.390912462158048,-0.11309998458627782,0.909951287213096,0.9758133475275528,-0.004167391186470698,0.12060153622616561,Brain,Treatment vs Control,Brain | Treatment vs Control,0.9758133475275528,0.010633245746279739,FALSE,NS
Gene_0268,417.78752496567813,-0.02105720763356608,0.18705508864208917,-0.11257222557498502,0.9103697058286918,0.9758698941351278,-0.0018664914108029189,0.055845348804803095,Brain,Treatment vs Control,Brain | Treatment vs Control,0.9758698941351278,0.010608079900590418,FALSE,NS
Gene_1573,1312.14339494002,-0.019960254025196623,0.17795104096025202,-0.11216711022024894,0.9106909068052886,0.9759179338177463,-0.0018186643773601793,0.05385183047106837,Brain,Treatment vs Control,Brain | Treatment vs Control,0.9759179338177463,0.010586701174092593,FALSE,NS
Gene_1885,144.5793118535483,-0.03469869844372994,0.31042339828537074,-0.11177861796304284,0.9109989416533523,0.9759518394957484,-0.0029794690289281253,0.09136676435285677,Brain,Treatment vs Control,Brain | Treatment vs Control,0.9759518394957484,0.010571613027266093,FALSE,NS
Gene_1656,198.35475187414633,-0.027609533047634784,0.24831410513016225,-0.11118793688003471,0.9114673172924082,0.976157445362297,-0.00228447964861242,0.07169786013774596,Brain,Treatment vs Control,Brain | Treatment vs Control,0.976157445362297,0.010480128913838828,FALSE,NS
Gene_0214,18.082646671845172,0.07190034845156729,0.6527991802336046,0.11014160346500083,0.9122970740567855,0.9764832399628247,0.008822222754392761,0.22969358657185773,Brain,Treatment vs Control,Brain | Treatment vs Control,0.9764832399628247,0.010335206399810126,FALSE,NS
Gene_2930,156.1331676607147,0.028836806396617405,0.26273036448640374,0.1097581790859568,0.9126011588437614,0.9764832399628247,0.0023925402877297214,0.07596965537250241,Brain,Treatment vs Control,Brain | Treatment vs Control,0.9764832399628247,0.010335206399810126,FALSE,NS
Gene_1101,429.88771593923883,-0.02573558143346664,0.23401519896803946,-0.10997397411345691,0.9124300153450344,0.9764832399628247,-0.00213466582275872,0.06763337384153524,Brain,Treatment vs Control,Brain | Treatment vs Control,0.9764832399628247,0.010335206399810126,FALSE,NS
Gene_2831,2.9787325360699484,-0.1304405579288881,1.2330318027298346,-0.1057884781561214,0.9157501785893227,0.9781176102682918,-0.01859610420564954,0.4669811312938646,Brain,Treatment vs Control,Brain | Treatment vs Control,0.9781176102682918,0.00960892187947858,FALSE,NS
Gene_0131,20.209363444651608,0.06199591087048846,0.588015126792332,0.1054325102292537,0.9160326203825314,0.9781176102682918,0.007223639801753195,0.20156224066557343,Brain,Treatment vs Control,Brain | Treatment vs Control,0.9781176102682918,0.00960892187947858,FALSE,NS
Gene_0325,24.593698724937287,0.051550231149725935,0.4825507137069742,0.10682862896153435,0.9149249348078884,0.9781176102682918,0.005412850132540671,0.15705526517769036,Brain,Treatment vs Control,Brain | Treatment vs Control,0.9781176102682918,0.00960892187947858,FALSE,NS
Gene_2111,101.5962159782919,0.03371645792198735,0.31992588685880297,0.10538833932143751,0.9160676684104335,0.9781176102682918,0.002921791117510369,0.09455498725639248,Brain,Treatment vs Control,Brain | Treatment vs Control,0.9781176102682918,0.00960892187947858,FALSE,NS
Gene_2275,169.2066625796778,-0.026970347985938673,0.25200927541027646,-0.10702125126954305,0.9147721205027043,0.9781176102682918,-0.0022315468393924037,0.07274712528647495,Brain,Treatment vs Control,Brain | Treatment vs Control,0.9781176102682918,0.00960892187947858,FALSE,NS
Gene_2728,265.02396748733304,0.023137223808062542,0.219104157297773,0.10559920036851675,0.9159003592184373,0.9781176102682918,0.0019377482784479795,0.0635989077773038,Brain,Treatment vs Control,Brain | Treatment vs Control,0.9781176102682918,0.00960892187947858,FALSE,NS
Gene_2055,610.2588031551272,0.021718557208653247,0.20523928623109644,0.10582066234725875,0.9157246426532641,0.9781176102682918,0.001851296207327875,0.06008894825668472,Brain,Treatment vs Control,Brain | Treatment vs Control,0.9781176102682918,0.00960892187947858,FALSE,NS
Gene_0713,168.23750515626753,-0.028210440581096268,0.26895577558864886,-0.10488877035398705,0.9164640697733741,0.9782450515023531,-0.0023458114730396757,0.07783555323983182,Brain,Treatment vs Control,Brain | Treatment vs Control,0.9782450515023531,0.00955234032036423,FALSE,NS
Gene_2039,149.4589787514915,-0.026779131772481035,0.25623220328393737,-0.10451118723280228,0.9167636907701011,0.9782691423720844,-0.0022169084475449387,0.07397720531435409,Brain,Treatment vs Control,Brain | Treatment vs Control,0.9782691423720844,0.009541645246623546,FALSE,NS
Gene_0935,14.266782421217277,-0.06297888412950463,0.6163385242414855,-0.10218229374354196,0.9186119817303713,0.9796493227091335,-0.0075114934087317006,0.2136895413030963,Brain,Treatment vs Control,Brain | Treatment vs Control,0.9796493227091335,0.008929357437517618,FALSE,NS
Gene_0420,51.781952860762594,0.035181382624622316,0.34379627755702974,0.10233206384495058,0.9184931056222898,0.9796493227091335,0.0031299223152643127,0.10294107825123643,Brain,Treatment vs Control,Brain | Treatment vs Control,0.9796493227091335,0.008929357437517618,FALSE,NS
Gene_1698,9.379623928035066,-0.07375989861276437,0.7638346820878074,-0.09656526515810293,0.9230716419282922,0.9796867988486472,-0.009672098359074205,0.2775088057615809,Brain,Treatment vs Control,Brain | Treatment vs Control,0.9796867988486472,0.008912743972970387,FALSE,NS
Gene_3232,16.278307821548978,-0.07184906340631403,0.739938761874125,-0.097101364475533,0.9226458972892431,0.9796867988486472,-0.009304871441173935,0.26717729511082267,Brain,Treatment vs Control,Brain | Treatment vs Control,0.9796867988486472,0.008912743972970387,FALSE,NS
Gene_1182,11.536201893913814,0.06898237235526844,0.7059074701796366,0.09772155030136467,0.9221534027918807,0.9796867988486472,0.008760100225642563,0.25242569893036626,Brain,Treatment vs Control,Brain | Treatment vs Control,0.9796867988486472,0.008912743972970387,FALSE,NS
Gene_1075,27.31096627226051,0.04587719349067117,0.4785535233022097,0.0958663791128321,0.9236266971395583,0.9796867988486472,0.00479169778877024,0.15520943549569738,Brain,Treatment vs Control,Brain | Treatment vs Control,0.9796867988486472,0.008912743972970387,FALSE,NS
Gene_1660,87.42721212139092,-0.03252345513909286,0.32776693237240717,-0.09922738362801002,0.9209577331552202,0.9796867988486472,-0.00284089350264514,0.09721762308998379,Brain,Treatment vs Control,Brain | Treatment vs Control,0.9796867988486472,0.008912743972970387,FALSE,NS
Gene_0862,83.20093481294467,0.0289561649994932,0.29159759035240485,0.0993017979486688,0.9208986509180983,0.9796867988486472,0.002442455754209395,0.08497584767535804,Brain,Treatment vs Control,Brain | Treatment vs Control,0.9796867988486472,0.008912743972970387,FALSE,NS
Gene_3391,109.71916424708478,-0.028566801643696328,0.29387379842435324,-0.09720771908506766,0.9225614381356415,0.9796867988486472,-0.0024137355668920352,0.08570155437881521,Brain,Treatment vs Control,Brain | Treatment vs Control,0.9796867988486472,0.008912743972970387,FALSE,NS
Gene_2633,106.0648183899485,0.027836147989149677,0.27937113876580877,0.09963859585540139,0.9206312512162073,0.9796867988486472,0.002327358776892044,0.08104932019819339,Brain,Treatment vs Control,Brain | Treatment vs Control,0.9796867988486472,0.008912743972970387,FALSE,NS
Gene_0227,232.84860489791217,0.02539735289795859,0.2545301546227004,0.09978131249559032,0.9205179444669204,0.9796867988486472,0.0021011846696681684,0.07343903325363048,Brain,Treatment vs Control,Brain | Treatment vs Control,0.9796867988486472,0.008912743972970387,FALSE,NS
Gene_3109,123.96741400693193,0.025358325173700163,0.25635610252431934,0.09891835975035755,0.9212030914265487,0.9796867988486472,0.002098590964978753,0.07397443078317961,Brain,Treatment vs Control,Brain | Treatment vs Control,0.9796867988486472,0.008912743972970387,FALSE,NS
Gene_0614,225.76444299201623,-0.024927152166650157,0.25839180461551836,-0.09647036678946239,0.9231470080091462,0.9796867988486472,-0.0020635977130490472,0.07456451836990911,Brain,Treatment vs Control,Brain | Treatment vs Control,0.9796867988486472,0.008912743972970387,FALSE,NS
Gene_2773,162.8109496937069,0.023530732383864418,0.2378448063686648,0.0989331351948516,0.9211913598724558,0.9796867988486472,0.0019479607422289843,0.06863023232694183,Brain,Treatment vs Control,Brain | Treatment vs Control,0.9796867988486472,0.008912743972970387,FALSE,NS
Gene_3227,163.86627272864015,0.02314454228079729,0.22790151295862596,0.10155501813188503,0.9191098851071512,0.9796867988486472,0.0019246670995821452,0.0659116007213749,Brain,Treatment vs Control,Brain | Treatment vs Control,0.9796867988486472,0.008912743972970387,FALSE,NS
Gene_1772,837.2795959524751,0.02165856549516425,0.22084890240230515,0.09806960894788756,0.9218770197158115,0.9796867988486472,0.0018102443587264296,0.06401558451357045,Brain,Treatment vs Control,Brain | Treatment vs Control,0.9796867988486472,0.008912743972970387,FALSE,NS
Gene_2311,365.9360179916939,-0.021111904998569533,0.21825123273683936,-0.09673212258106978,0.9229391293125206,0.9796867988486472,-0.0017687424959485745,0.06333102484466674,Brain,Treatment vs Control,Brain | Treatment vs Control,0.9796867988486472,0.008912743972970387,FALSE,NS
Gene_2635,356.8430310086379,0.02042285697754815,0.20180930131552544,0.10119878937402076,0.9193926577256739,0.9796867988486472,0.0017506273235947788,0.059233015485682966,Brain,Treatment vs Control,Brain | Treatment vs Control,0.9796867988486472,0.008912743972970387,FALSE,NS
Gene_0272,639.4247400493376,0.01897135891057894,0.19793167195323202,0.09584802029592089,0.9236412782121627,0.9796867988486472,0.0016378501787525307,0.058284162389372673,Brain,Treatment vs Control,Brain | Treatment vs Control,0.9796867988486472,0.008912743972970387,FALSE,NS
Gene_0348,1285.3201088803562,0.017774805883006787,0.17658464566853094,0.10065884163208662,0.9198212849855316,0.9796867988486472,0.0016263279697495614,0.05352228598963392,Brain,Treatment vs Control,Brain | Treatment vs Control,0.9796867988486472,0.008912743972970387,FALSE,NS
Gene_2675,43.698075813294935,0.03883813666540565,0.4178423407285574,0.09294926071323163,0.925943870716795,0.9818341764267277,0.0037775069682613894,0.13074576735007185,Brain,Treatment vs Control,Brain | Treatment vs Control,0.9818341764267277,0.007961854722186058,FALSE,NS
Gene_2591,138.78470485336194,0.022584166502462318,0.24394979747606418,0.0925771069954597,0.9262395315980878,0.9818528328048177,0.0018668071031012012,0.07031833735927608,Brain,Treatment vs Control,Brain | Treatment vs Control,0.9818528328048177,0.007953602529225603,FALSE,NS
Gene_2662,19.536818415125172,-0.052937942558437735,0.5778440355641278,-0.09161285623854606,0.9270056366073758,0.9820752783860318,-0.006107089218943166,0.19689162064803292,Brain,Treatment vs Control,Brain | Treatment vs Control,0.9820752783860318,0.007855221240921124,FALSE,NS
Gene_1543,21.734013864105695,-0.04754743936546861,0.5181386249005374,-0.09176586550480749,0.9268840649744693,0.9820752783860318,-0.00518000077844319,0.17157501854951765,Brain,Treatment vs Control,Brain | Treatment vs Control,0.9820752783860318,0.007855221240921124,FALSE,NS
Gene_0683,39.93597706366311,-0.038486609375140396,0.4282028194597913,-0.08987939272257485,0.9283830570880428,0.9823555812340063,-0.003789667206598213,0.1347865542667951,Brain,Treatment vs Control,Brain | Treatment vs Control,0.9823555812340063,0.007731283072909624,FALSE,NS
Gene_2276,56.099243573699326,-0.03315635945554716,0.36766705095480984,-0.09018039383578712,0.928143864289334,0.9823555812340063,-0.0030322095780570347,0.11152682396027756,Brain,Treatment vs Control,Brain | Treatment vs Control,0.9823555812340063,0.007731283072909624,FALSE,NS
Gene_1893,67.64172064716753,0.03111894001360079,0.3459681176507185,0.08994742123902226,0.9283289971489831,0.9823555812340063,0.002773065180133956,0.10358650805683295,Brain,Treatment vs Control,Brain | Treatment vs Control,0.9823555812340063,0.007731283072909624,FALSE,NS
Gene_1717,96.73599824213818,-0.0263373715043694,0.29082406712151565,-0.09056118279703722,0.9278412767820681,0.9823555812340063,-0.0022189272850658246,0.08465174630798637,Brain,Treatment vs Control,Brain | Treatment vs Control,0.9823555812340063,0.007731283072909624,FALSE,NS
Gene_3174,2705.2407289101047,-0.018016290293049266,0.2013220727971589,-0.08948989071457401,0.9286925873902282,0.9823887136233959,-0.0015448604021717125,0.059067479381697395,Brain,Treatment vs Control,Brain | Treatment vs Control,0.9823887136233959,0.007716635656527592,FALSE,NS
Gene_2098,127.17260028686117,0.025289769713291353,0.28422802045145457,0.08897704622198142,0.9291001522138513,0.9825254978937134,0.0021199533063979027,0.0825124820120777,Brain,Treatment vs Control,Brain | Treatment vs Control,0.9825254978937134,0.007656170264646548,FALSE,NS
Gene_1042,7.5825380408056695,0.07316460940131524,0.8789647667804011,0.08323952468460495,0.9336610856188302,0.9826471652185806,0.010043018657575469,0.32640368047940066,Brain,Treatment vs Control,Brain | Treatment vs Control,0.9826471652185806,0.0076023943813594026,FALSE,NS
Gene_2060,7.596969806079005,-0.0724329852232121,0.8527143239515915,-0.08494402309034522,0.9323058928741524,0.9826471652185806,-0.009856833359460694,0.3153274357349754,Brain,Treatment vs Control,Brain | Treatment vs Control,0.9826471652185806,0.0076023943813594026,FALSE,NS
Gene_1143,9.796017800399007,-0.06252013375628081,0.7140890223193755,-0.08755229642547109,0.9302325184461699,0.9826471652185806,-0.007973269823902174,0.2557181725739617,Brain,Treatment vs Control,Brain | Treatment vs Control,0.9826471652185806,0.0076023943813594026,FALSE,NS
Gene_2251,25.04426956228042,0.038868037137993534,0.46896194897081467,0.08288100393495346,0.9339461587294129,0.9826471652185806,0.0040124339898108,0.15107711068038782,Brain,Treatment vs Control,Brain | Treatment vs Control,0.9826471652185806,0.0076023943813594026,FALSE,NS
Gene_3279,26.65148167376256,-0.037741694051088286,0.44812096094817266,-0.08422211264394144,0.9328798373007504,0.9826471652185806,-0.003803882223440555,0.14265539014811013,Brain,Treatment vs Control,Brain | Treatment vs Control,0.9826471652185806,0.0076023943813594026,FALSE,NS
Gene_2012,37.58805296085597,0.03652612725111597,0.4354950296780821,0.08387266159642758,0.933157675839247,0.9826471652185806,0.0036267094877927447,0.13759935334418977,Brain,Treatment vs Control,Brain | Treatment vs Control,0.9826471652185806,0.0076023943813594026,FALSE,NS
Gene_3121,49.02940482396039,0.03010039239223113,0.35072807994959804,0.08582259052812867,0.9316074480873021,0.9826471652185806,0.002696604454223623,0.10526436609640044,Brain,Treatment vs Control,Brain | Treatment vs Control,0.9826471652185806,0.0076023943813594026,FALSE,NS
Gene_0597,66.5261266433935,0.027111280017584245,0.3197853939802107,0.08477960697373806,0.9324366064379206,0.9826471652185806,0.0023457409195140715,0.0943072939061098,Brain,Treatment vs Control,Brain | Treatment vs Control,0.9826471652185806,0.0076023943813594026,FALSE,NS
Gene_2037,104.06732161687447,0.026484190996432087,0.3050861370636291,0.08680889682938467,0.9308234156763138,0.9826471652185806,0.002258525355181438,0.08932894643194345,Brain,Treatment vs Control,Brain | Treatment vs Control,0.9826471652185806,0.0076023943813594026,FALSE,NS
Gene_2577,156.92600652322676,0.025679115404204707,0.3043320867570513,0.08437859996242979,0.9327554213559188,0.9826471652185806,0.0021880099726397733,0.08905703603222206,Brain,Treatment vs Control,Brain | Treatment vs Control,0.9826471652185806,0.0076023943813594026,FALSE,NS
Gene_2508,84.61679849979056,0.025881985698947813,0.29397007065068204,0.08804292777717086,0.9298425571624629,0.9826471652185806,0.0021857744354984968,0.08565792038887243,Brain,Treatment vs Control,Brain | Treatment vs Control,0.9826471652185806,0.0076023943813594026,FALSE,NS
Gene_3199,122.35829573945443,-0.021507238393002233,0.2586466394574488,-0.08315297828000774,0.9337299010891069,0.9826471652185806,-0.0017792487559552719,0.07455607894125271,Brain,Treatment vs Control,Brain | Treatment vs Control,0.9826471652185806,0.0076023943813594026,FALSE,NS
Gene_2727,208.25583330870447,0.019945176693684563,0.22796289038163248,0.08749308565220576,0.9302795812067601,0.9826471652185806,0.0016573056275955168,0.06585415656369394,Brain,Treatment vs Control,Brain | Treatment vs Control,0.9826471652185806,0.0076023943813594026,FALSE,NS
Gene_2205,766.5848049293712,-0.018045639744960183,0.20898177918394253,-0.08635030199966232,0.9311879525546464,0.9826471652185806,-0.0015280662979450551,0.06092830255852052,Brain,Treatment vs Control,Brain | Treatment vs Control,0.9826471652185806,0.0076023943813594026,FALSE,NS
Gene_0941,378.721163960977,0.018025277889459894,0.2102119915843693,0.0857480953089462,0.9316666683664185,0.9826471652185806,0.0015236852322859764,0.06123282687765273,Brain,Treatment vs Control,Brain | Treatment vs Control,0.9826471652185806,0.0076023943813594026,FALSE,NS
Gene_0372,361.07736440276244,0.017140512904175828,0.2044502301034251,0.08383709275115497,0.9331859560685416,0.9826471652185806,0.0014614281148558864,0.059802781027889704,Brain,Treatment vs Control,Brain | Treatment vs Control,0.9826471652185806,0.0076023943813594026,FALSE,NS
Gene_0423,18760.582130064624,-0.015282709738054418,0.18257274817457853,-0.08370750777898618,0.9332889877542565,0.9826471652185806,-0.0013704707007430085,0.054753586520975124,Brain,Treatment vs Control,Brain | Treatment vs Control,0.9826471652185806,0.0076023943813594026,FALSE,NS
Gene_2833,13.81987469812326,0.054264655127826474,0.6676519142540156,0.08127686593763121,0.9352217714190321,0.9832759268251506,0.006714655050762823,0.23542861162086562,Brain,Treatment vs Control,Brain | Treatment vs Control,0.9832759268251506,0.007324593376241833,FALSE,NS
Gene_2317,91.71534217896172,0.02317052573557061,0.28952836592823494,0.08002851693403285,0.9362145754704494,0.9832759268251506,0.00194894137745586,0.08415375202366357,Brain,Treatment vs Control,Brain | Treatment vs Control,0.9832759268251506,0.007324593376241833,FALSE,NS
Gene_2905,135.8672189490692,-0.02056794137486017,0.2536152202516024,-0.08109900247491246,0.9353632189861891,0.9832759268251506,-0.001699587214159812,0.07305354220860324,Brain,Treatment vs Control,Brain | Treatment vs Control,0.9832759268251506,0.007324593376241833,FALSE,NS
Gene_0164,139.9158219080695,0.01929539266628834,0.23845984349525087,0.08091673794406655,0.9355081686602111,0.9832759268251506,0.0015955534691305658,0.06870406640241078,Brain,Treatment vs Control,Brain | Treatment vs Control,0.9832759268251506,0.007324593376241833,FALSE,NS
Gene_0635,419.65932919609594,0.018629306438145688,0.2325253871541513,0.08011730102311582,0.9361439627525422,0.9832759268251506,0.0015436701296580385,0.0670580681912785,Brain,Treatment vs Control,Brain | Treatment vs Control,0.9832759268251506,0.007324593376241833,FALSE,NS
Gene_2756,369.03327258301795,-0.017087706026299374,0.2119973376646833,-0.0806033991489414,0.9357573628737886,0.9832759268251506,-0.0014407070053121212,0.06166073094483617,Brain,Treatment vs Control,Brain | Treatment vs Control,0.9832759268251506,0.007324593376241833,FALSE,NS
Gene_3266,16.246614874020587,0.04660855964054279,0.5963646359743106,0.07815446595755308,0.9377051820766085,0.9836711223744815,0.005459331971367211,0.20457410265243278,Brain,Treatment vs Control,Brain | Treatment vs Control,0.9836711223744815,0.0071500780035718475,FALSE,NS
Gene_1466,94.18739454005468,-0.022555024169159697,0.28479527548938977,-0.07919732562417454,0.9368756717554678,0.9836711223744815,-0.0018904163543993875,0.08262510615110183,Brain,Treatment vs Control,Brain | Treatment vs Control,0.9836711223744815,0.0071500780035718475,FALSE,NS
Gene_0089,127.26260189242163,0.021693394260916217,0.2753987461281667,0.07877085341129482,0.9372148875985145,0.9836711223744815,0.0018071431851807251,0.07965028244554698,Brain,Treatment vs Control,Brain | Treatment vs Control,0.9836711223744815,0.0071500780035718475,FALSE,NS
Gene_1655,436.51375266920877,-0.016526569696035467,0.21064661979300658,-0.07845637263144986,0.9374650327997209,0.9836711223744815,-0.0013957456469038312,0.061313303362964554,Brain,Treatment vs Control,Brain | Treatment vs Control,0.9836711223744815,0.0071500780035718475,FALSE,NS
Gene_0854,1208.4653409681762,-0.013598777721541172,0.17479644550175708,-0.07779779321316048,0.9379889018911567,0.9836765110120802,-0.0012511567033933382,0.05308299404777619,Brain,Treatment vs Control,Brain | Treatment vs Control,0.9836765110120802,0.007147698906421573,FALSE,NS
Gene_2808,104.99224056860479,0.023595957177701667,0.3069062203857127,0.07688328098416125,0.938716398016798,0.9841471500585847,0.0020145240550674924,0.08986254998611702,Brain,Treatment vs Control,Brain | Treatment vs Control,0.9841471500585847,0.006939960836384237,FALSE,NS
Gene_2242,27.37424761657347,-0.03624551465555074,0.47821327859470036,-0.07579361819910874,0.9395832934609895,0.9844713973919151,-0.003779218758356323,0.15476056607059116,Brain,Treatment vs Control,Brain | Treatment vs Control,0.9844713973919151,0.006796897235674945,FALSE,NS
Gene_0157,141.56850689470787,0.023946970769525754,0.31542061409082445,0.07592075374829589,0.9394821454070507,0.9844713973919151,0.0020615948988638535,0.09273868838150788,Brain,Treatment vs Control,Brain | Treatment vs Control,0.9844713973919151,0.006796897235674945,FALSE,NS
Gene_0494,9.094328912276346,-0.06026829192821279,0.8392625586317181,-0.07181100992575018,0.9427523107900806,0.9845780566104037,-0.008155667009679303,0.3092750807093118,Brain,Treatment vs Control,Brain | Treatment vs Control,0.9845780566104037,0.006749847619948102,FALSE,NS
Gene_1448,9.593605825769865,0.052908778825017024,0.7339752114501427,0.07208523939178156,0.9425340729230524,0.9845780566104037,0.006819172636279076,0.26399220733215,Brain,Treatment vs Control,Brain | Treatment vs Control,0.9845780566104037,0.006749847619948102,FALSE,NS
Gene_0044,12.9908856410899,0.050800593497790064,0.6894718287915075,0.07368044839022986,0.9412646564198626,0.9845780566104037,0.0063754065850897285,0.24473520761916565,Brain,Treatment vs Control,Brain | Treatment vs Control,0.9845780566104037,0.006749847619948102,FALSE,NS
Gene_1082,24.784274192385396,-0.034111861499882046,0.4743864897935795,-0.07190732078969025,0.9426756639864897,0.9845780566104037,-0.0035407494741519626,0.1531425651579233,Brain,Treatment vs Control,Brain | Treatment vs Control,0.9845780566104037,0.006749847619948102,FALSE,NS
Gene_1787,34.225364284784874,0.03288557680754396,0.4445964155711916,0.07396725582075259,0.9410364399334793,0.9845780566104037,0.003298667642564091,0.1411077072634479,Brain,Treatment vs Control,Brain | Treatment vs Control,0.9845780566104037,0.006749847619948102,FALSE,NS
Gene_1902,45.07102195096358,0.028646665959982363,0.3983162899111922,0.07191939342066418,0.9426660562960087,0.9845780566104037,0.002716941231844892,0.12291086036455678,Brain,Treatment vs Control,Brain | Treatment vs Control,0.9845780566104037,0.006749847619948102,FALSE,NS
Gene_2500,57.85547330389017,0.025873847993324886,0.3588968499452404,0.07209271409674578,0.9425281244480421,0.9845780566104037,0.0023387110432518555,0.1081115429123971,Brain,Treatment vs Control,Brain | Treatment vs Control,0.9845780566104037,0.006749847619948102,FALSE,NS
Gene_2584,109.90007745793385,-0.020266643903098566,0.2812518343092417,-0.07205870835606713,0.9425551867191302,0.9845780566104037,-0.001693860447018393,0.08145184920522587,Brain,Treatment vs Control,Brain | Treatment vs Control,0.9845780566104037,0.006749847619948102,FALSE,NS
Gene_3413,133.57649758839995,0.020028852522292435,0.2699552443353317,0.0741932336658483,0.9408566297662591,0.9845780566104037,0.0016632815875288823,0.07793418356906998,Brain,Treatment vs Control,Brain | Treatment vs Control,0.9845780566104037,0.006749847619948102,FALSE,NS
Gene_3338,190.74017063283506,-0.019074455681443794,0.2606628718450364,-0.07317672649898342,0.941665486289005,0.9845780566104037,-0.0015781124638537833,0.07510393530416166,Brain,Treatment vs Control,Brain | Treatment vs Control,0.9845780566104037,0.006749847619948102,FALSE,NS
Gene_2059,111.28439147523295,0.019041552618212505,0.26284522491819506,0.07244397391711711,0.9422485905785607,0.9845780566104037,0.0015764633215297936,0.07575675932322572,Brain,Treatment vs Control,Brain | Treatment vs Control,0.9845780566104037,0.006749847619948102,FALSE,NS
Gene_3351,7.746810618619961,0.06678799316094898,0.9365249674574804,0.07131469579745214,0.9431472994540316,0.9846993241786474,0.009307667842597485,0.350190379442057,Brain,Treatment vs Control,Brain | Treatment vs Control,0.9846993241786474,0.00669636014652012,FALSE,NS
Gene_0212,97.91937742184768,0.021142014126978702,0.29963385555047006,0.0705594969838699,0.9437483467529015,0.9847445072058202,0.001792419178295308,0.08739593370139678,Brain,Treatment vs Control,Brain | Treatment vs Control,0.9847445072058202,0.006676432957871648,FALSE,NS
Gene_1197,278.30025375761096,0.01758253052939949,0.24853161942660756,0.07074564825982509,0.9436001897698895,0.9847445072058202,0.001451548830189251,0.07151916603178889,Brain,Treatment vs Control,Brain | Treatment vs Control,0.9847445072058202,0.006676432957871648,FALSE,NS
Gene_1043,7.082147615385154,0.059317609023078706,0.8828582911490245,0.06718814289649802,0.9464319243926429,0.9855360822960628,0.00814561795597755,0.3276523493891353,Brain,Treatment vs Control,Brain | Treatment vs Control,0.9855360822960628,0.006327470770422406,FALSE,NS
Gene_1146,7.7088023969870605,-0.053681280005034956,0.7952614416627938,-0.0675014243024206,0.9461825281841968,0.9855360822960628,-0.007132839063745718,0.29034740823793276,Brain,Treatment vs Control,Brain | Treatment vs Control,0.9855360822960628,0.006327470770422406,FALSE,NS
Gene_3265,13.803447703579247,-0.041769351034277945,0.6269580835837292,-0.06662223859611456,0.9468824412362794,0.9855360822960628,-0.00501247178558075,0.21754879359424434,Brain,Treatment vs Control,Brain | Treatment vs Control,0.9855360822960628,0.006327470770422406,FALSE,NS
Gene_1099,41.36165153655874,0.025163335665474924,0.37590848238101215,0.06694005813885824,0.9466294227565845,0.9855360822960628,0.0023212502572422557,0.11436565835723307,Brain,Treatment vs Control,Brain | Treatment vs Control,0.9855360822960628,0.006327470770422406,FALSE,NS
Gene_3239,70.26358252793712,-0.023214184172167047,0.34543627176778097,-0.06720250902827236,0.9464204877265538,0.9855360822960628,-0.0020646376102671773,0.10319033914676018,Brain,Treatment vs Control,Brain | Treatment vs Control,0.9855360822960628,0.006327470770422406,FALSE,NS
Gene_2687,114.17023057624353,-0.01799249782921912,0.26636565695230785,-0.06754811425423599,0.9461453598254876,0.9855360822960628,-0.0014912975017081222,0.07679911669602972,Brain,Treatment vs Control,Brain | Treatment vs Control,0.9855360822960628,0.006327470770422406,FALSE,NS
Gene_0014,350.6195398346474,-0.017028298283786804,0.25625435716265993,-0.0664507658419167,0.9470189541859363,0.9855360822960628,-0.0014068085205029412,0.07375743043931313,Brain,Treatment vs Control,Brain | Treatment vs Control,0.9855360822960628,0.006327470770422406,FALSE,NS
Gene_1954,439.7818735877594,0.015611823565655646,0.23336577451676577,0.06689851413723069,0.9466624959370984,0.9855360822960628,0.001292430499219077,0.06723186465326461,Brain,Treatment vs Control,Brain | Treatment vs Control,0.9855360822960628,0.006327470770422406,FALSE,NS
Gene_2027,807.5981681926003,0.012044806913430477,0.17656873025369174,0.06821596834345837,0.9456137156813869,0.9855360822960628,0.0011009071094098862,0.053430997638712036,Brain,Treatment vs Control,Brain | Treatment vs Control,0.9855360822960628,0.006327470770422406,FALSE,NS
Gene_1495,35.70476660101265,0.0289717967995077,0.44298535125044913,0.06540125247421108,0.9478545268865186,0.9858245462257136,0.0028992270732265428,0.14036565500972778,Brain,Treatment vs Control,Brain | Treatment vs Control,0.9858245462257136,0.006200372468917284,FALSE,NS
Gene_2967,49.47561524375182,0.023191005562208284,0.3541365246689102,0.06548605960339744,0.947787005335528,0.9858245462257136,0.0020836247948572474,0.10632006955324635,Brain,Treatment vs Control,Brain | Treatment vs Control,0.9858245462257136,0.006200372468917284,FALSE,NS
Gene_3262,36.319300543593485,0.029309620501242317,0.4536426413602676,0.06460949176505126,0.9484849271669602,0.98589940471785,0.0029697905807174398,0.14463490727529052,Brain,Treatment vs Control,Brain | Treatment vs Control,0.98589940471785,0.0061673956112202446,FALSE,NS
Gene_0869,4681.4538442579715,-0.011118761754802354,0.17176094895708047,-0.06473393295923571,0.9483858448786463,0.98589940471785,-0.001034343501271239,0.05242954166271554,Brain,Treatment vs Control,Brain | Treatment vs Control,0.98589940471785,0.0061673956112202446,FALSE,NS
Gene_1697,25.42764441525915,-0.029997833273733558,0.4843874598513404,-0.0619294175843032,0.9506190406090758,0.986085732194667,-0.003146964242707469,0.15712245584913276,Brain,Treatment vs Control,Brain | Treatment vs Control,0.986085732194667,0.006085325017751068,FALSE,NS
Gene_2848,133.85435060030318,0.01628825425993659,0.2607131562085709,0.06247576645846735,0.9501839597968336,0.986085732194667,0.001346994690467976,0.07506694126453821,Brain,Treatment vs Control,Brain | Treatment vs Control,0.986085732194667,0.006085325017751068,FALSE,NS
Gene_0382,149.84996897658522,-0.01604053740988605,0.25558461725319254,-0.0627601832311983,0.9499574725108899,0.986085732194667,-0.001324827201010391,0.07354300168206443,Brain,Treatment vs Control,Brain | Treatment vs Control,0.986085732194667,0.006085325017751068,FALSE,NS
Gene_0315,340.79991125669693,0.01349795301041779,0.21467268059594724,0.06287690158312867,0.9498645283077919,0.986085732194667,0.0011335825087752036,0.06227616949172922,Brain,Treatment vs Control,Brain | Treatment vs Control,0.986085732194667,0.006085325017751068,FALSE,NS
Gene_0317,420.06187181377305,-0.013154968764865126,0.20990490199503326,-0.0626710888589748,0.9500284198707423,0.986085732194667,-0.0011114863196667062,0.061075522367351455,Brain,Treatment vs Control,Brain | Treatment vs Control,0.986085732194667,0.006085325017751068,FALSE,NS
Gene_3068,619.3182522900445,0.012230772590107542,0.1969389833290718,0.0621043755957181,0.9504797125055405,0.986085732194667,0.001056733060027469,0.05794053380292279,Brain,Treatment vs Control,Brain | Treatment vs Control,0.986085732194667,0.006085325017751068,FALSE,NS
Gene_3323,1054.8324975681599,-0.011390824805971962,0.1829904935831554,-0.06224817794043323,0.9503651964023476,0.986085732194667,-0.001019505370322415,0.0547900813421264,Brain,Treatment vs Control,Brain | Treatment vs Control,0.986085732194667,0.006085325017751068,FALSE,NS
Gene_3221,6.449724367527062,0.05658683518327081,0.9301112800095732,0.06083877961644373,0.9514876058394702,0.9861044707900144,0.007870407373133107,0.34729398906888365,Brain,Treatment vs Control,Brain | Treatment vs Control,0.9861044707900144,0.006077072194523447,FALSE,NS
Gene_1493,9.459252662240175,0.04937903369870282,0.811401393007971,0.06085648129792862,0.9514735080633286,0.9861044707900144,0.006605278687701897,0.2971427847284581,Brain,Treatment vs Control,Brain | Treatment vs Control,0.9861044707900144,0.006077072194523447,FALSE,NS
Gene_1412,133.83928137895657,0.014635333041605598,0.24330017141289553,0.060153402098383754,0.9520334582053692,0.9861044707900144,0.0012080386238442408,0.06997676115232042,Brain,Treatment vs Control,Brain | Treatment vs Control,0.9861044707900144,0.006077072194523447,FALSE,NS
Gene_1439,747.2820485361932,0.011782399942324199,0.1919533008870372,0.06138159587710365,0.9510553090815179,0.9861044707900144,0.0010293896214744335,0.05678593599944297,Brain,Treatment vs Control,Brain | Treatment vs Control,0.9861044707900144,0.006077072194523447,FALSE,NS
Gene_2474,1025.197584809339,-0.010990989345621436,0.1818490481306561,-0.06044018079063332,0.9518050574914378,0.9861044707900144,-9.870991956288052e-4,0.05453880449058968,Brain,Treatment vs Control,Brain | Treatment vs Control,0.9861044707900144,0.006077072194523447,FALSE,NS
Gene_3225,200.0664221424447,-0.012998160791038124,0.21817781472791425,-0.05957599679531076,0.9524933361856246,0.9862914868244693,-0.0010873576927086593,0.0631640362553849,Brain,Treatment vs Control,Brain | Treatment vs Control,0.9862914868244693,0.005994715473276839,FALSE,NS
Gene_0583,179.3858707259018,-0.015555737771305651,0.263808050564161,-0.05896612229247464,0.9529790916344831,0.9865051810499443,-0.0012875817561364218,0.0759828671586035,Brain,Treatment vs Control,Brain | Treatment vs Control,0.9865051810499443,0.0059006295243165165,FALSE,NS
Gene_2913,7.65023437123441,0.054432656912669825,0.9452116690304315,0.057587796147824895,0.9540769708037015,0.9871914101224544,0.007596583707647977,0.35348575326829995,Brain,Treatment vs Control,Brain | Treatment vs Control,0.9871914101224544,0.005598632233694717,FALSE,NS
Gene_0341,58.956019184267426,-0.019470251235712728,0.33901460469877714,-0.0574318951627837,0.9542011562582658,0.9871914101224544,-0.0017181101405822805,0.10082894407701472,Brain,Treatment vs Control,Brain | Treatment vs Control,0.9871914101224544,0.005598632233694717,FALSE,NS
Gene_2449,8.539392310957984,-0.048432735074172395,0.8499767275478265,-0.056981248432413326,0.9545601324516533,0.987273528906499,-0.006575567090134531,0.31353174081812496,Brain,Treatment vs Control,Brain | Treatment vs Control,0.987273528906499,0.00556250727235781,FALSE,NS
Gene_2664,9.830909294245469,0.03899553814170495,0.7319581795013134,0.053275636824323486,0.9575122916252647,0.987723021247096,0.005016047794717063,0.2627856679640867,Brain,Treatment vs Control,Brain | Treatment vs Control,0.987723021247096,0.0053648238419392695,FALSE,NS
Gene_2271,21.78711819560465,0.029648720759918423,0.5512807744195012,0.053781525015340025,0.9571092291156056,0.987723021247096,0.003330725053729564,0.1849781035960027,Brain,Treatment vs Control,Brain | Treatment vs Control,0.987723021247096,0.0053648238419392695,FALSE,NS
Gene_1813,20.21758715274852,-0.029128568566341835,0.5460485901113936,-0.05334427941733102,0.9574576005300665,0.987723021247096,-0.0032558702576550263,0.18275914712654953,Brain,Treatment vs Control,Brain | Treatment vs Control,0.987723021247096,0.0053648238419392695,FALSE,NS
Gene_1676,21.210588924032663,-0.027134681109387177,0.5053982997776365,-0.053689696070061584,0.9571823923070265,0.987723021247096,-0.002910898364540129,0.16571753990211036,Brain,Treatment vs Control,Brain | Treatment vs Control,0.987723021247096,0.0053648238419392695,FALSE,NS
Gene_3015,80.22495928611491,0.017120695101315284,0.31678871625521626,0.054044523124751206,0.9568996917287467,0.987723021247096,0.001474476495455933,0.09306416439089549,Brain,Treatment vs Control,Brain | Treatment vs Control,0.987723021247096,0.0053648238419392695,FALSE,NS
Gene_3041,104.63079940090189,0.015533599795043297,0.27977168615713427,0.05552241546815721,0.9557222725307829,0.987723021247096,0.0012961069361474523,0.08089779490785703,Brain,Treatment vs Control,Brain | Treatment vs Control,0.987723021247096,0.0053648238419392695,FALSE,NS
Gene_3331,145.92182312048004,0.014789803332729806,0.2694290750331507,0.05489312291522383,0.9562236107384773,0.987723021247096,0.0012268989519919535,0.07767746396785445,Brain,Treatment vs Control,Brain | Treatment vs Control,0.987723021247096,0.0053648238419392695,FALSE,NS
Gene_3416,179.0021453774367,-0.014734593995327587,0.269387291246901,-0.054696693103547044,0.9563801039418012,0.987723021247096,-0.0012222863005564685,0.07766382399159572,Brain,Treatment vs Control,Brain | Treatment vs Control,0.987723021247096,0.0053648238419392695,FALSE,NS
Gene_1600,6482.100589341364,-0.010851316790172292,0.19524775449323978,-0.05557716562905724,0.9556786555708013,0.987723021247096,-9.407726896228058e-4,0.0575307202558919,Brain,Treatment vs Control,Brain | Treatment vs Control,0.987723021247096,0.0053648238419392695,FALSE,NS
Gene_2960,6.141796884332409,-0.045488260813415164,0.8983574543740726,-0.050634923316920606,0.9596164337252634,0.9882278517560789,-0.006271398628955118,0.3338484132580174,Brain,Treatment vs Control,Brain | Treatment vs Control,0.9882278517560789,0.005142910319580521,FALSE,NS
Gene_0228,8.76819711712481,-0.04520455518207397,0.9042564540369695,-0.04999085710725359,0.9601296741848644,0.9882278517560789,-0.0062425625931622954,0.33630952031202893,Brain,Treatment vs Control,Brain | Treatment vs Control,0.9882278517560789,0.005142910319580521,FALSE,NS
Gene_3491,6.428097259876369,0.04410420693108398,0.8908816170819052,0.04950624873768067,0.9605158575352414,0.9882278517560789,0.006067076474018868,0.3306911245812484,Brain,Treatment vs Control,Brain | Treatment vs Control,0.9882278517560789,0.005142910319580521,FALSE,NS
Gene_1869,8.832412428174024,0.03875770370806612,0.7515882328817961,0.05156773617843698,0.9588731279200022,0.9882278517560789,0.005038535887210624,0.27124615761876125,Brain,Treatment vs Control,Brain | Treatment vs Control,0.9882278517560789,0.005142910319580521,FALSE,NS
Gene_2793,9.91365335290565,-0.03855324673847116,0.755750806341048,-0.051013173145161315,0.9593150235643386,0.9882278517560789,-0.005022730273992392,0.2730354147415237,Brain,Treatment vs Control,Brain | Treatment vs Control,0.9882278517560789,0.005142910319580521,FALSE,NS
Gene_0504,11.8240373708479,0.03366772455205132,0.7051648287061801,0.04774447502412176,0.961919888554416,0.9882278517560789,0.004262267992025209,0.25110968698652386,Brain,Treatment vs Control,Brain | Treatment vs Control,0.9882278517560789,0.005142910319580521,FALSE,NS
Gene_1109,29.096272000368472,0.02584253803772778,0.5216572068231935,0.049539309914080516,0.9604895108605325,0.9882278517560789,0.002819055936312596,0.1724567568592178,Brain,Treatment vs Control,Brain | Treatment vs Control,0.9882278517560789,0.005142910319580521,FALSE,NS
Gene_1346,103.888801687477,-0.014840589241232856,0.28768811780534526,-0.05158568714775441,0.9588588241565204,0.9882278517560789,-0.001244944404686645,0.08339986530496375,Brain,Treatment vs Control,Brain | Treatment vs Control,0.9882278517560789,0.005142910319580521,FALSE,NS
Gene_0463,138.533695124032,0.014027708504163993,0.289095076028348,0.04852282057819784,0.9612995776688948,0.9882278517560789,0.0011778839613920814,0.08383941484605084,Brain,Treatment vs Control,Brain | Treatment vs Control,0.9882278517560789,0.005142910319580521,FALSE,NS
Gene_3418,112.45246564470706,-0.013317244490909574,0.2692059866874536,-0.049468604523906105,0.9605458565158816,0.9882278517560789,-0.0011044214870411086,0.07758752133587704,Brain,Treatment vs Control,Brain | Treatment vs Control,0.9882278517560789,0.005142910319580521,FALSE,NS
Gene_2096,136.80139530596924,0.013243406385102536,0.2735430159213071,0.04841434660833162,0.9613860257729002,0.9882278517560789,0.0011006734154392584,0.07892072505387704,Brain,Treatment vs Control,Brain | Treatment vs Control,0.9882278517560789,0.005142910319580521,FALSE,NS
Gene_3456,142.33196560914217,-0.012729858784646001,0.263122799892135,-0.04837991534699578,0.9614134657897697,0.9882278517560789,-0.0010530328813799414,0.07573453120288427,Brain,Treatment vs Control,Brain | Treatment vs Control,0.9882278517560789,0.005142910319580521,FALSE,NS
Gene_2489,194.94359202837182,-0.012586143197022583,0.24588745834144435,-0.051186600902373834,0.9591768287794552,0.9882278517560789,-0.0010383486153785304,0.07068170029734978,Brain,Treatment vs Control,Brain | Treatment vs Control,0.9882278517560789,0.005142910319580521,FALSE,NS
Gene_1680,436.2523431381662,0.01097518948682411,0.2282875890341005,0.04807615487666607,0.9616555498775855,0.9882278517560789,9.104062044329019e-4,0.06579264439330945,Brain,Treatment vs Control,Brain | Treatment vs Control,0.9882278517560789,0.005142910319580521,FALSE,NS
Gene_2358,12.842583745315768,0.031677361773202364,0.6841449134142296,0.04630212276974521,0.9630694474001711,0.989121064214661,0.003956958905440749,0.24198885303147716,Brain,Treatment vs Control,Brain | Treatment vs Control,0.989121064214661,0.004750549350627072,FALSE,NS
Gene_3108,140.2948990110845,-0.012928947992657706,0.2828670275499225,-0.045706804729568236,0.9635439400897354,0.9893206317117929,-0.0010806306354916495,0.08183622061618481,Brain,Treatment vs Control,Brain | Treatment vs Control,0.9893206317117929,0.0046629338669420695,FALSE,NS
Gene_1165,22.351085224998265,-0.022544312049038208,0.498987236023459,-0.04518013772997257,0.9639637258769723,0.9894639290905783,-0.00240122867171043,0.1629785663895351,Brain,Treatment vs Control,Brain | Treatment vs Control,0.9894639290905783,0.004600033375176264,FALSE,NS
Gene_1327,1269.4556388647302,-0.009221859917115287,0.2070085248310813,-0.044548213290444505,0.9644674214495529,0.9896932476426535,-7.82081648322563e-4,0.060314574115945076,Brain,Treatment vs Control,Brain | Treatment vs Control,0.9896932476426535,0.004499392775853714,FALSE,NS
Gene_3419,23.72212362283425,0.021694244006517014,0.5049430650494546,0.042963742861568475,0.9657304361560095,0.9900962260294826,0.002325217309961569,0.16542902663053927,Brain,Treatment vs Control,Brain | Treatment vs Control,0.9900962260294826,0.004322594894593678,FALSE,NS
Gene_2022,27.429837034787763,-0.020220423149541332,0.4746211454277194,-0.04260329179248657,0.9660177714035896,0.9900962260294826,-0.002096667737550967,0.1529403658789937,Brain,Treatment vs Control,Brain | Treatment vs Control,0.9900962260294826,0.004322594894593678,FALSE,NS
Gene_1706,295.418737845415,0.009574497918555401,0.22636484607889326,0.042296752717595,0.966262133927385,0.9900962260294826,7.950831918050029e-4,0.06526415459909747,Brain,Treatment vs Control,Brain | Treatment vs Control,0.9900962260294826,0.004322594894593678,FALSE,NS
Gene_0639,335.8601212423667,0.008145902048656391,0.1920314599481777,0.04241962254963158,0.9661641858948689,0.9900962260294826,7.112289047126784e-4,0.056765616742474524,Brain,Treatment vs Control,Brain | Treatment vs Control,0.9900962260294826,0.004322594894593678,FALSE,NS
Gene_3246,7686.632465207378,0.007564919121429497,0.1773273799358274,0.04266075055170357,0.9659719675896216,0.9900962260294826,6.892344371697189e-4,0.05354467275766159,Brain,Treatment vs Control,Brain | Treatment vs Control,0.9900962260294826,0.004322594894593678,FALSE,NS
Gene_3085,9.431479603888723,-0.03099867524951029,0.7731095689199425,-0.040096095683845145,0.968016514493279,0.9903318656855629,-0.004072382853004911,0.28037516081303465,Brain,Treatment vs Control,Brain | Treatment vs Control,0.9903318656855629,0.004219246529394947,FALSE,NS
Gene_0016,25.38247687787438,0.01873146416030835,0.47366712819526896,0.03954562823828956,0.968455375874327,0.9903318656855629,0.0019400054230859138,0.1525288466005626,Brain,Treatment vs Control,Brain | Treatment vs Control,0.9903318656855629,0.004219246529394947,FALSE,NS
Gene_2416,86.59830783185603,0.011914997020961734,0.2993585210284766,0.03980176338400708,0.9682511703698442,0.9903318656855629,0.0010087119987221421,0.08715016206943024,Brain,Treatment vs Control,Brain | Treatment vs Control,0.9903318656855629,0.004219246529394947,FALSE,NS
Gene_0602,277.54418494116976,0.011496565871171,0.2825724151645011,0.04068537923094231,0.9675467176282898,0.9903318656855629,9.605752193949516e-4,0.08172480019554546,Brain,Treatment vs Control,Brain | Treatment vs Control,0.9903318656855629,0.004219246529394947,FALSE,NS
Gene_2825,185.21990936686973,-0.009854369160668114,0.24679711160366635,-0.03992902954428953,0.968149707322618,0.9903318656855629,-8.126964034224479e-4,0.07090889341976354,Brain,Treatment vs Control,Brain | Treatment vs Control,0.9903318656855629,0.004219246529394947,FALSE,NS
Gene_3459,458.5804294383032,0.009593153607021204,0.24063627080307196,0.03986578405244609,0.9682001297768086,0.9903318656855629,7.917028117590986e-4,0.0691618974496619,Brain,Treatment vs Control,Brain | Treatment vs Control,0.9903318656855629,0.004219246529394947,FALSE,NS
Gene_2169,546.582097831972,0.008529314618893868,0.20772485946315258,0.04106063492322086,0.9672475569005776,0.9903318656855629,7.225099079861929e-4,0.06048374705825476,Brain,Treatment vs Control,Brain | Treatment vs Control,0.9903318656855629,0.004219246529394947,FALSE,NS
Gene_0223,11.27296032412653,-0.02605099063641028,0.6686744957517405,-0.038959150979914536,0.9689229566659919,0.9905231499674632,-0.003219746715594325,0.2352103870594342,Brain,Treatment vs Control,Brain | Treatment vs Control,0.9905231499674632,0.004135369912776481,FALSE,NS
Gene_3019,45.30073320210995,-0.013574069549316854,0.35652602644822357,-0.038073151866482725,0.9696293574913566,0.9909013843036277,-0.0012217562612568777,0.1070197534207111,Brain,Treatment vs Control,Brain | Treatment vs Control,0.9909013843036277,0.003969564872799763,FALSE,NS
Gene_1356,82.35078591542955,0.011477680636141687,0.30371345752023987,0.03779114936115993,0.9698542011196085,0.9909013843036277,9.75450721954609e-4,0.08858447023827805,Brain,Treatment vs Control,Brain | Treatment vs Control,0.9909013843036277,0.003969564872799763,FALSE,NS
Gene_3258,6.991046322025932,0.07180506441240396,1.9699151644837007,0.03645084098391795,0.9709228758469413,0.9912554989149294,0.008493944154243161,0.6776807718705167,Brain,Treatment vs Control,Brain | Treatment vs Control,0.9912554989149294,0.003814390451856826,FALSE,NS
Gene_2235,478.32880097434247,0.00757926427434931,0.20799922591276337,0.036438906159814835,0.9709323921368247,0.9912554989149294,6.417114237260388e-4,0.060543053618184926,Brain,Treatment vs Control,Brain | Treatment vs Control,0.9912554989149294,0.003814390451856826,FALSE,NS
Gene_0834,1342.40753094103,-0.006499946009975467,0.1790608368832752,-0.036300210158252535,0.9710429823695103,0.9912554989149294,-5.886971203279507e-4,0.05390247895828162,Brain,Treatment vs Control,Brain | Treatment vs Control,0.9912554989149294,0.003814390451856826,FALSE,NS
Gene_1351,15.908725282373712,0.02339129263865942,0.6818041159260878,0.034307936975251696,0.9726315958059112,0.9919710057763986,0.002916375347362675,0.24084724574282798,Brain,Treatment vs Control,Brain | Treatment vs Control,0.9919710057763986,0.00350102161128604,FALSE,NS
Gene_0991,23.409183836377366,-0.016411253708589642,0.4791808223641581,-0.0342485611749248,0.9726789430156508,0.9919710057763986,-0.0017099702626738,0.15474626691867754,Brain,Treatment vs Control,Brain | Treatment vs Control,0.9919710057763986,0.00350102161128604,FALSE,NS
Gene_1414,348.9213890091847,0.007185783886027982,0.210559597491168,0.034127078374232706,0.9727758156374209,0.9919710057763986,6.061639350702173e-4,0.06117349063466441,Brain,Treatment vs Control,Brain | Treatment vs Control,0.9919710057763986,0.00350102161128604,FALSE,NS
Gene_0068,2661.7176617801892,-0.005593888063806188,0.16446835069124288,-0.03401194236031233,0.9728676275852927,0.9919710057763986,-5.362987432106522e-4,0.050935163786705075,Brain,Treatment vs Control,Brain | Treatment vs Control,0.9919710057763986,0.00350102161128604,FALSE,NS
Gene_3238,69.24359811242758,0.010203144737336762,0.31041087116373595,0.03286980478191691,0.9737784120720143,0.9926130407119752,8.725540444685621e-4,0.0908098050892418,Brain,Treatment vs Control,Brain | Treatment vs Control,0.9926130407119752,0.003220023444510619,FALSE,NS
Gene_3212,128.5880322522815,-0.009814028844472486,0.3054383708336874,-0.0321309625168747,0.9743676116342135,0.9928954255811736,-8.352817679641477e-4,0.08914037479502257,Brain,Treatment vs Control,Brain | Treatment vs Control,0.9928954255811736,0.003096490159838526,FALSE,NS
Gene_1663,1528.809815367803,-0.005475444368608743,0.17209068058482976,-0.03181720445291456,0.9746178264130126,0.9928954255811736,-5.084037770365647e-4,0.052448883692350456,Brain,Treatment vs Control,Brain | Treatment vs Control,0.9928954255811736,0.003096490159838526,FALSE,NS
Gene_2713,146.75218460386543,-0.007928428222107613,0.25523649904631707,-0.031063066025948206,0.9752192444873833,0.9932215610859391,-6.541748788280102e-4,0.07333773939280167,Brain,Treatment vs Control,Brain | Treatment vs Control,0.9932215610859391,0.002953861248957391,FALSE,NS
Gene_1945,9.362615834002794,-0.02394299897951017,0.7910868126059826,-0.03026595640071109,0.9758549469841127,0.9935824157442047,-0.0031713888809549546,0.2880039697921557,Brain,Treatment vs Control,Brain | Treatment vs Control,0.9935824157442047,0.0027961031707526766,FALSE,NS
Gene_0155,166.87929094733252,-0.007408763012030697,0.2544678453121492,-0.029114731580104185,0.9767730866769572,0.9942305474362456,-6.111937188996452e-4,0.07310795161861615,Brain,Treatment vs Control,Brain | Treatment vs Control,0.9942305474362456,0.002512897423946021,FALSE,NS
Gene_3037,155.4965349816156,-0.007915884130047025,0.28055541747252133,-0.028215046429543058,0.9774906366866567,0.9943876226276533,-6.603200684515783e-4,0.08105173330712358,Brain,Treatment vs Control,Brain | Treatment vs Control,0.9943876226276533,0.002444290096465,FALSE,NS
Gene_2847,677.370330121372,-0.006571741515637402,0.23148596331509047,-0.028389373686093358,0.9773515993569567,0.9943876226276533,-5.439411797250988e-4,0.06661326057348149,Brain,Treatment vs Control,Brain | Treatment vs Control,0.9943876226276533,0.002444290096465,FALSE,NS
Gene_1950,154.76801372809098,-0.006694732406258743,0.2425321446554566,-0.027603484955651306,0.977978402133196,0.9945972747500907,-5.521836124348762e-4,0.0696696570588797,Brain,Treatment vs Control,Brain | Treatment vs Control,0.9945972747500907,0.0023527350923509766,FALSE,NS
Gene_1334,6.035483259250952,-0.022571043783858852,0.8893589066665563,-0.02537900460058171,0.9797526576155139,0.9950700345368062,-0.003101651107823309,0.32975437866568313,Brain,Treatment vs Control,Brain | Treatment vs Control,0.9950700345368062,0.0021463518748735286,FALSE,NS
Gene_1775,14.591641803581513,0.01585831771187365,0.6236471139320782,0.025428350997870233,0.9797132975894737,0.9950700345368062,0.001895437081637738,0.2156603872007817,Brain,Treatment vs Control,Brain | Treatment vs Control,0.9950700345368062,0.0021463518748735286,FALSE,NS
Gene_0781,92.63534512594472,0.008179296578885406,0.3126412169037881,0.026161926632349612,0.9791281836262941,0.9950700345368062,7.009181259728403e-4,0.09154357240297509,Brain,Treatment vs Control,Brain | Treatment vs Control,0.9950700345368062,0.0021463518748735286,FALSE,NS
Gene_0516,176.40847130582586,-0.006036682860784447,0.2291985291928664,-0.02633822687275924,0.9789875648427829,0.9950700345368062,-5.002515109633509e-4,0.065992153155384,Brain,Treatment vs Control,Brain | Treatment vs Control,0.9950700345368062,0.0021463518748735286,FALSE,NS
Gene_3332,212.54261978766138,0.006046905896743436,0.23944284913021693,0.025254067593619922,0.979852310983992,0.9950700345368062,4.990281757789725e-4,0.06879864097169645,Brain,Treatment vs Control,Brain | Treatment vs Control,0.9950700345368062,0.0021463518748735286,FALSE,NS
Gene_1310,48.798856253183565,-0.0092209169172216,0.3923198725360818,-0.023503568293939913,0.9812485921853824,0.9951917600417896,-8.665942696946629e-4,0.12029646089185733,Brain,Treatment vs Control,Brain | Treatment vs Control,0.9951917600417896,0.0020932284965008213,FALSE,NS
Gene_1742,43.676759183875916,-0.00874980578167202,0.36552833300558135,-0.023937421511832344,0.9809025247770502,0.9951917600417896,-7.958434299226288e-4,0.11026289094358246,Brain,Treatment vs Control,Brain | Treatment vs Control,0.9951917600417896,0.0020932284965008213,FALSE,NS
Gene_1704,53.09145690155344,0.00858467019857779,0.350621073544308,0.024484182059561647,0.9804664008215707,0.9951917600417896,7.670425857859977e-4,0.10482934617492115,Brain,Treatment vs Control,Brain | Treatment vs Control,0.9951917600417896,0.0020932284965008213,FALSE,NS
Gene_2236,127.21572742836972,0.0062451767872863505,0.26101655147595515,0.023926363105987385,0.9809113455819853,0.9951917600417896,5.159586134766551e-4,0.07503820841136247,Brain,Treatment vs Control,Brain | Treatment vs Control,0.9951917600417896,0.0020932284965008213,FALSE,NS
Gene_2179,432.8871982533988,-0.0043427603206593795,0.18608843469478728,-0.023337078028423167,0.9813813957704647,0.9951917600417896,-3.849402792255465e-4,0.05540953591647358,Brain,Treatment vs Control,Brain | Treatment vs Control,0.9951917600417896,0.0020932284965008213,FALSE,NS
Gene_1472,10.00214534856342,-0.016519939044870938,0.7467316159849515,-0.022122993979678846,0.9823498444200005,0.9954108285246667,-0.002140439394978665,0.2688360897555094,Brain,Treatment vs Control,Brain | Treatment vs Control,0.9954108285246667,0.0019976391164779057,FALSE,NS
Gene_0800,10.73710949001898,0.015118988046653804,0.6795038090977438,0.022250041639544364,0.982248499999814,0.9954108285246667,0.0018816572384296076,0.23976166070106936,Brain,Treatment vs Control,Brain | Treatment vs Control,0.9954108285246667,0.0019976391164779057,FALSE,NS
Gene_0409,551.7050019461988,-0.004315648523102221,0.19611206028390335,-0.022006033269216768,0.9824431428514482,0.9954108285246667,-3.7322562410732586e-4,0.05767881368075114,Brain,Treatment vs Control,Brain | Treatment vs Control,0.9954108285246667,0.0019976391164779057,FALSE,NS
Gene_2107,6.878013010834647,0.016264193029911302,0.8687343988975239,0.018721709478238157,0.9850631096299088,0.9957150207464132,0.0022202788167965666,0.3210152083675183,Brain,Treatment vs Control,Brain | Treatment vs Control,0.9957150207464132,0.0018649413219928835,FALSE,NS
Gene_1080,9.248834530623139,-0.015553562971892193,0.7553060434559125,-0.02059239841472295,0.9835708043680339,0.9957150207464132,-0.0020242906968257895,0.272527199468914,Brain,Treatment vs Control,Brain | Treatment vs Control,0.9957150207464132,0.0018649413219928835,FALSE,NS
Gene_1863,10.48602350043863,-0.015176904367524117,0.7533404205953503,-0.020146143698927112,0.9839267902547845,0.9957150207464132,-0.0019732384318627903,0.2716765217112741,Brain,Treatment vs Control,Brain | Treatment vs Control,0.9957150207464132,0.0018649413219928835,FALSE,NS
Gene_1757,12.856920650022758,0.013155399989504095,0.7436527062492408,0.017690246910894672,0.9858859612694346,0.9957150207464132,0.0017015843881897587,0.26748129003461024,Brain,Treatment vs Control,Brain | Treatment vs Control,0.9957150207464132,0.0018649413219928835,FALSE,NS
Gene_2233,10.677830837429688,-0.011363531954103391,0.8417674045497722,-0.013499610334972868,0.9892291964821346,0.9957150207464132,-0.0015365763147026908,0.3095561547232062,Brain,Treatment vs Control,Brain | Treatment vs Control,0.9957150207464132,0.0018649413219928835,FALSE,NS
Gene_0927,19.035973148906365,-0.009498949372069796,0.5426053697664872,-0.017506183870162794,0.9860327995881742,0.9957150207464132,-0.0010571876071071341,0.18103954919387147,Brain,Treatment vs Control,Brain | Treatment vs Control,0.9957150207464132,0.0018649413219928835,FALSE,NS
Gene_1561,17.96250266380803,-0.007907294358804526,0.561904297499548,-0.014072315150447639,0.9887722875786775,0.9957150207464132,-8.962894229348154e-4,0.18919315612639617,Brain,Treatment vs Control,Brain | Treatment vs Control,0.9957150207464132,0.0018649413219928835,FALSE,NS
Gene_0859,18.24773738993242,0.007574793079632304,0.5517966620854471,0.013727507975500092,0.9890473773226695,0.9957150207464132,8.504848190899877e-4,0.18490912272277088,Brain,Treatment vs Control,Brain | Treatment vs Control,0.9957150207464132,0.0018649413219928835,FALSE,NS
Gene_1606,44.228907369400396,0.006884086322367458,0.39372737617439896,0.017484398441520096,0.986050179185316,0.9957150207464132,6.480332836379461e-4,0.12081528737835699,Brain,Treatment vs Control,Brain | Treatment vs Control,0.9957150207464132,0.0018649413219928835,FALSE,NS
Gene_1441,35.681136004318134,-0.0065815758365192,0.40206550610370567,-0.016369411791375108,0.9869396823334973,0.9957150207464132,-6.25915515988776e-4,0.12400362470797262,Brain,Treatment vs Control,Brain | Treatment vs Control,0.9957150207464132,0.0018649413219928835,FALSE,NS
Gene_0128,49.8086749362586,0.006762419543413347,0.35131932341008243,0.019248641030541372,0.9846427548470983,0.9957150207464132,6.046700572331711e-4,0.10506792694476626,Brain,Treatment vs Control,Brain | Treatment vs Control,0.9957150207464132,0.0018649413219928835,FALSE,NS
Gene_0319,44.51008024652483,0.006162836564419949,0.378597522540205,0.01627806891886222,0.9870125536917276,0.9957150207464132,5.694656730950308e-4,0.11509724015087516,Brain,Treatment vs Control,Brain | Treatment vs Control,0.9957150207464132,0.0018649413219928835,FALSE,NS
Gene_2368,48.94526708970999,-0.005407419499618909,0.39870455233085544,-0.013562472432297917,0.9891790443765891,0.9957150207464132,-5.121212777844924e-4,0.12270808738545913,Brain,Treatment vs Control,Brain | Treatment vs Control,0.9957150207464132,0.0018649413219928835,FALSE,NS
Gene_3235,443.170481040024,0.0043325955560211005,0.21136651287858615,0.02049802259125997,0.9836460894896448,0.9957150207464132,3.6501579127526e-4,0.0613571457338136,Brain,Treatment vs Control,Brain | Treatment vs Control,0.9957150207464132,0.0018649413219928835,FALSE,NS
Gene_1363,413.65876439900194,-0.00405777739904422,0.21182757797597437,-0.019156039255211876,0.9847166267532657,0.9957150207464132,-3.416518124090103e-4,0.06147118714299126,Brain,Treatment vs Control,Brain | Treatment vs Control,0.9957150207464132,0.0018649413219928835,FALSE,NS
Gene_2606,156.79792818687687,-0.0039434031843567545,0.23595402074858968,-0.016712591596641926,0.9866659019230094,0.9957150207464132,-3.257317119428903e-4,0.0678199157336891,Brain,Treatment vs Control,Brain | Treatment vs Control,0.9957150207464132,0.0018649413219928835,FALSE,NS
Gene_2085,202.35273610886034,0.0038967494053073165,0.25971456601343845,0.015003969415815077,0.9880290136036582,0.9957150207464132,3.2177937190293923e-4,0.07463718486933521,Brain,Treatment vs Control,Brain | Treatment vs Control,0.9957150207464132,0.0018649413219928835,FALSE,NS
Gene_1555,216.80434420787927,0.003505207196663979,0.23146463932961664,0.01514359690886692,0.9879176196389072,0.9957150207464132,2.90080136011523e-4,0.06659096983328179,Brain,Treatment vs Control,Brain | Treatment vs Control,0.9957150207464132,0.0018649413219928835,FALSE,NS
Gene_1592,212.4870153494901,0.003486420446706452,0.2332870710270541,0.014944764968574425,0.9880762466221693,0.9957150207464132,2.882799324623851e-4,0.06708663559706995,Brain,Treatment vs Control,Brain | Treatment vs Control,0.9957150207464132,0.0018649413219928835,FALSE,NS
Gene_0465,647.5611934158461,-0.003160514288823349,0.20547754212239985,-0.015381312508306521,0.9877279721224708,0.9957150207464132,-2.685633991362315e-4,0.059901066209052105,Brain,Treatment vs Control,Brain | Treatment vs Control,0.9957150207464132,0.0018649413219928835,FALSE,NS
Gene_1672,664.9933308398646,-0.002903780437866946,0.17923520512939445,-0.01620094911471568,0.9870740782795551,0.9957150207464132,-2.627861503200228e-4,0.05392200303873138,Brain,Treatment vs Control,Brain | Treatment vs Control,0.9957150207464132,0.0018649413219928835,FALSE,NS
Gene_1818,504.56969993592526,0.0029280763824373725,0.2097389834552063,0.013960572966459132,0.988861436184497,0.9957150207464132,2.472186012973215e-4,0.060946703945200874,Brain,Treatment vs Control,Brain | Treatment vs Control,0.9957150207464132,0.0018649413219928835,FALSE,NS
Gene_0907,869.614549806699,-0.00256749913644084,0.18183076029472567,-0.014120268387368752,0.9887340302324615,0.9957150207464132,-2.3043283006995242e-4,0.054475663297532034,Brain,Treatment vs Control,Brain | Treatment vs Control,0.9957150207464132,0.0018649413219928835,FALSE,NS
Gene_0596,319.7012200488301,0.002923571638866103,0.22643250953152275,0.012911448293863911,0.9896984409706031,0.9959034468701053,2.4265712442356294e-4,0.06523770984455898,Brain,Treatment vs Control,Brain | Treatment vs Control,0.9959034468701053,0.0017827645121865057,FALSE,NS
Gene_0181,87.82251731595272,0.0033068598380986457,0.29824117071019113,0.011087871705385737,0.9911533396238777,0.9970833168694907,2.7954025188436184e-4,0.0867162461999007,Brain,Treatment vs Control,Brain | Treatment vs Control,0.9970833168694907,0.001268550269240363,FALSE,NS
Gene_2617,71.14705613905393,0.003740172754625873,0.3575706279960265,0.01045995521384781,0.9916543154129397,0.9973031579957533,3.368913499685758e-4,0.10731952227424693,Brain,Treatment vs Control,Brain | Treatment vs Control,0.9973031579957533,0.0011728057486860947,FALSE,NS
Gene_2841,13.734538407323706,0.006099997294714709,0.6862515631400257,0.008888864699707852,0.9929078054878062,0.9979952921085806,7.624509730655173e-4,0.24262584104421142,Brain,Treatment vs Control,Brain | Treatment vs Control,0.9979952921085806,8.715074261433189e-4,FALSE,NS
Gene_1659,797.8573043157642,0.0017381739779281727,0.19470961669061232,0.008927006315718234,0.992877374088679,0.9979952921085806,1.5076732079642434e-4,0.0573459067283195,Brain,Treatment vs Control,Brain | Treatment vs Control,0.9979952921085806,8.715074261433189e-4,FALSE,NS
Gene_0756,140.03197579918645,0.002140762173115459,0.27314029419004177,0.007837591957874913,0.9937465704054579,0.9983427146451815,1.7774840512127873e-4,0.07870697494038657,Brain,Treatment vs Control,Brain | Treatment vs Control,0.9983427146451815,7.203469597820118e-4,FALSE,NS
Gene_1731,123.46418549856139,-0.002095311731011597,0.28343627493877843,-0.007392531994940236,0.9941016665795691,0.9983427146451815,-1.750789998332196e-4,0.08193249157845636,Brain,Treatment vs Control,Brain | Treatment vs Control,0.9983427146451815,7.203469597820118e-4,FALSE,NS
Gene_1010,338.3679978579379,-0.0016714052328767332,0.21679123006437684,-0.00770974560354865,0.9938485739555802,0.9983427146451815,-1.3989169100974802e-4,0.06271965719192218,Brain,Treatment vs Control,Brain | Treatment vs Control,0.9983427146451815,7.203469597820118e-4,FALSE,NS
Gene_0043,17.707313000703387,-0.0037657164893812986,0.5702054339858414,-0.006604139955416145,0.9947306969953671,0.9984065068478231,-4.300818913998764e-4,0.19270383055836499,Brain,Treatment vs Control,Brain | Treatment vs Control,0.9984065068478231,6.925972541035215e-4,FALSE,NS
Gene_3288,925.5837385697923,0.0013387791226565644,0.19708056223130926,0.006793055121718537,0.9945799678828338,0.9984065068478231,1.1553176744655863e-4,0.05789549456777751,Brain,Treatment vs Control,Brain | Treatment vs Control,0.9984065068478231,6.925972541035215e-4,FALSE,NS
Gene_0187,32.06312186337316,-0.0028917383151700815,0.4980784523014905,-0.005805788830671381,0.9953676767525022,0.9986446214431663,-3.074642787969713e-4,0.16241317568180116,Brain,Treatment vs Control,Brain | Treatment vs Control,0.9986446214431663,5.890326995026946e-4,FALSE,NS
Gene_1065,32.80614398496616,0.002388931517160971,0.4302624126571583,0.005552266353939031,0.9955699551600591,0.9986446214431663,2.3508161906017416e-4,0.13497274166109752,Brain,Treatment vs Control,Brain | Treatment vs Control,0.9986446214431663,5.890326995026946e-4,FALSE,NS
Gene_2569,292.914148085094,0.0013252204499272222,0.2527412650672058,0.005243387737158141,0.9958164010482551,0.9986446214431663,1.0927054675068755e-4,0.07257505299447793,Brain,Treatment vs Control,Brain | Treatment vs Control,0.9986446214431663,5.890326995026946e-4,FALSE,NS
Gene_3295,6.435197589408822,-0.0027713796352842185,0.9000869890178365,-0.003079013105509183,0.9975433068623121,0.9989578606156619,-3.8195270017018216e-4,0.33415089207611015,Brain,Treatment vs Control,Brain | Treatment vs Control,0.9989578606156619,4.528313817054066e-4,FALSE,NS
Gene_0638,15.242249530580873,-0.0027523316698934886,0.6491781812541125,-0.00423971684411267,0.9966172055223103,0.9989578606156619,-3.3531564067588586e-4,0.22659135609085057,Brain,Treatment vs Control,Brain | Treatment vs Control,0.9989578606156619,4.528313817054066e-4,FALSE,NS
Gene_2735,40.49427694797868,0.0013365852353384537,0.40614900441054463,0.0032908740901095575,0.9973742671113395,0.9989578606156619,1.2773511392458946e-4,0.1255578933687229,Brain,Treatment vs Control,Brain | Treatment vs Control,0.9989578606156619,4.528313817054066e-4,FALSE,NS
Gene_1073,751.2924231449715,7.39317186466094e-4,0.19339305939214638,0.00382287342053454,0.9969497957493181,0.9989578606156619,6.431827610658255e-5,0.05704192063501063,Brain,Treatment vs Control,Brain | Treatment vs Control,0.9989578606156619,4.528313817054066e-4,FALSE,NS
Gene_3187,1074.2497782013152,-6.331755831502003e-4,0.1859381824022072,-0.0034053015629708773,0.9972829677091821,0.9989578606156619,-5.6141473560768267e-5,0.055366809513798465,Brain,Treatment vs Control,Brain | Treatment vs Control,0.9989578606156619,4.528313817054066e-4,FALSE,NS
Gene_0905,6.422905269471415,-0.0014759939247705235,0.97147296345408,-0.0015193360806693118,0.9987877456649543,0.9993452733928051,-2.068932609507393e-4,0.3637155963476302,Brain,Treatment vs Control,Brain | Treatment vs Control,0.9993452733928051,2.8443727715076275e-4,FALSE,NS
Gene_0748,10.349488832148221,-0.0013107397455812983,0.7145786553115958,-0.001834283372219876,0.9985364544378749,0.9993452733928051,-1.6674610975614122e-4,0.2548708627773612,Brain,Treatment vs Control,Brain | Treatment vs Control,0.9993452733928051,2.8443727715076275e-4,FALSE,NS
Gene_0098,800.450731279321,-4.0377906733103744e-4,0.2159236491310023,-0.0018700085375366274,0.9985079499289297,0.9993452733928051,-3.382660520324538e-5,0.06249682023027,Brain,Treatment vs Control,Brain | Treatment vs Control,0.9993452733928051,2.8443727715076275e-4,FALSE,NS
Gene_2858,228.9642977437304,-2.1252418145504138e-4,0.20994318234385062,-0.0010122937981713715,0.9991923065453884,0.9993452733928051,-1.7937499797163252e-5,0.06099281372297621,Brain,Treatment vs Control,Brain | Treatment vs Control,0.9993452733928051,2.8443727715076275e-4,FALSE,NS
Gene_0988,3199.3090696690283,-1.292758284244199e-4,0.15754236176699962,-8.205782049631509e-4,0.9993452733928051,0.9993452733928051,-1.2816940579573202e-5,0.04960562436473176,Brain,Treatment vs Control,Brain | Treatment vs Control,0.9993452733928051,2.8443727715076275e-4,FALSE,NS
