Gene,baseMean,log2FoldChange,lfcSE,stat,pvalue,padj,model_id,contrast_name,comparison_label,padj_plot,log_padj,significant,direction
Socs3,672.2556699130208,2.906921314752183,0.5757433615439103,5.04898798478023,4.4415666829170376e-7,3.215694278431935e-4,Lung,Treatment vs Control,Lung | Treatment vs Control,3.215694278431935e-4,3.4927252470819496,TRUE,Up
Il6,952.3165183677168,2.3880444091085318,0.4921490780992799,4.852278537900254,1.220510412615662e-6,4.4182476936686964e-4,Lung,Treatment vs Control,Lung | Treatment vs Control,4.4182476936686964e-4,3.3547499405745573,TRUE,Up
Ccnb1,376.79408221295387,2.474004827252992,0.5459406158802922,4.531637242749978,5.852829319185305e-6,0.0012289875550068037,Lung,Treatment vs Control,Lung | Treatment vs Control,0.0012289875550068037,2.910452514850924,TRUE,Up
Gene_0606,108.24900714034642,2.308459600422291,0.5129719025895076,4.5001677260861115,6.789986491750297e-6,0.0012289875550068037,Lung,Treatment vs Control,Lung | Treatment vs Control,0.0012289875550068037,2.910452514850924,TRUE,Up
Gene_0487,205.20181921517064,-2.2167358188672552,0.5216331663035105,-4.249606739111091,2.1414614677735972e-5,0.003100836205336169,Lung,Treatment vs Control,Lung | Treatment vs Control,0.003100836205336169,2.5085211737811868,TRUE,Down
Gene_0056,143.96123458340347,-2.318396647317833,0.5519422298546727,-4.200433527125241,2.6640437695770543e-5,0.0032146128152896456,Lung,Treatment vs Control,Lung | Treatment vs Control,0.0032146128152896456,2.492871328279212,TRUE,Down
Gene_0327,146.13943790245747,-1.9784527410968555,0.4782807316101734,-4.13659303070024,3.525004801561113e-5,0.003645862109043208,Lung,Treatment vs Control,Lung | Treatment vs Control,0.003645862109043208,2.4381997609180397,TRUE,Down
Gene_0687,166.99574788324702,2.057383897896204,0.5020337897624209,4.098098454428389,4.165581059494514e-5,0.0037698508588425357,Lung,Treatment vs Control,Lung | Treatment vs Control,0.0037698508588425357,2.423675830818854,TRUE,Up
Gene_0614,170.29770369061163,-2.6658039979227333,0.693349296926384,-3.8448210876397173,1.2064042573195075e-4,0.009549473816353416,Lung,Treatment vs Control,Lung | Treatment vs Control,0.009549473816353416,2.0200205577303736,TRUE,Down
Ube2c,561.5294389515878,2.090053058741153,0.5480747942498037,3.813444954355154,1.3704305956690024e-4,0.009549473816353416,Lung,Treatment vs Control,Lung | Treatment vs Control,0.009549473816353416,2.0200205577303736,TRUE,Up
Aurkb,419.692427153578,2.044018768966656,0.5392878002431274,3.790218818310279,1.5051463118136824e-4,0.009549473816353416,Lung,Treatment vs Control,Lung | Treatment vs Control,0.009549473816353416,2.0200205577303736,TRUE,Up
Gene_0521,178.9735107732862,1.7844050947167813,0.47235130316536483,3.7777075722221123,1.5827857154176932e-4,0.009549473816353416,Lung,Treatment vs Control,Lung | Treatment vs Control,0.009549473816353416,2.0200205577303736,TRUE,Up
Gene_0186,147.6567807989253,2.131835519207988,0.5735532041097668,3.7168923544187824,2.0168832446722972e-4,0.011232488224174948,Lung,Treatment vs Control,Lung | Treatment vs Control,0.011232488224174948,1.9495240280368307,TRUE,Up
Gene_0692,186.7497833738529,-1.875263716299254,0.5138415590212129,-3.649497950051638,2.627533365609967e-4,0.013588101119297258,Lung,Treatment vs Control,Lung | Treatment vs Control,0.013588101119297258,1.866841229877561,TRUE,Down
Cxcl10,683.1109129596646,2.185089745289306,0.6026720265401482,3.6256697657490196,2.8821347966851584e-4,0.0136983132554639,Lung,Treatment vs Control,Lung | Treatment vs Control,0.0136983132554639,1.863332906489106,TRUE,Up
Gene_0107,164.80930414564153,-1.72937832195508,0.4786601163103797,-3.6129567996713803,3.0272515481688175e-4,0.0136983132554639,Lung,Treatment vs Control,Lung | Treatment vs Control,0.0136983132554639,1.863332906489106,TRUE,Down
Mki67,375.64578673611146,1.9576664255153935,0.5527381496526965,3.5417610069894025,3.974654149804601e-4,0.016927350614461947,Lung,Treatment vs Control,Lung | Treatment vs Control,0.016927350614461947,1.7714110102052463,TRUE,Up
Gene_0676,224.46183577581917,-1.8124693929929883,0.5225255479269115,-3.468671340920747,5.230388823634442e-4,0.0210377861572852,Lung,Treatment vs Control,Lung | Treatment vs Control,0.0210377861572852,1.6769999636751949,TRUE,Down
Gene_0582,116.88740615091592,-1.9723854190835175,0.5746366405219173,-3.4324045492332096,5.982544291279503e-4,0.022796642457296633,Lung,Treatment vs Control,Lung | Treatment vs Control,0.022796642457296633,1.6421291121944728,TRUE,Down
Icam1,684.5080002056881,1.9404593597386857,0.5918113765909615,3.2788476810236458,0.0010423187909377352,0.037731940231946016,Lung,Treatment vs Control,Lung | Treatment vs Control,0.037731940231946016,1.4232908621628342,TRUE,Up
Gene_0333,143.52395563369555,1.7483501247792539,0.5363873213598335,3.2594918916929054,0.0011161197082911888,0.038479555657277176,Lung,Treatment vs Control,Lung | Treatment vs Control,0.038479555657277176,1.4147699516214072,TRUE,Up
Gene_0618,139.65311527197528,1.5490574241932722,0.4827537580512115,3.208794128183555,0.0013329289627147477,0.04386548040933987,Lung,Treatment vs Control,Lung | Treatment vs Control,0.04386548040933987,1.3578771099396856,TRUE,Up
Ccnb2,333.03783586662405,1.7742225829998222,0.5612456912734829,3.161222634910674,0.001571083654435842,0.04504125571458402,Lung,Treatment vs Control,Lung | Treatment vs Control,0.04504125571458402,1.3463895102012784,TRUE,Up
Gene_0022,221.555045956318,1.7597221348513556,0.5547555256417269,3.172067791151344,0.0015135767069734886,0.04504125571458402,Lung,Treatment vs Control,Lung | Treatment vs Control,0.04504125571458402,1.3463895102012784,TRUE,Up
Gene_0595,179.9262846245323,-1.7104969622903379,0.5425444005073043,-3.1527317592642063,0.001617503658258542,0.04504125571458402,Lung,Treatment vs Control,Lung | Treatment vs Control,0.04504125571458402,1.3463895102012784,TRUE,Down
Gene_0455,168.77863642819761,-1.4905298969281702,0.4693763429107767,-3.175553943952185,0.0014955071319105655,0.04504125571458402,Lung,Treatment vs Control,Lung | Treatment vs Control,0.04504125571458402,1.3463895102012784,TRUE,Down
Gene_0039,128.49320905889434,1.572557074729067,0.50210352105059,3.1319379546247443,0.0017365656989558117,0.04656568763125954,Lung,Treatment vs Control,Lung | Treatment vs Control,0.04656568763125954,1.3319339794747285,TRUE,Up
Gene_0252,172.9681081844118,1.8603411570986808,0.5961248824820982,3.120723881467148,0.0018040710531617063,0.04664812294603841,Lung,Treatment vs Control,Lung | Treatment vs Control,0.04664812294603841,1.3311658269566808,TRUE,Up
Gene_0465,109.14178833290724,1.544560673911498,0.5080561087577485,3.0401379833580076,0.002364697839429531,0.05706804119156601,Lung,Treatment vs Control,Lung | Treatment vs Control,0.05706804119156601,1.2436070339569743,FALSE,NS
Gene_0180,148.29960929399107,-1.5102143175897003,0.49672724245515326,-3.040329155544653,0.002363197227310533,0.05706804119156601,Lung,Treatment vs Control,Lung | Treatment vs Control,0.05706804119156601,1.2436070339569743,FALSE,NS
Gene_0686,122.61836735923164,-1.6540695088826536,0.5459849003026126,-3.029515116564367,0.002449466453502961,0.05720689394632721,Lung,Treatment vs Control,Lung | Treatment vs Control,0.05720689394632721,1.2425516316538459,FALSE,NS
Nfkbia,649.2677173823737,1.740079905437372,0.5874459725153698,2.9621105375641075,0.0030553807305234645,0.06912798902809339,Lung,Treatment vs Control,Lung | Treatment vs Control,0.06912798902809339,1.1603460768034535,FALSE,NS
Gene_0315,118.57116642694946,-1.679444503517202,0.5781684659477182,-2.9047666941923267,0.003675269433122277,0.08063318392668267,Lung,Treatment vs Control,Lung | Treatment vs Control,0.08063318392668267,1.0934861910689533,FALSE,NS
Top2a,307.88822122215646,1.5659460009281947,0.545764733867311,2.8692693091981925,0.004114213296849513,0.08760854196820728,Lung,Treatment vs Control,Lung | Treatment vs Control,0.08760854196820728,1.0574535473844426,FALSE,NS
Gene_0432,186.26664331774572,-1.7179154842752116,0.6059362384254751,-2.8351423389682284,0.004580527228974785,0.09211949204938179,Lung,Treatment vs Control,Lung | Treatment vs Control,0.09211949204938179,1.0356484654186051,FALSE,NS
Gene_0477,167.033894230241,-1.3183943372814306,0.4640394945235791,-2.8411252767073245,0.004495464888828924,0.09211949204938179,Lung,Treatment vs Control,Lung | Treatment vs Control,0.09211949204938179,1.0356484654186051,FALSE,NS
Ccl2,405.32905017430943,1.8389263966321436,0.6537876729517152,2.812727239609419,0.004912330054610975,0.09612235025779313,Lung,Treatment vs Control,Lung | Treatment vs Control,0.09612235025779313,1.017175618938549,FALSE,NS
Gene_0500,156.17661994127906,-1.6464035731348057,0.5895031553899632,-2.7928664301138313,0.00522432592969608,0.09953715718684111,Lung,Treatment vs Control,Lung | Treatment vs Control,0.09953715718684111,1.0020147670046777,FALSE,NS
Gene_0569,121.35617522370006,1.7509967420671195,0.6418022113937261,2.7282497800446754,0.006367137510601514,0.11421766560051912,Lung,Treatment vs Control,Lung | Treatment vs Control,0.11421766560051912,0.9422667202627663,FALSE,NS
Gene_0042,102.28351957826222,-1.5238642735506045,0.5596156646065831,-2.7230550714156663,0.006468127471852601,0.11421766560051912,Lung,Treatment vs Control,Lung | Treatment vs Control,0.11421766560051912,0.9422667202627663,FALSE,NS
Gene_0516,132.01134337497587,-1.2703495683197326,0.46385748388728704,-2.738663517237582,0.00616894747171266,0.11421766560051912,Lung,Treatment vs Control,Lung | Treatment vs Control,0.11421766560051912,0.9422667202627663,FALSE,NS
Gene_0156,108.52068102739968,-1.7127349086252182,0.6326198591795219,-2.7073682303406574,0.0067818987541548165,0.11455915541060196,Lung,Treatment vs Control,Lung | Treatment vs Control,0.11455915541060196,0.9409701968681606,FALSE,NS
Jun,469.10945461590836,1.6489915329903961,0.609838006801835,2.7039828849601872,0.006851381799209985,0.11455915541060196,Lung,Treatment vs Control,Lung | Treatment vs Control,0.11455915541060196,0.9409701968681606,FALSE,NS
Gene_0098,174.40792775273835,-1.3383812704264946,0.49594494260889505,-2.698648893133183,0.006962158616113932,0.11455915541060196,Lung,Treatment vs Control,Lung | Treatment vs Control,0.11455915541060196,0.9409701968681606,FALSE,NS
Gene_0586,94.29465247006424,-1.5683621496813145,0.5839151616220206,-2.6859418161444233,0.00723256823269439,0.11636398667712751,Lung,Treatment vs Control,Lung | Treatment vs Control,0.11636398667712751,0.934181408065936,FALSE,NS
Gene_0102,212.75939648201606,1.8125564873483166,0.6790784062160365,2.6691416937379167,0.0076045361932910735,0.11714221710516462,Lung,Treatment vs Control,Lung | Treatment vs Control,0.11714221710516462,0.9312865605075914,FALSE,NS
Gene_0353,184.05502904664036,-1.6108245076941328,0.6025125753414596,-2.673511846256879,0.0075061625059814376,0.11714221710516462,Lung,Treatment vs Control,Lung | Treatment vs Control,0.11714221710516462,0.9312865605075914,FALSE,NS
Gene_0697,110.53323487775398,-1.4191073399402199,0.537020538579989,-2.642556919131398,0.00822826338293615,0.12157678957644433,Lung,Treatment vs Control,Lung | Treatment vs Control,0.12157678957644433,0.9151493290190523,FALSE,NS
Gene_0471,226.26179073407178,-1.3577842462229779,0.5134668150945871,-2.644346638005918,0.008184878779143053,0.12157678957644433,Lung,Treatment vs Control,Lung | Treatment vs Control,0.12157678957644433,0.9151493290190523,FALSE,NS
Gene_0164,161.04035188917288,-1.2257120676378763,0.4679152289383948,-2.6195173651833676,0.008805428944894545,0.127502611122073,Lung,Treatment vs Control,Lung | Treatment vs Control,0.127502611122073,0.8944809212355455,FALSE,NS
Gene_0350,141.0228851802245,1.4742889067374718,0.5744934525267734,2.5662414432282232,0.010280723926285908,0.14594596318884306,Lung,Treatment vs Control,Lung | Treatment vs Control,0.14594596318884306,0.8358079129339707,FALSE,NS
Gene_0409,125.26125093034489,1.7691772634432672,0.6928658514937236,2.5534196260779254,0.010667089484558844,0.14851870743885776,Lung,Treatment vs Control,Lung | Treatment vs Control,0.14851870743885776,0.8282188391025871,FALSE,NS
Gene_0695,119.52225200293144,-1.3185796389835616,0.5203209189209239,-2.534166109865657,0.011271528663950875,0.15397333495661195,Lung,Treatment vs Control,Lung | Treatment vs Control,0.15397333495661195,0.8125544836044261,FALSE,NS
Gene_0157,168.98089943249894,1.3253369632401406,0.5261544094325662,2.518912584367499,0.011771787799491212,0.1578291549413266,Lung,Treatment vs Control,Lung | Treatment vs Control,0.1578291549413266,0.8018127688034677,FALSE,NS
Gene_0620,115.48191915990839,-1.4642749045687986,0.586742044220644,-2.495602486632369,0.012574342547121704,0.16451062281819828,Lung,Treatment vs Control,Lung | Treatment vs Control,0.16451062281819828,0.7838060534442635,FALSE,NS
Mx1,203.06754275359026,-1.3242014164941236,0.5315119389891438,-2.4913860242021215,0.012724578560523624,0.16451062281819828,Lung,Treatment vs Control,Lung | Treatment vs Control,0.16451062281819828,0.7838060534442635,FALSE,NS
Gene_0483,177.5880543451568,1.4488247781855044,0.5889871363688285,2.4598580999878386,0.013899195847935277,0.17654417182289722,Lung,Treatment vs Control,Lung | Treatment vs Control,0.17654417182289722,0.7531466150418902,FALSE,NS
Gene_0580,116.2588170119196,1.8497854140319598,0.7622171500199946,2.4268483252881885,0.015230621823083131,0.18077000327724896,Lung,Treatment vs Control,Lung | Treatment vs Control,0.18077000327724896,0.7428736341039155,FALSE,NS
Gene_0574,129.34543308138564,-1.4779175396813153,0.6063433938329207,-2.43742663763326,0.014792215403195762,0.18077000327724896,Lung,Treatment vs Control,Lung | Treatment vs Control,0.18077000327724896,0.7428736341039155,FALSE,NS
Gene_0457,150.7087126115838,1.3679893532301413,0.5600505442747343,2.4426176658781538,0.014581175498856316,0.18077000327724896,Lung,Treatment vs Control,Lung | Treatment vs Control,0.18077000327724896,0.7428736341039155,FALSE,NS
Gene_0519,143.19551171690503,1.136051738677711,0.4678822609668566,2.428071832281296,0.015179336514231591,0.18077000327724896,Lung,Treatment vs Control,Lung | Treatment vs Control,0.18077000327724896,0.7428736341039155,FALSE,NS
Gene_0270,147.64355320885494,1.1080543861334735,0.46186254476954286,2.39909990251832,0.016435429940153883,0.1919234076882486,Lung,Treatment vs Control,Lung | Treatment vs Control,0.1919234076882486,0.7168720538737824,FALSE,NS
Gene_0094,114.68535504982886,1.2901653139016906,0.5451755135327893,2.3665136857326856,0.017956510356821328,0.20635735711648637,Lung,Treatment vs Control,Lung | Treatment vs Control,0.20635735711648637,0.6853800429090041,FALSE,NS
Gene_0530,194.8581674996193,1.6988126137172581,0.7214005520800975,2.3548812221156132,0.018528627205230616,0.20960509525917134,Lung,Treatment vs Control,Lung | Treatment vs Control,0.20960509525917134,0.6785981643598475,FALSE,NS
Gene_0348,266.6802990385735,-1.4743353232102931,0.6312624104182996,-2.3355347932618704,0.019515500492627222,0.2110240319012534,Lung,Treatment vs Control,Lung | Treatment vs Control,0.2110240319012534,0.6756680834331551,FALSE,NS
Gene_0228,153.90640489161572,1.3261431430890416,0.572418332339663,2.316737721639096,0.020518023401663487,0.2110240319012534,Lung,Treatment vs Control,Lung | Treatment vs Control,0.2110240319012534,0.6756680834331551,FALSE,NS
Gene_0134,237.54249718318266,1.2365472601491,0.533723482931163,2.3168312800442843,0.020512924376724702,0.2110240319012534,Lung,Treatment vs Control,Lung | Treatment vs Control,0.2110240319012534,0.6756680834331551,FALSE,NS
Gene_0604,185.35559993837876,-1.2330697369601613,0.5314206747220018,-2.3203269944384606,0.020323194889549114,0.2110240319012534,Lung,Treatment vs Control,Lung | Treatment vs Control,0.2110240319012534,0.6756680834331551,FALSE,NS
Gene_0125,278.16852568933734,1.175372935554539,0.5080464049652906,2.3135149153055017,0.020694345669874298,0.2110240319012534,Lung,Treatment vs Control,Lung | Treatment vs Control,0.2110240319012534,0.6756680834331551,FALSE,NS
Gene_0127,247.06171447326116,-1.1374204044951755,0.4889982167036344,-2.326021579715756,0.02001739948811102,0.2110240319012534,Lung,Treatment vs Control,Lung | Treatment vs Control,0.2110240319012534,0.6756680834331551,FALSE,NS
Gene_0237,145.56234263438418,-1.0462807657571938,0.44802091744621464,-2.3353390991678435,0.0195257131562802,0.2110240319012534,Lung,Treatment vs Control,Lung | Treatment vs Control,0.2110240319012534,0.6756680834331551,FALSE,NS
Gene_0386,147.3624057578494,1.4599223748481185,0.6367206199191651,2.2928774868850064,0.021855059290496144,0.21976476286554456,Lung,Treatment vs Control,Lung | Treatment vs Control,0.21976476286554456,0.6580419412112241,FALSE,NS
Gene_0498,165.34879907673204,1.4908911139369614,0.6614641167084598,2.2539259141612233,0.024200829108220752,0.22860000310272538,Lung,Treatment vs Control,Lung | Treatment vs Control,0.22860000310272538,0.6409237680461767,FALSE,NS
Fos,426.20033401325264,1.364634981505091,0.6056444677007201,2.253194826802954,0.02424686744806646,0.22860000310272538,Lung,Treatment vs Control,Lung | Treatment vs Control,0.22860000310272538,0.6409237680461767,FALSE,NS
Gene_0556,167.68987754753027,-1.2052608808806573,0.5324617601550901,-2.263563266082434,0.02360098931238145,0.22860000310272538,Lung,Treatment vs Control,Lung | Treatment vs Control,0.22860000310272538,0.6409237680461767,FALSE,NS
Gene_0576,164.278177590766,-1.1446088874452665,0.5082281221405192,-2.2521557497142894,0.024312431269212505,0.22860000310272538,Lung,Treatment vs Control,Lung | Treatment vs Control,0.22860000310272538,0.6409237680461767,FALSE,NS
Gene_0052,195.85723729413766,1.1153569664436547,0.4925250639073045,2.2645689492333534,0.02353914417395939,0.22860000310272538,Lung,Treatment vs Control,Lung | Treatment vs Control,0.22860000310272538,0.6409237680461767,FALSE,NS
Gene_0399,157.81188466925883,-1.2988356177378833,0.5797236014842454,-2.24043943426233,0.025062408603101296,0.2326305619057095,Lung,Treatment vs Control,Lung | Treatment vs Control,0.2326305619057095,0.6333332302992962,FALSE,NS
Gene_0425,210.83547670717059,-1.1711408723690266,0.5285018210517672,-2.21596374074615,0.026693985510784737,0.2446385507570652,Lung,Treatment vs Control,Lung | Treatment vs Control,0.2446385507570652,0.6114751046920306,FALSE,NS
Gene_0637,188.55364358737305,1.2929575709686287,0.5861752009769943,2.205752766090447,0.02740131514204576,0.245772972319608,Lung,Treatment vs Control,Lung | Treatment vs Control,0.245772972319608,0.6094658782349279,FALSE,NS
Gene_0114,196.33395199427346,-1.1468894214537624,0.5202744207389225,-2.204393250440578,0.027496699941834596,0.245772972319608,Lung,Treatment vs Control,Lung | Treatment vs Control,0.245772972319608,0.6094658782349279,FALSE,NS
Gene_0090,83.98757619391651,-1.4370180645897717,0.6533649203009221,-2.199411109993356,0.02784870336773296,0.2458836736370569,Lung,Treatment vs Control,Lung | Treatment vs Control,0.2458836736370569,0.6092703069047515,FALSE,NS
Gene_0072,146.42036642962273,-1.3119675652554528,0.603102195165249,-2.1753652627577917,0.02960275546004308,0.2576643921508633,Lung,Treatment vs Control,Lung | Treatment vs Control,0.2576643921508633,0.5889455944909454,FALSE,NS
Gene_0233,156.32412852058778,1.2162419482259146,0.5600976673918281,2.171481902235931,0.029894763730210657,0.2576643921508633,Lung,Treatment vs Control,Lung | Treatment vs Control,0.2576643921508633,0.5889455944909454,FALSE,NS
Gene_0691,119.59845569097112,1.066910712831811,0.4958952027816006,2.151484238700518,0.0314379985451951,0.26777777584377943,Lung,Treatment vs Control,Lung | Treatment vs Control,0.26777777584377943,0.5722254700011051,FALSE,NS
Gene_0080,191.98583100514256,-1.0873829374909036,0.5073158204983964,-2.1434043519924897,0.032080643949031575,0.2700742583616147,Lung,Treatment vs Control,Lung | Treatment vs Control,0.2700742583616147,0.568516807831296,FALSE,NS
Gene_0388,154.67753080811616,1.0573602938885325,0.4947886230880274,2.1369939496373958,0.03259848373096447,0.2712793358760721,Lung,Treatment vs Control,Lung | Treatment vs Control,0.2712793358760721,0.5665832864329715,FALSE,NS
Gene_0472,146.0170299477189,-1.0729185512978403,0.5054301933625991,-2.122782859804581,0.033772051789458614,0.27785188063145494,Lung,Treatment vs Control,Lung | Treatment vs Control,0.27785188063145494,0.5561866593605193,FALSE,NS
Gene_0523,167.88583554307925,-1.3845162174395942,0.6569327702067564,-2.107546282101052,0.03507025431354068,0.28212071247781617,Lung,Treatment vs Control,Lung | Treatment vs Control,0.28212071247781617,0.5495650280431124,FALSE,NS
Gene_0137,213.22638602789772,-1.2528110188288222,0.5941101639115274,-2.108718374014194,0.03496889788708271,0.28212071247781617,Lung,Treatment vs Control,Lung | Treatment vs Control,0.28212071247781617,0.5495650280431124,FALSE,NS
Gene_0337,155.11122382455977,-1.2333923446605652,0.5970723762036938,-2.0657333914905287,0.038853660527357385,0.2879391790243586,Lung,Treatment vs Control,Lung | Treatment vs Control,0.2879391790243586,0.5406992379478064,FALSE,NS
Gene_0565,127.10429927014339,-1.1802659483527118,0.5684107289791752,-2.0764315101377213,0.03785405947473834,0.2879391790243586,Lung,Treatment vs Control,Lung | Treatment vs Control,0.2879391790243586,0.5406992379478064,FALSE,NS
Gene_0543,142.09328443084377,-1.1557824945818171,0.5584386193452521,-2.0696679179117803,0.03848345306241855,0.2879391790243586,Lung,Treatment vs Control,Lung | Treatment vs Control,0.2879391790243586,0.5406992379478064,FALSE,NS
Gene_0059,139.08757785213766,-1.127380558760114,0.5438009737214607,-2.073149209434052,0.03815839551966976,0.2879391790243586,Lung,Treatment vs Control,Lung | Treatment vs Control,0.2879391790243586,0.5406992379478064,FALSE,NS
Gene_0079,171.42950163296467,-1.1237795404420934,0.5443484928587548,-2.0644487036977743,0.03897519274086622,0.2879391790243586,Lung,Treatment vs Control,Lung | Treatment vs Control,0.2879391790243586,0.5406992379478064,FALSE,NS
Gene_0029,273.8611080979113,-1.0999606185289215,0.5264953563360014,-2.0892123839112138,0.03668860915497756,0.2879391790243586,Lung,Treatment vs Control,Lung | Treatment vs Control,0.2879391790243586,0.5406992379478064,FALSE,NS
Gene_0120,139.17530417623172,-1.0732922681626338,0.5179505061493451,-2.072190789312912,0.03824765204509585,0.2879391790243586,Lung,Treatment vs Control,Lung | Treatment vs Control,0.2879391790243586,0.5406992379478064,FALSE,NS
Gene_0018,139.26998908212343,1.000831534032014,0.4780020967362338,2.093780635829057,0.036279525915725454,0.2879391790243586,Lung,Treatment vs Control,Lung | Treatment vs Control,0.2879391790243586,0.5406992379478064,FALSE,NS
Gene_0123,180.23277168495625,1.2983889769291552,0.6492221696386428,1.999914725111496,0.04550947282891491,0.2955807898096868,Lung,Treatment vs Control,Lung | Treatment vs Control,0.2955807898096868,0.5293237947384802,FALSE,NS
Gene_0133,186.48992916102216,1.296869849559077,0.6401214119537705,2.0259748000004985,0.04276736709799568,0.2955807898096868,Lung,Treatment vs Control,Lung | Treatment vs Control,0.2955807898096868,0.5293237947384802,FALSE,NS
Gene_0041,183.96080901120985,-1.2919919790000656,0.6351100056373851,-2.03428062466666,0.04192330955588248,0.2955807898096868,Lung,Treatment vs Control,Lung | Treatment vs Control,0.2955807898096868,0.5293237947384802,FALSE,NS
Gene_0035,141.04251029208365,-1.2674289754239916,0.6197629273751776,-2.0450222487359997,0.04085266469249027,0.2955807898096868,Lung,Treatment vs Control,Lung | Treatment vs Control,0.2955807898096868,0.5293237947384802,FALSE,NS
Gene_0439,231.54717146794454,-1.2169694911411826,0.603998787359181,-2.014854196085472,0.04391992847832231,0.2955807898096868,Lung,Treatment vs Control,Lung | Treatment vs Control,0.2955807898096868,0.5293237947384802,FALSE,NS
Gene_0626,315.69305037833107,1.2065584953067006,0.5919316376314334,2.038340947840948,0.04151584748583659,0.2955807898096868,Lung,Treatment vs Control,Lung | Treatment vs Control,0.2955807898096868,0.5293237947384802,FALSE,NS
Gene_0339,118.62475366836037,-1.1700127980608952,0.5878141191134146,-1.990446911730525,0.046541726572243494,0.2955807898096868,Lung,Treatment vs Control,Lung | Treatment vs Control,0.2955807898096868,0.5293237947384802,FALSE,NS
Birc5,459.0195978730679,1.1044796163132367,0.5539348650372875,1.9938799415322772,0.04616517650452625,0.2955807898096868,Lung,Treatment vs Control,Lung | Treatment vs Control,0.2955807898096868,0.5293237947384802,FALSE,NS
Gene_0653,235.68861471041652,-1.042937096721441,0.5187695866699298,-2.010405242559094,0.04438831607661996,0.2955807898096868,Lung,Treatment vs Control,Lung | Treatment vs Control,0.2955807898096868,0.5293237947384802,FALSE,NS
Gene_0587,104.31804465408314,-1.0095165175263272,0.5049531568362962,-1.9992280548383787,0.045583684398301585,0.2955807898096868,Lung,Treatment vs Control,Lung | Treatment vs Control,0.2955807898096868,0.5293237947384802,FALSE,NS
Gene_0462,124.60415105144375,-1.0053603572278624,0.5000458112085429,-2.0105365042415673,0.0443744366868422,0.2955807898096868,Lung,Treatment vs Control,Lung | Treatment vs Control,0.2955807898096868,0.5293237947384802,FALSE,NS
Gene_0528,196.68150431289078,-0.9880486191468948,0.4948016993916397,-1.9968577722382599,0.045840635569937595,0.2955807898096868,Lung,Treatment vs Control,Lung | Treatment vs Control,0.2955807898096868,0.5293237947384802,FALSE,NS
Gene_0571,159.7902291699781,-0.9393045797346964,0.47125734052667423,-1.9931882200178261,0.04624084054947046,0.2955807898096868,Lung,Treatment vs Control,Lung | Treatment vs Control,0.2955807898096868,0.5293237947384802,FALSE,NS
Gene_0229,155.92186391311975,0.9325465039199723,0.46246855185032365,2.016453876028716,0.043752536668655195,0.2955807898096868,Lung,Treatment vs Control,Lung | Treatment vs Control,0.2955807898096868,0.5293237947384802,FALSE,NS
Gene_0187,166.6624518973937,0.9160657133281401,0.4585409605938008,1.9977838231547613,0.04574010189068809,0.2955807898096868,Lung,Treatment vs Control,Lung | Treatment vs Control,0.2955807898096868,0.5293237947384802,FALSE,NS
Gene_0259,150.01848888912852,-0.9060233805984012,0.44486358914018376,-2.0366319085577005,0.041686942703039624,0.2955807898096868,Lung,Treatment vs Control,Lung | Treatment vs Control,0.2955807898096868,0.5293237947384802,FALSE,NS
Gene_0143,225.81889778824237,-1.0184972156990153,0.5144804620498782,-1.979661601999326,0.04774156594966951,0.30056429345704977,Lung,Treatment vs Control,Lung | Treatment vs Control,0.30056429345704977,0.5220626141537908,FALSE,NS
Gene_0681,157.51246174196183,1.1451924351555427,0.5840446036891894,1.9607961924856323,0.04990280239921679,0.3114623184226979,Lung,Treatment vs Control,Lung | Treatment vs Control,0.3114623184226979,0.5065944879806942,FALSE,NS
Gene_0046,232.66695418549028,-1.304812732329796,0.6700000277862805,-1.9474816092783964,0.05147702247811762,0.3158420701199759,Lung,Treatment vs Control,Lung | Treatment vs Control,0.3158420701199759,0.5005300225098996,FALSE,NS
Gene_0452,267.41655973325237,-1.128419701716875,0.5785548949323586,-1.9504107762303238,0.05112717847089149,0.3158420701199759,Lung,Treatment vs Control,Lung | Treatment vs Control,0.3158420701199759,0.5005300225098996,FALSE,NS
Gene_0300,116.51799999766561,0.9942617904898471,0.5150708504026031,1.9303398546290984,0.05356474192557821,0.3258896903707447,Lung,Treatment vs Control,Lung | Treatment vs Control,0.3258896903707447,0.48692937836860095,FALSE,NS
Gene_0590,145.1890908090333,0.866422818917787,0.45265951621906203,1.9140718086626651,0.055610981075478724,0.335519585822055,Lung,Treatment vs Control,Lung | Treatment vs Control,0.335519585822055,0.4742821229877772,FALSE,NS
Gene_0368,115.87229659939186,1.1191113907126256,0.5884321867828362,1.9018527807447065,0.05719040379957813,0.3421971268668972,Lung,Treatment vs Control,Lung | Treatment vs Control,0.3421971268668972,0.4657236411744936,FALSE,NS
Gene_0493,118.19873343731922,-1.0372065300584468,0.5500114730852663,-1.885790716765016,0.05932316240189642,0.3520489309751886,Lung,Treatment vs Control,Lung | Treatment vs Control,0.3520489309751886,0.4533969701137464,FALSE,NS
Gene_0428,135.2311165780717,1.0529209113107076,0.5604223524968021,1.8787989212416647,0.06027195441176962,0.35477150401724555,Lung,Treatment vs Control,Lung | Treatment vs Control,0.35477150401724555,0.4500512708726455,FALSE,NS
Gene_0573,140.16388626013386,1.052843049105457,0.5617393896463733,1.8742553371025732,0.06089524024843882,0.35554962854733635,Lung,Treatment vs Control,Lung | Treatment vs Control,0.35554962854733635,0.449099770743096,FALSE,NS
Gene_0539,266.28946781904074,0.9661554989176409,0.5200766738221545,1.8577174242735361,0.06320915279820359,0.3661074130071952,Lung,Treatment vs Control,Lung | Treatment vs Control,0.3661074130071952,0.4363914773584985,FALSE,NS
Gene_0159,116.07218024937477,-0.967274753194802,0.5228075713230999,-1.8501544473559612,0.06429129231262903,0.3694198066217732,Lung,Treatment vs Control,Lung | Treatment vs Control,0.3694198066217732,0.4324798233626441,FALSE,NS
Gene_0289,145.60194373051812,1.0076357526007655,0.5460797827550248,1.845217099078722,0.06500596411600411,0.37058518125973994,Lung,Treatment vs Control,Lung | Treatment vs Control,0.37058518125973994,0.4311119509798719,FALSE,NS
Gene_0624,144.84423409887756,-0.9573790225693833,0.5251829486866417,-1.8229438426429527,0.06831189673244599,0.3863891658928976,Lung,Treatment vs Control,Lung | Treatment vs Control,0.3863891658928976,0.41297505942759916,FALSE,NS
Gene_0355,197.08869859445562,1.1954886452173386,0.6627954559040196,1.8037067613669022,0.0712772890372863,0.3969596712538099,Lung,Treatment vs Control,Lung | Treatment vs Control,0.3969596712538099,0.4012536127371106,FALSE,NS
Gene_0546,109.76336615961031,-0.92894058831531,0.5148680875475443,-1.8042302694270775,0.07119521597141544,0.3969596712538099,Lung,Treatment vs Control,Lung | Treatment vs Control,0.3969596712538099,0.4012536127371106,FALSE,NS
Gene_0313,151.05333087931592,-1.0034373507896346,0.5624326212503193,-1.7841023313315947,0.0744070385354136,0.4032220975582688,Lung,Treatment vs Control,Lung | Treatment vs Control,0.4032220975582688,0.3944556755093329,FALSE,NS
Gene_0195,199.8086269051845,0.9497025503173427,0.5319466958267398,1.7853340527688324,0.07420714852139708,0.4032220975582688,Lung,Treatment vs Control,Lung | Treatment vs Control,0.4032220975582688,0.3944556755093329,FALSE,NS
Gene_0044,156.28750742949853,-0.8658249823052417,0.4829708118543181,-1.7927066420038786,0.0730198439226662,0.4032220975582688,Lung,Treatment vs Control,Lung | Treatment vs Control,0.4032220975582688,0.3944556755093329,FALSE,NS
Gene_0330,144.15708746586088,0.8214730021499513,0.46079375375011516,1.78273467351606,0.07462950424420997,0.4032220975582688,Lung,Treatment vs Control,Lung | Treatment vs Control,0.4032220975582688,0.3944556755093329,FALSE,NS
Gene_0484,152.3951844867599,-0.8995271997500606,0.5072164149890167,-1.773458376282122,0.07615278322240362,0.4054015812722075,Lung,Treatment vs Control,Lung | Treatment vs Control,0.4054015812722075,0.392114561670502,FALSE,NS
Gene_0082,131.89939894627275,0.8838706900342558,0.49827724513426996,1.7738532085607894,0.0760874342124494,0.4054015812722075,Lung,Treatment vs Control,Lung | Treatment vs Control,0.4054015812722075,0.392114561670502,FALSE,NS
Gene_0512,82.1175159450047,-1.2997238777287998,0.7365311312125671,-1.7646557255346917,0.07762164381855573,0.4072323922074953,Lung,Treatment vs Control,Lung | Treatment vs Control,0.4072323922074953,0.39015768450856175,FALSE,NS
Gene_0003,184.0103369989555,0.9782515185910148,0.5539419550392607,1.7659819944883595,0.07739886967596853,0.4072323922074953,Lung,Treatment vs Control,Lung | Treatment vs Control,0.4072323922074953,0.39015768450856175,FALSE,NS
Gene_0593,168.49971262588653,1.029179984942592,0.595567732424865,1.7280653885533164,0.08397650190932986,0.42664792601406826,Lung,Treatment vs Control,Lung | Treatment vs Control,0.42664792601406826,0.3699303611829537,FALSE,NS
Gene_0672,94.28385570032023,-1.0031480842384082,0.5805857417335516,-1.7278207371113554,0.08402036834874943,0.42664792601406826,Lung,Treatment vs Control,Lung | Treatment vs Control,0.42664792601406826,0.3699303611829537,FALSE,NS
Gene_0463,173.42256084065056,-0.9881503840013186,0.5693442442779595,-1.7355938765210277,0.08263566946099044,0.42664792601406826,Lung,Treatment vs Control,Lung | Treatment vs Control,0.42664792601406826,0.3699303611829537,FALSE,NS
Gene_0078,154.02784478554432,0.9866372355149083,0.5725717067896167,1.723167987197513,0.08485815103042242,0.42664792601406826,Lung,Treatment vs Control,Lung | Treatment vs Control,0.42664792601406826,0.3699303611829537,FALSE,NS
Gene_0367,123.1896557120449,0.9554176405442226,0.5502032639256424,1.7364812300956163,0.08247878038370635,0.42664792601406826,Lung,Treatment vs Control,Lung | Treatment vs Control,0.42664792601406826,0.3699303611829537,FALSE,NS
Gene_0299,130.7687788991574,-0.9451025670150416,0.548441355293933,-1.7232518260927296,0.08484299528796917,0.42664792601406826,Lung,Treatment vs Control,Lung | Treatment vs Control,0.42664792601406826,0.3699303611829537,FALSE,NS
Gene_0651,201.27324532179463,1.0653530537281735,0.619470557913531,1.7197799639040814,0.08547244598399732,0.42677276477526943,Lung,Treatment vs Control,Lung | Treatment vs Control,0.42677276477526943,0.36980330359907004,FALSE,NS
Gene_0377,300.32681252657954,0.8876031721826023,0.5188079458789754,1.7108511525952177,0.08710859388976397,0.43196316422047343,Lung,Treatment vs Control,Lung | Treatment vs Control,0.43196316422047343,0.36455328618940386,FALSE,NS
Gene_0031,177.86815541480053,-1.0570861410870958,0.6190612437901821,-1.7075631073512543,0.08771743876982079,0.432023303873131,Lung,Treatment vs Control,Lung | Treatment vs Control,0.432023303873131,0.36449282616994877,FALSE,NS
Gene_0291,209.16045351407115,-1.0264232226322134,0.6032928629862615,-1.7013680844018002,0.08887389046045104,0.4347614641443686,Lung,Treatment vs Control,Lung | Treatment vs Control,0.4347614641443686,0.36174895734366114,FALSE,NS
Gene_0212,147.81991202549,-1.0962538448082753,0.6465304934489923,-1.6955949578807665,0.08996261331679171,0.4371337720896456,Lung,Treatment vs Control,Lung | Treatment vs Control,0.4371337720896456,0.3593856394824639,FALSE,NS
Gene_0167,168.94765480551195,0.8597183399764678,0.5110739543038821,1.6821799129784716,0.09253395799497548,0.4466305705890817,Lung,Treatment vs Control,Lung | Treatment vs Control,0.4466305705890817,0.35005155402821203,FALSE,NS
Cdk1,396.7634876445864,1.0013824810298115,0.5967336444235546,1.6781062881030417,0.09332635140907032,0.44747204251766165,Lung,Treatment vs Control,Lung | Treatment vs Control,0.44747204251766165,0.3492340936656134,FALSE,NS
Gene_0296,247.9516512965791,1.2405842470639419,0.7431766743751892,1.6692992256611634,0.09505809361880005,0.45277670907902134,Lung,Treatment vs Control,Lung | Treatment vs Control,0.45277670907902134,0.34411592143687164,FALSE,NS
Gene_0634,181.8599448124774,0.8390119611804214,0.505825810925564,1.6586974074043213,0.09717678209265951,0.45984307343193126,Lung,Treatment vs Control,Lung | Treatment vs Control,0.45984307343193126,0.3373903508621791,FALSE,NS
Gene_0666,171.53912956199468,-1.0606513479822532,0.6469961733478048,-1.639347173406048,0.10114097676253657,0.4724262398456547,Lung,Treatment vs Control,Lung | Treatment vs Control,0.4724262398456547,0.3256659884850883,FALSE,NS
Gene_0308,119.7205306611015,-0.9650023294952975,0.5878245403565052,-1.6416502939976623,0.10066249828311681,0.4724262398456547,Lung,Treatment vs Control,Lung | Treatment vs Control,0.4724262398456547,0.3256659884850883,FALSE,NS
Gene_0122,200.90468873203835,-1.0548257134480328,0.6461791940695484,-1.6324043285963517,0.10259433787532833,0.4732464552911938,Lung,Treatment vs Control,Lung | Treatment vs Control,0.4732464552911938,0.3249126303028658,FALSE,NS
Gene_0149,174.76686251596584,-1.0323886410594931,0.6324887692363363,-1.6322639883487478,0.10262388602309037,0.4732464552911938,Lung,Treatment vs Control,Lung | Treatment vs Control,0.4732464552911938,0.3249126303028658,FALSE,NS
Gene_0272,121.74389465053268,-1.0685489973032247,0.6563622140555134,-1.6279867646568236,0.10352769221426113,0.47408854716968385,Lung,Treatment vs Control,Lung | Treatment vs Control,0.47408854716968385,0.3241405360564635,FALSE,NS
Gene_0251,99.66225610037242,-0.9570445715516166,0.5905957530489395,-1.6204731690177112,0.1051306734044163,0.47408854716968385,Lung,Treatment vs Control,Lung | Treatment vs Control,0.47408854716968385,0.3241405360564635,FALSE,NS
Gene_0669,186.06562162258012,-0.866436214601803,0.5351344960263218,-1.6190999104628556,0.10542576808607611,0.47408854716968385,Lung,Treatment vs Control,Lung | Treatment vs Control,0.47408854716968385,0.3241405360564635,FALSE,NS
Gene_0563,218.09147910168377,-0.8538016138808447,0.527210807179126,-1.6194691046816034,0.10534636872335974,0.47408854716968385,Lung,Treatment vs Control,Lung | Treatment vs Control,0.47408854716968385,0.3241405360564635,FALSE,NS
Gene_0132,218.48596871446114,-1.0000055936958563,0.6226435343766485,-1.6060643666636623,0.10825976815798566,0.48277620121742826,Lung,Treatment vs Control,Lung | Treatment vs Control,0.48277620121742826,0.31625414689012943,FALSE,NS
Gene_0345,125.23661030334118,-0.9878168150393524,0.6158063097602134,-1.6041031073942629,0.10869132706966962,0.48277620121742826,Lung,Treatment vs Control,Lung | Treatment vs Control,0.48277620121742826,0.31625414689012943,FALSE,NS
Gene_0440,172.22039961640903,-0.9931372408519833,0.620654178456826,-1.6001459030233016,0.10956621980668085,0.4836947752441277,Lung,Treatment vs Control,Lung | Treatment vs Control,0.4836947752441277,0.31542860373186654,FALSE,NS
Gene_0643,153.82719245858212,-0.8051697671644223,0.5042131713981964,-1.596883645327363,0.11029164602887831,0.48394637409035085,Lung,Treatment vs Control,Lung | Treatment vs Control,0.48394637409035085,0.3152027596922543,FALSE,NS
Gene_0555,188.72663334873943,-0.913597083028285,0.5764645170223387,-1.5848279574038067,0.11300542848678825,0.48411793032209877,Lung,Treatment vs Control,Lung | Treatment vs Control,0.48411793032209877,0.3150488320549587,FALSE,NS
Gene_0040,150.88395638939687,-0.8632555831476659,0.541883636655661,-1.593064497159231,0.11114572283427604,0.48411793032209877,Lung,Treatment vs Control,Lung | Treatment vs Control,0.48411793032209877,0.3150488320549587,FALSE,NS
Gene_0644,204.91160229012812,0.8147802847674647,0.5135407483147033,1.5865932497885415,0.11260479724906095,0.48411793032209877,Lung,Treatment vs Control,Lung | Treatment vs Control,0.48411793032209877,0.3150488320549587,FALSE,NS
Gene_0320,180.5433583423649,-0.8029030737554221,0.505231585761301,-1.589178302353324,0.11202014362671717,0.48411793032209877,Lung,Treatment vs Control,Lung | Treatment vs Control,0.48411793032209877,0.3150488320549587,FALSE,NS
Gene_0058,204.89772594328076,0.8732515789801115,0.5535096396318342,1.577662820038605,0.11464309209979996,0.48824469811914806,Lung,Treatment vs Control,Lung | Treatment vs Control,0.48824469811914806,0.31136246404645634,FALSE,NS
Gene_0645,184.43242747804084,0.8999813468660901,0.5717216286536743,1.5741600488080576,0.11545045293143866,0.4888077656278456,Lung,Treatment vs Control,Lung | Treatment vs Control,0.4888077656278456,0.3108619031285711,FALSE,NS
Gene_0699,125.72730512138915,-1.0708584308898004,0.6860542182811621,-1.560894754896669,0.11854858508084952,0.49055578742929684,Lung,Treatment vs Control,Lung | Treatment vs Control,0.49055578742929684,0.3093115962452929,FALSE,NS
Gene_0420,136.20981669040944,1.0240355048444558,0.654185747360715,1.565358935097385,0.11749877143222778,0.49055578742929684,Lung,Treatment vs Control,Lung | Treatment vs Control,0.49055578742929684,0.3093115962452929,FALSE,NS
Gene_0084,144.85679188253286,1.0021970012801724,0.6421092574173891,1.5607888995575034,0.11857356740349026,0.49055578742929684,Lung,Treatment vs Control,Lung | Treatment vs Control,0.49055578742929684,0.3093115962452929,FALSE,NS
Gene_0549,112.05071588344687,-0.7794000852298897,0.4985430384624381,-1.5633556686171886,0.11796896119921532,0.49055578742929684,Lung,Treatment vs Control,Lung | Treatment vs Control,0.49055578742929684,0.3093115962452929,FALSE,NS
Gene_0679,157.08147347794235,1.0723015747942573,0.6995243417847202,1.5329010167944375,0.12530024532465261,0.49970460200248146,Lung,Treatment vs Control,Lung | Treatment vs Control,0.49970460200248146,0.3012866509274747,FALSE,NS
Gene_0002,188.7227230179931,-1.055258220323129,0.6887297817491108,-1.532180324253114,0.12547794249935937,0.49970460200248146,Lung,Treatment vs Control,Lung | Treatment vs Control,0.49970460200248146,0.3012866509274747,FALSE,NS
Gene_0406,103.54657234861716,-1.0363725052837696,0.6707051522756511,-1.5451983658802042,0.12229828951507282,0.49970460200248146,Lung,Treatment vs Control,Lung | Treatment vs Control,0.49970460200248146,0.3012866509274747,FALSE,NS
Gene_0176,130.67248954299666,-0.8096441940982081,0.5262761665744451,-1.5384397879315304,0.12394112013350708,0.49970460200248146,Lung,Treatment vs Control,Lung | Treatment vs Control,0.49970460200248146,0.3012866509274747,FALSE,NS
Gene_0343,145.71454187764525,0.8091464359036996,0.5282946710988792,1.5316195301017042,0.12561635022714313,0.49970460200248146,Lung,Treatment vs Control,Lung | Treatment vs Control,0.49970460200248146,0.3012866509274747,FALSE,NS
Gene_0194,228.7700196204606,-0.7480345422225977,0.48764262054277435,-1.5339810564343046,0.12503431322022737,0.49970460200248146,Lung,Treatment vs Control,Lung | Treatment vs Control,0.49970460200248146,0.3012866509274747,FALSE,NS
Gene_0514,150.69478902680905,-0.7300223533982853,0.47390751334647124,-1.5404321156321694,0.12345505808767858,0.49970460200248146,Lung,Treatment vs Control,Lung | Treatment vs Control,0.49970460200248146,0.3012866509274747,FALSE,NS
Gene_0349,83.94201224142155,-0.9681732539808918,0.6401132072842964,-1.5125031681324028,0.13040590728904,0.5144424165972129,Lung,Treatment vs Control,Lung | Treatment vs Control,0.5144424165972129,0.2886632303352782,FALSE,NS
Gene_0509,167.55746375805256,-0.8308295392686734,0.5497881376620678,-1.5111812757578087,0.13074227162139113,0.5144424165972129,Lung,Treatment vs Control,Lung | Treatment vs Control,0.5144424165972129,0.2886632303352782,FALSE,NS
Gene_0524,108.28746826111897,0.8437245223926793,0.5635111410265919,1.497263249943206,0.13432477330929654,0.514614222020075,Lung,Treatment vs Control,Lung | Treatment vs Control,0.514614222020075,0.2885182156781577,FALSE,NS
Gene_0354,107.84692178166615,0.8146001109941496,0.5417501772159843,1.503645305997539,0.13267271897937621,0.514614222020075,Lung,Treatment vs Control,Lung | Treatment vs Control,0.514614222020075,0.2885182156781577,FALSE,NS
Gene_0633,136.99307359393777,0.8085473945624225,0.5407088180872749,1.4953471582405675,0.13482386360059664,0.514614222020075,Lung,Treatment vs Control,Lung | Treatment vs Control,0.514614222020075,0.2885182156781577,FALSE,NS
Gene_0131,141.02863189812473,0.7804771182590887,0.5194802261509295,1.502419301004018,0.13298885477777242,0.514614222020075,Lung,Treatment vs Control,Lung | Treatment vs Control,0.514614222020075,0.2885182156781577,FALSE,NS
Gene_0087,114.74633731913934,-0.7569728405651476,0.507000415014763,-1.493041855879163,0.1354262309239885,0.514614222020075,Lung,Treatment vs Control,Lung | Treatment vs Control,0.514614222020075,0.2885182156781577,FALSE,NS
Gene_0369,107.51948696107135,-0.750479719219821,0.4978996880411322,-1.5072910010697231,0.13173608321038932,0.514614222020075,Lung,Treatment vs Control,Lung | Treatment vs Control,0.514614222020075,0.2885182156781577,FALSE,NS
Gene_0151,154.79159114307015,0.7304633760950281,0.4896647452839576,1.491762237592643,0.13576148674838998,0.514614222020075,Lung,Treatment vs Control,Lung | Treatment vs Control,0.514614222020075,0.2885182156781577,FALSE,NS
Gene_0403,135.44196871221044,-0.829403312192736,0.558484201994129,-1.4850971777379929,0.13751808360627005,0.5185577735986433,Lung,Treatment vs Control,Lung | Treatment vs Control,0.5185577735986433,0.2852028509290733,FALSE,NS
Gene_0314,178.73223047734595,-0.9423052519011578,0.6449159222296079,-1.4611288377613834,0.14398008755541383,0.5252361894021138,Lung,Treatment vs Control,Lung | Treatment vs Control,0.5252361894021138,0.2796453581420141,FALSE,NS
Gene_0550,141.32018186917517,-0.9144682036658393,0.6343899407903101,-1.441492282375432,0.14944565610060143,0.5252361894021138,Lung,Treatment vs Control,Lung | Treatment vs Control,0.5252361894021138,0.2796453581420141,FALSE,NS
Gene_0146,131.89976366690797,-0.883988947874849,0.6081055672780242,-1.4536767881138173,0.14603593651908764,0.5252361894021138,Lung,Treatment vs Control,Lung | Treatment vs Control,0.5252361894021138,0.2796453581420141,FALSE,NS
Gene_0554,200.55019658380783,-0.8097013826513506,0.5611346268064064,-1.442971693369942,0.14902844534497936,0.5252361894021138,Lung,Treatment vs Control,Lung | Treatment vs Control,0.5252361894021138,0.2796453581420141,FALSE,NS
Gene_0632,129.3676056876893,0.7990673342300099,0.5448967557451986,1.4664563989506758,0.14252399115825504,0.5252361894021138,Lung,Treatment vs Control,Lung | Treatment vs Control,0.5252361894021138,0.2796453581420141,FALSE,NS
Gene_0607,169.92163978512653,-0.7919147432673151,0.5480798643707114,-1.444889321333794,0.14848897629002256,0.5252361894021138,Lung,Treatment vs Control,Lung | Treatment vs Control,0.5252361894021138,0.2796453581420141,FALSE,NS
Gene_0652,158.39679903434066,0.7855029950290436,0.5347825326451117,1.4688269475516194,0.1418797329684825,0.5252361894021138,Lung,Treatment vs Control,Lung | Treatment vs Control,0.5252361894021138,0.2796453581420141,FALSE,NS
Gene_0179,236.4894693792004,-0.7710568121234125,0.5270458811608957,-1.462978536944539,0.14347325199206976,0.5252361894021138,Lung,Treatment vs Control,Lung | Treatment vs Control,0.5252361894021138,0.2796453581420141,FALSE,NS
Gene_0254,239.02117230889442,0.7664309484809041,0.5273125034223881,1.453466290874156,0.14609433244227632,0.5252361894021138,Lung,Treatment vs Control,Lung | Treatment vs Control,0.5252361894021138,0.2796453581420141,FALSE,NS
Gene_0055,182.77675688590423,-0.7627957720416332,0.5254994707819017,-1.4515633496388747,0.1466230556986137,0.5252361894021138,Lung,Treatment vs Control,Lung | Treatment vs Control,0.5252361894021138,0.2796453581420141,FALSE,NS
Gene_0014,239.19481564962192,0.7493479443175907,0.5120160683901478,1.4635242731222253,0.14332397673086267,0.5252361894021138,Lung,Treatment vs Control,Lung | Treatment vs Control,0.5252361894021138,0.2796453581420141,FALSE,NS
Gene_0630,171.91494041989841,0.7441063866010361,0.5142231904154597,1.4470494533703262,0.14788307338427584,0.5252361894021138,Lung,Treatment vs Control,Lung | Treatment vs Control,0.5252361894021138,0.2796453581420141,FALSE,NS
Gene_0616,163.04081498173457,-0.687310427611017,0.47650007742742,-1.442414094288804,0.1491855901145998,0.5252361894021138,Lung,Treatment vs Control,Lung | Treatment vs Control,0.5252361894021138,0.2796453581420141,FALSE,NS
Gene_0243,181.610140147204,-0.6753967931575702,0.46828785541810036,-1.442268436695966,0.14922666073763755,0.5252361894021138,Lung,Treatment vs Control,Lung | Treatment vs Control,0.5252361894021138,0.2796453581420141,FALSE,NS
Gene_0426,253.83988321794732,1.0251088457098627,0.7133262282475371,1.4370827892145464,0.15069447092800817,0.5270666519414392,Lung,Treatment vs Control,Lung | Treatment vs Control,0.5270666519414392,0.2781344611820809,FALSE,NS
Gene_0436,157.7540597138374,0.970070001127932,0.6795157359038069,1.4275901938277649,0.15340984777290542,0.5288987132742073,Lung,Treatment vs Control,Lung | Treatment vs Control,0.5288987132742073,0.27662748954859206,FALSE,NS
Gene_0008,130.3965442853645,-0.9471536743881988,0.6630328484850674,-1.4285169679787444,0.15314311426262472,0.5288987132742073,Lung,Treatment vs Control,Lung | Treatment vs Control,0.5288987132742073,0.27662748954859206,FALSE,NS
Gene_0269,201.64615257742776,0.8637196303487753,0.6031167837696575,1.4320935075795325,0.15211706228170532,0.5288987132742073,Lung,Treatment vs Control,Lung | Treatment vs Control,0.5288987132742073,0.27662748954859206,FALSE,NS
Gene_0338,208.33653026876016,0.9464691290655443,0.671746470130012,1.408967774527139,0.1588446972128265,0.5406227820511307,Lung,Treatment vs Control,Lung | Treatment vs Control,0.5406227820511307,0.2671056569158384,FALSE,NS
Stat1,212.0211366264819,-0.8556497383028764,0.6075885240759127,-1.4082717240327118,0.1590506251062028,0.5406227820511307,Lung,Treatment vs Control,Lung | Treatment vs Control,0.5406227820511307,0.2671056569158384,FALSE,NS
Gene_0405,138.52008849630258,-0.7624884809045648,0.5403657201466974,-1.4110600515102365,0.15822690793330946,0.5406227820511307,Lung,Treatment vs Control,Lung | Treatment vs Control,0.5406227820511307,0.2671056569158384,FALSE,NS
Gene_0223,166.46660873528756,0.7295792452186997,0.5211776941056169,1.3998665972662485,0.16155327030455344,0.5465634004696107,Lung,Treatment vs Control,Lung | Treatment vs Control,0.5465634004696107,0.262359453335389,FALSE,NS
Gene_0161,233.05851067024733,-0.9535537948746586,0.6829321615905212,-1.396264297545851,0.16263492080812325,0.5476636403027034,Lung,Treatment vs Control,Lung | Treatment vs Control,0.5476636403027034,0.26148609116920374,FALSE,NS
Gene_0689,138.9303559821454,-0.8416202720915315,0.6075203523318965,-1.3853367526883167,0.1659495206282671,0.5562382080317841,Lung,Treatment vs Control,Lung | Treatment vs Control,0.5562382080317841,0.25473918273642293,FALSE,NS
Gene_0335,286.4055144393842,0.8354705982268088,0.6062327163809385,1.3781351214668265,0.16816157368910292,0.5610552043820761,Lung,Treatment vs Control,Lung | Treatment vs Control,0.5610552043820761,0.25099440473496226,FALSE,NS
Gene_0235,235.85234219521615,-0.7688576912376609,0.562108629458095,-1.3678097985773388,0.1713716198001245,0.569142443739863,Lung,Treatment vs Control,Lung | Treatment vs Control,0.569142443739863,0.24477902571714655,FALSE,NS
Gene_0282,215.57156212577743,0.8459051553071203,0.6210567648566078,1.3620416090346048,0.173184754119551,0.5725377259477394,Lung,Treatment vs Control,Lung | Treatment vs Control,0.5725377259477394,0.2421958912917969,FALSE,NS
Gene_0360,135.8013809443706,-0.9229630536453959,0.6793413624149963,-1.358614541538214,0.17426876481056072,0.5735026623765725,Lung,Treatment vs Control,Lung | Treatment vs Control,0.5735026623765725,0.24146456162885066,FALSE,NS
Gene_0070,98.90867179052141,0.8131637730785176,0.6018780105248089,1.3510441632009078,0.1766812861518171,0.5736199604211462,Lung,Treatment vs Control,Lung | Treatment vs Control,0.5736199604211462,0.2413757448055024,FALSE,NS
Gene_0181,191.4950800008855,-0.8112797386095839,0.6004015068857426,-1.3512286849805855,0.17662218849157468,0.5736199604211462,Lung,Treatment vs Control,Lung | Treatment vs Control,0.5736199604211462,0.2413757448055024,FALSE,NS
Gene_0178,159.94367355822575,0.7431261525407079,0.5483980345782374,1.3550853680798332,0.17539035992303428,0.5736199604211462,Lung,Treatment vs Control,Lung | Treatment vs Control,0.5736199604211462,0.2413757448055024,FALSE,NS
Gene_0407,98.84591992118938,0.8089134980347835,0.601185103718571,1.3455315060724709,0.17845365393786444,0.5767877029063119,Lung,Treatment vs Control,Lung | Treatment vs Control,0.5767877029063119,0.23898400733311778,FALSE,NS
Gene_0209,101.77909879674311,0.7401116869314633,0.557626264153307,1.327253995209928,0.18442467643025653,0.5934376254911365,Lung,Treatment vs Control,Lung | Treatment vs Control,0.5934376254911365,0.22662492174490656,FALSE,NS
Gene_0566,173.71562658684488,-0.8581727722797263,0.6488024080493107,-1.322702816193159,0.18593422664529727,0.595647699518563,Lung,Treatment vs Control,Lung | Treatment vs Control,0.595647699518563,0.22501053118812173,FALSE,NS
Gene_0589,155.79718983463738,-0.6619474917561463,0.5018410065227641,-1.3190382674041596,0.18715631942727579,0.5969214769398575,Lung,Treatment vs Control,Lung | Treatment vs Control,0.5969214769398575,0.2240827951263016,FALSE,NS
Gene_0032,78.50764553894268,-0.7909131353438281,0.606426604617298,-1.3042190585338111,0.1921589035325874,0.6070726102037837,Lung,Treatment vs Control,Lung | Treatment vs Control,0.6070726102037837,0.21675936110777383,FALSE,NS
Gene_0106,139.72334928826166,0.7738986771014791,0.595429715822034,1.2997313646549462,0.19369305657054425,0.6070726102037837,Lung,Treatment vs Control,Lung | Treatment vs Control,0.6070726102037837,0.21675936110777383,FALSE,NS
Gene_0635,175.72217329394925,0.7012354980470534,0.5379416643406506,1.3035530514383011,0.19238601695763566,0.6070726102037837,Lung,Treatment vs Control,Lung | Treatment vs Control,0.6070726102037837,0.21675936110777383,FALSE,NS
Gene_0165,137.34147081364677,0.6454660823491785,0.49595884083936254,1.3014509051936434,0.1931041588684637,0.6070726102037837,Lung,Treatment vs Control,Lung | Treatment vs Control,0.6070726102037837,0.21675936110777383,FALSE,NS
Gene_0004,125.46448870404178,0.8832001082910392,0.6873443459489722,1.2849456222290758,0.19881128683392987,0.6073391209610347,Lung,Treatment vs Control,Lung | Treatment vs Control,0.6073391209610347,0.21656874346117208,FALSE,NS
Gene_0062,251.35830292774924,-0.8628120904981108,0.6655156358980758,-1.2964565277775848,0.1948182478712577,0.6073391209610347,Lung,Treatment vs Control,Lung | Treatment vs Control,0.6073391209610347,0.21656874346117208,FALSE,NS
Gene_0113,116.76631772114845,0.7783332710327884,0.6043987637727005,1.2877810440484294,0.1978221926592162,0.6073391209610347,Lung,Treatment vs Control,Lung | Treatment vs Control,0.6073391209610347,0.21656874346117208,FALSE,NS
Gene_0292,179.1649330185763,0.7226360994985572,0.5614409907318864,1.2871096186912525,0.19805608332607455,0.6073391209610347,Lung,Treatment vs Control,Lung | Treatment vs Control,0.6073391209610347,0.21656874346117208,FALSE,NS
Gene_0677,162.81933048840094,0.7186331149509559,0.5578041219251028,1.2883252143616248,0.19763277953021754,0.6073391209610347,Lung,Treatment vs Control,Lung | Treatment vs Control,0.6073391209610347,0.21656874346117208,FALSE,NS
Gene_0441,164.28107673733086,-0.6238517534028991,0.48328998279567015,-1.2908435424093136,0.19675793571350292,0.6073391209610347,Lung,Treatment vs Control,Lung | Treatment vs Control,0.6073391209610347,0.21656874346117208,FALSE,NS
Gene_0478,85.2378616129765,0.9175488766166312,0.7194204487576041,1.2754000504172254,0.2021676808549874,0.6126430310096502,Lung,Treatment vs Control,Lung | Treatment vs Control,0.6126430310096502,0.21279250234871622,FALSE,NS
Gene_0671,103.14498312744274,-0.6876965917242843,0.5392869962272483,-1.2751959467505836,0.20223989559572705,0.6126430310096502,Lung,Treatment vs Control,Lung | Treatment vs Control,0.6126430310096502,0.21279250234871622,FALSE,NS
Gene_0391,101.08891400113835,0.8821131089486042,0.6932963100481482,1.2723464645114626,0.20325004639215122,0.6131376399496562,Lung,Treatment vs Control,Lung | Treatment vs Control,0.6131376399496562,0.21244202211992538,FALSE,NS
Gene_0570,176.169141364012,-0.6263175559251382,0.4936810025742932,-1.268668538305532,0.20455930810491946,0.6145267181243224,Lung,Treatment vs Control,Lung | Treatment vs Control,0.6145267181243224,0.21145923030118918,FALSE,NS
Gene_0083,190.61858533183081,0.8923139517764588,0.715840935298818,1.2465254608609029,0.21257154782914128,0.6177743697669102,Lung,Treatment vs Control,Lung | Treatment vs Control,0.6177743697669102,0.20917011367733374,FALSE,NS
Gene_0647,125.7801245242888,0.8716876103899345,0.6941251977765275,1.2558074727472621,0.20918578162115953,0.6177743697669102,Lung,Treatment vs Control,Lung | Treatment vs Control,0.6177743697669102,0.20917011367733374,FALSE,NS
Gene_0404,120.70056224176577,0.8326748915908059,0.6744476063422904,1.2346027827226258,0.21697837285795202,0.6177743697669102,Lung,Treatment vs Control,Lung | Treatment vs Control,0.6177743697669102,0.20917011367733374,FALSE,NS
Gene_0334,171.93108839841014,-0.8199698327488129,0.6596625021245168,-1.2430141627089737,0.21386261456077704,0.6177743697669102,Lung,Treatment vs Control,Lung | Treatment vs Control,0.6177743697669102,0.20917011367733374,FALSE,NS
Gene_0103,130.11447811790288,-0.8021046859092725,0.6492529469918135,-1.2354271006788151,0.2166715918899253,0.6177743697669102,Lung,Treatment vs Control,Lung | Treatment vs Control,0.6177743697669102,0.20917011367733374,FALSE,NS
Gene_0510,77.89098298003952,0.7717455696233398,0.6216066381405492,1.2415336681923324,0.2144086685762438,0.6177743697669102,Lung,Treatment vs Control,Lung | Treatment vs Control,0.6177743697669102,0.20917011367733374,FALSE,NS
Gene_0138,128.74624096258674,0.7283290506805018,0.5790622542715447,1.2577733141952647,0.20847374927201784,0.6177743697669102,Lung,Treatment vs Control,Lung | Treatment vs Control,0.6177743697669102,0.20917011367733374,FALSE,NS
Gene_0150,202.9831612647829,0.7138775035692467,0.5719452517697308,1.2481570593694846,0.2119735458325187,0.6177743697669102,Lung,Treatment vs Control,Lung | Treatment vs Control,0.6177743697669102,0.20917011367733374,FALSE,NS
Gene_0411,189.33016688961317,0.696644107382748,0.5591836680454293,1.245823415797886,0.21282923101991258,0.6177743697669102,Lung,Treatment vs Control,Lung | Treatment vs Control,0.6177743697669102,0.20917011367733374,FALSE,NS
Gene_0408,156.57386560802453,-0.6513649220036892,0.5207762498579329,-1.2507577336358575,0.21102287969499492,0.6177743697669102,Lung,Treatment vs Control,Lung | Treatment vs Control,0.6177743697669102,0.20917011367733374,FALSE,NS
Gene_0036,145.65184683617883,0.6310855569847091,0.511841020897448,1.2329718237084262,0.21758627664442282,0.6177743697669102,Lung,Treatment vs Control,Lung | Treatment vs Control,0.6177743697669102,0.20917011367733374,FALSE,NS
Gene_0305,136.60239883593997,-0.6121953760504433,0.49530845875623947,-1.235988130684698,0.21646297565051595,0.6177743697669102,Lung,Treatment vs Control,Lung | Treatment vs Control,0.6177743697669102,0.20917011367733374,FALSE,NS
Gene_0625,160.542011808087,0.6006019097580273,0.4830436119139303,1.2433699462007248,0.21373153980900045,0.6177743697669102,Lung,Treatment vs Control,Lung | Treatment vs Control,0.6177743697669102,0.20917011367733374,FALSE,NS
Gene_0271,148.2425832458419,0.5576974155627306,0.4512202853490163,1.2359759382966455,0.21646750779253418,0.6177743697669102,Lung,Treatment vs Control,Lung | Treatment vs Control,0.6177743697669102,0.20917011367733374,FALSE,NS
Gene_0139,136.06850514116363,0.7714393090641923,0.6284659986300472,1.2274956970556936,0.21963633810239844,0.6180055374836917,Lung,Treatment vs Control,Lung | Treatment vs Control,0.6180055374836917,0.20900763350691773,FALSE,NS
Irf7,122.10598855657196,-0.7257249589140994,0.592647510576749,-1.2245473843429173,0.22074580260119833,0.6180055374836917,Lung,Treatment vs Control,Lung | Treatment vs Control,0.6180055374836917,0.20900763350691773,FALSE,NS
Gene_0650,97.79124998322708,-0.6468716420466339,0.5286385516641701,-1.2236558230765853,0.2210820914478952,0.6180055374836917,Lung,Treatment vs Control,Lung | Treatment vs Control,0.6180055374836917,0.20900763350691773,FALSE,NS
Gene_0026,133.22148366505112,0.5886128341710632,0.47964398342314557,1.2271869438874718,0.21975233546332734,0.6180055374836917,Lung,Treatment vs Control,Lung | Treatment vs Control,0.6180055374836917,0.20900763350691773,FALSE,NS
Gene_0577,207.9223113960633,-0.6475574788838359,0.5342753732795844,-1.2120294351373206,0.22550111329836256,0.6279338693385172,Lung,Treatment vs Control,Lung | Treatment vs Control,0.6279338693385172,0.20208609144376247,FALSE,NS
Gene_0325,111.00812751127782,0.8140646463018135,0.6757726535359176,1.2046427774818882,0.22834123519805694,0.6309887568068443,Lung,Treatment vs Control,Lung | Treatment vs Control,0.6309887568068443,0.19997837910808203,FALSE,NS
Gene_0111,173.246945119924,-0.6924972680027836,0.5738841158290348,-1.2066848496100993,0.2275535358878813,0.6309887568068443,Lung,Treatment vs Control,Lung | Treatment vs Control,0.6309887568068443,0.19997837910808203,FALSE,NS
Gene_0446,98.78359433220608,0.9099905994090762,0.7609480613096645,1.1958642720541206,0.2317495295249868,0.6331572051927942,Lung,Treatment vs Control,Lung | Treatment vs Control,0.6331572051927942,0.19848844658400866,FALSE,NS
Gene_0295,135.33323634110744,0.7382285521553782,0.6152028602189422,1.1999758126817759,0.23014873425955484,0.6331572051927942,Lung,Treatment vs Control,Lung | Treatment vs Control,0.6331572051927942,0.19848844658400866,FALSE,NS
Gene_0074,113.4383862967338,0.6171380543077637,0.5156660414672437,1.1967785440200753,0.23139288331225896,0.6331572051927942,Lung,Treatment vs Control,Lung | Treatment vs Control,0.6331572051927942,0.19848844658400866,FALSE,NS
Gene_0297,257.028171446246,0.7104567668096105,0.5953936700684856,1.1932554921651914,0.2327693277090804,0.6335526062457677,Lung,Treatment vs Control,Lung | Treatment vs Control,0.6335526062457677,0.19821731818589924,FALSE,NS
Gene_0261,146.04005106313548,-0.5567468399632589,0.46931466979812325,-1.1862975436134242,0.235504816363473,0.6385973297646235,Lung,Treatment vs Control,Lung | Treatment vs Control,0.6385973297646235,0.19477290175478554,FALSE,NS
Gene_0622,304.1605496627968,0.8590062933215376,0.7297051862650022,1.177196365724579,0.2391171388982914,0.6396042828817421,Lung,Treatment vs Control,Lung | Treatment vs Control,0.6396042828817421,0.19408863681811106,FALSE,NS
Gene_0387,198.88215187201126,0.78633649653628,0.6721670040647019,1.1698528665959158,0.24206018440552118,0.6396042828817421,Lung,Treatment vs Control,Lung | Treatment vs Control,0.6396042828817421,0.19408863681811106,FALSE,NS
Gene_0654,226.19197391840058,0.702900673139412,0.5984964258256291,1.1744442285845844,0.24021713851808568,0.6396042828817421,Lung,Treatment vs Control,Lung | Treatment vs Control,0.6396042828817421,0.19408863681811106,FALSE,NS
Gene_0010,153.8773201309302,-0.6947794330754858,0.5935166536023665,-1.1706148915257928,0.24175360884193745,0.6396042828817421,Lung,Treatment vs Control,Lung | Treatment vs Control,0.6396042828817421,0.19408863681811106,FALSE,NS
Gene_0240,198.6242847068354,-0.6653254606018305,0.5664816739547325,-1.1744871744165137,0.24019994618722168,0.6396042828817421,Lung,Treatment vs Control,Lung | Treatment vs Control,0.6396042828817421,0.19408863681811106,FALSE,NS
Gene_0276,210.9047746066074,0.6502771733589265,0.5503279489789793,1.181617569242817,0.23735747906020746,0.6396042828817421,Lung,Treatment vs Control,Lung | Treatment vs Control,0.6396042828817421,0.19408863681811106,FALSE,NS
Gene_0140,211.72766966569998,-0.6168407392565686,0.5260997779270388,-1.1724786155338656,0.24100495274881734,0.6396042828817421,Lung,Treatment vs Control,Lung | Treatment vs Control,0.6396042828817421,0.19408863681811106,FALSE,NS
Gene_0158,200.00437704188656,-0.7943011702650049,0.6841090947219517,-1.1610738351429746,0.24561187415335256,0.64662907958919,Lung,Treatment vs Control,Lung | Treatment vs Control,0.64662907958919,0.1893447686060821,FALSE,NS
Gene_0267,156.6669308315622,0.5978662101397639,0.5161161767699478,1.1583946348696896,0.24670302760266885,0.6471485216823633,Lung,Treatment vs Control,Lung | Treatment vs Control,0.6471485216823633,0.18899603657264272,FALSE,NS
Gene_0639,127.34924749758535,-0.65741926389096506,0.5693709055529388,-1.1546414779527925,0.24823727377641996,0.6488223329029893,Lung,Treatment vs Control,Lung | Treatment vs Control,0.6488223329029893,0.18787420983018155,FALSE,NS
Gene_0376,213.02766501478158,-0.6847782570456039,0.5968794788399939,-1.147263863680549,0.25127258412400477,0.6543933485819404,Lung,Treatment vs Control,Lung | Treatment vs Control,0.6543933485819404,0.18416112359229678,FALSE,NS
Gene_0608,131.88609199000652,0.7885129977855726,0.6891872292112924,1.144120152498979,0.2525738111615898,0.6554245135519391,Lung,Treatment vs Control,Lung | Treatment vs Control,0.6554245135519391,0.1834773195889055,FALSE,NS
Gene_0532,126.30509524782464,0.5913542053407762,0.5232015917489888,1.130260715308535,0.25836638276496554,0.6656842032805518,Lung,Treatment vs Control,Lung | Treatment vs Control,0.6656842032805518,0.1767317487558357,FALSE,NS
Gene_0437,128.17097216595002,0.5519246403939343,0.48805815229007826,1.1308583573579913,0.25811471288863674,0.6656842032805518,Lung,Treatment vs Control,Lung | Treatment vs Control,0.6656842032805518,0.1767317487558357,FALSE,NS
Gene_0226,220.1452869122638,0.6673233805828745,0.5922900351513498,1.1266834506380834,0.2598763419519454,0.6672002538057038,Lung,Treatment vs Control,Lung | Treatment vs Control,0.6672002538057038,0.17574379716289013,FALSE,NS
Gene_0277,153.87694625389562,-0.5981298985563113,0.5388676788118484,-1.1099754579364092,0.26700960220535763,0.6830917031684768,Lung,Treatment vs Control,Lung | Treatment vs Control,0.6830917031684768,0.1655209895737446,FALSE,NS
Gene_0567,47.93705874358546,0.8474558455947393,0.7820219478586197,1.0836727126588899,0.2785099385114071,0.6938780897490282,Lung,Treatment vs Control,Lung | Treatment vs Control,0.6938780897490282,0.1587168257988459,FALSE,NS
Gene_0363,184.91832923971864,-0.7598310212647437,0.699491022739222,-1.0862627204123776,0.27736277533320913,0.6938780897490282,Lung,Treatment vs Control,Lung | Treatment vs Control,0.6938780897490282,0.1587168257988459,FALSE,NS
Gene_0119,117.31283419286136,-0.6710704482182378,0.614353748332413,-1.092319286794905,0.27469278587764234,0.6938780897490282,Lung,Treatment vs Control,Lung | Treatment vs Control,0.6938780897490282,0.1587168257988459,FALSE,NS
Gene_0537,179.05923212345039,0.6677513122093051,0.6137931275626,1.0879093984987669,0.276635106624546,0.6938780897490282,Lung,Treatment vs Control,Lung | Treatment vs Control,0.6938780897490282,0.1587168257988459,FALSE,NS
Gene_0110,126.06470866804514,-0.6182847594465022,0.5740480691954694,-1.077060951207502,0.2814530366269028,0.6938780897490282,Lung,Treatment vs Control,Lung | Treatment vs Control,0.6938780897490282,0.1587168257988459,FALSE,NS
Gene_0319,99.26614439318885,-0.6053472093036588,0.5624043881785205,-1.076355771803664,0.2817681745665943,0.6938780897490282,Lung,Treatment vs Control,Lung | Treatment vs Control,0.6938780897490282,0.1587168257988459,FALSE,NS
Gene_0145,118.54486972638783,-0.5991676322574272,0.555755100866743,-1.078114499215534,0.2809826618360434,0.6938780897490282,Lung,Treatment vs Control,Lung | Treatment vs Control,0.6938780897490282,0.1587168257988459,FALSE,NS
Gene_0347,169.71635747379545,0.5835844327777353,0.5387195789627495,1.0832805332625346,0.27868392318822754,0.6938780897490282,Lung,Treatment vs Control,Lung | Treatment vs Control,0.6938780897490282,0.1587168257988459,FALSE,NS
Gene_0415,201.19482709546304,-0.5833636553078286,0.5414692424194435,-1.0773717315893856,0.2813142278028303,0.6938780897490282,Lung,Treatment vs Control,Lung | Treatment vs Control,0.6938780897490282,0.1587168257988459,FALSE,NS
Gene_0197,143.17577388225428,-0.561007744222612,0.5207486570816002,-1.0773100162497458,0.28134178901655715,0.6938780897490282,Lung,Treatment vs Control,Lung | Treatment vs Control,0.6938780897490282,0.1587168257988459,FALSE,NS
Gene_0602,126.71391411702646,0.5360785992089668,0.4972582550755761,1.0780687776163527,0.281003063953105,0.6938780897490282,Lung,Treatment vs Control,Lung | Treatment vs Control,0.6938780897490282,0.1587168257988459,FALSE,NS
Gene_0249,160.4293177626542,-0.5691384037576531,0.5303693431175078,-1.0730982307768036,0.2832270447319285,0.6951063741895466,Lung,Treatment vs Control,Lung | Treatment vs Control,0.6951063741895466,0.15794872895165682,FALSE,NS
Gene_0215,106.70585102941492,-0.5172387729287878,0.48323186071499247,-1.0703739032510782,0.28445104109502056,0.6957518707864693,Lung,Treatment vs Control,Lung | Treatment vs Control,0.6957518707864693,0.15754561723086072,FALSE,NS
Gene_0205,167.3191109551774,0.6420707958606322,0.6012808904092041,1.0678383532589375,0.285593434228365,0.6961940955600547,Lung,Treatment vs Control,Lung | Treatment vs Control,0.6961940955600547,0.15726966429872946,FALSE,NS
Gene_0340,102.43654321693481,-0.5453383865472011,0.5119004347051105,-1.0653212022790197,0.2867306013298063,0.6966206555797979,Lung,Treatment vs Control,Lung | Treatment vs Control,0.6966206555797979,0.1570036523708471,FALSE,NS
Gene_0385,180.91898053484908,-0.8165258372283903,0.7713940573398197,-1.0585067767364054,0.289824462876899,0.6999102013338437,Lung,Treatment vs Control,Lung | Treatment vs Control,0.6999102013338437,0.1549576765098606,FALSE,NS
Gene_0063,104.32432736217616,0.5748792393437241,0.5433219870417028,1.0580820453702697,0.2900180392267308,0.6999102013338437,Lung,Treatment vs Control,Lung | Treatment vs Control,0.6999102013338437,0.1549576765098606,FALSE,NS
Gene_0591,190.96641637582343,-0.7296127969906065,0.6966854226198019,-1.0472629013062813,0.2949783414453273,0.7095160106525481,Lung,Treatment vs Control,Lung | Treatment vs Control,0.7095160106525481,0.1490377999815606,FALSE,NS
Gene_0486,115.11726611561899,-0.5499588567429823,0.5273910842546339,-1.042791342444182,0.29704494190638403,0.7102197917866259,Lung,Treatment vs Control,Lung | Treatment vs Control,0.7102197917866259,0.1486072293253748,FALSE,NS
Oas1a,171.17483830696236,-0.5442499557532606,0.5221195259915744,-1.0423857539509898,0.2972328686620824,0.7102197917866259,Lung,Treatment vs Control,Lung | Treatment vs Control,0.7102197917866259,0.1486072293253748,FALSE,NS
Gene_0698,158.29575711881273,-0.7305508648694942,0.7067692230869548,-1.0336483833841383,0.3013005716768759,0.7105590029122416,Lung,Treatment vs Control,Lung | Treatment vs Control,0.7105590029122416,0.14839985359115934,FALSE,NS
Gene_0540,249.84269600181673,0.7229890923881445,0.697167128738497,1.037038412434005,0.2997179556411804,0.7105590029122416,Lung,Treatment vs Control,Lung | Treatment vs Control,0.7105590029122416,0.14839985359115934,FALSE,NS
Gene_0177,173.67380844483975,0.5768522299538575,0.5575731933245308,1.0345766921009518,0.30086664367504795,0.7105590029122416,Lung,Treatment vs Control,Lung | Treatment vs Control,0.7105590029122416,0.14839985359115934,FALSE,NS
Gene_0578,163.89147299557422,-0.5283100749429149,0.5095621567497033,-1.0367922106162617,0.29983270652635247,0.7105590029122416,Lung,Treatment vs Control,Lung | Treatment vs Control,0.7105590029122416,0.14839985359115934,FALSE,NS
Gene_0278,208.19658577878315,0.5456351218234816,0.5321144711129285,1.0254092896257347,0.3051701067410056,0.7139359433607466,Lung,Treatment vs Control,Lung | Treatment vs Control,0.7139359433607466,0.14634075277977088,FALSE,NS
Gene_0301,153.84569826293222,-0.5246269620317686,0.510143653627161,-1.0283906470297732,0.3037661063324608,0.7139359433607466,Lung,Treatment vs Control,Lung | Treatment vs Control,0.7139359433607466,0.14634075277977088,FALSE,NS
Gene_0073,177.3026651410568,-0.5025964875736652,0.4906702965188056,-1.024305916089629,0.3056908044776678,0.7139359433607466,Lung,Treatment vs Control,Lung | Treatment vs Control,0.7139359433607466,0.14634075277977088,FALSE,NS
Gene_0467,101.07105897120731,-0.7106207665384688,0.7033844381740515,-1.0102878710015286,0.31235739046367633,0.727159970082642,Lung,Treatment vs Control,Lung | Treatment vs Control,0.727159970082642,0.13837003689654528,FALSE,NS
Gene_0700,104.47879709593197,0.7052085151240771,0.7012281917656868,1.0056762169649338,0.3145713473190378,0.7276346819775826,Lung,Treatment vs Control,Lung | Treatment vs Control,0.7276346819775826,0.13808660890415905,FALSE,NS
Gene_0189,125.52465722617106,0.6787388096496255,0.6746847962942798,1.006008751609066,0.31441136022601723,0.7276346819775826,Lung,Treatment vs Control,Lung | Treatment vs Control,0.7276346819775826,0.13808660890415905,FALSE,NS
Gene_0168,110.61169702521644,0.5050788304410055,0.5054220722780184,0.9993208807928277,0.31763927339369347,0.7323911908822741,Lung,Treatment vs Control,Lung | Treatment vs Control,0.7323911908822741,0.13525688798343036,FALSE,NS
Gene_0505,202.85650925335025,-0.7505575712333611,0.7549887649562255,-0.9941307819022693,0.32015920106596746,0.7358579732436838,Lung,Treatment vs Control,Lung | Treatment vs Control,0.7358579732436838,0.1332060000493013,FALSE,NS
Gene_0564,185.71182190980835,0.7760702667850813,0.7959616363487003,0.9750096378327148,0.3295554792571269,0.7381639743678056,Lung,Treatment vs Control,Lung | Treatment vs Control,0.7381639743678056,0.1318471540943755,FALSE,NS
Gene_0095,150.82998226876023,-0.6516815161145311,0.6718238620684277,-0.9700184124275046,0.33203731443685003,0.7381639743678056,Lung,Treatment vs Control,Lung | Treatment vs Control,0.7381639743678056,0.1318471540943755,FALSE,NS
Gene_0495,143.43627926297646,-0.6469404350436216,0.6674059423082898,-0.9693357431102784,0.3323777011656141,0.7381639743678056,Lung,Treatment vs Control,Lung | Treatment vs Control,0.7381639743678056,0.1318471540943755,FALSE,NS
Gene_0670,174.7066371552025,0.6458547074559283,0.6563095681266911,0.9840702296926676,0.3250809832891973,0.7381639743678056,Lung,Treatment vs Control,Lung | Treatment vs Control,0.7381639743678056,0.1318471540943755,FALSE,NS
Gene_0370,205.31069340570838,0.6008631959957076,0.6141557380980981,0.9783563984217513,0.32789808497992395,0.7381639743678056,Lung,Treatment vs Control,Lung | Treatment vs Control,0.7381639743678056,0.1318471540943755,FALSE,NS
Gene_0675,95.03030477024777,-0.590524592322318,0.607793879773568,-0.9715869342783057,0.33125608515246385,0.7381639743678056,Lung,Treatment vs Control,Lung | Treatment vs Control,0.7381639743678056,0.1318471540943755,FALSE,NS
Gene_0322,162.67335466107943,-0.588675491652802,0.6017948125501823,-0.9781996776579287,0.32797557586634557,0.7381639743678056,Lung,Treatment vs Control,Lung | Treatment vs Control,0.7381639743678056,0.1318471540943755,FALSE,NS
Gene_0310,122.83328353524455,0.5776293447745605,0.5875416428279103,0.9831291991395866,0.32554385505631195,0.7381639743678056,Lung,Treatment vs Control,Lung | Treatment vs Control,0.7381639743678056,0.1318471540943755,FALSE,NS
Gene_0547,175.90191757060043,-0.5686412344167807,0.575135922952393,-0.9887075588979514,0.322806243435275,0.7381639743678056,Lung,Treatment vs Control,Lung | Treatment vs Control,0.7381639743678056,0.1318471540943755,FALSE,NS
Gene_0561,205.1267945796269,-0.48588731403956487,0.49886693821658346,-0.9739817911697658,0.3300655803720808,0.7381639743678056,Lung,Treatment vs Control,Lung | Treatment vs Control,0.7381639743678056,0.1318471540943755,FALSE,NS
Gene_0326,163.9112311863163,-0.45830955752920366,0.4725246236226431,-0.969916771776974,0.33208797935093926,0.7381639743678056,Lung,Treatment vs Control,Lung | Treatment vs Control,0.7381639743678056,0.1318471540943755,FALSE,NS
Gene_0306,138.85157044567526,-0.6091868193444159,0.6329016342652163,-0.9625300147181122,0.33578343360329027,0.7434471129320556,Lung,Treatment vs Control,Lung | Treatment vs Control,0.7434471129320556,0.12874992072470015,FALSE,NS
Gene_0379,129.1935958837721,0.5607593287922106,0.5853877163257023,0.9579280759629251,0.33809902785783674,0.7439954328190824,Lung,Treatment vs Control,Lung | Treatment vs Control,0.7439954328190824,0.12842973045890413,FALSE,NS
Gene_0381,120.9137055676861,0.5011964922850781,0.5226927564865509,0.9588739963684079,0.3376222261017554,0.7439954328190824,Lung,Treatment vs Control,Lung | Treatment vs Control,0.7439954328190824,0.12842973045890413,FALSE,NS
Gene_0344,257.19087715891726,0.4798781500492429,0.5020079383507436,0.9559174534685564,0.3391139403733387,0.7439954328190824,Lung,Treatment vs Control,Lung | Treatment vs Control,0.7439954328190824,0.12842973045890413,FALSE,NS
Gene_0108,143.9204739937001,0.5569104183923683,0.5840940977081065,0.9534601027087884,0.34035700168427946,0.7444666743789073,Lung,Treatment vs Control,Lung | Treatment vs Control,0.7444666743789073,0.12815473841856453,FALSE,NS
Gene_0246,192.79190889358892,-0.4882369788405771,0.515762417064805,-0.9466315549301272,0.34382655877664187,0.7497904474526769,Lung,Treatment vs Control,Lung | Treatment vs Control,0.7497904474526769,0.12506009691662567,FALSE,NS
Gene_0001,365.6485826003856,0.5761037418111091,0.6135872988809753,0.9389108002427259,0.3477765436179133,0.7540442454189249,Lung,Treatment vs Control,Lung | Treatment vs Control,0.7540442454189249,0.12260317007516262,FALSE,NS
Gene_0536,98.44127612773319,0.5003909165427852,0.5341937440511656,0.9367217832765509,0.3489016881427346,0.7540442454189249,Lung,Treatment vs Control,Lung | Treatment vs Control,0.7540442454189249,0.12260317007516262,FALSE,NS
Gene_0661,171.48144442988055,0.4867415675235736,0.5192631905625814,0.9373696737414159,0.34856843481559424,0.7540442454189249,Lung,Treatment vs Control,Lung | Treatment vs Control,0.7540442454189249,0.12260317007516262,FALSE,NS
Gene_0372,175.12432246893457,-0.5063529711277753,0.5452338289498846,-0.9286895717806185,0.3530499866484485,0.7607386617067758,Lung,Treatment vs Control,Lung | Treatment vs Control,0.7607386617067758,0.11876451178593317,FALSE,NS
Gene_0185,189.47085115700378,-0.5677139755592782,0.6127863608473001,-0.9264468203474694,0.35421382174470534,0.7608359068730252,Lung,Treatment vs Control,Lung | Treatment vs Control,0.7608359068730252,0.11870899950277143,FALSE,NS
Gene_0112,114.38263818997257,0.44657059207722005,0.48301082781765886,0.9245560686391169,0.3551968736506665,0.7608359068730252,Lung,Treatment vs Control,Lung | Treatment vs Control,0.7608359068730252,0.11870899950277143,FALSE,NS
Gene_0086,137.45287695564778,0.450040301995878,0.49276958874592264,0.913287492317071,0.3610913588413721,0.7699826998974327,Lung,Treatment vs Control,Lung | Treatment vs Control,0.7699826998974327,0.11351903252035733,FALSE,NS
Gene_0538,172.7275209861735,-0.42897782052411737,0.4701993576149794,-0.9123317877337126,0.3615940855871922,0.7699826998974327,Lung,Treatment vs Control,Lung | Treatment vs Control,0.7699826998974327,0.11351903252035733,FALSE,NS
Gene_0397,135.23539257690197,0.5555363257360619,0.6157525537617691,0.9022070998198337,0.366946864019925,0.779089529473389,Lung,Treatment vs Control,Lung | Treatment vs Control,0.779089529473389,0.1084126322862372,FALSE,NS
Gene_0503,144.8729212816306,0.6968559553038985,0.786533202200569,0.8859841559825183,0.3756260650585805,0.7833512328967575,Lung,Treatment vs Control,Lung | Treatment vs Control,0.7833512328967575,0.10604346871242577,FALSE,NS
Gene_0028,159.3979069922519,0.5940690126897574,0.6729117993764886,0.8828334014059704,0.3773262908922969,0.7833512328967575,Lung,Treatment vs Control,Lung | Treatment vs Control,0.7833512328967575,0.10604346871242577,FALSE,NS
Gene_0451,100.67225551882,-0.5723699839468449,0.648054424085431,-0.8832128331730842,0.37712128914201376,0.7833512328967575,Lung,Treatment vs Control,Lung | Treatment vs Control,0.7833512328967575,0.10604346871242577,FALSE,NS
Gene_0060,177.29245387222346,0.5641960509395392,0.6312376876089821,0.8937933555213015,0.3714324649203957,0.7833512328967575,Lung,Treatment vs Control,Lung | Treatment vs Control,0.7833512328967575,0.10604346871242577,FALSE,NS
Gene_0655,176.23759803729695,-0.5064567469540477,0.5740131237531351,-0.8823086546220829,0.37760991751514966,0.7833512328967575,Lung,Treatment vs Control,Lung | Treatment vs Control,0.7833512328967575,0.10604346871242577,FALSE,NS
Gene_0474,122.98593818415351,0.4985262369527474,0.5603822751881099,0.8896181393057113,0.37367096284977797,0.7833512328967575,Lung,Treatment vs Control,Lung | Treatment vs Control,0.7833512328967575,0.10604346871242577,FALSE,NS
Gene_0596,209.21941214587156,-0.497229339031509,0.5600982072626515,-0.8877538484931075,0.3746731732275418,0.7833512328967575,Lung,Treatment vs Control,Lung | Treatment vs Control,0.7833512328967575,0.10604346871242577,FALSE,NS
Gene_0025,199.89464017799753,0.4419519479282605,0.49976437346194363,0.884320634675882,0.3765231523252709,0.7833512328967575,Lung,Treatment vs Control,Lung | Treatment vs Control,0.7833512328967575,0.10604346871242577,FALSE,NS
Gene_0302,259.6276734598637,-0.6085447934710442,0.6941830065758162,-0.8766345296650259,0.38068517785691575,0.7874744821954486,Lung,Treatment vs Control,Lung | Treatment vs Control,0.7874744821954486,0.10376351045425128,FALSE,NS
Gene_0017,289.73594669854,0.6653478744529441,0.768592713853779,0.8656702860437514,0.38667099929564547,0.7885909957466122,Lung,Treatment vs Control,Lung | Treatment vs Control,0.7885909957466122,0.10314818607573657,FALSE,NS
Gene_0188,79.83208762527413,0.5757745504029097,0.6618548285295618,0.8699408474243573,0.38433273126291806,0.7885909957466122,Lung,Treatment vs Control,Lung | Treatment vs Control,0.7885909957466122,0.10314818607573657,FALSE,NS
Gene_0648,126.524844936029,0.5076283784628401,0.5837736585355936,0.8695636931207804,0.38453888630911015,0.7885909957466122,Lung,Treatment vs Control,Lung | Treatment vs Control,0.7885909957466122,0.10314818607573657,FALSE,NS
Gene_0631,169.9842671594438,-0.4191710262606538,0.4842088250719769,-0.8656823348858722,0.3866643899842263,0.7885909957466122,Lung,Treatment vs Control,Lung | Treatment vs Control,0.7885909957466122,0.10314818607573657,FALSE,NS
Gene_0560,163.15817963280014,0.39546914349734646,0.45478076814610324,0.8695819418869923,0.3845289098554969,0.7885909957466122,Lung,Treatment vs Control,Lung | Treatment vs Control,0.7885909957466122,0.10314818607573657,FALSE,NS
Gene_0658,202.16034126781128,0.5346241845550072,0.6296333795118569,0.8491039419947706,0.3958234571116257,0.8049892779461151,Lung,Treatment vs Control,Lung | Treatment vs Control,0.8049892779461151,0.09420990417852661,FALSE,NS
Gene_0279,314.9095092147108,1.2843196967697728,1.5372614433871001,0.8354595129505022,0.4034590336540378,0.8084495076441023,Lung,Treatment vs Control,Lung | Treatment vs Control,0.8084495076441023,0.09234709911727451,FALSE,NS
Gene_0424,358.04427892663017,0.5668912089697443,0.6900601439350087,0.8215098552672465,0.4113559128092742,0.8084495076441023,Lung,Treatment vs Control,Lung | Treatment vs Control,0.8084495076441023,0.09234709911727451,FALSE,NS
Gene_0260,142.5056937249071,-0.5556269401154675,0.6899911524079717,-0.8052667605612158,0.4206657586695165,0.8084495076441023,Lung,Treatment vs Control,Lung | Treatment vs Control,0.8084495076441023,0.09234709911727451,FALSE,NS
Gene_0266,113.61504251779161,0.5223789382110783,0.641841748644566,0.8138749766811401,0.41571657722724265,0.8084495076441023,Lung,Treatment vs Control,Lung | Treatment vs Control,0.8084495076441023,0.09234709911727451,FALSE,NS
Gene_0068,246.3925432341984,0.49720161661364504,0.6207673707079818,0.8009467637556228,0.4231624660060378,0.8084495076441023,Lung,Treatment vs Control,Lung | Treatment vs Control,0.8084495076441023,0.09234709911727451,FALSE,NS
Gene_0429,260.44694551215457,0.4902946024829814,0.6174145899491649,0.7941091941532351,0.4271318655979723,0.8084495076441023,Lung,Treatment vs Control,Lung | Treatment vs Control,0.8084495076441023,0.09234709911727451,FALSE,NS
Gene_0636,114.5062723139303,-0.4885195876386896,0.6095155821060888,-0.8014882670442717,0.4228490338184527,0.8084495076441023,Lung,Treatment vs Control,Lung | Treatment vs Control,0.8084495076441023,0.09234709911727451,FALSE,NS
Gene_0224,127.1820320792736,0.4879966559094764,0.6126988147012226,0.7964707033870203,0.42575849716668013,0.8084495076441023,Lung,Treatment vs Control,Lung | Treatment vs Control,0.8084495076441023,0.09234709911727451,FALSE,NS
Gene_0148,156.14368890627222,0.48252083818479835,0.6016674201063402,0.801972688000152,0.42256875720047876,0.8084495076441023,Lung,Treatment vs Control,Lung | Treatment vs Control,0.8084495076441023,0.09234709911727451,FALSE,NS
Gene_0192,149.8681746665065,0.48243623252479717,0.5782573884139554,0.8342932441348021,0.4041157579121953,0.8084495076441023,Lung,Treatment vs Control,Lung | Treatment vs Control,0.8084495076441023,0.09234709911727451,FALSE,NS
Gene_0581,198.93174190060114,-0.47235925417689273,0.5921219524903759,-0.7977398105073131,0.4250214962729374,0.8084495076441023,Lung,Treatment vs Control,Lung | Treatment vs Control,0.8084495076441023,0.09234709911727451,FALSE,NS
Gene_0511,143.52694815362455,-0.4694482855299958,0.5574490419833267,-0.8421366800806827,0.3997114518165875,0.8084495076441023,Lung,Treatment vs Control,Lung | Treatment vs Control,0.8084495076441023,0.09234709911727451,FALSE,NS
Gene_0663,206.17989757262902,-0.46705694635374284,0.5878630814207239,-0.7944995375878655,0.42690467804851323,0.8084495076441023,Lung,Treatment vs Control,Lung | Treatment vs Control,0.8084495076441023,0.09234709911727451,FALSE,NS
Gene_0683,154.74490681296504,0.4629130537248056,0.5716324145368491,0.8098089645596277,0.418049979525337,0.8084495076441023,Lung,Treatment vs Control,Lung | Treatment vs Control,0.8084495076441023,0.09234709911727451,FALSE,NS
Gene_0513,147.25929850730725,-0.45693804507632413,0.5682862845407104,-0.804063123651879,0.4213605202948619,0.8084495076441023,Lung,Treatment vs Control,Lung | Treatment vs Control,0.8084495076441023,0.09234709911727451,FALSE,NS
Gene_0438,153.49069760775865,-0.450412101191709,0.5588129537086082,-0.806015855936252,0.42023370665184195,0.8084495076441023,Lung,Treatment vs Control,Lung | Treatment vs Control,0.8084495076441023,0.09234709911727451,FALSE,NS
Gene_0398,127.20348283214054,0.4369685567212211,0.5484757835701479,0.7966961711178895,0.4256275081983187,0.8084495076441023,Lung,Treatment vs Control,Lung | Treatment vs Control,0.8084495076441023,0.09234709911727451,FALSE,NS
Gene_0089,119.85565161271683,-0.4331298930325884,0.5293856539694577,-0.8181745949949323,0.41325749938454054,0.8084495076441023,Lung,Treatment vs Control,Lung | Treatment vs Control,0.8084495076441023,0.09234709911727451,FALSE,NS
Gene_0515,172.3029743224375,0.4260537763905546,0.5371479023086636,0.7931777720053899,0.42767425611559556,0.8084495076441023,Lung,Treatment vs Control,Lung | Treatment vs Control,0.8084495076441023,0.09234709911727451,FALSE,NS
Gene_0508,91.20009084567356,0.42365908627943794,0.5221020712963924,0.8114487751934826,0.41710799855447434,0.8084495076441023,Lung,Treatment vs Control,Lung | Treatment vs Control,0.8084495076441023,0.09234709911727451,FALSE,NS
Gene_0030,196.47521770124476,-0.4201417443508028,0.5179272767420651,-0.8111983346265024,0.41725178185747547,0.8084495076441023,Lung,Treatment vs Control,Lung | Treatment vs Control,0.8084495076441023,0.09234709911727451,FALSE,NS
Ifit3,147.6922667986713,0.4119958042482045,0.49953915725475234,0.8247517702362961,0.40951253337937,0.8084495076441023,Lung,Treatment vs Control,Lung | Treatment vs Control,0.8084495076441023,0.09234709911727451,FALSE,NS
Gene_0548,121.4183935797076,0.4051500748612463,0.4948722366720366,0.8186963115688964,0.4129597015565555,0.8084495076441023,Lung,Treatment vs Control,Lung | Treatment vs Control,0.8084495076441023,0.09234709911727451,FALSE,NS
Gene_0501,205.82895997376937,-0.4029207551788259,0.5023226528851796,-0.8021154388809241,0.42248618506128344,0.8084495076441023,Lung,Treatment vs Control,Lung | Treatment vs Control,0.8084495076441023,0.09234709911727451,FALSE,NS
Gene_0213,197.20589770974377,-0.4006710855473472,0.49260322179521365,-0.8133748782380381,0.4160031581209436,0.8084495076441023,Lung,Treatment vs Control,Lung | Treatment vs Control,0.8084495076441023,0.09234709911727451,FALSE,NS
Gene_0198,188.9834623539747,-0.38751031109745354,0.4782126943251698,-0.8103304569199884,0.4177502750819563,0.8084495076441023,Lung,Treatment vs Control,Lung | Treatment vs Control,0.8084495076441023,0.09234709911727451,FALSE,NS
Gene_0459,153.7518204903626,-0.3654726340272677,0.4555660896367224,-0.8022384508879995,0.42241503816575693,0.8084495076441023,Lung,Treatment vs Control,Lung | Treatment vs Control,0.8084495076441023,0.09234709911727451,FALSE,NS
Gene_0286,236.98877959810886,-0.6605069590665367,0.8411366341586691,-0.7852552513387985,0.4323039267628551,0.8102034380032402,Lung,Treatment vs Control,Lung | Treatment vs Control,0.8102034380032402,0.0914059182708358,FALSE,NS
Gene_0375,272.86156087181644,0.5187982070633391,0.6591411894104876,0.7870820628389704,0.43123382889121264,0.8102034380032402,Lung,Treatment vs Control,Lung | Treatment vs Control,0.8102034380032402,0.0914059182708358,FALSE,NS
Gene_0153,146.93432269609428,-0.4931543766206131,0.6273816169483726,-0.7860516841716689,0.431837208516146,0.8102034380032402,Lung,Treatment vs Control,Lung | Treatment vs Control,0.8102034380032402,0.0914059182708358,FALSE,NS
Gene_0610,142.0503674886851,0.4706749320454915,0.6004005945695235,0.7839348200228832,0.43307835705421815,0.8102034380032402,Lung,Treatment vs Control,Lung | Treatment vs Control,0.8102034380032402,0.0914059182708358,FALSE,NS
Gene_0196,202.21330910629257,-0.4343009016956629,0.5574314922957004,-0.7791108103832775,0.43591444259955153,0.8134073619641117,Lung,Treatment vs Control,Lung | Treatment vs Control,0.8134073619641117,0.08969190121355468,FALSE,NS
Gene_0557,146.05941005867237,0.5125980116329069,0.6627361425101129,0.7734571554999884,0.43925187552086825,0.8136687094187374,Lung,Treatment vs Control,Lung | Treatment vs Control,0.8136687094187374,0.08955238498517938,FALSE,NS
Gene_0541,135.42267971223288,-0.4585665606372507,0.5931048145773581,-0.7731627688168772,0.4394260571584618,0.8136687094187374,Lung,Treatment vs Control,Lung | Treatment vs Control,0.8136687094187374,0.08955238498517938,FALSE,NS
Gene_0488,131.623042433201,-0.43868075083384,0.5671221038891407,-0.7735208129351839,0.43921421613654243,0.8136687094187374,Lung,Treatment vs Control,Lung | Treatment vs Control,0.8136687094187374,0.08955238498517938,FALSE,NS
Gene_0535,207.62712969779676,0.5793886325926333,0.7516056021761233,0.7708679005520046,0.4407852352344354,0.8141033426268653,Lung,Treatment vs Control,Lung | Treatment vs Control,0.8141033426268653,0.08932046208394696,FALSE,NS
Gene_0126,309.5150731994989,0.5384149817358246,0.7128443835388425,0.7553050766324606,0.4500659533376493,0.8270247467422794,Lung,Treatment vs Control,Lung | Treatment vs Control,0.8270247467422794,0.08248149502687209,FALSE,NS
Gene_0534,125.02853720642034,-0.45223829939829235,0.5974199265436858,-0.7569856298812672,0.44905847173597807,0.8270247467422794,Lung,Treatment vs Control,Lung | Treatment vs Control,0.8270247467422794,0.08248149502687209,FALSE,NS
Gene_0241,132.28230297757545,-0.5195169286008644,0.6962652639522998,-0.7461479920050353,0.4555780210262114,0.8330173741195819,Lung,Treatment vs Control,Lung | Treatment vs Control,0.8330173741195819,0.07934594048327931,FALSE,NS
Gene_0155,171.3390988218485,0.5170262184663055,0.6930044637918349,0.7460647737207219,0.45562828750187073,0.8330173741195819,Lung,Treatment vs Control,Lung | Treatment vs Control,0.8330173741195819,0.07934594048327931,FALSE,NS
Gene_0115,130.9566418605319,0.40871567468463166,0.5521990926035745,0.7401599896833767,0.45920292176553784,0.8374380739502504,Lung,Treatment vs Control,Lung | Treatment vs Control,0.8374380739502504,0.07704729788638716,FALSE,NS
Gene_0362,159.4955546619265,0.4634965359522409,0.6292348229114034,0.7366034413157414,0.4613635416058811,0.8385610758638669,Lung,Treatment vs Control,Lung | Treatment vs Control,0.8385610758638669,0.07646530044647978,FALSE,NS
Gene_0447,198.39927369192193,0.427719991932917,0.5816664340140959,0.7353355238004876,0.46213517854928576,0.8385610758638669,Lung,Treatment vs Control,Lung | Treatment vs Control,0.8385610758638669,0.07646530044647978,FALSE,NS
Gene_0262,165.85555581419987,0.4669581223594488,0.6430291643693182,0.7261849823210436,0.4677253770889892,0.8423710771453438,Lung,Treatment vs Control,Lung | Treatment vs Control,0.8423710771453438,0.07449655309015957,FALSE,NS
Gene_0183,233.46977375333833,0.4580948724150139,0.6301697473954617,0.7269388514893868,0.4672634156774467,0.8423710771453438,Lung,Treatment vs Control,Lung | Treatment vs Control,0.8423710771453438,0.07449655309015957,FALSE,NS
Gene_0352,133.19016324200555,0.38137249182974464,0.5237352216651476,0.7281780488568645,0.46650460134001376,0.8423710771453438,Lung,Treatment vs Control,Lung | Treatment vs Control,0.8423710771453438,0.07449655309015957,FALSE,NS
Gene_0250,248.26087790742008,0.4133050298581579,0.5707169331881868,0.7241856791410037,0.46895174930856526,0.8424840359786632,Lung,Treatment vs Control,Lung | Treatment vs Control,0.8424840359786632,0.07443831971723128,FALSE,NS
Gene_0285,135.6742734636374,-0.3491112215557185,0.4881852444100255,-0.7151203883223085,0.4745346566926595,0.8504036916967462,Lung,Treatment vs Control,Lung | Treatment vs Control,0.8504036916967462,0.07037486316015273,FALSE,NS
Gene_0421,135.86544293116143,0.44168182536382034,0.6197308661124619,0.7126994143997805,0.47603177893529824,0.8509802665411258,Lung,Treatment vs Control,Lung | Treatment vs Control,0.8509802665411258,0.07008051069292558,FALSE,NS
Gene_0351,208.73976509450952,-0.5703746306031744,0.8057770904415097,-0.7078565987656076,0.4790343142420125,0.852139664646725,Lung,Treatment vs Control,Lung | Treatment vs Control,0.852139664646725,0.06948921906612855,FALSE,NS
Gene_0520,148.76919453497837,0.3475657371146779,0.4900802460318952,0.709201686721439,0.4781993269368611,0.852139664646725,Lung,Treatment vs Control,Lung | Treatment vs Control,0.852139664646725,0.06948921906612855,FALSE,NS
Gene_0141,152.61699901274585,-0.4149541737373252,0.58836363549595,-0.7052682196912924,0.48064333396886727,0.8529063083173036,Lung,Treatment vs Control,Lung | Treatment vs Control,0.8529063083173036,0.06909867342286131,FALSE,NS
Gene_0418,222.28690264785575,-0.5257243143120093,0.7558656805925893,-0.6955261070986156,0.48672565597677436,0.8546852418349934,Lung,Treatment vs Control,Lung | Treatment vs Control,0.8546852418349934,0.06819379509896496,FALSE,NS
Gene_0623,110.45238820831845,-0.4505341837025155,0.6502861678314908,-0.6928244917232543,0.4884197001935982,0.8546852418349934,Lung,Treatment vs Control,Lung | Treatment vs Control,0.8546852418349934,0.06819379509896496,FALSE,NS
Gene_0007,201.50898949828778,-0.43435500174850833,0.6201816833432613,-0.7003673494628175,0.4836979213155189,0.8546852418349934,Lung,Treatment vs Control,Lung | Treatment vs Control,0.8546852418349934,0.06819379509896496,FALSE,NS
Gene_0303,192.25792898542508,0.40457088010513864,0.5843596360426909,0.6923320078109952,0.4887288537564741,0.8546852418349934,Lung,Treatment vs Control,Lung | Treatment vs Control,0.8546852418349934,0.06819379509896496,FALSE,NS
Gene_0076,156.6273075007561,0.36050360519840363,0.5205508855543008,0.6925424875889449,0.4885967135462984,0.8546852418349934,Lung,Treatment vs Control,Lung | Treatment vs Control,0.8546852418349934,0.06819379509896496,FALSE,NS
Gene_0316,143.17823024675616,-0.31814128461884283,0.4560023153967952,-0.697674713212824,0.4853806455092847,0.8546852418349934,Lung,Treatment vs Control,Lung | Treatment vs Control,0.8546852418349934,0.06819379509896496,FALSE,NS
Gene_0264,156.02703603839225,-0.4224375477946295,0.6134864538144451,-0.6885849641309273,0.4910844857594288,0.8566916317419905,Lung,Treatment vs Control,Lung | Treatment vs Control,0.8566916317419905,0.06717547531466252,FALSE,NS
Gene_0307,141.83699399907343,0.4090636790498122,0.5956548506275902,0.6867461561318893,0.49224270553130944,0.8566916317419905,Lung,Treatment vs Control,Lung | Treatment vs Control,0.8566916317419905,0.06717547531466252,FALSE,NS
Gene_0575,264.86079053156,0.5204394046688069,0.7793615864544403,0.6677765670187167,0.5042762266145604,0.8610754435588248,Lung,Treatment vs Control,Lung | Treatment vs Control,0.8610754435588248,0.06495879594947873,FALSE,NS
Gene_0395,146.03322334833993,-0.45266384790734954,0.6769887412277319,-0.6686430960231851,0.5037231746186289,0.8610754435588248,Lung,Treatment vs Control,Lung | Treatment vs Control,0.8610754435588248,0.06495879594947873,FALSE,NS
Gene_0449,186.89015932366183,0.40444708945368857,0.5976951578624943,0.6766778752233688,0.4986103570826988,0.8610754435588248,Lung,Treatment vs Control,Lung | Treatment vs Control,0.8610754435588248,0.06495879594947873,FALSE,NS
Gene_0208,134.47814386836257,-0.36677779267105226,0.5448575130032921,-0.6731627699310739,0.5008437437673026,0.8610754435588248,Lung,Treatment vs Control,Lung | Treatment vs Control,0.8610754435588248,0.06495879594947873,FALSE,NS
Gene_0280,221.7686297456921,0.36174361570826785,0.538967289744433,0.6711791653994422,0.5021063996080637,0.8610754435588248,Lung,Treatment vs Control,Lung | Treatment vs Control,0.8610754435588248,0.06495879594947873,FALSE,NS
Gene_0394,132.59629332325963,0.3383215480686133,0.5056967758038006,0.6690205756816507,0.5034823528009938,0.8610754435588248,Lung,Treatment vs Control,Lung | Treatment vs Control,0.8610754435588248,0.06495879594947873,FALSE,NS
Gene_0482,159.2739102180113,-0.3372451327384118,0.500762550858809,-0.6734631656461441,0.5006526748618134,0.8610754435588248,Lung,Treatment vs Control,Lung | Treatment vs Control,0.8610754435588248,0.06495879594947873,FALSE,NS
Gene_0410,151.4681267658129,0.30995833480093493,0.45785242981175917,0.6769830509109033,0.4984167082180854,0.8610754435588248,Lung,Treatment vs Control,Lung | Treatment vs Control,0.8610754435588248,0.06495879594947873,FALSE,NS
Gene_0152,134.23684304420786,0.4049650096964193,0.6082232279866774,0.665816415852651,0.5055284508691966,0.8611825845395256,Lung,Treatment vs Control,Lung | Treatment vs Control,0.8611825845395256,0.0649047613785783,FALSE,NS
Gene_0117,172.4873935303962,0.48424510502677415,0.7381919524389574,0.6559880576140762,0.5118318082060833,0.8682013795959451,Lung,Treatment vs Control,Lung | Treatment vs Control,0.8682013795959451,0.06137952839085704,FALSE,NS
Gene_0318,83.26783270586657,0.46974074633697716,0.7442273071630319,0.6311791327942698,0.5279234044398446,0.8682013795959451,Lung,Treatment vs Control,Lung | Treatment vs Control,0.8682013795959451,0.06137952839085704,FALSE,NS
Isg15,133.00031238999452,0.4423763483601748,0.6949716403658898,0.6365387055610957,0.5244253615741317,0.8682013795959451,Lung,Treatment vs Control,Lung | Treatment vs Control,0.8682013795959451,0.06137952839085704,FALSE,NS
Gene_0393,140.6458578258392,0.4257782882248907,0.6595781075643612,0.6455312620929334,0.5185829659613586,0.8682013795959451,Lung,Treatment vs Control,Lung | Treatment vs Control,0.8682013795959451,0.06137952839085704,FALSE,NS
Gene_0464,185.78581976415822,0.4243566865006381,0.6678039960971978,0.6354509541432479,0.5251343447743866,0.8682013795959451,Lung,Treatment vs Control,Lung | Treatment vs Control,0.8682013795959451,0.06137952839085704,FALSE,NS
Gene_0526,137.14918114761656,0.4205304018445709,0.6766515012490868,0.6214874290063337,0.5342789631635831,0.8682013795959451,Lung,Treatment vs Control,Lung | Treatment vs Control,0.8682013795959451,0.06137952839085704,FALSE,NS
Gene_0481,117.36698582033559,-0.41882294674132836,0.6475100751955337,-0.6468207411519474,0.5177479670007765,0.8682013795959451,Lung,Treatment vs Control,Lung | Treatment vs Control,0.8682013795959451,0.06137952839085704,FALSE,NS
Gene_0380,245.7270056073728,0.41736904434449607,0.6712476361758216,0.6217810266301981,0.5340858639161461,0.8682013795959451,Lung,Treatment vs Control,Lung | Treatment vs Control,0.8682013795959451,0.06137952839085704,FALSE,NS
Gene_0221,129.1529150841156,-0.4156379823996283,0.64590754059047,-0.6434945503495192,0.5199032497700189,0.8682013795959451,Lung,Treatment vs Control,Lung | Treatment vs Control,0.8682013795959451,0.06137952839085704,FALSE,NS
Ifit1,178.76732180966678,-0.41077013950530306,0.6509073129171504,-0.631073167183155,0.5279926849173415,0.8682013795959451,Lung,Treatment vs Control,Lung | Treatment vs Control,0.8682013795959451,0.06137952839085704,FALSE,NS
Gene_0051,124.00854923337032,0.40882638395733956,0.6522662880123129,0.6267783441685738,0.530804540814591,0.8682013795959451,Lung,Treatment vs Control,Lung | Treatment vs Control,0.8682013795959451,0.06137952839085704,FALSE,NS
Gene_0005,140.17229706388565,0.393623551970257,0.6113257816092675,0.6438850835540972,0.5196499551416959,0.8682013795959451,Lung,Treatment vs Control,Lung | Treatment vs Control,0.8682013795959451,0.06137952839085704,FALSE,NS
Gene_0365,182.41897683710002,0.3916205100435873,0.6264285672798022,0.6251638742213763,0.5318635093592075,0.8682013795959451,Lung,Treatment vs Control,Lung | Treatment vs Control,0.8682013795959451,0.06137952839085704,FALSE,NS
Gene_0378,123.19265070946689,0.39036726123694426,0.6349777922322264,0.614773092874054,0.5387045812028166,0.8682013795959451,Lung,Treatment vs Control,Lung | Treatment vs Control,0.8682013795959451,0.06137952839085704,FALSE,NS
Gene_0496,158.31065727294666,-0.3776628081270271,0.6118327139807117,-0.6172648168318328,0.5370600692846772,0.8682013795959451,Lung,Treatment vs Control,Lung | Treatment vs Control,0.8682013795959451,0.06137952839085704,FALSE,NS
Gene_0061,194.28579865159622,0.3690451695405296,0.5759891346493273,0.6407155054499614,0.5217075382716814,0.8682013795959451,Lung,Treatment vs Control,Lung | Treatment vs Control,0.8682013795959451,0.06137952839085704,FALSE,NS
Gene_0542,160.31715766980304,-0.36557955908489276,0.5939318217858416,-0.6155244519238986,0.5382084262614062,0.8682013795959451,Lung,Treatment vs Control,Lung | Treatment vs Control,0.8682013795959451,0.06137952839085704,FALSE,NS
Gene_0609,146.57213140606396,-0.3631259890867377,0.5585246016478113,-0.6501521831185406,0.5155939245921184,0.8682013795959451,Lung,Treatment vs Control,Lung | Treatment vs Control,0.8682013795959451,0.06137952839085704,FALSE,NS
Gene_0191,172.17607872085287,-0.35572412065941683,0.5426394689652635,-0.6555441338200708,0.5121174809687068,0.8682013795959451,Lung,Treatment vs Control,Lung | Treatment vs Control,0.8682013795959451,0.06137952839085704,FALSE,NS
Gene_0116,99.12843977884795,-0.3543590431717839,0.5602184651806821,-0.6325372425157314,0.5270358806577202,0.8682013795959451,Lung,Treatment vs Control,Lung | Treatment vs Control,0.8682013795959451,0.06137952839085704,FALSE,NS
Gene_0612,210.35176493793247,0.3489576927143407,0.5406192429404012,0.6454777503227173,0.5186176324074345,0.8682013795959451,Lung,Treatment vs Control,Lung | Treatment vs Control,0.8682013795959451,0.06137952839085704,FALSE,NS
Gene_0227,173.40469717786465,0.3458913212335892,0.5639142597008755,0.6133757309436808,0.539627929306872,0.8682013795959451,Lung,Treatment vs Control,Lung | Treatment vs Control,0.8682013795959451,0.06137952839085704,FALSE,NS
Gene_0328,166.9202846800363,0.32140822358233095,0.5219737631611494,0.6157555154416877,0.5380558911218645,0.8682013795959451,Lung,Treatment vs Control,Lung | Treatment vs Control,0.8682013795959451,0.06137952839085704,FALSE,NS
Gene_0317,206.4292584414627,0.3059744691505753,0.4776904871629954,0.640528705036096,0.5218289334362161,0.8682013795959451,Lung,Treatment vs Control,Lung | Treatment vs Control,0.8682013795959451,0.06137952839085704,FALSE,NS
Gene_0545,140.95315656061487,-0.2838725606650657,0.4614022807898303,-0.6152387460658658,0.5383970631989414,0.8682013795959451,Lung,Treatment vs Control,Lung | Treatment vs Control,0.8682013795959451,0.06137952839085704,FALSE,NS
Gene_0323,204.603802907314,0.41069572360052686,0.6758468233765842,0.6076757475142941,0.5434025512372412,0.8684844306749727,Lung,Treatment vs Control,Lung | Treatment vs Control,0.8684844306749727,0.061237962746593794,FALSE,NS
Gene_0190,191.3570214654515,-0.33461457960487684,0.5493694742218994,-0.6090884100883269,0.5424658393308464,0.8684844306749727,Lung,Treatment vs Control,Lung | Treatment vs Control,0.8684844306749727,0.061237962746593794,FALSE,NS
Gene_0568,163.19786294681035,0.30388752043989353,0.49733511111848744,0.6110317040686354,0.5411785916308759,0.8684844306749727,Lung,Treatment vs Control,Lung | Treatment vs Control,0.8684844306749727,0.061237962746593794,FALSE,NS
Gene_0256,253.0324034343307,-0.47109780263533824,0.7777099430229968,-0.6057500059780101,0.5446807724060617,0.8686098661277284,Lung,Treatment vs Control,Lung | Treatment vs Control,0.8686098661277284,0.061175242000619585,FALSE,NS
Gene_0414,103.97472521922568,0.4528096362468058,0.758644273578371,0.5968668742611009,0.5505962651247908,0.870335908901008,Lung,Treatment vs Control,Lung | Treatment vs Control,0.870335908901008,0.060313097695828904,FALSE,NS
Gene_0361,158.03390279963043,0.35690109845672974,0.5991581415465459,0.5956709484669561,0.5513950695882057,0.870335908901008,Lung,Treatment vs Control,Lung | Treatment vs Control,0.870335908901008,0.060313097695828904,FALSE,NS
Gene_0458,90.53792018893569,-0.3337768566139887,0.5546155799594925,-0.6018165891379517,0.5472962313215317,0.870335908901008,Lung,Treatment vs Control,Lung | Treatment vs Control,0.870335908901008,0.060313097695828904,FALSE,NS
Gene_0174,199.5317523334762,0.3219399550091161,0.5373286069181651,0.5991491070158999,0.5490734571663303,0.870335908901008,Lung,Treatment vs Control,Lung | Treatment vs Control,0.870335908901008,0.060313097695828904,FALSE,NS
Gene_0456,135.373645747093,-0.29129988535997053,0.48949380652462743,-0.5951043332461748,0.5517737323005009,0.870335908901008,Lung,Treatment vs Control,Lung | Treatment vs Control,0.870335908901008,0.060313097695828904,FALSE,NS
Gene_0682,182.00771696695688,-0.39895071243060864,0.680926876769093,-0.5858936194787558,0.5579470053231044,0.8762551667113396,Lung,Treatment vs Control,Lung | Treatment vs Control,0.8762551667113396,0.05736940826339159,FALSE,NS
Gene_0688,132.4842970650746,-0.3346055470995167,0.5699628302166619,-0.5870655582440734,0.5571596779196311,0.8762551667113396,Lung,Treatment vs Control,Lung | Treatment vs Control,0.8762551667113396,0.05736940826339159,FALSE,NS
Gene_0054,168.22335152727635,0.31769518759136606,0.5461224259088944,0.5817288807773018,0.5607493148829503,0.8768520604217194,Lung,Treatment vs Control,Lung | Treatment vs Control,0.8768520604217194,0.05707367318146897,FALSE,NS
Gene_0273,122.8821220410564,-0.29870849408079,0.5124460629869291,-0.5829071889823634,0.5599557808518216,0.8768520604217194,Lung,Treatment vs Control,Lung | Treatment vs Control,0.8768520604217194,0.05707367318146897,FALSE,NS
Gene_0601,139.30735230937145,0.319845717153264,0.5529694219134764,0.5784148353926711,0.5629840803300186,0.8784492977563221,Lung,Treatment vs Control,Lung | Treatment vs Control,0.8784492977563221,0.05628330000830228,FALSE,NS
Gene_0248,196.49532530232884,0.35925787718855773,0.623394472121191,0.5762930106937428,0.564417146282142,0.8787914277597222,Lung,Treatment vs Control,Lung | Treatment vs Control,0.8787914277597222,0.05611418809063482,FALSE,NS
Gene_0287,139.5083221745054,-0.3262061294936071,0.56794418761967,-0.5743630036267835,0.5657221828349004,0.8789331767649525,Lung,Treatment vs Control,Lung | Treatment vs Control,0.8789331767649525,0.056044142065493234,FALSE,NS
Gene_0466,240.1102212225078,-0.3106031783697764,0.5506667814720744,-0.5640492377975914,0.5727206233341741,0.88600369934603,Lung,Treatment vs Control,Lung | Treatment vs Control,0.88600369934603,0.05256446479216661,FALSE,NS
Gene_0268,118.3802846670635,0.303406774806716,0.5375139248778543,0.5644630971665762,0.5724390079204855,0.88600369934603,Lung,Treatment vs Control,Lung | Treatment vs Control,0.88600369934603,0.05256446479216661,FALSE,NS
Gene_0088,139.4100816856706,0.2504985590716697,0.4472931533579766,0.5600321784295036,0.5754574892600791,0.8883394930155593,Lung,Treatment vs Control,Lung | Treatment vs Control,0.8883394930155593,0.05142102997989338,FALSE,NS
Gene_0656,155.33866072766884,0.4202787504599654,0.762882741019908,0.5509087148807288,0.5816962530225145,0.8944780867359686,Lung,Treatment vs Control,Lung | Treatment vs Control,0.8944780867359686,0.04843029447751549,FALSE,NS
Gene_0572,253.81826076277673,0.35453699178966536,0.6526832080631676,0.54319919282396,0.5869926622853261,0.8944780867359686,Lung,Treatment vs Control,Lung | Treatment vs Control,0.8944780867359686,0.04843029447751549,FALSE,NS
Gene_0384,137.46273621717285,-0.3511463815847135,0.6423031293744187,-0.5466988490725837,0.5845856450485853,0.8944780867359686,Lung,Treatment vs Control,Lung | Treatment vs Control,0.8944780867359686,0.04843029447751549,FALSE,NS
Gene_0427,156.5927261080417,-0.32902591179264784,0.5977859409872311,-0.5504075777514411,0.5820398523448287,0.8944780867359686,Lung,Treatment vs Control,Lung | Treatment vs Control,0.8944780867359686,0.04843029447751549,FALSE,NS
Gene_0562,165.6790040816801,-0.32522694594257545,0.594908162773163,-0.5466842889271023,0.5845956498072485,0.8944780867359686,Lung,Treatment vs Control,Lung | Treatment vs Control,0.8944780867359686,0.04843029447751549,FALSE,NS
Gene_0442,188.22464607861443,0.3133325785453499,0.5779822591736458,0.5421145261332563,0.5877396123988503,0.8944780867359686,Lung,Treatment vs Control,Lung | Treatment vs Control,0.8944780867359686,0.04843029447751549,FALSE,NS
Gene_0497,136.87151343829083,0.2758764831351275,0.5093569977769151,0.5416171454190055,0.5880822780197805,0.8944780867359686,Lung,Treatment vs Control,Lung | Treatment vs Control,0.8944780867359686,0.04843029447751549,FALSE,NS
Gene_0453,97.31430444354446,0.3038788075286611,0.565911308027253,0.5369724958986453,0.5912866126797911,0.8974466370454091,Lung,Treatment vs Control,Lung | Treatment vs Control,0.8974466370454091,0.04699136550809792,FALSE,NS
Gene_0544,141.68832667461098,0.25070062449005043,0.46842614187782783,0.5351977656179503,0.5925131111984883,0.8974466370454091,Lung,Treatment vs Control,Lung | Treatment vs Control,0.8974466370454091,0.04699136550809792,FALSE,NS
Gene_0097,246.18890259062513,0.2921425975825654,0.5487562467363697,0.5323722496464169,0.594468201114086,0.8985281369657584,Lung,Treatment vs Control,Lung | Treatment vs Control,0.8985281369657584,0.046468318624415306,FALSE,NS
Gene_0100,123.88712906779729,-0.3273123585936683,0.6174809117084795,-0.5300768855964192,0.596058624366886,0.8990550917533863,Lung,Treatment vs Control,Lung | Treatment vs Control,0.8990550917533863,0.0462136950171425,FALSE,NS
Gene_0476,83.9526976988313,-0.3530164179623337,0.6952129669117411,-0.5077816939038048,0.6116064491803618,0.9069706532164497,Lung,Treatment vs Control,Lung | Treatment vs Control,0.9069706532164497,0.042406765147569775,FALSE,NS
Gene_0522,132.75308848613707,-0.33450132621759704,0.6575552862043785,-0.5087044895471021,0.6109593750224678,0.9069706532164497,Lung,Treatment vs Control,Lung | Treatment vs Control,0.9069706532164497,0.042406765147569775,FALSE,NS
Gene_0664,204.91584347671542,-0.3337254486299321,0.6570240186258084,-0.5079349295752262,0.6114989776813862,0.9069706532164497,Lung,Treatment vs Control,Lung | Treatment vs Control,0.9069706532164497,0.042406765147569775,FALSE,NS
Gene_0021,194.51633489802379,0.3148193223569042,0.613759581279522,0.5129358986145542,0.607996160960153,0.9069706532164497,Lung,Treatment vs Control,Lung | Treatment vs Control,0.9069706532164497,0.042406765147569775,FALSE,NS
Gene_0218,199.52647408109374,0.30107209173753036,0.586324543415489,0.5134905149692509,0.6076082439745796,0.9069706532164497,Lung,Treatment vs Control,Lung | Treatment vs Control,0.9069706532164497,0.042406765147569775,FALSE,NS
Gene_0329,185.25689435887293,0.29375967197636227,0.5647046863677855,0.5202005208524869,0.6029238223495763,0.9069706532164497,Lung,Treatment vs Control,Lung | Treatment vs Control,0.9069706532164497,0.042406765147569775,FALSE,NS
Gene_0274,261.0339927392321,-0.29262254352161954,0.5648849435057859,-0.5180214960334172,0.6044432714409911,0.9069706532164497,Lung,Treatment vs Control,Lung | Treatment vs Control,0.9069706532164497,0.042406765147569775,FALSE,NS
Gene_0037,112.04838349400902,-0.26381806616380965,0.5209752689033863,-0.5063926867759516,0.6125810074901159,0.9069706532164497,Lung,Treatment vs Control,Lung | Treatment vs Control,0.9069706532164497,0.042406765147569775,FALSE,NS
Gene_0207,208.50340372175182,0.2523076483543047,0.49736974331301326,0.5072838702926851,0.6119556543740574,0.9069706532164497,Lung,Treatment vs Control,Lung | Treatment vs Control,0.9069706532164497,0.042406765147569775,FALSE,NS
Gene_0066,104.1292658878954,-0.30708108445489235,0.6143613907361815,-0.4998378626738262,0.6171892479406756,0.9104775158883824,Lung,Treatment vs Control,Lung | Treatment vs Control,0.9104775158883824,0.040730774576556245,FALSE,NS
Gene_0245,121.78668318899095,0.2836799750549765,0.5679884818971516,0.49944670375612266,0.6174647241729223,0.9104775158883824,Lung,Treatment vs Control,Lung | Treatment vs Control,0.9104775158883824,0.040730774576556245,FALSE,NS
Gene_0027,117.4120700677552,-0.22605153900362138,0.4607356169090326,-0.4906317868806155,0.6236869000302855,0.9177831618331843,Lung,Treatment vs Control,Lung | Treatment vs Control,0.9177831618331843,0.03725991437944476,FALSE,NS
Gene_0206,179.4423943035048,-0.3489328707604905,0.7747215698864238,-0.45039777427604727,0.6524236495487625,0.9187844694408034,Lung,Treatment vs Control,Lung | Treatment vs Control,0.9187844694408034,0.0367863544578179,FALSE,NS
Gene_0016,153.94777920881424,0.34317624980405376,0.7075912676741735,0.4849922059271046,0.6276818742629757,0.9187844694408034,Lung,Treatment vs Control,Lung | Treatment vs Control,0.9187844694408034,0.0367863544578179,FALSE,NS
Gene_0649,107.29407960423315,0.33398529105799085,0.8134624248087726,0.41057248727438583,0.6813860411812294,0.9187844694408034,Lung,Treatment vs Control,Lung | Treatment vs Control,0.9187844694408034,0.0367863544578179,FALSE,NS
Gene_0048,174.2268774034409,-0.32323829705164037,0.6773834743936066,-0.47718657048875185,0.633229273219684,0.9187844694408034,Lung,Treatment vs Control,Lung | Treatment vs Control,0.9187844694408034,0.0367863544578179,FALSE,NS
Gene_0599,135.69758740255963,-0.3095603044912913,0.676978023433736,-0.45726787838865746,0.6474785147244764,0.9187844694408034,Lung,Treatment vs Control,Lung | Treatment vs Control,0.9187844694408034,0.0367863544578179,FALSE,NS
Gene_0598,265.90304184450497,0.3091802160048889,0.6930511891136314,0.44611454516124677,0.6555145066620076,0.9187844694408034,Lung,Treatment vs Control,Lung | Treatment vs Control,0.9187844694408034,0.0367863544578179,FALSE,NS
Gene_0288,190.8947616965962,0.30755327979444574,0.6648290958794366,0.4626050239086091,0.6436475069111084,0.9187844694408034,Lung,Treatment vs Control,Lung | Treatment vs Control,0.9187844694408034,0.0367863544578179,FALSE,NS
Gene_0085,183.17801359664435,-0.3013843316598858,0.6552436511530054,-0.4599576525916003,0.6455466169441941,0.9187844694408034,Lung,Treatment vs Control,Lung | Treatment vs Control,0.9187844694408034,0.0367863544578179,FALSE,NS
Gene_0527,125.32535195552383,0.2956828265047644,0.7618581393031241,0.38810745892303145,0.6979365123388171,0.9187844694408034,Lung,Treatment vs Control,Lung | Treatment vs Control,0.9187844694408034,0.0367863544578179,FALSE,NS
Gene_0559,124.25014906467044,0.29137406010512534,0.6590282127998572,0.4421268383446489,0.6583974243114078,0.9187844694408034,Lung,Treatment vs Control,Lung | Treatment vs Control,0.9187844694408034,0.0367863544578179,FALSE,NS
Gene_0494,199.8680489618199,-0.2897986991287301,0.6543662951812936,-0.44286923281774576,0.6578603228005271,0.9187844694408034,Lung,Treatment vs Control,Lung | Treatment vs Control,0.9187844694408034,0.0367863544578179,FALSE,NS
Gene_0680,195.4814616753287,0.28900683555490453,0.7371533165341239,0.3920579736569984,0.6950153788674773,0.9187844694408034,Lung,Treatment vs Control,Lung | Treatment vs Control,0.9187844694408034,0.0367863544578179,FALSE,NS
Gene_0231,248.4501829118045,0.28812028581814514,0.6496183025860666,0.44352242643282463,0.6573879016066462,0.9187844694408034,Lung,Treatment vs Control,Lung | Treatment vs Control,0.9187844694408034,0.0367863544578179,FALSE,NS
Gene_0473,134.992704528127,-0.28744418666688754,0.592235150770286,-0.4853548228149334,0.6274246730148373,0.9187844694408034,Lung,Treatment vs Control,Lung | Treatment vs Control,0.9187844694408034,0.0367863544578179,FALSE,NS
Gene_0043,97.68138169303454,-0.2827564533795416,0.6579826879409628,-0.4297323600783122,0.6673903409509448,0.9187844694408034,Lung,Treatment vs Control,Lung | Treatment vs Control,0.9187844694408034,0.0367863544578179,FALSE,NS
Gene_0163,93.04572791093118,-0.28007998452903493,0.658037791771605,-0.4256290262220174,0.6703781861711167,0.9187844694408034,Lung,Treatment vs Control,Lung | Treatment vs Control,0.9187844694408034,0.0367863544578179,FALSE,NS
Gene_0283,221.8873553557872,-0.2790056383708056,0.6267214221368761,-0.4451828651707883,0.656187608496203,0.9187844694408034,Lung,Treatment vs Control,Lung | Treatment vs Control,0.9187844694408034,0.0367863544578179,FALSE,NS
Gene_0257,97.76089181905456,0.27821094148912373,0.6804350538402542,0.40887214719310944,0.6826334901454452,0.9187844694408034,Lung,Treatment vs Control,Lung | Treatment vs Control,0.9187844694408034,0.0367863544578179,FALSE,NS
Gene_0696,180.48395233768042,-0.2708890309179302,0.5940021768104103,-0.4560404683573925,0.6483608778192227,0.9187844694408034,Lung,Treatment vs Control,Lung | Treatment vs Control,0.9187844694408034,0.0367863544578179,FALSE,NS
Gene_0202,144.34287725855364,0.27034613621171405,0.6916059259393513,0.39089621137141817,0.6958739545092871,0.9187844694408034,Lung,Treatment vs Control,Lung | Treatment vs Control,0.9187844694408034,0.0367863544578179,FALSE,NS
Gene_0290,216.74252861740973,-0.2690437623468913,0.6552159763401901,-0.41061844042582224,0.6813523398695008,0.9187844694408034,Lung,Treatment vs Control,Lung | Treatment vs Control,0.9187844694408034,0.0367863544578179,FALSE,NS
Gene_0118,133.80909015053575,0.26847529209228577,0.5905231361845831,0.45463975184262206,0.6493684313811052,0.9187844694408034,Lung,Treatment vs Control,Lung | Treatment vs Control,0.9187844694408034,0.0367863544578179,FALSE,NS
Gene_0081,251.07224343501656,-0.2665524621473965,0.6793254739856657,-0.39237813442135244,0.6947788395595437,0.9187844694408034,Lung,Treatment vs Control,Lung | Treatment vs Control,0.9187844694408034,0.0367863544578179,FALSE,NS
Gene_0445,184.60548883084323,0.2659752182378129,0.5885943294665842,0.4518820602278889,0.6513539489684006,0.9187844694408034,Lung,Treatment vs Control,Lung | Treatment vs Control,0.9187844694408034,0.0367863544578179,FALSE,NS
Gene_0275,115.49046841005122,-0.2620852070746757,0.67174471847803,-0.39015596232521393,0.6964212232572171,0.9187844694408034,Lung,Treatment vs Control,Lung | Treatment vs Control,0.9187844694408034,0.0367863544578179,FALSE,NS
Gene_0460,169.9439263276487,0.2592730364429658,0.6216633549348757,0.4170634063996369,0.6766320301546516,0.9187844694408034,Lung,Treatment vs Control,Lung | Treatment vs Control,0.9187844694408034,0.0367863544578179,FALSE,NS
Gene_0461,124.00658866619261,0.2583284919629644,0.6406014410789707,0.4032593050803312,0.6867574757309546,0.9187844694408034,Lung,Treatment vs Control,Lung | Treatment vs Control,0.9187844694408034,0.0367863544578179,FALSE,NS
Gene_0015,139.2422198327948,-0.2566071792662043,0.6052307179738414,-0.42398241141041204,0.6715786405767872,0.9187844694408034,Lung,Treatment vs Control,Lung | Treatment vs Control,0.9187844694408034,0.0367863544578179,FALSE,NS
Gene_0613,187.30009460356553,-0.25320807052621586,0.5644238042582979,-0.4486133799033394,0.6537105801190748,0.9187844694408034,Lung,Treatment vs Control,Lung | Treatment vs Control,0.9187844694408034,0.0367863544578179,FALSE,NS
Gene_0434,138.87562749173946,0.24734782098931124,0.635130642865805,0.38944400458028705,0.6969477252826446,0.9187844694408034,Lung,Treatment vs Control,Lung | Treatment vs Control,0.9187844694408034,0.0367863544578179,FALSE,NS
Gene_0199,145.23915114457753,0.24701495348305683,0.5847273038129011,0.42244470520243704,0.6727004529179265,0.9187844694408034,Lung,Treatment vs Control,Lung | Treatment vs Control,0.9187844694408034,0.0367863544578179,FALSE,NS
Gene_0011,150.58733647919803,0.24640794633012322,0.5920556952134507,0.4161904839734496,0.677270622509447,0.9187844694408034,Lung,Treatment vs Control,Lung | Treatment vs Control,0.9187844694408034,0.0367863544578179,FALSE,NS
Gene_0184,144.74914901149006,-0.2446712060713913,0.5447481360015121,-0.449145559023468,0.653326656980142,0.9187844694408034,Lung,Treatment vs Control,Lung | Treatment vs Control,0.9187844694408034,0.0367863544578179,FALSE,NS
Gene_0104,178.07013868559366,0.24323836072164237,0.5830295435749987,0.4171973159887619,0.6765340882354438,0.9187844694408034,Lung,Treatment vs Control,Lung | Treatment vs Control,0.9187844694408034,0.0367863544578179,FALSE,NS
Gene_0023,123.91555667310448,0.2405243305561342,0.5143382424192159,0.4676384346316849,0.6400431746094777,0.9187844694408034,Lung,Treatment vs Control,Lung | Treatment vs Control,0.9187844694408034,0.0367863544578179,FALSE,NS
Gene_0154,168.5861884097229,0.24027711083343828,0.5108541483635816,0.4703438576413985,0.6381093681050118,0.9187844694408034,Lung,Treatment vs Control,Lung | Treatment vs Control,0.9187844694408034,0.0367863544578179,FALSE,NS
Gene_0423,254.24653835032228,-0.24019284787485717,0.5426837910360353,-0.4426018463096273,0.6580537490835427,0.9187844694408034,Lung,Treatment vs Control,Lung | Treatment vs Control,0.9187844694408034,0.0367863544578179,FALSE,NS
Gene_0201,217.7857625857369,-0.23714850515292857,0.5971118779901188,-0.39715924920330087,0.6912500305582855,0.9187844694408034,Lung,Treatment vs Control,Lung | Treatment vs Control,0.9187844694408034,0.0367863544578179,FALSE,NS
Gene_0662,120.74160852785499,-0.2363339402677693,0.49177798052341415,-0.4805703988947044,0.63082185785042455,0.9187844694408034,Lung,Treatment vs Control,Lung | Treatment vs Control,0.9187844694408034,0.0367863544578179,FALSE,NS
Gene_0219,198.07304756131776,0.23381948807224606,0.5488055163732967,0.42605163595550016,0.6700702206646327,0.9187844694408034,Lung,Treatment vs Control,Lung | Treatment vs Control,0.9187844694408034,0.0367863544578179,FALSE,NS
Gene_0552,185.27540178967803,-0.2303613861765899,0.570672447791788,-0.4036665640122828,0.6864579301334506,0.9187844694408034,Lung,Treatment vs Control,Lung | Treatment vs Control,0.9187844694408034,0.0367863544578179,FALSE,NS
Gene_0071,228.99242294120342,-0.22951602940389385,0.570347122131031,-0.4024146357508315,0.6873789006109784,0.9187844694408034,Lung,Treatment vs Control,Lung | Treatment vs Control,0.9187844694408034,0.0367863544578179,FALSE,NS
Gene_0492,130.21118503397634,-0.229477667761952,0.56813522947328,-0.40391381462948794,0.6862760972843567,0.9187844694408034,Lung,Treatment vs Control,Lung | Treatment vs Control,0.9187844694408034,0.0367863544578179,FALSE,NS
Gene_0049,179.53524033513557,0.22838764737849956,0.5812410978518713,0.3929310026812728,0.6943704426264774,0.9187844694408034,Lung,Treatment vs Control,Lung | Treatment vs Control,0.9187844694408034,0.0367863544578179,FALSE,NS
Gene_0020,138.068425101381,0.22346556780837737,0.5052475821570043,0.44228923739596654,0.6582799180926051,0.9187844694408034,Lung,Treatment vs Control,Lung | Treatment vs Control,0.9187844694408034,0.0367863544578179,FALSE,NS
Gene_0611,164.84268170775232,-0.22148586839753695,0.570161573855425,-0.38846158449411533,0.6976744774184221,0.9187844694408034,Lung,Treatment vs Control,Lung | Treatment vs Control,0.9187844694408034,0.0367863544578179,FALSE,NS
Gene_0281,101.26691539018658,0.2196784711597752,0.5218388608133303,0.42096993469859184,0.6737770362317536,0.9187844694408034,Lung,Treatment vs Control,Lung | Treatment vs Control,0.9187844694408034,0.0367863544578179,FALSE,NS
Gene_0236,133.13608197207853,-0.21886927568909356,0.49794222644711705,-0.43954752994289015,0.6602648503154323,0.9187844694408034,Lung,Treatment vs Control,Lung | Treatment vs Control,0.9187844694408034,0.0367863544578179,FALSE,NS
Gene_0665,137.21285535642585,0.21735031788083375,0.5600946094680254,0.38806000666078866,0.6979716273376269,0.9187844694408034,Lung,Treatment vs Control,Lung | Treatment vs Control,0.9187844694408034,0.0367863544578179,FALSE,NS
Gene_0431,132.3571965876957,0.21618431561601012,0.5078219649373676,0.42570887149923353,0.6703199968211725,0.9187844694408034,Lung,Treatment vs Control,Lung | Treatment vs Control,0.9187844694408034,0.0367863544578179,FALSE,NS
Gene_0485,171.58243945527443,0.2153400607431912,0.48348565375405833,0.44539079716464836,0.6560373616566584,0.9187844694408034,Lung,Treatment vs Control,Lung | Treatment vs Control,0.9187844694408034,0.0367863544578179,FALSE,NS
Gene_0069,143.88715064729084,-0.213547146884045,0.48246893693005793,-0.4426132555659273,0.6580454952075496,0.9187844694408034,Lung,Treatment vs Control,Lung | Treatment vs Control,0.9187844694408034,0.0367863544578179,FALSE,NS
Gene_0211,107.26457722171757,-0.2126262962023225,0.5169896702596192,-0.4112776491173353,0.6808689567013235,0.9187844694408034,Lung,Treatment vs Control,Lung | Treatment vs Control,0.9187844694408034,0.0367863544578179,FALSE,NS
Gene_0533,94.26148384279834,-0.2089435695139742,0.5355706501410064,-0.39013259867575456,0.6964384986609472,0.9187844694408034,Lung,Treatment vs Control,Lung | Treatment vs Control,0.9187844694408034,0.0367863544578179,FALSE,NS
Gene_0468,142.55934537782764,-0.20127300107829946,0.4560999092871855,-0.4412914736002873,0.6590019980127498,0.9187844694408034,Lung,Treatment vs Control,Lung | Treatment vs Control,0.9187844694408034,0.0367863544578179,FALSE,NS
Gene_0499,112.49091388397818,0.19904441691864969,0.48996484350700364,0.4062422427983948,0.684564618491128,0.9187844694408034,Lung,Treatment vs Control,Lung | Treatment vs Control,0.9187844694408034,0.0367863544578179,FALSE,NS
Gene_0169,133.49594039902786,0.19891761287142137,0.5074385849458367,0.3920033256687675,0.6950557565425162,0.9187844694408034,Lung,Treatment vs Control,Lung | Treatment vs Control,0.9187844694408034,0.0367863544578179,FALSE,NS
Gene_0668,117.48812562017223,0.19608349388401036,0.4926567506859139,0.3980123962799822,0.690621048121377,0.9187844694408034,Lung,Treatment vs Control,Lung | Treatment vs Control,0.9187844694408034,0.0367863544578179,FALSE,NS
Gene_0400,142.12495360065165,0.4936434375455348,1.3184845802669605,0.37440213176067955,0.7081051571766461,0.9189468878944494,Lung,Treatment vs Control,Lung | Treatment vs Control,0.9189468878944494,0.03670958868018685,FALSE,NS
Gene_0144,157.76442626620647,-0.2582878947938572,0.6793730039475392,-0.3801856907664263,0.7038075803188677,0.9189468878944494,Lung,Treatment vs Control,Lung | Treatment vs Control,0.9189468878944494,0.03670958868018685,FALSE,NS
Gene_0629,129.04421552912567,-0.2268489249231378,0.603783386816193,-0.3757124324326538,0.7071306942118567,0.9189468878944494,Lung,Treatment vs Control,Lung | Treatment vs Control,0.9189468878944494,0.03670958868018685,FALSE,NS
Gene_0479,148.77764672354826,-0.22325156710991265,0.5871346202330027,-0.38023914689499305,0.7037679026236601,0.9189468878944494,Lung,Treatment vs Control,Lung | Treatment vs Control,0.9189468878944494,0.03670958868018685,FALSE,NS
Gene_0444,102.06106255078907,-0.22052825045768068,0.5755204418822507,-0.3831805691148672,0.7015858841709297,0.9189468878944494,Lung,Treatment vs Control,Lung | Treatment vs Control,0.9189468878944494,0.03670958868018685,FALSE,NS
Gene_0342,178.37379894343272,0.21859011663673655,0.5724556903208385,0.3818463513118815,0.7025753357154334,0.9189468878944494,Lung,Treatment vs Control,Lung | Treatment vs Control,0.9189468878944494,0.03670958868018685,FALSE,NS
Gene_0346,125.84101928018606,0.21420931614187208,0.5664415295463507,0.378166686177525,0.7053067716095284,0.9189468878944494,Lung,Treatment vs Control,Lung | Treatment vs Control,0.9189468878944494,0.03670958868018685,FALSE,NS
Gene_0253,102.04385916428538,-0.2041384674777631,0.5455205025153509,-0.37420860725948363,0.7082491207805287,0.9189468878944494,Lung,Treatment vs Control,Lung | Treatment vs Control,0.9189468878944494,0.03670958868018685,FALSE,NS
Gene_0504,114.36772715946154,-0.209440205852987,0.5641293483479993,-0.3712627369349127,0.7104418493599658,0.9201429319080774,Lung,Treatment vs Control,Lung | Treatment vs Control,0.9201429319080774,0.03614470557021515,FALSE,NS
Gene_0200,194.94760929432178,-0.2277476447620691,0.6454475433619012,-0.3528522915678237,0.7241991789163376,0.9248517144927557,Lung,Treatment vs Control,Lung | Treatment vs Control,0.9248517144927557,0.03392789400691228,FALSE,NS
Gene_0364,120.49073589593722,-0.21528150449770664,0.5917316590007399,-0.3638161001242583,0.7159953392131633,0.9248517144927557,Lung,Treatment vs Control,Lung | Treatment vs Control,0.9248517144927557,0.03392789400691228,FALSE,NS
Gene_0454,151.98121635018055,-0.2151716336176395,0.6033471269239967,-0.35662991338772804,0.7213688804643885,0.9248517144927557,Lung,Treatment vs Control,Lung | Treatment vs Control,0.9248517144927557,0.03392789400691228,FALSE,NS
Gene_0012,149.97988813574347,-0.2132036232065725,0.591493721149574,-0.3604495121135168,0.7185110060799036,0.9248517144927557,Lung,Treatment vs Control,Lung | Treatment vs Control,0.9248517144927557,0.03392789400691228,FALSE,NS
Gene_0130,131.11232073845477,-0.20957772688954854,0.5781516840987393,-0.3624960934192417,0.7169813423186155,0.9248517144927557,Lung,Treatment vs Control,Lung | Treatment vs Control,0.9248517144927557,0.03392789400691228,FALSE,NS
Gene_0489,103.6997839847946,0.20489877925621816,0.580907261035179,0.35272201433854994,0.7242968537533045,0.9248517144927557,Lung,Treatment vs Control,Lung | Treatment vs Control,0.9248517144927557,0.03392789400691228,FALSE,NS
Gene_0121,198.51309121164874,0.20142884955078708,0.5662632225554725,0.3557159312620813,0.7220533129842388,0.9248517144927557,Lung,Treatment vs Control,Lung | Treatment vs Control,0.9248517144927557,0.03392789400691228,FALSE,NS
Gene_0298,138.42567922528937,-0.16796064115121173,0.4678640013371401,-0.35899458105600274,0.71959914313637,0.9248517144927557,Lung,Treatment vs Control,Lung | Treatment vs Control,0.9248517144927557,0.03392789400691228,FALSE,NS
Gene_0517,210.5320205416426,-0.20782552807108665,0.5939826386839607,-0.3498848527484723,0.7264251151791585,0.9259362383621669,Lung,Treatment vs Control,Lung | Treatment vs Control,0.9259362383621669,0.03341891858899818,FALSE,NS
Gene_0583,120.33568376088651,0.2007479868502518,0.5786289767881665,0.3469373206377543,0.7286384081403466,0.9271251449799841,Lung,Treatment vs Control,Lung | Treatment vs Control,0.9271251449799841,0.03286164006697438,FALSE,NS
Gene_0657,197.8121562968298,-0.23349400427733602,0.6907144937296426,-0.3380470605395021,0.7353277239388845,0.929105186966409,Lung,Treatment vs Control,Lung | Treatment vs Control,0.929105186966409,0.031935115357194996,FALSE,NS
Gene_0382,210.15418430631345,0.20613028931116506,0.6090379677947922,0.3384522808282752,0.735022381754554,0.929105186966409,Lung,Treatment vs Control,Lung | Treatment vs Control,0.929105186966409,0.031935115357194996,FALSE,NS
Gene_0690,200.63031062778094,-0.2032106390909623,0.595249965094743,-0.3413870659507191,0.7328122107807382,0.929105186966409,Lung,Treatment vs Control,Lung | Treatment vs Control,0.929105186966409,0.031935115357194996,FALSE,NS
Gene_0091,170.1102873314994,0.16623985402201247,0.48567916699616487,0.342283271177092,0.7321377237748843,0.929105186966409,Lung,Treatment vs Control,Lung | Treatment vs Control,0.929105186966409,0.031935115357194996,FALSE,NS
Gene_0077,94.44866827524045,-0.23812147798577182,0.721342150313805,-0.33010891971609035,0.7413176637130582,0.9315843052213407,Lung,Treatment vs Control,Lung | Treatment vs Control,0.9315843052213407,0.030777836811018745,FALSE,NS
Gene_0053,190.00640055400936,-0.19335555621204795,0.5895923655786791,-0.327947862795461,0.7429510838332232,0.9315843052213407,Lung,Treatment vs Control,Lung | Treatment vs Control,0.9315843052213407,0.030777836811018745,FALSE,NS
Gene_0193,118.6332734890642,0.18935937855148643,0.5698661733079942,0.33228745172271146,0.7396722141940903,0.9315843052213407,Lung,Treatment vs Control,Lung | Treatment vs Control,0.9315843052213407,0.030777836811018745,FALSE,NS
Gene_0373,162.38221015740075,0.18559641685203615,0.5695857393233302,0.32584456393259653,0.7445419600033031,0.9315843052213407,Lung,Treatment vs Control,Lung | Treatment vs Control,0.9315843052213407,0.030777836811018745,FALSE,NS
Gene_0641,114.14087225883571,-0.1779257730588789,0.5495484541713308,-0.3237672159903986,0.7461142782268858,0.9315843052213407,Lung,Treatment vs Control,Lung | Treatment vs Control,0.9315843052213407,0.030777836811018745,FALSE,NS
Gene_0175,158.9895146923397,-0.17566618425891692,0.54297370770102,-0.3235261335262383,0.746296819099969,0.9315843052213407,Lung,Treatment vs Control,Lung | Treatment vs Control,0.9315843052213407,0.030777836811018745,FALSE,NS
Gene_0469,151.32589657817624,-0.15684254458381558,0.48470008420047506,-0.32358679046349104,0.7462508900292419,0.9315843052213407,Lung,Treatment vs Control,Lung | Treatment vs Control,0.9315843052213407,0.030777836811018745,FALSE,NS
Gene_0525,102.03962079900181,0.19886406267176504,0.6202066348034687,0.3206416241173898,0.7484819902624523,0.9320196507930064,Lung,Treatment vs Control,Lung | Treatment vs Control,0.9320196507930064,0.030574930842371856,FALSE,NS
Gene_0093,141.9786781504026,0.19013879429010305,0.5979767607564245,0.3179702068180419,0.7505075364811087,0.9320196507930064,Lung,Treatment vs Control,Lung | Treatment vs Control,0.9320196507930064,0.030574930842371856,FALSE,NS
Gene_0638,239.58325037662374,-0.1723462375770126,0.5409109552635137,-0.31862219816393117,0.7500130184153203,0.9320196507930064,Lung,Treatment vs Control,Lung | Treatment vs Control,0.9320196507930064,0.030574930842371856,FALSE,NS
Gene_0238,184.39361134893701,0.16783267488747503,0.5497452508799627,0.305291723064146,0.7601439792686042,0.9393403868897144,Lung,Treatment vs Control,Lung | Treatment vs Control,0.9393403868897144,0.02717700479396914,FALSE,NS
Gene_0579,138.6189652576997,-0.16446204264971764,0.5390543332985499,-0.3050936287690168,0.7602948435322827,0.9393403868897144,Lung,Treatment vs Control,Lung | Treatment vs Control,0.9393403868897144,0.02717700479396914,FALSE,NS
Gene_0284,203.75049575225327,0.15042327459895619,0.49190250668776425,0.3057989592527886,0.7597577209324292,0.9393403868897144,Lung,Treatment vs Control,Lung | Treatment vs Control,0.9393403868897144,0.02717700479396914,FALSE,NS
Gene_0660,115.69959031688062,-0.20870101950839368,0.7755610403054214,-0.2690968326957292,0.7878551677129257,0.9430604969475158,Lung,Treatment vs Control,Lung | Treatment vs Control,0.9430604969475158,0.025460446554566408,FALSE,NS
Gene_0417,171.68205550104312,0.2033172015089924,0.6891673060707407,0.29501864020247437,0.7679796402885699,0.9430604969475158,Lung,Treatment vs Control,Lung | Treatment vs Control,0.9430604969475158,0.025460446554566408,FALSE,NS
Gene_0684,196.54107227363303,0.19548470730371384,0.6628975043145446,0.2948943177963096,0.7680746127742807,0.9430604969475158,Lung,Treatment vs Control,Lung | Treatment vs Control,0.9430604969475158,0.025460446554566408,FALSE,NS
Gene_0162,193.40949546233023,0.18612790969676724,0.6547086971222552,0.2842911824982388,0.7761872428471084,0.9430604969475158,Lung,Treatment vs Control,Lung | Treatment vs Control,0.9430604969475158,0.025460446554566408,FALSE,NS
Gene_0142,172.0982188846623,-0.18398320064069204,0.6525356058892289,-0.28195120539050567,0.7779809253639924,0.9430604969475158,Lung,Treatment vs Control,Lung | Treatment vs Control,0.9430604969475158,0.025460446554566408,FALSE,NS
Gene_0678,187.9807722388772,-0.18340458755376418,0.6133978711148627,-0.2989977569051923,0.7649417570447908,0.9430604969475158,Lung,Treatment vs Control,Lung | Treatment vs Control,0.9430604969475158,0.025460446554566408,FALSE,NS
Gene_0013,92.75323809858432,-0.17892321536375796,0.6346546672635192,-0.28192216112619567,0.7780031963670822,0.9430604969475158,Lung,Treatment vs Control,Lung | Treatment vs Control,0.9430604969475158,0.025460446554566408,FALSE,NS
Gene_0220,224.9697801085364,-0.17703021609185007,0.6455558933828173,-0.27422910689294944,0.7839085611151618,0.9430604969475158,Lung,Treatment vs Control,Lung | Treatment vs Control,0.9430604969475158,0.025460446554566408,FALSE,NS
Gene_0147,219.41090111085563,-0.1664781417138226,0.6222431302269744,-0.26754516623284647,0.789049443499835,0.9430604969475158,Lung,Treatment vs Control,Lung | Treatment vs Control,0.9430604969475158,0.025460446554566408,FALSE,NS
Gene_0433,95.93734639609866,-0.16465913592605677,0.6214679323300099,-0.2649519425865083,0.7910464833186003,0.9430604969475158,Lung,Treatment vs Control,Lung | Treatment vs Control,0.9430604969475158,0.025460446554566408,FALSE,NS
Gene_0222,120.5687156789475,0.16007957848639112,0.5741293551996781,0.27882144857532426,0.7803818533700929,0.9430604969475158,Lung,Treatment vs Control,Lung | Treatment vs Control,0.9430604969475158,0.025460446554566408,FALSE,NS
Gene_0109,125.7684433476136,-0.1521922051655322,0.5770032183368549,-0.26376318247272285,0.7919624062763668,0.9430604969475158,Lung,Treatment vs Control,Lung | Treatment vs Control,0.9430604969475158,0.025460446554566408,FALSE,NS
Gene_0507,122.65755819186498,-0.14978176325862785,0.5462560583337905,-0.2741969832160717,0.7839332463579214,0.9430604969475158,Lung,Treatment vs Control,Lung | Treatment vs Control,0.9430604969475158,0.025460446554566408,FALSE,NS
Gene_0502,142.21671605571203,-0.14870491414720996,0.5190458000993274,-0.2864967101530404,0.774497712839275,0.9430604969475158,Lung,Treatment vs Control,Lung | Treatment vs Control,0.9430604969475158,0.025460446554566408,FALSE,NS
Gene_0693,166.47355204147078,-0.14706957179976846,0.5534377951162341,-0.26573821502176337,0.7904408298672108,0.9430604969475158,Lung,Treatment vs Control,Lung | Treatment vs Control,0.9430604969475158,0.025460446554566408,FALSE,NS
Gene_0358,158.74147519333428,-0.1443477795939607,0.520296903503838,-0.2774334781196635,0.7814472782913384,0.9430604969475158,Lung,Treatment vs Control,Lung | Treatment vs Control,0.9430604969475158,0.025460446554566408,FALSE,NS
Gene_0588,141.84302092914214,0.13917901038548702,0.49000489674834136,0.2840359582303667,0.7763828242778024,0.9430604969475158,Lung,Treatment vs Control,Lung | Treatment vs Control,0.9430604969475158,0.025460446554566408,FALSE,NS
Gene_0331,135.23140109841182,-0.13882586300738653,0.524108282692625,-0.26488011655561655,0.7911018160905074,0.9430604969475158,Lung,Treatment vs Control,Lung | Treatment vs Control,0.9430604969475158,0.025460446554566408,FALSE,NS
Gene_0105,160.4093127738607,-0.1387397993251518,0.48599928097708334,-0.28547326046701266,0.7752815875082115,0.9430604969475158,Lung,Treatment vs Control,Lung | Treatment vs Control,0.9430604969475158,0.025460446554566408,FALSE,NS
Gene_0673,192.35878130870248,0.1356365703913748,0.486014006470384,0.2790795503537407,0.7801837763488291,0.9430604969475158,Lung,Treatment vs Control,Lung | Treatment vs Control,0.9430604969475158,0.025460446554566408,FALSE,NS
Gene_0619,116.78954614605665,0.13160865350756937,0.4957887969610644,0.26545306048515843,0.7906604653750506,0.9430604969475158,Lung,Treatment vs Control,Lung | Treatment vs Control,0.9430604969475158,0.025460446554566408,FALSE,NS
Gene_0255,137.80515979403793,-0.12258386166835569,0.4525037753044125,-0.27090130151044584,0.7864669439848704,0.9430604969475158,Lung,Treatment vs Control,Lung | Treatment vs Control,0.9430604969475158,0.025460446554566408,FALSE,NS
Gene_0234,215.01823994440448,0.16217583209094613,0.6395958856587277,0.25355984259329506,0.7998356238289979,0.9431286508993396,Lung,Treatment vs Control,Lung | Treatment vs Control,0.9431286508993396,0.025429061700885484,FALSE,NS
Gene_0242,165.48927173428615,-0.14872817135001354,0.5819080070299155,-0.25558708516338996,0.7982696917994242,0.9431286508993396,Lung,Treatment vs Control,Lung | Treatment vs Control,0.9431286508993396,0.025429061700885484,FALSE,NS
Gene_0312,142.59173490835028,-0.1449544400187475,0.5709099997579172,-0.25390068501202023,0.7995722855665586,0.9431286508993396,Lung,Treatment vs Control,Lung | Treatment vs Control,0.9431286508993396,0.025429061700885484,FALSE,NS
Gene_0383,217.52141152044874,0.1414225985593123,0.5501433694999163,0.2570649877828507,0.7971286051866866,0.9431286508993396,Lung,Treatment vs Control,Lung | Treatment vs Control,0.9431286508993396,0.025429061700885484,FALSE,NS
Gene_0605,150.46156754620304,0.1328753145851655,0.5135867045012119,0.25872031620096575,0.7958510430772188,0.9431286508993396,Lung,Treatment vs Control,Lung | Treatment vs Control,0.9431286508993396,0.025429061700885484,FALSE,NS
Gene_0390,143.0452286715132,-0.1160776752423975,0.4573887971072307,-0.2537833807398307,0.7996629134503705,0.9431286508993396,Lung,Treatment vs Control,Lung | Treatment vs Control,0.9431286508993396,0.025429061700885484,FALSE,NS
Gene_0309,139.66522726209905,0.13093059389506415,0.5210675503921228,0.25127374329208174,0.8016024738784325,0.9436751074601385,Lung,Treatment vs Control,Lung | Treatment vs Control,0.9436751074601385,0.02517750074809549,FALSE,NS
Gene_0430,121.52363170460949,0.12442158611035341,0.5079136052305667,0.24496604310072062,0.8064827240859003,0.9478790458412204,Lung,Treatment vs Control,Lung | Treatment vs Control,0.9478790458412204,0.02324707729812346,FALSE,NS
Gene_0129,160.39946155921692,-0.15290246451053932,0.6355746494710799,-0.24057357328172785,0.8098856341643377,0.9503358170745226,Lung,Treatment vs Control,Lung | Treatment vs Control,0.9503358170745226,0.02212290236248227,FALSE,NS
Gene_0640,136.67672706118145,-0.1786538895957498,0.7531728295926995,-0.23720171861797268,0.8125003030942933,0.9517814168546913,Lung,Treatment vs Control,Lung | Treatment vs Control,0.9517814168546913,0.021462778877722168,FALSE,NS
Gene_0293,197.11201224944926,0.16240371523453218,0.6936007529967765,0.23414581736373483,0.8148717772682151,0.9517814168546913,Lung,Treatment vs Control,Lung | Treatment vs Control,0.9517814168546913,0.021462778877722168,FALSE,NS
Gene_0627,107.84821594237886,-0.14161029339147546,0.6098410372980251,-0.23220853424180357,0.8163760495397283,0.9517814168546913,Lung,Treatment vs Control,Lung | Treatment vs Control,0.9517814168546913,0.021462778877722168,FALSE,NS
Gene_0422,147.32519376353875,-0.13175334258027702,0.5643165843485666,-0.23347416367776944,0.8153932296359191,0.9517814168546913,Lung,Treatment vs Control,Lung | Treatment vs Control,0.9517814168546913,0.021462778877722168,FALSE,NS
Gene_0592,122.86729968936982,0.12796503398394074,0.555221552067248,0.2304756245637268,0.8177222024666737,0.9518181263438452,Lung,Treatment vs Control,Lung | Treatment vs Control,0.9518181263438452,0.021446028791148583,FALSE,NS
Gene_0038,181.6493495841938,-0.14387367857024339,0.6707735324438949,-0.2144892003207913,0.830165587900168,0.9525196285890993,Lung,Treatment vs Control,Lung | Treatment vs Control,0.9525196285890993,0.021126066045939293,FALSE,NS
Gene_0230,165.91722637637702,0.13592706657375395,0.6073907432742296,0.22378850530552868,0.8229218745881334,0.9525196285890993,Lung,Treatment vs Control,Lung | Treatment vs Control,0.9525196285890993,0.021126066045939293,FALSE,NS
Gene_0216,114.2599128653339,0.13314884534274196,0.6140243445690091,0.21684619921088097,0.8283282066921118,0.9525196285890993,Lung,Treatment vs Control,Lung | Treatment vs Control,0.9525196285890993,0.021126066045939293,FALSE,NS
Gene_0553,145.38679846818286,-0.1319309835969118,0.6006555815210485,-0.2196449806773145,0.8261476572130574,0.9525196285890993,Lung,Treatment vs Control,Lung | Treatment vs Control,0.9525196285890993,0.021126066045939293,FALSE,NS
Gene_0585,163.75994119808814,0.11793667476025083,0.5484165088217112,0.21504946124550697,0.829728756060685,0.9525196285890993,Lung,Treatment vs Control,Lung | Treatment vs Control,0.9525196285890993,0.021126066045939293,FALSE,NS
Gene_0529,118.52237103272029,-0.11696383943704894,0.5283412244803967,-0.22137935488959506,0.8247970660653237,0.9525196285890993,Lung,Treatment vs Control,Lung | Treatment vs Control,0.9525196285890993,0.021126066045939293,FALSE,NS
Gene_0356,133.16648119785705,0.1141267054947428,0.5209305901062931,0.21908236464181507,0.8265858880613791,0.9525196285890993,Lung,Treatment vs Control,Lung | Treatment vs Control,0.9525196285890993,0.021126066045939293,FALSE,NS
Gene_0603,99.22512186164423,-0.1121963743385744,0.502103585039574,-0.22345264539334347,0.8231832348337444,0.9525196285890993,Lung,Treatment vs Control,Lung | Treatment vs Control,0.9525196285890993,0.021126066045939293,FALSE,NS
Gene_0628,193.04859993723454,0.11055197384687358,0.49459837757429903,0.22351867466501416,0.8231318504719497,0.9525196285890993,Lung,Treatment vs Control,Lung | Treatment vs Control,0.9525196285890993,0.021126066045939293,FALSE,NS
Gene_0402,101.22675578478434,0.12194498103286339,0.5813103749489165,0.20977602721021363,0.8338424842687041,0.9552246180546548,Lung,Treatment vs Control,Lung | Treatment vs Control,0.9552246180546548,0.01989449343045147,FALSE,NS
Gene_0136,154.65218730144355,0.1543816437865474,0.7691068010468601,0.20072848605214874,0.8409108843780941,0.9571062630295936,Lung,Treatment vs Control,Lung | Treatment vs Control,0.9571062630295936,0.019039841862227076,FALSE,NS
Gene_0341,135.6725876764338,-0.11934415154844431,0.5810951435617118,-0.20537798821884334,0.8372768165737023,0.9571062630295936,Lung,Treatment vs Control,Lung | Treatment vs Control,0.9571062630295936,0.019039841862227076,FALSE,NS
Gene_0099,157.73246450292027,0.11340894422303317,0.5570532794141299,0.20358724813954757,0.8386760589568986,0.9571062630295936,Lung,Treatment vs Control,Lung | Treatment vs Control,0.9571062630295936,0.019039841862227076,FALSE,NS
Gene_0247,230.76074098035826,-0.10940762554920667,0.5578374144174484,-0.19612815978552003,0.8445098559462,0.9571062630295936,Lung,Treatment vs Control,Lung | Treatment vs Control,0.9571062630295936,0.019039841862227076,FALSE,NS
Gene_0366,211.8385545613515,-0.10578521203491899,0.5350912658393973,-0.19769564331978734,0.8432831985703139,0.9571062630295936,Lung,Treatment vs Control,Lung | Treatment vs Control,0.9571062630295936,0.019039841862227076,FALSE,NS
Gene_0506,121.31528219890612,-0.10273243732004521,0.5291477077030733,-0.1941469949212983,0.8460607849985357,0.9571062630295936,Lung,Treatment vs Control,Lung | Treatment vs Control,0.9571062630295936,0.019039841862227076,FALSE,NS
Gene_0646,124.07037608436545,0.09715497865235173,0.4884605579079938,0.19890035557518196,0.8423406913631282,0.9571062630295936,Lung,Treatment vs Control,Lung | Treatment vs Control,0.9571062630295936,0.019039841862227076,FALSE,NS
Gene_0490,139.65364378082958,-0.09304092578587587,0.4762661284328039,-0.195354908172948,0.8451151145108666,0.9571062630295936,Lung,Treatment vs Control,Lung | Treatment vs Control,0.9571062630295936,0.019039841862227076,FALSE,NS
Gene_0659,135.84430141782923,-0.09977016146986067,0.5232252977609307,-0.19068298474254414,0.8487739702951533,0.9584095795126877,Lung,Treatment vs Control,Lung | Treatment vs Control,0.9584095795126877,0.018448854065043666,FALSE,NS
Gene_0170,162.18375122904732,0.09557306742574398,0.5048855151904855,0.18929651287319213,0.8498604282419138,0.9584095795126877,Lung,Treatment vs Control,Lung | Treatment vs Control,0.9584095795126877,0.018448854065043666,FALSE,NS
Gene_0244,157.7473851646963,-0.14062994270572482,0.784838038091213,-0.17918339310840203,0.8577937030743252,0.9598804343521044,Lung,Treatment vs Control,Lung | Treatment vs Control,0.9598804343521044,0.017782860642771677,FALSE,NS
Gene_0480,152.09224222857966,-0.12434539434571894,0.6708731120322833,-0.18534860335814932,0.8529556184241196,0.9598804343521044,Lung,Treatment vs Control,Lung | Treatment vs Control,0.9598804343521044,0.017782860642771677,FALSE,NS
Gene_0128,118.40514778065032,-0.10519303504414673,0.578377298222523,-0.1818761479183699,0.8556799234872376,0.9598804343521044,Lung,Treatment vs Control,Lung | Treatment vs Control,0.9598804343521044,0.017782860642771677,FALSE,NS
Gene_0419,111.66978551185443,-0.1039437959130185,0.5751777543916626,-0.1807159527978525,0.8565905364347618,0.9598804343521044,Lung,Treatment vs Control,Lung | Treatment vs Control,0.9598804343521044,0.017782860642771677,FALSE,NS
Gene_0096,164.5075628686693,0.09069317981179091,0.492877359203288,0.18400759969658978,0.8540074930277654,0.9598804343521044,Lung,Treatment vs Control,Lung | Treatment vs Control,0.9598804343521044,0.017782860642771677,FALSE,NS
Gene_0172,130.92138284724732,-0.10314318498447031,0.5873530224878091,-0.17560680040019905,0.8606028594347744,0.9600561945004263,Lung,Treatment vs Control,Lung | Treatment vs Control,0.9600561945004263,0.01770334586960587,FALSE,NS
Gene_0416,112.38317673179715,0.09209757350600792,0.522214339781391,0.17635971762966476,0.86001134926795475,0.9600561945004263,Lung,Treatment vs Control,Lung | Treatment vs Control,0.9600561945004263,0.01770334586960587,FALSE,NS
Gene_0064,161.85926700102422,-0.09841042186838769,0.6043406923277925,-0.16283931086839704,0.8706449557438144,0.9653092618047804,Lung,Treatment vs Control,Lung | Treatment vs Control,0.9653092618047804,0.015333526886230301,FALSE,NS
Gene_0045,166.3130888667086,-0.09391443433631887,0.5749621292384458,-0.16334020896421697,0.8702505768206202,0.9653092618047804,Lung,Treatment vs Control,Lung | Treatment vs Control,0.9653092618047804,0.015333526886230301,FALSE,NS
Gene_0332,167.1590440966272,0.09345784166156974,0.5696385523322478,0.16406516251213885,0.8696798464329969,0.9653092618047804,Lung,Treatment vs Control,Lung | Treatment vs Control,0.9653092618047804,0.015333526886230301,FALSE,NS
Gene_0491,198.6581848383624,-0.09268445134052494,0.5583937661282764,-0.16598403664705869,0.8681695128159508,0.9653092618047804,Lung,Treatment vs Control,Lung | Treatment vs Control,0.9653092618047804,0.015333526886230301,FALSE,NS
Gene_0009,108.95199277427218,-0.08777619241783971,0.5644679954625139,-0.1555025140901348,0.8764251720937907,0.9689858495631076,Lung,Treatment vs Control,Lung | Treatment vs Control,0.9689858495631076,0.01368256505607758,FALSE,NS
Gene_0475,85.91418128270695,-0.0851885995658634,0.5548468739105152,-0.15353533302884298,0.8779761288859096,0.9689858495631076,Lung,Treatment vs Control,Lung | Treatment vs Control,0.9689858495631076,0.01368256505607758,FALSE,NS
Gene_0531,253.60700282680742,-0.08435246553328547,0.545068827426553,-0.15475562220562283,0.8770139779730506,0.9689858495631076,Lung,Treatment vs Control,Lung | Treatment vs Control,0.9689858495631076,0.01368256505607758,FALSE,NS
Gene_0392,176.64923721571117,0.09636310557434327,0.6529996538076994,0.1475699183183963,0.88268219683375,0.9726969718533257,Lung,Treatment vs Control,Lung | Treatment vs Control,0.9726969718533257,0.012022436144090369,FALSE,NS
Gene_0674,193.05770151744696,0.10824387272147888,0.8238288567980399,0.13139121290578276,0.895465839488125,0.9785568044309744,Lung,Treatment vs Control,Lung | Treatment vs Control,0.9785568044309744,0.009413958830841018,FALSE,NS
Gene_0336,245.83803783099538,0.09651102379894322,0.7386562518581844,0.13065756034171155,0.8960462063946357,0.9785568044309744,Lung,Treatment vs Control,Lung | Treatment vs Control,0.9785568044309744,0.009413958830841018,FALSE,NS
Gene_0470,212.3343601105424,0.08178649683016359,0.7065941151081034,0.11574749220441907,0.9078526658420969,0.9785568044309744,Lung,Treatment vs Control,Lung | Treatment vs Control,0.9785568044309744,0.009413958830841018,FALSE,NS
Gene_0412,181.22247183198863,-0.07911974680290358,0.5742342895079082,-0.13778304125778607,0.8904118876319803,0.9785568044309744,Lung,Treatment vs Control,Lung | Treatment vs Control,0.9785568044309744,0.009413958830841018,FALSE,NS
Gene_0435,195.3395172839414,-0.07412405135057523,0.683610429832461,-0.10843025225455019,0.9136544047694146,0.9785568044309744,Lung,Treatment vs Control,Lung | Treatment vs Control,0.9785568044309744,0.009413958830841018,FALSE,NS
Gene_0371,176.92675260366687,0.07340317159589345,0.536498846613039,0.1368188805237768,0.8911739594873732,0.9785568044309744,Lung,Treatment vs Control,Lung | Treatment vs Control,0.9785568044309744,0.009413958830841018,FALSE,NS
Gene_0558,154.23550312799173,0.07318934385753087,0.6602412849837771,0.11085241944439936,0.9117333767548758,0.9785568044309744,Lung,Treatment vs Control,Lung | Treatment vs Control,0.9785568044309744,0.009413958830841018,FALSE,NS
Gene_0033,256.4580500430946,0.07122622380129555,0.6090200104442888,0.11695218971431662,0.9068979404703833,0.9785568044309744,Lung,Treatment vs Control,Lung | Treatment vs Control,0.9785568044309744,0.009413958830841018,FALSE,NS
Gene_0294,123.26628908246272,-0.0705227845157558,0.5353717760858088,-0.13172675076627965,0.8952004258366542,0.9785568044309744,Lung,Treatment vs Control,Lung | Treatment vs Control,0.9785568044309744,0.009413958830841018,FALSE,NS
Gene_0357,137.02592718929668,-0.06971503667910475,0.5801162430578879,-0.12017425389026405,0.9043451123672069,0.9785568044309744,Lung,Treatment vs Control,Lung | Treatment vs Control,0.9785568044309744,0.009413958830841018,FALSE,NS
Gene_0047,206.11470741379745,-0.06941032199179577,0.5691407869965215,-0.12195633062618651,0.9029336031422197,0.9785568044309744,Lung,Treatment vs Control,Lung | Treatment vs Control,0.9785568044309744,0.009413958830841018,FALSE,NS
Gene_0617,205.30219329987605,-0.0681222826834009,0.5928034769667039,-0.11491545736535404,0.9085121330565415,0.9785568044309744,Lung,Treatment vs Control,Lung | Treatment vs Control,0.9785568044309744,0.009413958830841018,FALSE,NS
Gene_0694,162.71573116207946,-0.06704619285148637,0.562984501472985,-0.1190906546735614,0.905203534542627,0.9785568044309744,Lung,Treatment vs Control,Lung | Treatment vs Control,0.9785568044309744,0.009413958830841018,FALSE,NS
Gene_0034,132.98917554471825,0.06431843762462748,0.5466794325552825,0.11765293112270751,0.9063426631800409,0.9785568044309744,Lung,Treatment vs Control,Lung | Treatment vs Control,0.9785568044309744,0.009413958830841018,FALSE,NS
Gene_0232,157.38249072971107,-0.06367148831009181,0.5120791835613469,-0.12433914588614399,0.901046753839142,0.9785568044309744,Lung,Treatment vs Control,Lung | Treatment vs Control,0.9785568044309744,0.009413958830841018,FALSE,NS
Gene_0443,120.43081937880655,0.0628097848258919,0.600916924515199,0.10452324150557896,0.9167541252410963,0.9785568044309744,Lung,Treatment vs Control,Lung | Treatment vs Control,0.9785568044309744,0.009413958830841018,FALSE,NS
Gene_0642,251.03147701500657,0.0622065326669576,0.635910223404644,0.09782282211772869,0.9220729848668264,0.9785568044309744,Lung,Treatment vs Control,Lung | Treatment vs Control,0.9785568044309744,0.009413958830841018,FALSE,NS
Gene_0311,168.28769146592884,0.05910293198718593,0.5557936326400016,0.10633970689165496,0.9153128286330005,0.9785568044309744,Lung,Treatment vs Control,Lung | Treatment vs Control,0.9785568044309744,0.009413958830841018,FALSE,NS
Gene_0166,167.28020182656823,-0.057149145340142225,0.5720326238527335,-0.09990539517699772,0.9204194330520953,0.9785568044309744,Lung,Treatment vs Control,Lung | Treatment vs Control,0.9785568044309744,0.009413958830841018,FALSE,NS
Gene_0304,196.18260128834984,0.055625469008952655,0.5682596982673386,0.09788740813145537,0.9220216988203344,0.9785568044309744,Lung,Treatment vs Control,Lung | Treatment vs Control,0.9785568044309744,0.009413958830841018,FALSE,NS
Gene_0214,216.13279720137297,-0.05337556941803318,0.5295682935630833,-0.10079071966130648,0.9197165939618738,0.9785568044309744,Lung,Treatment vs Control,Lung | Treatment vs Control,0.9785568044309744,0.009413958830841018,FALSE,NS
Gene_0024,102.99190112066226,-0.051913781469647244,0.50681979112878806,-0.10243045433175561,0.9184150117334087,0.9785568044309744,Lung,Treatment vs Control,Lung | Treatment vs Control,0.9785568044309744,0.009413958830841018,FALSE,NS
Gene_0685,145.86743568266255,0.049922157144750595,0.4887825069581104,0.10213572792413585,0.9186489425047506,0.9785568044309744,Lung,Treatment vs Control,Lung | Treatment vs Control,0.9785568044309744,0.009413958830841018,FALSE,NS
Gene_0173,211.0914129230357,-0.04840984836513054,0.501773138114821,-0.0964775606502333,0.923141294787784,0.9785568044309744,Lung,Treatment vs Control,Lung | Treatment vs Control,0.9785568044309744,0.009413958830841018,FALSE,NS
Gene_0092,188.54155039449518,-0.04801178019817571,0.4790779903003282,-0.1002170443440278,0.9201720147067006,0.9785568044309744,Lung,Treatment vs Control,Lung | Treatment vs Control,0.9785568044309744,0.009413958830841018,FALSE,NS
Gene_0600,174.28469649414717,-0.04639157190879725,0.47244103496477025,-0.09819547515015636,0.921777075408417,0.9785568044309744,Lung,Treatment vs Control,Lung | Treatment vs Control,0.9785568044309744,0.009413958830841018,FALSE,NS
Gene_0182,140.3492239038524,-0.058727798474033255,0.6309375616810567,-0.09308020641148729,0.9258398421547536,0.979982522982517,Lung,Treatment vs Control,Lung | Treatment vs Control,0.979982522982517,0.008781669450295146,FALSE,NS
Gene_0171,168.67614888197753,0.055074914358906955,0.6338990891096183,0.08688277882882872,0.930764688254728,0.9823230820647568,Lung,Treatment vs Control,Lung | Treatment vs Control,0.9823230820647568,0.007745651030516591,FALSE,NS
Gene_0450,189.47601680553754,-0.04307957335916939,0.49113841533619407,-0.08771371168284721,0.9301042212833935,0.9823230820647568,Lung,Treatment vs Control,Lung | Treatment vs Control,0.9823230820647568,0.007745651030516591,FALSE,NS
Gene_0217,190.04218318551295,-0.05845541988246841,0.7331116405965274,-0.07973604106859315,0.9364471940713848,0.9868817591087082,Lung,Treatment vs Control,Lung | Treatment vs Control,0.9868817591087082,0.005734878174103316,FALSE,NS
Gene_0204,179.95811394813188,0.050775182285286685,0.766982945444212,0.0662011881579444,0.947217650838453,0.9881693531686803,Lung,Treatment vs Control,Lung | Treatment vs Control,0.9881693531686803,0.005168619335612781,FALSE,NS
Gene_0597,223.80622600571368,0.0460571971655961,0.7410153390997295,0.0621541751369839,0.9504400548345775,0.9881693531686803,Lung,Treatment vs Control,Lung | Treatment vs Control,0.9881693531686803,0.005168619335612781,FALSE,NS
Gene_0258,198.36462796370742,-0.04208223232602472,0.6417701036698679,-0.065572129467209,0.947718478806711,0.9881693531686803,Lung,Treatment vs Control,Lung | Treatment vs Control,0.9881693531686803,0.005168619335612781,FALSE,NS
Gene_0551,170.29255093736876,0.040544056638277516,0.6700580869273114,0.0605082714906115,0.9517508282257109,0.9881693531686803,Lung,Treatment vs Control,Lung | Treatment vs Control,0.9881693531686803,0.005168619335612781,FALSE,NS
Gene_0265,145.60069310358912,-0.03617533360908162,0.6040987677632964,-0.0598831441802513,0.9522487047958013,0.9881693531686803,Lung,Treatment vs Control,Lung | Treatment vs Control,0.9881693531686803,0.005168619335612781,FALSE,NS
Gene_0396,138.1347456816748,0.03568741007883444,0.6320965069929212,0.05645879969913218,0.9549763162211674,0.9881693531686803,Lung,Treatment vs Control,Lung | Treatment vs Control,0.9881693531686803,0.005168619335612781,FALSE,NS
Gene_0203,178.97535315731756,-0.03492023046381561,0.5302313819196907,-0.06585847547798417,0.9474905005404676,0.9881693531686803,Lung,Treatment vs Control,Lung | Treatment vs Control,0.9881693531686803,0.005168619335612781,FALSE,NS
Gene_0615,145.55329622808472,-0.03440299300867409,0.4768648790709626,-0.07214411150533599,0.9424872217564833,0.9881693531686803,Lung,Treatment vs Control,Lung | Treatment vs Control,0.9881693531686803,0.005168619335612781,FALSE,NS
Gene_0075,162.0225867331212,0.03429647288509683,0.5761881999027808,0.0595230393313914,0.9525355152755335,0.9881693531686803,Lung,Treatment vs Control,Lung | Treatment vs Control,0.9881693531686803,0.005168619335612781,FALSE,NS
Gene_0324,131.68971369759961,-0.034246141051388915,0.5545156236333427,-0.06175865853336745,0.950755026319202,0.9881693531686803,Lung,Treatment vs Control,Lung | Treatment vs Control,0.9881693531686803,0.005168619335612781,FALSE,NS
Stat2,224.61104773548627,0.03389375080953856,0.6027175857545553,0.0562348795034846,0.9551546952891011,0.9881693531686803,Lung,Treatment vs Control,Lung | Treatment vs Control,0.9881693531686803,0.005168619335612781,FALSE,NS
Gene_0594,80.3849994646906,0.030982364340137725,0.5979561734254034,0.05181377117097839,0.9586770824837945,0.9881693531686803,Lung,Treatment vs Control,Lung | Treatment vs Control,0.9881693531686803,0.005168619335612781,FALSE,NS
Gene_0448,131.31811271540073,-0.03084004589780516,0.5984284246507259,-0.05153506188447687,0.9588991636161524,0.9881693531686803,Lung,Treatment vs Control,Lung | Treatment vs Control,0.9881693531686803,0.005168619335612781,FALSE,NS
Gene_0225,159.70291661892765,-0.03066789851336322,0.5548341838565208,-0.05527398888835206,0.9559201843378812,0.9881693531686803,Lung,Treatment vs Control,Lung | Treatment vs Control,0.9881693531686803,0.005168619335612781,FALSE,NS
Gene_0050,109.63121855543473,0.02616665567942671,0.5427896056294974,0.04820773170311555,0.9615506883457045,0.9881693531686803,Lung,Treatment vs Control,Lung | Treatment vs Control,0.9881693531686803,0.005168619335612781,FALSE,NS
Gene_0359,138.6599825042028,-0.025788500923098215,0.4703519921922584,-0.05482808907197539,0.9562754222110972,0.9881693531686803,Lung,Treatment vs Control,Lung | Treatment vs Control,0.9881693531686803,0.005168619335612781,FALSE,NS
Gene_0057,127.4716022578992,-0.025180956912192142,0.5383282006852438,-0.046776217333847694,0.9626915840982975,0.9881693531686803,Lung,Treatment vs Control,Lung | Treatment vs Control,0.9881693531686803,0.005168619335612781,FALSE,NS
Gene_0374,138.78374002256623,-0.024259053083777606,0.5308138287763884,-0.04570162224239455,0.9635480707997155,0.9881693531686803,Lung,Treatment vs Control,Lung | Treatment vs Control,0.9881693531686803,0.005168619335612781,FALSE,NS
Gene_0584,199.13090811056938,0.023011066509662795,0.5042476483339318,0.04563445478762848,0.9636016068191828,0.9881693531686803,Lung,Treatment vs Control,Lung | Treatment vs Control,0.9881693531686803,0.005168619335612781,FALSE,NS
Gene_0006,130.18547565414,-0.02620010792593674,0.6430111531464946,-0.040745961866648486,0.9674984197285145,0.9907621723952539,Lung,Treatment vs Control,Lung | Treatment vs Control,0.9907621723952539,0.004030583266681068,FALSE,NS
Gene_0389,176.01185289991764,-0.020170704176052684,0.542231698508399,-0.03719941905192812,0.9703260018225909,0.9920077407815264,Lung,Treatment vs Control,Lung | Treatment vs Control,0.9920077407815264,0.0034849389692222657,FALSE,NS
Gene_0621,147.43761587351372,-0.019547314199973145,0.5462681342161393,-0.03578336896407535,0.9714550942183733,0.9920077407815264,Lung,Treatment vs Control,Lung | Treatment vs Control,0.9920077407815264,0.0034849389692222657,FALSE,NS
Gene_0401,179.86119685696605,0.015922305980966247,0.4850511291629151,0.03282603631589195,0.9738133154201127,0.9930152681185375,Lung,Treatment vs Control,Lung | Treatment vs Control,0.9930152681185375,0.003044073953105056,FALSE,NS
Gene_0210,134.4361605816341,-0.012698115141535885,0.4755161978820083,-0.02670385403924078,0.9786959391510353,0.9965905203169474,Lung,Treatment vs Control,Lung | Treatment vs Control,0.9965905203169474,0.0014832482041154532,FALSE,NS
Gene_0065,128.90478207800626,0.012517815800704764,0.6001191101467963,0.020858885492986146,0.9833582241053299,0.997211785464037,Lung,Treatment vs Control,Lung | Treatment vs Control,0.997211785464037,0.001212597464942531,FALSE,NS
Gene_0067,212.20705493738495,0.012408626116906489,0.7170322544930929,0.01730553408044215,0.9861928707075281,0.997211785464037,Lung,Treatment vs Control,Lung | Treatment vs Control,0.997211785464037,0.001212597464942531,FALSE,NS
Gene_0135,157.63525182664992,-0.011524934749178095,0.5012038796007516,-0.022994504269118216,0.9816546567494939,0.997211785464037,Lung,Treatment vs Control,Lung | Treatment vs Control,0.997211785464037,0.001212597464942531,FALSE,NS
Gene_0321,156.23937114725467,0.011247664542324187,0.5522796206732052,0.020365887353608603,0.9837514961515471,0.997211785464037,Lung,Treatment vs Control,Lung | Treatment vs Control,0.997211785464037,0.001212597464942531,FALSE,NS
Gene_0101,172.17716248557875,-0.010235113102370777,0.545879981117985,-0.01874974986517886,0.9850407405645145,0.997211785464037,Lung,Treatment vs Control,Lung | Treatment vs Control,0.997211785464037,0.001212597464942531,FALSE,NS
Gene_0667,179.03918614268747,-0.007715521922987401,0.7239415465935213,-0.010657658700888889,0.9914965796463691,0.9986231227094864,Lung,Treatment vs Control,Lung | Treatment vs Control,0.9986231227094864,5.983822535950885e-4,FALSE,NS
Gene_0124,155.36354503886795,0.006000217171067518,0.46287845405516376,0.012962835315623568,0.9896574434903302,0.9986231227094864,Lung,Treatment vs Control,Lung | Treatment vs Control,0.9986231227094864,5.983822535950885e-4,FALSE,NS
Gene_0019,124.07223728023637,-0.004345535975302604,0.521398922125832,-0.008334378516904321,0.9933502050420909,0.9986231227094864,Lung,Treatment vs Control,Lung | Treatment vs Control,0.9986231227094864,5.983822535950885e-4,FALSE,NS
Gene_0263,146.89974810419432,-0.003971838320894818,0.6139090560399307,-0.006469750334871223,0.9948379221076739,0.9986231227094864,Lung,Treatment vs Control,Lung | Treatment vs Control,0.9986231227094864,5.983822535950885e-4,FALSE,NS
Gene_0413,159.68966357651038,-0.003760064366131671,0.53945951219261,-0.006970058514399071,0.9944387429527397,0.9986231227094864,Lung,Treatment vs Control,Lung | Treatment vs Control,0.9986231227094864,5.983822535950885e-4,FALSE,NS
Gene_0239,196.18753810074776,0.0024458176992839943,0.6381211512837658,0.0038328422343680705,0.9969418418449433,0.9986231227094864,Lung,Treatment vs Control,Lung | Treatment vs Control,0.9986231227094864,5.983822535950885e-4,FALSE,NS
Gene_0160,170.01572521825935,-0.0016251280866163467,0.47045434542511777,-0.003454380010344741,0.9972438090040866,0.9986231227094864,Lung,Treatment vs Control,Lung | Treatment vs Control,0.9986231227094864,5.983822535950885e-4,FALSE,NS
Gene_0518,177.84687206261043,1.7118169393731737e-4,0.4952577461030535,3.4564162859493727e-4,0.9997242178864645,0.9997242178864645,Lung,Treatment vs Control,Lung | Treatment vs Control,0.9997242178864645,1.1978716845464987e-4,FALSE,NS
