"Gene","Brain_Pair_1_Control","Brain_Pair_1_Treatment","Brain_Pair_2_Control","Brain_Pair_2_Treatment","Brain_Pair_3_Control","Brain_Pair_3_Treatment","Brain_Pair_4_Control","Brain_Pair_4_Treatment","Lung_Pair_1_Control","Lung_Pair_1_Treatment","Lung_Pair_2_Control","Lung_Pair_2_Treatment","Lung_Pair_3_Control","Lung_Pair_3_Treatment","Lung_Pair_4_Control","Lung_Pair_4_Treatment"
"Stat1",1070,19405,569,19202,1292,20380,1714,18306,1297,13601,1624,15452,950,11912,1444,15547
"Stat2",37,421,39,458,68,400,42,333,37,327,43,396,30,433,41,317
"Irf7",268,3396,106,3605,183,5108,204,4752,246,3308,135,1840,128,4882,196,2732
"Isg15",349,1690,232,1696,304,2066,602,2067,250,1452,331,1754,297,1571,368,1328
"Ifit1",364,4530,215,5138,246,3646,137,3023,177,3666,183,3591,194,2051,270,2258
"Ifit2",85,1710,72,1366,94,2652,58,2128,85,1175,87,1335,109,1055,129,1322
"Ifit3",1090,32043,1980,34589,1191,20499,1693,37566,1402,23027,1209,21624,2016,18109,2696,23992
"Mx1",112,712,66,874,86,659,162,743,72,397,102,522,146,600,60,581
"Oas1a",2545,36640,3983,30472,4400,24616,4941,40087,3862,21035,4351,21369,2597,23271,3725,27120
"Oas2",106,886,93,418,100,658,75,751,147,548,80,560,81,585,103,641
"Irf9",947,8879,920,12165,863,15835,1435,10808,1157,8115,1166,5869,970,6707,1212,9972
"Usp18",7280,62326,7472,99004,5315,70414,7077,51819,7240,64778,5729,53503,6920,54788,8125,51337
"B2m",2,128,1,87,6,189,6,148,13,22,4,107,10,187,1,98
"Mki67",52,21,61,9,63,12,95,10,78,6,63,11,61,10,76,15
"Top2a",58,19,107,14,72,20,34,17,132,22,106,51,100,33,85,58
"Cdk1",558,82,216,70,308,81,436,72,306,108,201,71,367,52,503,68
"Ccnb1",61,73,47,12,59,41,54,32,75,34,43,31,51,33,82,58
"Ccnb2",5,0,6,0,7,1,10,2,15,0,5,3,3,1,5,1
"Aurkb",2,0,18,5,11,2,9,1,4,1,15,4,8,0,3,4
"Ube2c",1045,186,1069,228,1292,197,1367,181,1458,263,1361,190,1076,234,1257,272
"Birc5",34,25,56,18,56,20,64,18,55,14,37,34,63,37,68,33
"Plk1",10,2,7,0,22,1,8,0,11,1,8,3,1,1,8,0
"Cdc20",78,28,86,45,95,38,68,56,93,48,37,36,90,30,46,34
"Cdk2",708,172,930,204,715,287,913,294,693,164,1283,165,924,231,920,280
"Il6",2448,12482,2704,7653,2480,9021,3185,9495,3620,12603,3161,11040,3754,10962,4832,16044
"Ccl2",33,337,54,276,38,428,50,260,43,415,47,354,32,315,35,326
"Cxcl10",62,254,49,530,86,442,76,601,36,288,65,660,74,460,64,554
"Nfkbia",8,72,5,175,5,8,7,47,1,199,8,55,1,201,2,20
"Socs3",211,290,234,670,369,543,258,788,392,894,248,989,303,643,343,1075
"Jun",26,254,6,148,21,300,43,249,31,133,33,168,32,436,50,219
"Fos",224,1676,309,2032,196,1926,254,2222,313,1816,194,1490,325,2159,258,2632
"Icam1",419,4045,255,3267,296,4879,466,2860,416,4575,339,3926,491,3701,411,3661
"Tnf",578,6228,538,5123,712,6336,759,8716,919,5797,657,6241,664,6247,1002,9446
"Il1b",24,61,17,81,24,131,50,89,25,128,31,114,26,89,23,167
"Cxcl9",237,1247,337,1736,254,1671,307,2050,260,1535,202,1433,297,1106,311,1827
"Ccl5",11,66,13,68,15,37,15,27,10,28,5,3,5,29,12,26
"Gene_0001",34,50,15,26,19,23,17,17,40,4,35,20,28,24,39,31
"Gene_0002",19,6,27,4,16,29,18,19,33,9,1,16,35,16,24,23
"Gene_0003",5,14,14,3,4,12,4,4,6,8,3,20,3,6,10,33
"Gene_0004",89,251,105,433,95,336,80,272,115,240,168,459,86,366,107,516
"Gene_0005",172,97,109,91,86,190,197,133,172,125,195,111,126,168,125,199
"Gene_0006",65,47,43,50,43,79,26,41,40,67,60,61,31,66,29,64
"Gene_0007",474,557,299,365,287,502,454,392,543,542,421,514,393,473,343,385
"Gene_0008",33,30,36,21,14,22,29,14,38,10,25,20,34,44,38,12
"Gene_0009",6,4,10,11,12,5,9,6,2,27,33,10,14,0,10,9
"Gene_0010",141,76,258,73,303,63,232,96,278,115,230,75,173,80,342,82
"Gene_0011",10,9,48,25,17,8,19,19,33,11,19,11,27,33,39,51
"Gene_0012",1721,1559,1177,932,1355,1199,1758,1049,1552,1200,1577,958,1304,1161,1375,1555
"Gene_0013",27,33,76,59,45,25,36,42,68,57,37,29,50,64,76,40
"Gene_0014",369,302,366,250,251,517,420,370,419,256,299,320,301,375,319,439
"Gene_0015",197,166,148,111,158,239,176,167,132,200,222,232,159,173,242,188
"Gene_0016",20,22,31,29,38,25,14,24,14,47,23,35,14,24,41,34
"Gene_0017",2125,1609,1895,1824,1279,1765,1292,2204,2295,1391,1387,1667,2399,1874,2026,1809
"Gene_0018",279,424,309,182,250,325,466,309,308,234,364,370,278,445,322,332
"Gene_0019",185,113,102,153,57,111,112,203,123,147,127,110,109,126,166,184
"Gene_0020",206,298,136,399,134,338,271,289,201,387,175,387,242,400,185,364
"Gene_0021",346,428,358,365,271,312,397,408,219,405,355,340,290,334,544,384
"Gene_0022",141,425,118,441,110,321,197,471,129,561,114,599,170,463,166,375
"Gene_0023",10,13,20,2,6,14,6,3,14,26,1,13,1,20,28,9
"Gene_0024",177,183,135,169,159,177,240,204,192,211,191,187,162,184,190,246
"Gene_0025",41,43,53,66,56,45,34,40,64,59,42,90,52,39,82,40
"Gene_0026",122,197,139,142,96,170,176,255,184,159,128,87,174,142,162,177
"Gene_0027",230,224,249,255,307,239,372,215,363,244,314,418,259,274,366,361
"Gene_0028",1364,1296,1042,1966,1191,1728,1590,1510,1203,1613,1307,1478,1267,1596,1314,1703
"Gene_0029",29,8,42,15,38,20,27,16,32,47,44,25,27,17,30,21
"Gene_0030",801,920,791,1116,1257,629,1347,1050,1662,1284,1029,977,1091,1146,1298,1522
"Gene_0031",196,183,208,123,205,229,132,204,221,262,140,302,214,300,294,264
"Gene_0032",937,643,656,587,641,636,794,683,687,695,527,706,740,1001,755,822
"Gene_0033",473,472,710,414,485,417,722,573,559,574,476,548,438,448,697,440
"Gene_0034",352,398,279,529,389,391,423,510,502,497,259,482,400,320,252,500
"Gene_0035",19,181,14,80,23,129,5,100,19,25,29,115,12,113,21,269
"Gene_0036",127,20,91,28,33,21,98,15,81,23,89,16,87,30,67,22
"Gene_0037",304,349,288,353,274,516,381,328,360,300,321,245,239,289,348,391
"Gene_0038",13,8,22,23,21,19,23,13,20,14,18,21,13,19,38,14
"Gene_0039",46,47,12,31,41,79,66,72,66,49,47,33,18,33,32,80
"Gene_0040",426,338,339,369,428,492,445,329,387,542,421,422,287,626,273,342
"Gene_0041",511,395,329,365,369,375,718,297,299,518,393,546,472,446,347,374
"Gene_0042",224,311,304,171,222,186,256,216,364,181,178,329,262,243,219,338
"Gene_0043",32,22,10,18,6,9,29,19,22,21,18,22,20,21,16,43
"Gene_0044",6,2,11,9,13,13,14,40,31,12,2,5,18,12,12,20
"Gene_0045",1373,1679,1988,2951,1463,1329,1027,2561,2079,1897,1539,2065,1421,2227,1054,1861
"Gene_0046",91,287,162,433,196,304,180,412,125,346,122,250,173,429,158,616
"Gene_0047",148,547,111,455,133,356,108,576,126,487,127,669,148,623,150,567
"Gene_0048",68,101,79,85,64,50,111,122,131,66,79,58,115,110,98,87
"Gene_0049",4,15,16,11,3,11,18,18,11,25,12,19,12,13,11,25
"Gene_0050",232,262,331,229,290,292,246,437,362,372,394,374,356,347,400,363
"Gene_0051",68,76,65,52,78,143,86,69,83,66,41,79,93,66,98,115
"Gene_0052",83,57,57,90,94,76,119,121,74,88,58,47,65,89,64,136
"Gene_0053",523,693,526,497,552,678,565,775,571,726,873,719,436,660,766,648
"Gene_0054",492,674,515,652,483,352,619,553,468,489,453,419,368,419,590,583
"Gene_0055",1216,1196,787,1287,965,1083,1532,981,941,861,977,1083,1719,1100,1230,888
"Gene_0056",51,55,31,59,31,88,52,61,34,76,48,96,55,72,32,122
"Gene_0057",347,703,287,846,251,886,344,712,413,780,283,1014,287,864,337,1062
"Gene_0058",1437,1753,1417,1692,1470,1467,1279,1243,1607,1275,1300,1172,1375,990,1878,1923
"Gene_0059",15,12,21,10,20,4,13,13,2,17,24,16,8,1,22,6
"Gene_0060",17,84,18,153,25,96,28,45,15,124,21,106,16,54,21,82
"Gene_0061",24,134,14,100,8,78,9,93,14,121,18,40,28,72,8,254
"Gene_0062",9,12,4,10,8,5,10,3,2,4,5,7,5,4,4,14
"Gene_0063",117,98,97,129,79,81,169,183,121,128,207,105,145,105,92,153
"Gene_0064",404,225,316,254,306,364,270,343,457,334,378,435,285,290,404,344
"Gene_0065",962,849,905,1130,845,1015,725,939,996,764,752,694,1021,1011,1140,847
"Gene_0066",569,508,933,624,677,532,693,944,738,738,644,769,635,808,879,738
"Gene_0067",15,2,19,17,15,13,12,32,29,30,6,21,12,29,16,15
"Gene_0068",2395,2504,2462,2403,3439,2978,2458,2857,3154,2515,3178,2778,2415,2265,2924,3831
"Gene_0069",24,25,31,28,50,53,26,37,33,52,28,34,25,14,32,20
"Gene_0070",124,148,86,90,105,136,136,108,129,119,111,134,116,101,145,203
"Gene_0071",44,34,31,112,68,49,62,56,37,39,39,46,48,44,46,99
"Gene_0072",73,104,43,73,49,120,93,149,101,97,45,47,112,110,83,86
"Gene_0073",136,117,87,155,195,217,203,103,136,146,205,210,173,255,171,120
"Gene_0074",118,42,121,58,111,35,144,34,132,28,164,21,126,61,135,58
"Gene_0075",109,131,105,95,80,150,110,97,67,120,119,113,76,105,101,111
"Gene_0076",109,106,126,111,108,108,189,141,111,91,89,113,133,143,158,163
"Gene_0077",39,56,24,21,34,49,28,56,35,40,44,44,50,48,37,83
"Gene_0078",27,63,35,42,47,47,48,79,42,59,61,42,22,59,72,55
"Gene_0079",8,6,14,5,2,3,14,13,6,6,5,5,20,17,35,17
"Gene_0080",48,118,125,145,27,95,10,127,42,186,54,114,61,126,50,158
"Gene_0081",48,48,30,72,50,34,26,32,31,26,76,44,36,68,34,89
"Gene_0082",12293,9951,9779,10074,14323,13235,13675,15253,18897,13084,16512,11255,15724,8254,16481,12259
"Gene_0083",0,9,0,11,5,9,9,5,3,2,7,5,7,5,5,12
"Gene_0084",116,149,117,131,82,154,132,196,193,105,157,82,152,152,135,165
"Gene_0085",4,10,9,4,12,5,20,9,7,7,3,11,13,7,4,13
"Gene_0086",2,16,0,2,3,8,12,6,16,7,7,3,30,16,12,33
"Gene_0087",132,107,159,104,115,116,117,152,150,163,176,87,90,147,139,112
"Gene_0088",37,9,12,56,4,16,15,29,9,54,8,21,35,41,21,16
"Gene_0089",175,125,146,176,73,114,116,97,90,93,74,124,145,79,218,101
"Gene_0090",54,48,42,28,43,47,53,42,43,57,32,43,40,60,30,69
"Gene_0091",28,41,24,38,34,31,45,35,28,36,56,39,37,61,40,35
"Gene_0092",6,0,26,20,0,18,9,6,15,11,13,11,6,5,22,9
"Gene_0093",14,11,5,17,10,9,11,9,10,6,6,16,20,9,13,16
"Gene_0094",190,124,158,96,101,136,122,141,169,118,123,109,141,149,179,123
"Gene_0095",283,33,404,81,282,79,348,75,339,65,308,43,268,57,270,74
"Gene_0096",36,39,31,29,55,27,70,25,35,56,34,55,23,63,50,54
"Gene_0097",118,98,110,57,93,79,143,112,87,102,96,113,96,84,109,136
"Gene_0098",825,882,912,537,586,732,889,1164,713,883,830,838,696,692,902,570
"Gene_0099",1762,1234,1335,1274,1227,1247,1477,1573,1542,1459,1155,1079,1892,1613,1377,1832
"Gene_0100",17,5,30,12,19,8,13,28,22,22,12,8,22,26,24,29
"Gene_0101",79,96,122,59,89,50,113,160,115,93,108,56,81,90,82,86
"Gene_0102",1083,897,757,609,900,783,1100,922,933,793,806,1291,798,721,1252,1245
"Gene_0103",38,46,24,34,37,25,63,26,49,64,51,32,33,18,86,34
"Gene_0104",100,124,105,79,63,54,63,171,74,107,84,114,93,96,104,142
"Gene_0105",88,375,96,406,111,337,123,389,76,259,67,387,76,374,106,402
"Gene_0106",16,3,22,19,28,9,23,16,8,35,19,20,33,17,19,38
"Gene_0107",65,28,50,62,51,35,42,55,39,62,53,69,57,63,59,49
"Gene_0108",104,65,55,43,81,26,105,81,80,70,47,56,112,33,131,72
"Gene_0109",36,83,27,37,57,49,98,105,62,52,17,71,45,47,40,70
"Gene_0110",796,808,765,1298,711,663,719,973,555,872,804,734,789,793,749,1018
"Gene_0111",54,60,49,47,38,43,40,81,36,78,46,34,61,62,41,31
"Gene_0112",76,52,36,74,50,45,18,25,61,42,59,34,64,55,26,67
"Gene_0113",384,266,329,304,362,312,503,488,374,310,476,378,401,305,526,475
"Gene_0114",21,27,17,24,11,7,10,26,17,6,21,19,25,14,17,17
"Gene_0115",47,181,93,195,69,185,87,226,110,222,115,156,90,158,99,392
"Gene_0116",17,44,15,18,8,41,15,59,4,16,8,35,6,59,4,32
"Gene_0117",850,716,798,781,592,850,970,926,1375,1142,970,1258,1046,860,1349,1244
"Gene_0118",43,23,41,17,44,23,62,49,76,16,88,19,47,19,36,50
"Gene_0119",53,52,28,45,90,62,40,50,34,52,51,67,73,68,38,40
"Gene_0120",5,14,8,6,15,3,11,11,5,10,24,24,14,10,15,11
"Gene_0121",86,66,64,38,91,87,100,185,142,84,86,111,120,137,139,127
"Gene_0122",19,10,27,17,31,13,31,15,26,16,17,15,5,25,22,32
"Gene_0123",59,38,25,46,18,41,33,35,24,30,36,41,50,15,75,57
"Gene_0124",903,1213,1076,590,1412,1082,1179,1340,845,1323,1072,1051,1096,1467,1411,1258
"Gene_0125",91,61,70,37,54,22,56,56,58,70,80,117,85,48,65,77
"Gene_0126",17,62,4,35,20,27,16,62,18,15,4,40,11,70,7,43
"Gene_0127",147,145,117,112,158,137,130,114,141,206,152,118,99,112,195,135
"Gene_0128",62,65,52,44,44,37,41,58,49,53,46,35,35,34,51,57
"Gene_0129",348,342,289,270,283,344,309,485,399,440,335,381,347,312,403,482
"Gene_0130",1398,4142,1083,4676,955,5167,1275,4875,1884,4210,1416,5148,1094,4630,1749,4604
"Gene_0131",24,30,9,31,10,7,38,16,27,19,42,16,23,22,17,52
"Gene_0132",336,266,196,253,239,246,189,240,291,249,250,217,239,198,200,311
"Gene_0133",124,67,143,39,125,54,76,37,127,31,170,69,169,46,112,79
"Gene_0134",494,509,501,500,508,497,601,538,575,657,464,515,559,648,708,758
"Gene_0135",83,176,67,334,58,376,60,414,90,316,48,174,83,286,96,115
"Gene_0136",590,2672,349,4035,579,3231,534,3018,492,3692,444,4946,877,4848,739,4913
"Gene_0137",8,12,11,7,7,1,16,6,15,18,4,15,12,2,7,4
"Gene_0138",2133,507,2036,525,1781,584,2178,526,1340,404,1708,651,2764,486,2437,698
"Gene_0139",422,763,360,518,345,523,591,512,468,563,630,411,661,576,674,789
"Gene_0140",89,65,99,120,44,87,83,93,84,77,75,92,93,72,97,92
"Gene_0141",4,17,0,8,2,16,1,30,16,19,1,0,13,0,12,15
"Gene_0142",277,74,383,60,244,55,357,95,395,127,546,88,362,106,337,56
"Gene_0143",193,298,276,300,181,322,309,423,175,474,330,554,198,558,285,508
"Gene_0144",45,166,101,76,61,101,84,134,134,99,73,77,86,82,116,117
"Gene_0145",112,80,176,214,131,132,199,143,196,120,160,112,148,97,149,172
"Gene_0146",34,30,41,17,33,49,34,43,64,46,50,43,21,39,73,52
"Gene_0147",221,238,223,202,301,153,156,234,308,213,182,268,212,215,213,274
"Gene_0148",149,139,192,137,125,163,202,178,151,205,160,147,291,136,167,216
"Gene_0149",100,45,68,70,55,41,49,69,54,63,73,30,50,53,72,66
"Gene_0150",3,7,13,2,16,14,12,4,5,13,33,10,5,7,8,6
"Gene_0151",264,521,294,387,424,397,323,559,488,525,397,363,507,330,389,357
"Gene_0152",239,363,236,219,318,342,326,268,355,266,255,228,227,333,298,320
"Gene_0153",21,21,26,18,27,20,26,20,21,9,18,18,22,30,15,16
"Gene_0154",6,6,8,4,4,33,14,27,12,7,11,22,15,10,9,3
"Gene_0155",189,199,118,137,196,124,171,224,229,213,123,126,115,133,214,159
"Gene_0156",63,49,51,40,59,55,41,62,60,33,40,48,79,58,47,72
"Gene_0157",116,135,84,135,245,103,139,192,274,210,165,126,248,182,207,248
"Gene_0158",25,16,17,24,5,8,13,2,5,13,12,8,16,6,10,3
"Gene_0159",13,38,1,39,27,11,8,6,14,38,18,28,13,35,27,14
"Gene_0160",768,4484,624,2780,678,2653,1015,4288,839,3452,1013,3392,683,3842,908,3576
"Gene_0161",235,198,227,230,103,234,246,235,211,270,225,275,288,245,193,235
"Gene_0162",218,268,275,253,418,253,403,283,279,287,342,329,293,208,294,379
"Gene_0163",1955,2457,2057,1977,2526,1888,3637,2706,2495,2161,2399,2395,3052,2478,2964,2897
"Gene_0164",131,121,138,148,153,159,135,144,174,234,117,108,197,209,148,179
"Gene_0165",19,1,20,6,7,2,9,16,11,3,3,3,21,35,17,20
"Gene_0166",182,200,157,129,130,193,215,184,143,188,171,152,133,168,151,226
"Gene_0167",1024,712,761,701,681,994,1235,875,1100,1231,849,1082,831,545,891,1180
"Gene_0168",2692,3589,3807,3652,4958,2890,3639,3867,3542,3615,4109,3186,4841,3498,4369,3536
"Gene_0169",9,10,8,10,4,13,6,22,11,6,10,5,9,6,10,14
"Gene_0170",14,24,23,177,6,83,21,44,9,66,17,20,39,90,23,99
"Gene_0171",26,97,17,58,25,74,48,139,23,188,12,145,21,153,50,127
"Gene_0172",9,5,13,11,12,18,10,50,12,6,11,12,21,6,22,31
"Gene_0173",28,31,26,27,20,36,25,26,44,59,30,29,38,30,55,40
"Gene_0174",127,676,46,729,67,558,58,764,55,663,89,571,43,670,66,437
"Gene_0175",6,10,2,17,15,10,11,13,8,10,18,14,5,5,8,35
"Gene_0176",3693,3002,3989,3560,3375,3084,4600,3123,4788,3563,4194,4899,4358,3992,6136,5222
"Gene_0177",117,122,142,145,85,139,164,179,184,154,136,136,104,121,160,170
"Gene_0178",104,173,107,97,122,86,60,132,137,119,68,71,94,146,104,65
"Gene_0179",216,218,230,239,281,297,310,415,198,230,323,309,388,278,196,387
"Gene_0180",130,94,93,55,83,130,151,106,78,95,112,97,140,111,118,104
"Gene_0181",117,161,57,71,86,69,85,64,79,71,65,83,102,44,102,119
"Gene_0182",1636,1469,1256,1233,1759,1322,1193,1194,1844,2232,1167,1365,1622,972,1352,1854
"Gene_0183",44,70,83,67,82,82,71,43,53,100,66,82,92,58,78,56
"Gene_0184",10,4,4,12,3,9,7,12,12,7,6,20,19,16,22,20
"Gene_0185",214,134,249,139,181,225,212,173,291,200,214,180,185,239,302,191
"Gene_0186",39,72,36,48,64,67,63,78,41,39,49,68,47,71,62,64
"Gene_0187",22,5,26,40,32,62,36,36,24,84,32,44,18,35,50,39
"Gene_0188",15,35,16,31,14,11,18,50,11,33,4,35,8,17,6,48
"Gene_0189",176,34,277,23,209,36,232,37,445,21,175,36,119,41,378,55
"Gene_0190",59,13,125,6,84,13,116,5,80,17,65,22,62,8,83,3
"Gene_0191",266,232,216,287,168,288,305,341,217,242,287,191,264,326,289,226
"Gene_0192",53,104,51,41,42,75,146,73,59,109,66,62,53,96,103,94
"Gene_0193",48,17,27,19,34,24,39,33,23,34,27,32,23,20,55,29
"Gene_0194",990,1195,1183,1380,827,742,1387,977,1270,760,1120,1102,1043,666,928,1240
"Gene_0195",42,15,52,94,75,43,103,57,69,84,107,52,60,86,59,99
"Gene_0196",670,472,407,453,703,740,675,562,516,466,444,707,836,711,584,740
"Gene_0197",5,8,7,5,11,12,5,30,7,11,17,19,10,11,11,13
"Gene_0198",27,61,44,69,26,37,41,42,54,62,76,15,25,15,67,45
"Gene_0199",58,146,46,199,47,278,69,212,77,192,59,219,64,149,98,206
"Gene_0200",43,35,52,50,54,37,66,52,68,60,50,52,43,39,80,38
"Gene_0201",1178,979,1179,1075,1209,946,1178,1028,1502,1382,1068,1443,979,1521,1111,1515
"Gene_0202",119,106,68,73,124,88,93,91,98,93,54,68,122,115,142,146
"Gene_0203",201,939,208,816,161,833,237,1168,146,593,174,949,170,936,248,1197
"Gene_0204",17,1,15,2,33,8,7,1,17,4,11,2,21,6,20,6
"Gene_0205",9,47,28,21,30,38,19,46,40,31,26,12,11,32,21,47
"Gene_0206",690,706,624,488,631,538,739,592,753,656,719,723,601,745,953,668
"Gene_0207",1234,986,868,770,882,763,1046,969,1354,1244,899,951,1164,1212,975,1118
"Gene_0208",1397,2481,860,1971,790,2350,1165,3417,1017,3447,1411,3385,476,3592,920,5997
"Gene_0209",12,1,7,4,4,2,5,13,5,1,4,3,5,16,4,0
"Gene_0210",3214,3943,3715,2632,3264,3597,3386,4221,4556,4352,3699,3362,4853,4207,3284,4458
"Gene_0211",529,5799,654,6420,376,5320,574,6426,642,6879,421,4921,629,6192,691,8532
"Gene_0212",86,100,104,95,79,129,121,77,115,62,126,80,115,86,86,107
"Gene_0213",351,326,314,340,272,450,320,375,257,537,250,363,303,416,476,597
"Gene_0214",35,26,7,8,4,25,32,11,12,24,19,11,26,14,20,25
"Gene_0215",21,7,16,9,10,13,3,11,12,19,22,4,24,8,9,10
"Gene_0216",110,258,133,172,110,219,94,180,118,216,116,227,121,266,138,259
"Gene_0217",10,14,10,8,24,6,11,2,5,8,19,19,25,31,12,7
"Gene_0218",140,125,109,148,125,142,112,193,136,209,89,143,201,180,183,242
"Gene_0219",1175,890,1133,1195,1040,843,1450,980,1321,1102,1318,847,1153,789,1262,1066
"Gene_0220",27,109,7,99,18,116,15,178,18,98,19,93,13,200,16,214
"Gene_0221",32,32,13,27,15,26,30,24,34,30,23,31,9,40,28,22
"Gene_0222",87,92,121,73,88,76,223,120,135,80,140,103,80,97,108,203
"Gene_0223",7,13,9,8,13,12,18,12,18,18,25,26,18,24,23,4
"Gene_0224",39,387,42,226,56,199,64,565,61,376,37,205,54,193,76,305
"Gene_0225",479,373,497,464,474,482,406,522,371,802,546,615,466,428,519,626
"Gene_0226",401,2757,541,4156,538,2844,715,2982,804,4047,466,4498,792,2914,1060,4087
"Gene_0227",205,321,232,183,177,241,320,213,131,227,207,182,235,132,269,267
"Gene_0228",3,8,11,2,4,25,14,4,12,17,3,5,13,31,22,0
"Gene_0229",99,96,71,101,94,95,81,102,86,104,137,110,133,95,197,94
"Gene_0230",657,790,588,493,706,967,785,666,616,662,618,642,945,593,1024,628
"Gene_0231",453,386,321,507,372,540,381,565,486,306,433,417,406,534,628,726
"Gene_0232",96,37,77,70,55,88,49,49,56,66,86,54,50,61,103,66
"Gene_0233",6,7,7,8,10,7,9,6,3,11,17,16,3,4,3,6
"Gene_0234",128,107,98,97,119,95,166,129,122,111,108,104,83,70,108,83
"Gene_0235",296,957,226,1083,319,652,292,1165,263,1113,296,1411,217,981,417,1687
"Gene_0236",119,101,88,164,169,170,139,168,119,114,164,76,112,125,103,153
"Gene_0237",155,68,128,141,75,154,218,109,182,130,110,144,180,158,101,110
"Gene_0238",266,219,122,127,184,167,140,135,269,250,187,206,256,191,191,243
"Gene_0239",46,9,60,3,48,9,96,8,57,6,80,7,65,10,58,5
"Gene_0240",733,810,814,1483,1005,1050,1162,1075,1731,871,1095,798,1440,1074,1397,1212
"Gene_0241",209,203,197,217,228,176,343,268,187,265,240,155,188,256,247,264
"Gene_0242",6,9,16,3,13,8,17,6,16,12,12,14,39,9,15,30
"Gene_0243",1251,933,1139,1003,1081,869,1305,1279,1640,1334,1674,983,1378,852,1448,1559
"Gene_0244",842,7986,847,7759,751,7650,867,7465,1001,11018,909,6446,919,7042,1017,8975
"Gene_0245",542,395,608,296,403,369,646,381,395,481,442,427,555,412,495,805
"Gene_0246",9,0,0,9,8,21,3,6,11,3,7,7,13,1,3,2
"Gene_0247",60,49,34,36,41,25,46,43,35,60,52,78,25,43,49,46
"Gene_0248",266,261,296,448,168,411,336,432,239,318,406,399,291,389,364,234
"Gene_0249",74,78,110,165,126,108,145,184,131,131,116,127,108,126,116,119
"Gene_0250",119,152,203,169,181,135,171,181,162,204,133,149,132,127,185,247
"Gene_0251",8198,7973,9731,7759,7938,10909,10853,12365,8743,9564,12582,12217,8119,11565,12746,8621
"Gene_0252",71,11,15,27,24,35,26,15,19,23,18,17,46,15,31,54
"Gene_0253",6,5,6,18,11,15,9,8,5,4,6,1,6,8,2,2
"Gene_0254",173,126,144,183,168,191,201,107,168,158,158,175,108,164,130,195
"Gene_0255",30,15,20,32,20,45,36,38,11,14,46,51,10,30,41,19
"Gene_0256",265,185,197,267,197,384,192,329,240,357,268,268,388,263,287,253
"Gene_0257",46,185,32,165,20,77,31,133,29,103,12,80,28,56,28,105
"Gene_0258",4854,4406,6455,6386,6205,4568,6519,5824,5424,8400,6109,6759,6045,6378,7353,7347
"Gene_0259",112,95,114,63,91,43,101,103,92,154,102,72,81,93,92,129
"Gene_0260",53,75,58,55,32,31,90,36,39,42,25,49,67,34,58,59
"Gene_0261",104,26,58,22,69,10,93,27,148,22,77,20,77,23,100,40
"Gene_0262",449,336,302,335,569,505,395,477,288,462,374,254,533,409,304,790
"Gene_0263",106,75,119,81,93,67,147,132,164,159,137,84,125,168,140,238
"Gene_0264",3,5,2,5,5,2,10,13,13,4,9,12,8,12,10,14
"Gene_0265",169,121,92,121,96,160,91,112,134,105,97,79,97,65,100,122
"Gene_0266",604,168,314,226,331,197,392,212,334,168,420,195,296,233,468,256
"Gene_0267",100,68,111,128,50,107,81,210,105,132,118,100,76,109,135,138
"Gene_0268",470,419,409,399,374,393,444,478,353,278,394,368,403,543,425,540
"Gene_0269",54,162,97,103,77,225,80,260,106,167,86,181,141,111,71,122
"Gene_0270",79,122,89,98,77,92,100,100,74,107,53,139,117,136,59,113
"Gene_0271",277,231,236,284,246,266,248,403,261,375,214,377,315,279,239,328
"Gene_0272",667,492,508,669,674,728,706,738,737,511,520,580,776,774,629,594
"Gene_0273",8,9,9,9,5,13,19,20,13,2,5,11,12,22,8,7
"Gene_0274",78,105,66,94,97,101,122,117,76,106,123,119,96,107,109,128
"Gene_0275",88,15,73,12,124,18,97,24,89,10,100,17,79,11,104,13
"Gene_0276",9,122,34,142,9,94,50,133,31,296,7,304,15,93,34,174
"Gene_0277",21,9,15,5,12,6,7,4,10,8,11,10,17,6,27,1
"Gene_0278",33,34,42,24,18,19,29,11,25,23,21,50,37,31,80,35
"Gene_0279",259,212,279,275,469,298,300,333,295,274,260,321,270,214,554,391
"Gene_0280",42,50,56,59,59,59,42,62,71,70,55,24,110,42,39,71
"Gene_0281",28,22,45,15,16,12,28,21,24,36,17,40,17,9,20,27
"Gene_0282",141,91,128,108,127,120,168,104,201,136,160,128,158,137,147,196
"Gene_0283",19,0,13,0,8,3,11,3,16,8,22,1,18,2,28,2
"Gene_0284",695,286,598,316,586,213,513,296,659,279,662,332,749,200,927,352
"Gene_0285",37,47,15,41,45,49,31,26,59,61,23,27,28,39,24,81
"Gene_0286",159,273,130,141,174,123,212,82,213,155,113,151,135,177,167,207
"Gene_0287",119,138,141,148,105,81,148,91,110,78,102,157,128,139,147,156
"Gene_0288",142,130,152,85,75,75,110,129,144,94,92,96,69,92,152,152
"Gene_0289",2328,26629,3189,14900,2594,18865,2229,28095,2607,28475,3778,22952,2685,18916,3637,32018
"Gene_0290",20,21,19,28,26,36,28,25,48,17,22,24,32,14,24,30
"Gene_0291",630,581,834,833,789,691,1263,614,826,636,907,525,824,913,774,1074
"Gene_0292",76,111,143,89,85,95,122,168,153,119,125,83,74,162,186,105
"Gene_0293",17,22,24,21,19,21,31,11,25,45,30,47,28,30,34,60
"Gene_0294",65,115,72,120,98,78,134,86,88,90,92,85,116,133,101,106
"Gene_0295",387,338,342,535,272,514,440,567,427,431,374,612,400,566,569,617
"Gene_0296",25,43,41,61,31,58,50,33,53,56,24,33,42,67,65,95
"Gene_0297",30,8,17,10,36,13,44,19,20,12,25,27,16,16,11,28
"Gene_0298",60,129,145,116,130,200,173,152,176,170,118,200,123,190,192,138
"Gene_0299",571,135,496,96,574,100,615,220,628,93,664,150,554,142,617,155
"Gene_0300",84,503,67,399,70,435,100,323,120,480,78,512,151,371,60,508
"Gene_0301",7,5,12,2,9,0,16,3,12,0,8,0,12,3,14,2
"Gene_0302",8,0,3,0,4,4,1,2,3,1,11,0,18,0,22,3
"Gene_0303",25,133,20,85,28,75,31,96,21,40,18,65,16,87,25,137
"Gene_0304",32,66,44,39,41,59,47,25,29,45,51,68,38,76,65,64
"Gene_0305",171,67,90,78,103,102,105,77,105,118,89,89,100,112,128,137
"Gene_0306",223,276,220,344,211,375,253,311,357,416,416,487,297,324,381,557
"Gene_0307",14,27,39,45,30,52,58,66,40,18,25,17,49,38,34,58
"Gene_0308",38,14,12,11,25,19,12,9,30,11,21,5,16,9,23,8
"Gene_0309",210,340,325,281,271,324,317,258,372,367,448,220,226,428,331,341
"Gene_0310",115,124,132,150,160,212,206,174,194,236,162,181,143,277,204,186
"Gene_0311",993,1100,718,822,946,756,946,1148,967,839,877,848,865,959,1162,933
"Gene_0312",3,16,1,1,3,8,7,16,7,1,11,8,15,5,13,4
"Gene_0313",95,101,136,107,102,71,151,158,115,155,92,150,114,154,127,188
"Gene_0314",1275,182,1071,168,1334,303,670,255,905,288,1288,135,1061,296,1334,263
"Gene_0315",329,289,352,463,236,285,454,353,353,372,333,378,415,395,570,539
"Gene_0316",29,16,16,25,28,17,23,22,24,37,19,23,31,21,34,15
"Gene_0317",400,413,422,361,481,381,389,559,367,302,349,415,424,366,614,733
"Gene_0318",6,20,8,8,10,23,41,9,16,24,10,14,30,16,16,24
"Gene_0319",40,32,33,25,55,87,43,45,55,45,54,79,22,41,30,27
"Gene_0320",1012,978,638,861,1006,1007,1056,1268,1055,949,1024,645,899,1023,1517,910
"Gene_0321",66,74,73,79,73,71,75,52,91,42,68,46,71,63,65,69
"Gene_0322",375,541,396,530,524,552,296,677,694,529,427,721,361,845,613,707
"Gene_0323",80,61,85,58,63,50,81,89,82,78,57,69,67,72,43,72
"Gene_0324",8,5,13,13,7,2,1,20,14,10,8,7,17,29,5,10
"Gene_0325",22,36,16,21,34,30,24,15,41,22,34,30,8,18,24,27
"Gene_0326",16,16,9,24,5,10,6,4,20,8,16,14,5,7,18,32
"Gene_0327",47,35,59,67,52,71,45,27,40,44,48,53,33,32,41,64
"Gene_0328",50,52,78,51,27,67,68,67,53,36,55,39,61,79,50,49
"Gene_0329",51,37,61,19,97,58,113,28,95,45,140,61,86,47,85,40
"Gene_0330",76,34,61,97,69,56,55,79,100,47,75,65,66,80,110,62
"Gene_0331",4491,2449,2467,1517,3292,1821,2801,2161,2791,1955,2728,1942,3335,1819,3328,2180
"Gene_0332",22,10,19,8,2,3,5,1,1,1,22,0,5,9,23,27
"Gene_0333",55,9,40,10,49,6,28,8,36,3,62,8,46,7,46,3
"Gene_0334",145,193,239,197,197,164,190,137,319,168,156,104,185,192,202,217
"Gene_0335",1882,2326,1901,1972,1610,2179,2757,2105,2035,2068,2178,2087,1947,1764,2158,2551
"Gene_0336",107,113,103,136,137,140,185,113,121,100,122,128,113,175,105,124
"Gene_0337",897,870,1018,857,1003,867,968,1123,1189,871,863,1102,833,1247,1499,1267
"Gene_0338",7,9,8,0,3,1,25,7,5,8,22,15,8,6,3,4
"Gene_0339",1635,3777,1514,3231,1359,2105,1292,2510,1103,3301,1811,2969,2033,2002,1782,2560
"Gene_0340",31,25,49,44,24,17,31,14,42,58,26,25,36,22,23,26
"Gene_0341",59,38,43,46,54,76,83,83,43,95,41,81,45,97,63,116
"Gene_0342",2,29,10,20,8,46,29,26,15,12,7,14,17,5,27,11
"Gene_0343",95,172,128,136,170,125,130,149,93,141,120,139,151,189,138,175
"Gene_0344",2509,2478,2103,2102,1920,2669,3105,2517,3163,3064,3012,2705,3399,2220,3472,2234
"Gene_0345",8683,9537,8609,5670,9005,8219,7059,8781,9008,10598,9578,9363,10744,9863,10591,7781
"Gene_0346",19,8,14,13,19,8,16,25,11,4,5,3,9,14,16,18
"Gene_0347",317,209,183,306,273,302,335,267,275,316,332,199,367,304,435,307
"Gene_0348",1196,1134,1348,1427,1287,1103,1282,1631,1244,1715,1432,1329,1364,1970,1612,1792
"Gene_0349",82,71,66,65,45,58,67,118,71,80,43,48,73,110,95,120
"Gene_0350",94,79,120,51,56,64,107,73,76,60,69,80,53,53,86,71
"Gene_0351",56,43,63,55,49,47,75,47,56,88,40,40,55,42,104,76
"Gene_0352",266,320,354,278,332,250,245,302,246,296,307,335,554,462,317,386
"Gene_0353",1540,1295,1350,1041,828,1258,2076,1334,1065,934,1725,969,1246,1139,1440,1194
"Gene_0354",339,433,367,389,370,472,421,339,277,407,243,379,361,343,297,416
"Gene_0355",296,204,153,182,141,259,178,159,242,313,197,123,136,225,263,190
"Gene_0356",96,82,76,61,45,40,78,79,55,65,36,51,89,60,105,55
"Gene_0357",283,273,183,268,240,180,262,338,325,245,239,298,266,260,381,292
"Gene_0358",36,13,50,4,22,5,38,16,64,13,43,10,54,9,81,4
"Gene_0359",50,37,88,77,53,55,76,93,65,79,59,89,78,78,89,60
"Gene_0360",517,198,725,248,748,246,746,242,821,296,803,269,807,303,1168,284
"Gene_0361",192,301,197,319,228,231,235,382,198,300,180,273,221,337,267,365
"Gene_0362",135,154,127,202,160,191,136,284,175,126,157,187,186,150,252,125
"Gene_0363",36,60,67,33,45,104,70,100,67,125,59,90,93,99,113,77
"Gene_0364",490,557,355,479,513,702,626,623,289,548,501,884,704,441,593,889
"Gene_0365",1108,1040,1067,978,1336,815,1108,1170,1096,1120,1079,1119,1406,952,1217,1371
"Gene_0366",11,22,11,18,19,57,23,13,9,38,15,28,14,23,28,40
"Gene_0367",76,126,59,137,92,78,111,108,112,88,126,102,76,108,171,137
"Gene_0368",98,141,63,112,103,110,88,81,154,102,112,92,112,139,113,137
"Gene_0369",28,21,55,36,34,23,28,26,44,49,36,29,51,48,34,52
"Gene_0370",27,45,11,68,9,14,18,47,31,70,26,67,17,32,10,33
"Gene_0371",137,98,118,67,88,105,114,52,132,66,122,163,104,135,109,89
"Gene_0372",383,304,370,372,315,332,372,482,240,237,361,247,306,395,347,277
"Gene_0373",1322,1057,1393,1582,1143,1394,1458,1527,1307,1831,1041,1733,1611,1191,1679,1972
"Gene_0374",2,10,3,8,37,27,8,11,2,11,8,9,8,4,8,2
"Gene_0375",24,17,51,24,28,31,23,31,32,24,64,35,17,23,54,18
"Gene_0376",19,76,70,44,57,94,62,66,68,75,70,51,66,92,59,41
"Gene_0377",9,31,13,24,2,15,19,77,10,57,3,46,6,42,5,43
"Gene_0378",21,43,44,14,19,21,20,14,35,25,37,42,35,35,23,36
"Gene_0379",18,50,18,17,10,35,19,32,23,17,40,52,26,28,52,35
"Gene_0380",33,11,35,24,26,20,51,26,16,20,18,22,51,21,36,30
"Gene_0381",1,0,16,3,8,1,17,1,2,2,4,0,9,2,2,0
"Gene_0382",132,140,111,152,153,155,223,153,130,145,170,181,115,58,224,174
"Gene_0383",22,294,41,206,25,176,22,122,40,160,59,149,50,161,26,230
"Gene_0384",1553,5715,1601,4093,1891,5300,1729,6841,1831,6185,1454,5377,1591,4353,2115,6456
"Gene_0385",564,343,270,405,473,471,277,525,368,447,366,416,530,407,620,598
"Gene_0386",4,2,13,6,9,3,5,4,9,5,9,1,3,19,5,16
"Gene_0387",91,143,148,123,94,123,136,140,149,65,101,98,144,123,118,131
"Gene_0388",11,40,36,37,26,19,49,33,44,12,33,23,30,35,58,41
"Gene_0389",565,462,452,453,433,668,484,464,568,603,344,649,460,723,624,650
"Gene_0390",134,97,119,194,88,174,138,186,95,135,70,93,98,149,79,101
"Gene_0391",23,6,45,16,56,6,61,6,69,9,23,19,48,15,58,33
"Gene_0392",161,214,199,287,270,256,268,353,247,294,292,287,184,309,290,241
"Gene_0393",154,183,101,198,173,99,152,142,80,111,145,153,136,158,173,156
"Gene_0394",63,61,31,120,74,83,91,101,110,158,91,40,83,72,103,108
"Gene_0395",5809,2978,4950,2876,3205,3230,4211,3946,4195,3973,3316,4272,5482,3272,3279,4032
"Gene_0396",29,40,44,31,28,46,48,71,41,24,49,60,24,46,53,47
"Gene_0397",49,30,57,48,71,37,73,37,35,53,54,24,64,34,55,54
"Gene_0398",2,6,3,2,10,6,2,9,10,9,6,4,21,1,5,19
"Gene_0399",111,83,110,77,100,92,113,133,97,97,95,66,111,151,54,166
"Gene_0400",310,313,542,560,409,566,457,520,500,400,577,283,528,374,585,500
"Gene_0401",4,12,3,7,4,21,8,5,3,10,11,5,3,5,6,1
"Gene_0402",41,61,85,51,43,77,54,93,54,65,87,95,70,73,82,97
"Gene_0403",13,10,27,9,9,0,13,14,19,13,25,10,9,15,12,9
"Gene_0404",1651,1637,1813,1156,1011,1042,1842,1903,1695,1398,1157,1380,1447,1982,1359,1262
"Gene_0405",921,1660,1007,1182,1332,1362,1655,1257,899,1381,1151,1223,1341,1069,1733,1128
"Gene_0406",153,171,184,152,183,243,285,153,154,246,197,254,142,202,119,174
"Gene_0407",1156,936,1302,1217,1526,1370,1756,1371,1500,1577,1118,1041,1258,1193,1744,1475
"Gene_0408",29,93,17,136,23,322,31,76,18,169,25,24,18,118,51,56
"Gene_0409",392,473,564,622,706,522,574,602,541,688,647,617,521,650,809,683
"Gene_0410",50,107,47,117,32,97,66,97,16,73,16,52,43,77,47,131
"Gene_0411",230,51,166,21,121,33,169,33,237,31,188,33,165,50,210,40
"Gene_0412",57,3,138,8,63,15,70,20,65,9,56,40,39,15,56,15
"Gene_0413",55,40,56,19,68,36,89,17,49,22,38,44,56,44,98,55
"Gene_0414",300,242,295,398,228,400,254,356,249,213,276,243,409,242,271,336
"Gene_0415",7,7,4,0,9,3,7,12,9,13,17,5,8,2,9,17
"Gene_0416",44,12,119,12,58,21,103,16,99,15,41,23,19,20,85,16
"Gene_0417",113,44,150,50,180,48,160,70,126,33,118,59,82,62,151,68
"Gene_0418",45,35,35,65,51,48,54,50,43,71,58,70,69,59,42,48
"Gene_0419",111,105,116,101,109,92,141,107,178,124,100,58,81,157,118,100
"Gene_0420",63,58,38,52,46,50,61,52,34,45,65,90,95,34,49,62
"Gene_0421",1284,2104,2016,1966,1421,2573,1812,2064,2877,2546,2126,1537,1896,2263,2236,2681
"Gene_0422",363,306,399,273,408,319,515,345,310,304,382,406,369,350,358,623
"Gene_0423",14662,21204,15548,14002,24860,24173,20779,16446,19244,25858,23312,19874,22392,19346,26199,26893
"Gene_0424",15,16,34,15,31,22,31,19,30,39,40,20,27,27,31,23
"Gene_0425",409,577,347,406,419,548,515,482,564,529,315,487,522,712,356,523
"Gene_0426",4918,4378,4280,4358,4452,3625,5830,3858,4751,4119,4883,4227,3967,4791,4907,4407
"Gene_0427",112,31,243,45,185,48,210,69,278,59,211,69,116,49,271,82
"Gene_0428",5,61,26,137,11,131,18,71,28,94,9,69,17,78,28,73
"Gene_0429",14,36,8,5,13,10,26,12,8,11,14,16,20,12,20,6
"Gene_0430",61,106,71,60,105,103,90,99,122,95,107,145,98,94,160,159
"Gene_0431",989,1094,1034,1112,960,973,1203,1370,834,998,924,1430,1115,1153,1311,1534
"Gene_0432",395,395,361,613,339,479,555,567,445,575,328,546,650,609,385,567
"Gene_0433",14,18,4,7,7,11,6,15,18,1,7,9,16,13,10,24
"Gene_0434",19,33,52,18,14,15,42,35,26,52,30,26,40,38,34,78
"Gene_0435",107,124,86,89,99,93,147,122,75,185,61,99,97,182,141,142
"Gene_0436",12,10,3,16,2,3,5,8,9,6,7,8,4,10,14,5
"Gene_0437",346,338,465,245,365,498,299,286,375,355,317,464,348,364,529,447
"Gene_0438",7,5,5,16,5,18,3,24,4,5,13,2,7,12,16,3
"Gene_0439",140,543,156,734,120,596,125,945,106,827,110,924,138,772,120,919
"Gene_0440",68,37,53,42,53,34,69,64,53,36,35,42,48,35,54,77
"Gene_0441",66,52,41,73,28,39,43,39,42,54,39,33,33,31,26,16
"Gene_0442",59,79,64,29,44,39,61,77,41,74,130,49,66,63,69,74
"Gene_0443",224,190,180,156,157,193,148,135,247,214,169,162,119,200,229,212
"Gene_0444",214,70,220,68,145,94,187,60,320,93,175,70,214,127,189,121
"Gene_0445",50,68,59,51,70,71,99,68,58,72,74,72,60,58,111,94
"Gene_0446",8,12,3,15,20,7,2,15,11,7,20,14,4,9,10,32
"Gene_0447",11,1,3,0,6,4,3,4,11,0,9,1,12,4,11,1
"Gene_0448",5,4,7,7,3,6,4,4,0,7,15,13,3,6,3,12
"Gene_0449",468,405,374,436,366,492,456,488,475,482,354,539,510,685,490,492
"Gene_0450",53,42,63,71,85,71,80,68,92,104,54,57,53,92,111,91
"Gene_0451",196,105,158,150,132,130,171,156,314,168,165,128,217,208,178,146
"Gene_0452",3,5,6,13,1,15,33,25,1,17,16,5,18,6,9,7
"Gene_0453",73,19,38,76,21,52,60,73,48,29,46,48,62,38,49,41
"Gene_0454",217,232,347,286,233,326,356,477,217,324,280,398,459,290,360,355
"Gene_0455",71,9,113,8,80,9,47,16,90,20,71,20,91,15,86,13
"Gene_0456",85,56,65,108,124,105,78,44,86,87,74,33,120,69,112,83
"Gene_0457",69,98,92,141,91,108,114,48,59,93,104,79,126,62,92,114
"Gene_0458",646,757,764,698,869,1080,1144,961,1052,973,857,911,720,897,768,1446
"Gene_0459",42,25,25,31,60,38,20,38,25,29,29,78,28,22,40,33
"Gene_0460",335,420,270,352,284,467,235,283,496,551,421,466,526,276,476,387
"Gene_0461",615,570,454,488,526,554,479,708,580,683,452,303,551,495,657,672
"Gene_0462",20,8,8,4,1,10,20,8,19,24,15,17,26,21,7,11
"Gene_0463",116,166,177,97,85,131,188,169,175,153,126,146,103,145,161,124
"Gene_0464",121,58,95,85,146,71,94,80,139,71,88,63,102,77,138,80
"Gene_0465",902,690,519,694,490,605,737,606,908,613,691,667,586,682,735,798
"Gene_0466",478,574,563,405,642,706,388,532,468,336,587,516,495,474,508,506
"Gene_0467",119,139,90,215,131,222,166,166,121,187,120,230,127,203,96,292
"Gene_0468",144,145,80,141,107,112,121,108,134,129,150,123,178,111,142,105
"Gene_0469",35,38,13,45,33,53,20,51,19,26,53,14,25,23,17,53
"Gene_0470",60,515,67,725,103,479,96,694,94,546,58,394,94,550,83,417
"Gene_0471",24,13,16,19,20,13,15,11,15,4,29,15,17,29,14,14
"Gene_0472",12,22,23,17,22,16,26,17,10,21,20,14,23,19,20,22
"Gene_0473",0,6,11,2,33,7,11,6,14,11,15,6,4,14,15,17
"Gene_0474",273,70,433,77,610,62,569,106,478,45,399,80,376,71,564,91
"Gene_0475",913,648,663,882,681,853,967,1122,857,800,833,907,612,778,909,734
"Gene_0476",49,19,42,35,24,30,69,39,30,54,38,66,52,60,68,58
"Gene_0477",8,25,4,19,12,17,9,18,13,25,12,34,18,15,14,16
"Gene_0478",148,90,58,78,86,41,75,101,93,116,56,90,129,79,86,105
"Gene_0479",5207,5552,5376,5687,7927,4716,7632,5215,5829,5738,7248,5764,5252,6404,6807,5497
"Gene_0480",3209,2341,3090,2461,4077,3487,2729,4926,4045,3351,3868,3455,4329,2351,4512,4822
"Gene_0481",9,32,9,9,2,5,1,6,14,9,7,15,2,3,6,24
"Gene_0482",79,31,46,59,58,85,55,105,51,45,61,43,48,23,49,79
"Gene_0483",1722,1725,1230,1424,1648,1794,1993,1277,1534,1508,1698,1548,2056,1368,1868,1813
"Gene_0484",143,70,74,83,177,59,89,98,115,53,116,125,75,66,107,103
"Gene_0485",1722,1958,1875,2197,1811,2013,2048,2319,1750,2180,1663,2173,1882,2097,2607,2457
"Gene_0486",76,59,25,94,54,60,93,62,69,55,36,55,85,85,88,85
"Gene_0487",539,126,353,166,332,121,320,231,257,199,289,138,312,196,411,269
"Gene_0488",132,208,105,291,186,262,168,293,176,317,183,364,237,336,170,336
"Gene_0489",29566,32088,42691,25465,27301,27503,32693,34880,27991,35520,49556,32439,40513,23418,32841,33034
"Gene_0490",545,58,379,61,462,49,510,70,515,75,521,61,614,79,587,74
"Gene_0491",10,8,13,10,12,16,4,12,12,23,14,25,19,5,15,7
"Gene_0492",44,63,18,54,22,36,33,69,30,38,43,35,42,19,34,34
"Gene_0493",182,182,185,161,226,221,263,210,256,189,200,216,194,227,244,286
"Gene_0494",9,13,5,18,17,3,4,3,7,2,8,11,4,14,3,19
"Gene_0495",19,163,1,60,9,27,7,65,9,61,18,46,8,97,8,58
"Gene_0496",17,13,1,2,18,17,8,17,13,12,11,19,24,19,28,4
"Gene_0497",47,10,59,3,90,4,68,3,54,5,18,1,58,5,59,17
"Gene_0498",901,872,1499,917,665,918,843,816,1015,912,933,789,1288,1051,1810,980
"Gene_0499",46,65,46,41,49,45,53,103,97,105,41,55,73,49,64,81
"Gene_0500",118,133,126,102,137,119,148,160,150,138,154,175,195,117,124,146
"Gene_0501",87,74,96,106,80,122,67,133,93,94,92,70,101,108,110,160
"Gene_0502",17,28,33,12,25,44,40,26,17,43,29,43,19,34,30,20
"Gene_0503",1568,1489,880,1194,1332,1267,1340,1326,1070,1834,1412,1259,1103,1504,1803,1262
"Gene_0504",6,8,11,3,20,21,8,19,24,11,1,6,19,9,37,14
"Gene_0505",52,37,81,51,50,46,122,72,50,83,46,34,66,51,171,32
"Gene_0506",56,63,37,65,50,29,35,63,96,114,43,66,88,55,113,55
"Gene_0507",208,390,250,291,277,318,215,216,385,399,210,295,211,250,270,173
"Gene_0508",1645,5832,1846,6508,2131,6979,1667,5992,1390,4663,1876,7437,1922,5510,1742,5071
"Gene_0509",257,176,225,291,173,268,335,306,338,185,237,303,291,261,422,243
"Gene_0510",1457,1906,1081,2193,904,2033,1319,2850,927,2217,1327,2877,1114,2399,1557,3228
"Gene_0511",355,445,442,385,471,520,406,385,376,554,311,247,261,389,474,661
"Gene_0512",21,20,39,39,41,57,42,37,33,39,31,35,35,35,55,46
"Gene_0513",101,8,85,19,108,12,152,30,180,16,126,11,94,12,106,8
"Gene_0514",656,817,1192,781,1253,871,1535,1054,778,1233,1217,963,1054,1707,1352,1412
"Gene_0515",15,16,28,4,16,6,1,7,1,7,9,7,5,3,22,5
"Gene_0516",198,169,178,164,135,163,205,222,212,242,117,225,165,197,185,198
"Gene_0517",69,127,59,103,65,71,84,64,41,79,62,64,67,58,158,97
"Gene_0518",636,488,407,522,391,496,488,484,416,514,719,377,612,618,579,627
"Gene_0519",455,392,418,281,265,365,584,502,458,399,412,431,278,523,423,429
"Gene_0520",157,200,294,141,183,95,221,205,195,185,135,122,153,160,222,224
"Gene_0521",1009,1532,1220,1479,1451,1245,1376,1348,1258,1513,1137,1333,1795,1557,1554,1245
"Gene_0522",15,6,8,7,11,3,13,7,13,17,7,2,18,9,6,6
"Gene_0523",508,491,511,415,613,448,864,446,674,514,640,591,672,457,674,550
"Gene_0524",16,3,10,4,2,4,2,4,11,6,3,0,4,23,4,8
"Gene_0525",310,222,223,263,302,304,432,330,316,319,351,319,333,256,443,477
"Gene_0526",112,304,79,502,163,326,153,605,117,459,107,479,123,539,184,810
"Gene_0527",513,347,534,551,598,547,629,658,773,659,580,405,612,520,984,312
"Gene_0528",110,95,145,120,99,100,158,126,185,210,79,71,157,162,113,139
"Gene_0529",11,3,2,14,5,2,10,9,4,11,9,8,2,8,9,25
"Gene_0530",4,7,9,10,4,9,1,13,9,8,9,14,15,18,3,7
"Gene_0531",342,260,189,234,192,305,394,312,336,258,316,287,161,298,201,240
"Gene_0532",66,52,81,33,99,31,47,44,52,62,104,58,98,53,85,53
"Gene_0533",61,19,32,14,56,20,37,26,31,15,61,25,34,40,28,33
"Gene_0534",58,44,65,61,66,68,58,60,74,54,59,53,35,72,76,68
"Gene_0535",14,21,20,30,41,35,26,32,14,14,42,37,32,34,19,24
"Gene_0536",95,72,71,71,88,61,116,99,69,49,168,93,94,91,74,106
"Gene_0537",8,8,11,20,18,20,17,33,14,7,41,11,22,26,13,18
"Gene_0538",13,5,11,1,5,8,6,16,2,4,15,1,2,10,9,7
"Gene_0539",88,241,100,254,53,316,58,226,54,205,79,233,68,189,101,222
"Gene_0540",559,712,537,499,630,611,793,1019,849,755,768,778,538,703,705,525
"Gene_0541",2472,2910,2464,2227,2677,1969,2930,3650,2517,4001,2492,2291,3183,3992,3316,3039
"Gene_0542",84,6,103,17,92,11,116,18,117,17,96,14,134,13,174,23
"Gene_0543",79,100,70,97,97,97,78,125,62,100,74,64,71,70,106,125
"Gene_0544",459,618,545,518,532,500,476,586,525,573,308,566,679,763,639,584
"Gene_0545",130,76,124,122,114,102,103,109,113,149,116,153,106,76,100,112
"Gene_0546",44,30,34,42,40,43,90,50,26,57,51,46,39,52,69,60
"Gene_0547",6,3,7,5,9,4,2,6,6,3,10,18,6,6,13,3
"Gene_0548",10,10,7,7,12,14,8,26,25,11,14,3,6,4,10,8
"Gene_0549",159,1617,193,1747,255,824,270,1564,282,1808,199,1030,158,1951,293,1449
"Gene_0550",2,0,16,14,21,10,6,1,1,5,4,2,9,1,3,5
"Gene_0551",725,765,725,817,622,630,630,1011,634,876,806,802,805,656,871,966
"Gene_0552",12,6,8,4,9,10,13,2,21,1,6,3,6,0,14,3
"Gene_0553",79,228,43,221,57,175,109,410,43,171,54,223,101,318,49,307
"Gene_0554",137,106,104,90,79,87,113,76,143,89,90,78,125,108,124,125
"Gene_0555",100,15,112,18,93,14,134,12,132,16,82,17,112,21,122,26
"Gene_0556",114,32,123,28,104,51,141,33,176,28,157,41,121,27,199,30
"Gene_0557",229,249,396,218,371,307,401,405,344,317,367,315,258,326,328,343
"Gene_0558",90,172,51,223,118,172,110,242,64,251,59,193,80,239,82,334
"Gene_0559",57,85,65,50,32,66,58,76,63,74,91,71,75,91,53,102
"Gene_0560",103,12,146,19,145,14,157,13,230,19,106,17,150,20,131,10
"Gene_0561",52,141,36,90,58,216,50,132,73,99,29,143,68,136,26,185
"Gene_0562",1276,2362,2138,1235,1952,1216,1662,1706,1443,3054,1521,1185,1919,1522,2827,2529
"Gene_0563",2,9,9,16,0,16,5,6,14,8,6,14,9,6,32,13
"Gene_0564",598,451,735,590,593,429,938,670,631,635,511,749,862,600,683,787
"Gene_0565",66,206,41,206,52,269,101,325,61,471,78,172,49,358,82,379
"Gene_0566",184,167,231,181,213,228,228,209,203,294,159,239,211,161,155,164
"Gene_0567",630,507,685,1012,576,588,649,952,686,984,568,913,585,647,675,539
"Gene_0568",542,445,558,325,473,526,425,423,490,508,355,595,341,415,338,557
"Gene_0569",37,38,16,17,28,23,30,25,44,36,13,30,30,30,32,20
"Gene_0570",1616,1994,1700,1365,2038,2010,2158,1823,1659,1280,1506,1562,2091,1503,2050,2441
"Gene_0571",8,0,12,11,11,7,13,18,8,3,7,8,2,9,6,11
"Gene_0572",464,206,590,278,361,237,454,362,386,261,441,431,534,330,630,311
"Gene_0573",24,36,49,98,43,53,45,43,55,28,56,51,36,69,39,52
"Gene_0574",2,2,3,13,9,63,4,24,24,5,6,65,11,24,11,9
"Gene_0575",30,27,6,33,26,9,5,6,10,20,24,18,8,11,13,10
"Gene_0576",246,166,114,237,139,165,165,117,113,119,137,82,168,112,143,92
"Gene_0577",6457,1179,5866,1434,5938,1072,6867,1531,5239,1706,6894,1297,5740,1306,8089,1750
"Gene_0578",106,131,165,132,245,152,215,203,202,216,153,201,172,168,199,159
"Gene_0579",626,510,561,705,791,786,984,733,790,574,785,1108,528,807,923,804
"Gene_0580",550,278,468,506,441,472,473,639,496,675,462,386,395,309,576,429
"Gene_0581",8,21,15,29,26,18,50,26,49,71,63,59,16,37,36,22
"Gene_0582",737,668,469,475,528,768,611,669,626,648,807,510,523,599,738,685
"Gene_0583",177,145,134,182,157,224,269,170,207,285,188,277,222,202,235,311
"Gene_0584",133,119,132,131,111,147,131,97,113,90,133,141,130,156,230,114
"Gene_0585",637,114,715,95,464,118,813,139,510,165,658,89,492,96,744,123
"Gene_0586",328,528,328,482,613,254,622,303,408,415,394,333,404,407,342,576
"Gene_0587",19,142,11,217,18,77,43,157,26,149,30,139,25,153,32,208
"Gene_0588",183,207,138,125,233,83,249,171,200,199,279,179,229,167,321,194
"Gene_0589",33,25,12,18,8,23,53,25,31,32,22,22,32,12,26,21
"Gene_0590",366,404,266,355,301,409,386,359,218,432,316,252,497,620,456,521
"Gene_0591",60,49,43,22,33,24,36,66,78,39,82,41,63,58,82,57
"Gene_0592",220,238,260,198,152,210,262,269,275,235,225,175,202,286,291,243
"Gene_0593",273,86,135,173,263,254,154,284,231,182,226,184,133,254,209,194
"Gene_0594",52,75,37,48,116,91,64,71,51,55,96,81,34,65,76,51
"Gene_0595",342,203,233,179,263,210,379,305,202,322,209,192,241,263,252,147
"Gene_0596",285,363,285,369,370,247,341,324,249,247,256,216,385,331,372,257
"Gene_0597",73,56,46,51,75,106,68,63,74,83,53,84,37,85,43,56
"Gene_0598",847,582,663,794,555,798,786,1656,701,626,802,936,1026,804,1211,1263
"Gene_0599",1379,6558,1243,5135,1026,5328,1530,5671,1420,5713,1182,5546,1852,6544,1461,6900
"Gene_0600",29,67,51,44,23,16,35,32,36,27,31,26,23,44,34,46
"Gene_0601",13,31,17,14,31,43,25,27,43,46,41,30,21,25,10,30
"Gene_0602",370,303,181,433,272,179,266,230,215,204,381,227,225,347,251,322
"Gene_0603",19,16,10,21,28,24,23,29,32,12,16,26,18,11,32,25
"Gene_0604",42,408,91,368,65,296,43,244,36,313,81,328,24,732,51,322
"Gene_0605",493,446,304,386,438,324,410,379,567,476,389,655,426,541,521,446
"Gene_0606",20,37,46,49,40,36,36,58,26,28,28,22,37,31,41,49
"Gene_0607",6,2,8,2,17,3,10,0,10,0,1,1,11,0,7,3
"Gene_0608",345,168,249,322,291,440,325,186,458,245,419,344,298,305,359,309
"Gene_0609",5,5,6,6,8,5,14,4,6,3,13,17,3,3,1,20
"Gene_0610",4,8,7,4,2,0,18,6,6,12,8,14,9,8,10,2
"Gene_0611",1,5,5,2,11,5,10,3,10,8,7,10,15,6,12,3
"Gene_0612",436,132,333,128,288,99,561,173,366,151,405,155,425,146,591,118
"Gene_0613",135,241,161,168,178,241,136,198,148,131,170,144,237,228,138,335
"Gene_0614",299,224,183,176,134,249,330,247,280,237,186,193,263,182,324,316
"Gene_0615",448,1518,350,1214,426,1521,662,1621,565,1804,540,2161,550,1640,459,1614
"Gene_0616",116,360,167,601,64,473,96,260,77,305,110,466,126,565,117,561
"Gene_0617",21,5,16,15,31,7,12,11,25,5,7,21,6,7,18,17
"Gene_0618",423,442,293,403,343,494,373,617,325,725,354,445,227,637,365,461
"Gene_0619",1115,1218,1042,1167,862,1189,1043,1448,1345,1031,932,1709,1137,1373,1286,1146
"Gene_0620",6,3,15,0,6,2,0,3,7,2,9,0,43,1,3,0
"Gene_0621",53,25,23,30,28,57,21,39,49,52,42,46,32,37,59,33
"Gene_0622",48,61,51,88,71,70,67,127,96,55,65,33,85,145,69,35
"Gene_0623",17,5,4,1,4,5,7,18,9,16,1,7,14,17,4,29
"Gene_0624",386,204,261,281,476,240,380,251,404,266,464,318,459,388,416,274
"Gene_0625",39,34,28,36,34,37,55,64,53,38,33,28,48,37,21,40
"Gene_0626",949,2110,666,2104,884,2275,1118,2318,1047,1944,989,1686,1052,2007,1137,2400
"Gene_0627",84,29,91,51,74,34,85,61,144,51,137,29,112,33,109,24
"Gene_0628",478,430,232,217,315,512,371,468,393,618,584,528,483,324,604,461
"Gene_0629",1580,1688,1576,1263,2167,1647,1914,1350,1878,1814,1955,1533,2294,1555,1841,1536
"Gene_0630",167,125,127,192,198,106,163,121,191,178,146,174,98,185,215,174
"Gene_0631",708,758,866,555,576,782,855,756,684,1056,693,502,801,693,1074,738
"Gene_0632",93,182,135,189,157,156,157,125,112,159,161,89,118,181,211,236
"Gene_0633",4,10,7,5,1,19,13,4,3,11,6,24,6,7,13,9
"Gene_0634",106,85,111,110,132,76,141,118,128,114,145,154,130,64,139,138
"Gene_0635",405,352,465,380,318,587,480,407,357,399,496,469,405,260,334,351
"Gene_0636",262,338,234,224,390,206,387,263,225,300,258,266,243,296,323,246
"Gene_0637",79,62,61,70,81,50,69,73,64,63,93,70,55,80,107,109
"Gene_0638",46,19,14,18,6,11,3,4,6,17,10,3,20,11,15,20
"Gene_0639",313,301,358,369,337,356,335,341,359,211,251,399,359,485,315,262
"Gene_0640",9,23,20,9,33,5,17,22,18,14,22,16,11,15,13,30
"Gene_0641",10,8,5,5,36,9,22,15,6,6,13,30,11,6,5,1
"Gene_0642",366,217,342,332,255,291,330,352,281,227,413,281,242,368,295,417
"Gene_0643",4,7,2,16,7,16,19,15,11,2,12,16,18,6,18,4
"Gene_0644",152,151,170,198,153,165,176,159,187,156,123,130,181,179,157,127
"Gene_0645",82,94,111,110,54,123,134,152,110,80,87,92,62,79,130,170
"Gene_0646",9,20,19,8,2,20,13,8,2,14,7,22,8,33,13,20
"Gene_0647",708,882,948,1120,712,901,1137,1259,743,1010,915,689,602,775,1061,1405
"Gene_0648",29,41,49,40,16,27,20,27,30,48,33,17,51,49,35,30
"Gene_0649",1060,2898,711,3566,946,3226,919,3176,1167,4507,1098,3586,1495,3368,1116,3633
"Gene_0650",42,60,54,36,76,57,12,54,45,29,61,25,33,29,34,34
"Gene_0651",52,9,39,48,47,19,39,24,66,20,31,31,20,26,63,61
"Gene_0652",100,33,90,19,73,15,115,42,124,19,107,38,107,38,92,46
"Gene_0653",40,49,42,56,39,63,52,50,77,47,71,69,101,46,77,58
"Gene_0654",62,45,37,60,42,90,44,60,72,46,86,79,47,53,50,103
"Gene_0655",5,11,23,2,10,13,31,7,22,9,32,8,27,4,58,11
"Gene_0656",19,20,14,7,21,3,14,8,10,10,7,23,9,8,14,23
"Gene_0657",257,207,220,399,185,416,219,315,295,354,258,229,341,320,371,440
"Gene_0658",25,3,28,4,26,5,37,4,24,4,13,1,54,5,25,4
"Gene_0659",6,2,5,6,26,7,8,4,7,10,4,9,15,6,6,7
"Gene_0660",22,69,29,118,28,65,38,107,51,81,21,107,41,129,64,75
"Gene_0661",19,26,22,77,17,42,43,45,14,58,24,34,20,65,37,68
"Gene_0662",8,0,4,1,16,2,5,1,12,0,6,0,14,1,2,3
"Gene_0663",30,57,61,81,80,78,63,64,90,95,58,100,48,86,97,41
"Gene_0664",163,198,89,146,108,238,176,246,108,202,161,148,135,178,171,171
"Gene_0665",191,132,185,192,171,150,205,134,190,255,180,120,186,168,139,198
"Gene_0666",166,157,175,225,157,225,206,199,271,190,154,233,210,264,281,300
"Gene_0667",21,22,14,13,22,21,35,28,8,12,11,29,9,7,18,22
"Gene_0668",52,77,45,105,32,70,108,55,96,50,63,113,53,75,78,101
"Gene_0669",23,17,10,9,8,24,15,18,21,8,4,3,7,24,18,24
"Gene_0670",31,54,14,33,21,55,42,22,41,36,32,57,50,35,35,22
"Gene_0671",12,20,10,25,17,16,26,16,7,12,10,5,15,16,5,20
"Gene_0672",22,7,12,24,12,7,15,28,14,12,10,7,9,25,7,17
"Gene_0673",243,337,331,391,391,276,306,364,335,341,297,438,312,381,341,336
"Gene_0674",51,54,62,49,83,41,84,64,81,74,74,91,60,58,30,66
"Gene_0675",69,50,34,44,46,59,91,66,42,63,58,53,46,97,31,72
"Gene_0676",2015,3749,2224,2140,1876,3174,2426,2680,2239,3239,2230,2878,1860,2996,3263,2179
"Gene_0677",110,129,78,96,73,100,115,99,93,86,86,124,148,91,70,121
"Gene_0678",60,57,50,44,51,15,37,46,17,36,32,56,90,42,34,35
"Gene_0679",431,582,313,504,422,421,552,425,386,467,455,427,371,388,352,383
"Gene_0680",29,8,17,8,39,3,48,9,57,3,33,4,40,1,34,4
"Gene_0681",1338,1530,1249,1076,1815,1391,1464,953,1206,1256,1562,1100,1390,1673,1578,1525
"Gene_0682",49,45,41,24,46,83,41,56,101,64,56,92,61,47,66,30
"Gene_0683",39,42,40,39,45,19,34,67,48,52,26,16,62,43,24,49
"Gene_0684",11,5,14,7,14,2,36,13,14,7,4,9,9,14,22,14
"Gene_0685",184,131,221,188,192,158,264,208,153,241,138,208,182,155,175,250
"Gene_0686",1675,587,1401,499,1203,694,1374,828,1397,781,1427,744,1998,673,2076,540
"Gene_0687",69,37,30,59,68,28,72,48,33,19,56,39,73,29,80,25
"Gene_0688",166,222,144,169,189,212,208,220,93,214,183,122,152,203,151,313
"Gene_0689",178,178,223,150,183,207,256,195,176,151,161,174,170,166,207,144
"Gene_0690",1586,5833,1261,8327,1444,6967,1294,11041,1931,10638,1129,8278,1424,9865,1576,9127
"Gene_0691",277,374,394,392,273,431,377,406,340,454,259,395,418,465,524,529
"Gene_0692",13,9,15,16,16,23,28,20,1,9,9,17,16,17,22,8
"Gene_0693",34,28,27,27,22,23,21,33,61,19,12,27,46,17,8,34
"Gene_0694",20,294,27,134,32,188,21,199,24,82,54,119,9,67,39,205
"Gene_0695",135,98,183,132,87,127,171,100,139,132,147,180,148,179,159,157
"Gene_0696",122,108,103,54,117,94,103,102,111,155,172,116,97,123,108,146
"Gene_0697",141,226,185,169,161,171,297,157,172,250,203,154,205,172,212,369
"Gene_0698",30,9,41,20,39,9,51,19,42,7,57,17,36,5,31,5
"Gene_0699",49,32,65,38,59,53,41,47,43,82,72,17,53,66,70,52
"Gene_0700",417,402,319,413,460,339,454,452,438,424,359,364,426,369,369,461
"Gene_0701",101,75,42,65,51,115,82,80,108,94,130,88,65,113,77,105
"Gene_0702",21,30,18,38,40,25,39,33,52,50,23,22,46,29,34,31
"Gene_0703",767,549,569,385,609,495,886,563,490,572,677,707,792,670,538,702
"Gene_0704",84,138,84,74,88,101,100,107,108,120,169,100,87,147,69,66
"Gene_0705",19,19,15,24,13,15,23,38,32,19,30,27,36,9,24,10
"Gene_0706",2152,2287,2144,2879,2695,2705,1978,2027,2181,2256,2432,1713,1525,2310,2961,2560
"Gene_0707",5,15,12,11,7,17,6,13,1,16,17,19,4,6,25,15
"Gene_0708",16,6,17,5,2,4,2,1,15,10,8,10,8,16,13,6
"Gene_0709",4,7,8,6,2,9,5,8,19,7,6,2,15,7,12,10
"Gene_0710",351,396,241,454,312,192,478,139,394,321,431,340,344,381,511,282
"Gene_0711",58,36,47,50,54,30,46,34,37,31,48,42,37,26,32,61
"Gene_0712",77,76,63,51,82,51,70,49,93,48,51,32,45,42,70,75
"Gene_0713",218,142,139,227,170,192,145,116,220,133,187,126,196,161,164,120
"Gene_0714",24,129,54,97,45,109,50,135,58,109,64,111,36,146,66,92
"Gene_0715",2,1,2,6,12,7,0,6,6,9,1,6,3,4,31,7
"Gene_0716",10,3,9,16,8,5,7,2,4,11,5,9,8,6,8,4
"Gene_0717",51,75,39,56,72,60,102,73,50,51,48,35,39,76,39,100
"Gene_0718",141,142,111,106,100,172,95,163,151,161,119,124,127,138,174,169
"Gene_0719",5,6,25,0,9,5,2,0,2,10,5,8,21,12,7,0
"Gene_0720",163,386,135,351,177,526,155,455,200,421,189,366,205,293,219,422
"Gene_0721",228,469,138,502,279,518,236,627,151,682,222,705,221,744,320,953
"Gene_0722",840,1101,1051,1185,1203,1034,1279,1465,1293,1228,1207,1112,1219,1261,1310,1091
"Gene_0723",155,156,173,170,147,104,150,185,118,137,156,174,129,147,151,209
"Gene_0724",87,179,155,130,149,176,144,145,152,237,215,190,143,166,197,161
"Gene_0725",335,249,379,274,334,234,423,281,345,282,264,273,334,273,305,363
"Gene_0726",82,29,67,39,81,47,133,28,77,29,99,28,105,38,125,29
"Gene_0727",121,96,105,91,83,61,146,95,159,91,59,86,110,73,96,67
"Gene_0728",147,85,92,120,220,101,146,170,123,134,130,194,134,173,124,165
"Gene_0729",421,407,335,351,534,362,364,409,330,440,550,396,587,354,545,465
"Gene_0730",58,41,37,28,50,48,37,42,56,49,47,54,43,57,55,60
"Gene_0731",34,58,48,42,48,20,53,27,12,60,54,27,36,31,27,35
"Gene_0732",23,12,23,16,17,6,27,30,25,2,16,12,17,21,15,29
"Gene_0733",17,19,37,6,34,16,15,32,15,5,79,33,10,75,22,13
"Gene_0734",173,168,156,165,151,185,197,100,154,183,137,162,189,198,241,202
"Gene_0735",1427,2174,1296,1499,1485,1550,2070,1896,1717,1337,1554,2013,1740,1843,2172,2141
"Gene_0736",28,7,14,17,13,8,23,25,19,21,24,24,23,16,6,9
"Gene_0737",87,64,70,90,80,83,57,54,59,110,60,79,115,73,69,80
"Gene_0738",18,10,11,5,16,15,10,12,14,14,28,10,11,19,40,15
"Gene_0739",436,561,208,425,474,663,707,562,700,677,536,713,577,568,928,542
"Gene_0740",89,51,52,71,43,62,105,35,57,117,62,58,51,65,44,53
"Gene_0741",171,105,132,118,162,112,144,140,196,135,145,99,128,130,100,184
"Gene_0742",166,119,188,172,198,119,295,190,176,191,129,149,232,203,180,309
"Gene_0743",18,57,11,36,13,45,8,35,16,7,8,23,6,22,32,46
"Gene_0744",38,98,103,96,109,94,92,139,89,87,84,73,69,74,84,87
"Gene_0745",77,257,82,126,77,326,115,186,116,190,122,174,96,352,48,304
"Gene_0746",397,147,295,137,360,164,492,219,329,181,416,159,301,242,534,214
"Gene_0747",28,13,8,3,9,11,15,12,2,4,12,11,13,12,13,18
"Gene_0748",7,13,9,15,15,7,10,7,20,1,9,14,13,8,7,20
"Gene_0749",393,69,542,78,433,90,384,68,379,92,460,81,295,68,439,68
"Gene_0750",33,42,56,48,14,44,38,39,27,72,17,62,30,37,56,23
"Gene_0751",23,27,85,17,58,22,34,28,27,54,32,52,28,19,42,46
"Gene_0752",96,118,108,99,104,141,110,161,151,126,152,150,83,124,138,164
"Gene_0753",56,131,92,135,68,94,76,103,75,188,31,86,77,155,74,130
"Gene_0754",2177,3671,2623,3129,2812,3809,2935,3692,3286,4083,2653,3407,3301,2863,4017,5660
"Gene_0755",152,214,92,224,164,125,164,191,167,218,202,240,121,167,320,117
"Gene_0756",213,150,153,120,90,144,118,143,100,183,99,140,128,123,144,179
"Gene_0757",542,452,364,319,520,431,561,562,504,727,710,402,658,629,633,603
"Gene_0758",59,151,60,100,73,79,143,80,80,79,74,85,107,62,69,150
"Gene_0759",148,135,80,83,114,92,114,143,78,87,116,82,79,128,175,133
"Gene_0760",3,12,23,4,8,6,26,14,23,6,2,31,10,27,12,25
"Gene_0761",4,19,6,2,11,18,8,6,11,7,1,1,9,5,13,7
"Gene_0762",10,5,21,8,7,14,7,5,7,9,6,7,15,8,5,28
"Gene_0763",102,110,135,78,98,76,161,170,102,152,120,111,233,178,109,166
"Gene_0764",12,25,21,16,9,23,13,30,19,19,35,29,18,11,9,34
"Gene_0765",229,871,392,718,303,591,296,875,448,864,475,689,323,1263,453,1281
"Gene_0766",248,475,401,438,457,350,291,403,388,538,384,392,345,392,441,412
"Gene_0767",88,146,98,192,156,131,154,150,245,206,132,138,147,79,121,183
"Gene_0768",64,60,53,67,46,67,86,98,73,76,61,89,86,45,79,63
"Gene_0769",13,9,9,1,5,4,9,3,18,3,17,8,3,6,24,20
"Gene_0770",110,63,20,27,80,27,60,56,75,53,53,58,82,57,63,80
"Gene_0771",51,30,19,32,45,50,54,37,46,66,93,70,55,64,74,58
"Gene_0772",337,72,309,63,211,90,444,70,241,45,329,60,285,74,501,90
"Gene_0773",694,7986,1375,8862,1072,7378,1122,9575,958,7376,1077,9117,1126,9574,1233,12077
"Gene_0774",277,333,328,256,330,226,197,270,300,366,304,249,139,330,241,253
"Gene_0775",15,9,11,21,11,19,14,17,35,21,9,20,9,10,15,23
"Gene_0776",2247,14998,2263,12985,1555,19758,2993,22710,2951,20549,2199,15332,1780,20889,2527,23198
"Gene_0777",973,461,597,508,633,591,831,597,857,558,681,521,959,778,534,573
"Gene_0778",178,144,138,121,123,202,141,272,228,148,180,143,185,187,233,169
"Gene_0779",7,2,18,4,23,0,10,11,4,7,10,14,8,4,4,2
"Gene_0780",19,35,22,42,10,25,18,37,23,8,15,33,20,35,19,14
"Gene_0781",79,114,82,121,73,60,139,84,129,116,123,127,70,98,96,92
"Gene_0782",421,386,293,316,451,304,373,373,453,493,546,367,509,518,670,345
"Gene_0783",11,22,3,22,9,38,8,14,11,25,5,45,16,25,14,32
"Gene_0784",33800,110569,33329,120748,29540,145999,29066,141382,34214,176548,34676,107423,38341,147607,44353,138188
"Gene_0785",3,2,16,6,11,10,15,8,9,4,2,4,3,1,0,7
"Gene_0786",64,69,71,61,35,96,39,95,54,129,56,43,79,67,38,106
"Gene_0787",88,54,74,66,77,48,71,127,32,38,77,55,63,51,72,99
"Gene_0788",33,40,23,21,20,40,8,80,24,19,38,39,38,35,48,15
"Gene_0789",40,44,63,47,71,40,52,52,92,60,39,32,110,58,80,60
"Gene_0790",317,238,312,178,309,142,388,226,572,216,473,189,460,150,432,168
"Gene_0791",8,18,8,42,34,32,24,28,52,22,19,23,5,62,11,37
"Gene_0792",11,6,20,10,12,18,1,1,17,1,8,6,7,4,10,10
"Gene_0793",60,97,116,68,166,113,151,134,147,118,104,86,142,106,157,134
"Gene_0794",85,107,107,89,172,106,74,160,164,115,114,71,131,128,126,72
"Gene_0795",69,90,129,67,85,67,85,124,121,103,94,99,79,126,146,114
"Gene_0796",317,282,250,302,396,297,357,606,394,299,358,372,230,426,418,353
"Gene_0797",81,89,207,109,104,102,112,118,73,103,105,107,135,122,110,94
"Gene_0798",309,477,463,257,337,355,446,452,400,455,522,401,528,419,445,564
"Gene_0799",6,8,3,6,3,3,8,18,6,6,13,5,7,8,10,3
"Gene_0800",10,9,8,6,9,15,16,15,6,11,16,14,13,0,20,2
"Gene_0801",191,168,200,196,230,230,282,154,187,170,194,203,218,128,256,198
"Gene_0802",43,39,54,48,48,47,93,74,36,23,74,45,68,41,69,42
"Gene_0803",408,425,423,591,763,568,514,647,498,607,610,796,642,768,710,561
"Gene_0804",9,18,19,5,23,6,32,16,24,19,6,34,12,21,15,8
"Gene_0805",500,416,590,355,311,419,392,371,384,413,358,334,391,493,455,533
"Gene_0806",27,25,31,16,48,26,40,27,21,40,21,36,17,31,51,31
"Gene_0807",23,2,11,3,21,0,15,1,4,3,9,2,5,2,16,2
"Gene_0808",50,533,49,200,29,233,68,438,77,457,37,187,60,486,99,259
"Gene_0809",81,355,72,486,134,450,168,346,95,298,137,451,109,427,100,426
"Gene_0810",14,9,24,8,6,18,2,12,5,11,17,2,43,5,22,16
"Gene_0811",27,38,19,15,28,28,17,31,29,34,18,20,58,19,21,38
"Gene_0812",14,22,6,10,20,6,10,7,16,5,5,1,6,1,24,21
"Gene_0813",585,597,613,452,529,591,450,609,757,557,380,643,784,812,880,1089
"Gene_0814",432,384,244,364,304,363,397,312,419,246,405,353,317,524,416,595
"Gene_0815",6,23,20,27,9,17,37,25,21,18,10,9,19,21,17,19
"Gene_0816",341,222,260,272,326,152,342,306,350,208,259,356,305,236,267,322
"Gene_0817",46,16,72,7,86,9,85,22,69,19,50,16,64,17,84,11
"Gene_0818",17,9,14,6,15,12,9,20,8,6,28,31,21,2,5,13
"Gene_0819",261,1257,252,732,114,984,217,1195,287,950,189,1021,184,1067,116,1145
"Gene_0820",32,50,48,63,82,64,68,84,91,46,45,28,52,51,79,100
"Gene_0821",624,755,240,530,512,663,250,488,402,708,534,634,595,609,575,391
"Gene_0822",81,82,75,57,78,95,35,75,54,17,80,58,88,104,78,88
"Gene_0823",1035,856,696,857,1079,1131,735,939,818,900,804,792,789,1062,1096,852
"Gene_0824",33,52,30,43,47,22,29,49,46,27,54,29,65,49,46,10
"Gene_0825",177,45,266,45,209,62,116,62,124,45,125,62,137,78,268,29
"Gene_0826",198,147,185,127,188,165,182,238,249,183,252,185,158,209,277,258
"Gene_0827",140,214,198,209,187,197,101,165,180,188,330,168,157,111,180,237
"Gene_0828",140,197,119,103,215,95,139,212,107,149,143,128,208,156,116,225
"Gene_0829",105,33,74,58,100,40,111,103,60,51,140,69,106,32,124,71
"Gene_0830",71,43,123,76,40,76,126,66,143,81,72,91,96,73,91,145
"Gene_0831",1064,1194,1351,1065,1166,1080,1320,1405,1221,1065,1287,931,1137,1454,1680,1443
"Gene_0832",559,446,521,701,520,370,504,601,519,422,865,419,741,399,945,510
"Gene_0833",40,128,53,14,61,64,43,79,38,49,53,83,12,104,42,105
"Gene_0834",1025,1320,1263,1098,1473,1589,1691,1436,987,1616,1539,2155,1832,1668,1809,1791
"Gene_0835",139,28,85,27,81,42,81,44,159,46,99,27,94,54,176,37
"Gene_0836",19,29,17,29,47,37,26,43,20,29,33,38,30,12,28,38
"Gene_0837",133,143,131,101,124,136,177,89,133,80,166,144,163,93,206,136
"Gene_0838",47,66,56,46,82,76,56,45,55,75,78,90,125,52,101,60
"Gene_0839",101,57,171,142,126,163,105,90,95,128,142,179,63,146,111,135
"Gene_0840",7,19,4,14,15,18,23,13,18,8,11,13,31,21,14,11
"Gene_0841",23,36,29,28,15,27,13,16,20,24,29,27,10,20,33,35
"Gene_0842",995,459,1335,561,1176,393,1133,589,1062,560,1212,490,1243,492,1555,594
"Gene_0843",778,529,527,612,500,573,560,566,775,488,743,895,416,773,577,698
"Gene_0844",14,22,15,14,7,19,19,25,29,59,26,21,11,28,26,5
"Gene_0845",17,16,9,20,8,22,15,42,35,21,22,42,14,29,25,15
"Gene_0846",2254,2425,2460,1955,1856,3100,1642,2994,3002,2947,3089,2697,1877,3244,2374,2667
"Gene_0847",4034,2474,3232,2227,3185,3128,3493,3476,2955,3325,3684,4001,2611,3071,3209,3760
"Gene_0848",49,13,26,8,38,9,25,14,17,10,14,12,27,4,16,3
"Gene_0849",9,6,6,12,3,8,10,18,15,13,11,6,11,12,8,18
"Gene_0850",8901,106043,11463,90772,14539,99980,12906,134039,16577,125141,12474,128795,12452,129823,12614,86119
"Gene_0851",130,88,157,92,174,213,165,218,210,117,160,202,163,134,222,275
"Gene_0852",117,100,119,202,159,149,207,117,120,186,100,210,176,86,118,160
"Gene_0853",135,130,93,150,79,107,218,179,151,147,88,117,79,159,172,164
"Gene_0854",1233,1406,1096,1002,1268,1064,1278,1465,1259,1611,1349,1153,987,1217,1163,1427
"Gene_0855",74,81,90,84,94,83,86,21,55,52,67,49,91,40,99,63
"Gene_0856",1055,1145,1248,988,1238,1855,1527,2169,1118,1687,1477,1375,1871,2014,1737,1319
"Gene_0857",33,83,74,59,75,79,69,66,70,60,85,71,58,42,103,94
"Gene_0858",238,202,336,245,187,333,273,227,304,260,325,213,333,297,233,266
"Gene_0859",13,20,21,16,18,10,20,31,8,15,9,14,18,21,18,17
"Gene_0860",142,117,189,85,101,108,160,123,112,153,163,134,139,106,224,209
"Gene_0861",1095,1086,866,1050,689,1124,966,1360,835,1122,1059,1120,907,856,1014,1163
"Gene_0862",84,117,83,74,59,61,106,93,71,131,104,93,53,132,51,82
"Gene_0863",825,481,903,503,999,429,1002,469,1014,418,1114,404,1208,347,1030,635
"Gene_0864",16242,15512,15089,10297,14811,10418,20194,14933,16074,12378,11452,12683,10697,15128,19383,19769
"Gene_0865",524,2936,463,1983,548,2356,727,2192,441,2873,582,2822,774,2494,598,2855
"Gene_0866",71,145,38,123,38,151,74,138,75,135,93,111,109,96,85,123
"Gene_0867",101,95,86,98,118,177,143,134,164,173,115,129,136,181,138,146
"Gene_0868",43,32,28,55,59,31,73,39,69,102,55,42,35,61,94,58
"Gene_0869",3748,3753,4840,5432,3683,4286,6958,5377,5886,3972,4867,3473,5492,4888,7492,5726
"Gene_0870",9,7,23,13,12,10,11,5,13,19,13,13,13,13,13,7
"Gene_0871",164,147,148,124,124,141,95,141,85,103,219,129,136,109,114,185
"Gene_0872",72,170,85,106,136,179,123,162,112,114,170,183,195,127,164,165
"Gene_0873",158,592,145,809,85,746,208,834,109,1008,156,839,261,874,195,1248
"Gene_0874",10,14,9,4,20,1,2,21,2,9,15,23,20,13,6,17
"Gene_0875",141,13,171,17,54,13,165,18,178,11,112,27,209,31,207,38
"Gene_0876",175,123,182,120,104,97,221,148,187,163,172,146,158,171,187,152
"Gene_0877",580,723,1152,805,916,787,1000,965,837,942,1319,833,726,762,1441,896
"Gene_0878",298,138,271,111,212,136,323,135,299,111,277,139,237,95,338,101
"Gene_0879",731,140,791,120,1110,182,862,245,1196,197,697,125,858,165,1174,197
"Gene_0880",16,15,13,20,10,17,21,25,26,20,13,28,30,20,12,20
"Gene_0881",56,7,111,12,50,18,105,8,70,7,72,13,59,15,80,7
"Gene_0882",86,340,141,142,130,144,128,138,144,267,253,110,193,156,150,242
"Gene_0883",171,46,195,90,161,46,209,43,202,90,257,71,146,84,188,78
"Gene_0884",33,24,23,29,23,36,42,40,48,25,23,13,37,71,36,83
"Gene_0885",1642,1692,1565,1137,1931,1476,2092,1202,1696,1562,995,1046,1997,1498,1472,1871
"Gene_0886",21,20,26,19,26,18,27,28,22,23,43,19,56,26,40,36
"Gene_0887",1,4,6,8,8,29,18,5,7,5,16,9,15,6,12,5
"Gene_0888",173,209,335,139,279,180,260,167,181,194,202,170,165,143,288,215
"Gene_0889",367,386,249,436,252,247,296,330,296,301,474,209,348,414,481,461
"Gene_0890",577,384,498,429,568,493,479,614,945,647,417,580,608,707,753,585
"Gene_0891",10,14,12,12,31,22,14,12,12,24,24,22,17,11,2,25
"Gene_0892",89,310,97,479,83,400,58,439,37,497,64,468,75,512,45,627
"Gene_0893",4,28,4,5,6,11,9,3,10,7,5,5,21,15,4,6
"Gene_0894",508,560,422,302,508,418,389,524,353,569,416,578,447,482,678,418
"Gene_0895",191,181,222,158,196,194,153,271,189,221,149,236,368,279,437,252
"Gene_0896",588,86,360,60,379,93,436,80,550,104,745,86,568,95,565,125
"Gene_0897",295,414,350,377,429,548,365,363,396,387,282,407,334,507,340,345
"Gene_0898",38,160,16,184,35,123,33,101,36,174,33,160,33,65,41,110
"Gene_0899",170,98,100,98,132,105,141,117,153,145,124,113,194,100,175,90
"Gene_0900",7,0,19,0,9,1,9,4,4,9,11,12,11,10,4,15
"Gene_0901",151,241,260,203,212,181,338,291,281,218,241,253,247,314,219,207
"Gene_0902",608,524,669,401,465,674,697,563,925,782,481,714,605,403,574,694
"Gene_0903",51,10,29,2,19,10,11,14,6,9,17,6,26,10,20,11
"Gene_0904",7,65,12,100,12,49,16,245,2,94,1,86,11,42,12,60
"Gene_0905",5,11,3,14,9,3,5,1,3,7,22,21,17,2,4,5
"Gene_0906",28,2,21,2,5,5,14,0,8,3,11,4,10,5,24,7
"Gene_0907",850,879,813,740,842,1084,988,844,1362,761,615,1061,973,971,924,1163
"Gene_0908",96,31,115,45,86,22,69,38,125,37,69,30,96,34,118,29
"Gene_0909",12,97,13,85,8,41,22,37,7,65,3,111,15,184,16,24
"Gene_0910",146,261,207,364,320,209,207,322,367,299,268,234,417,180,340,424
"Gene_0911",11,6,3,16,27,5,6,4,21,5,7,11,5,3,13,12
"Gene_0912",44,44,61,64,72,43,63,49,46,42,44,32,83,80,89,58
"Gene_0913",623,571,858,752,649,659,801,760,843,924,636,778,842,740,667,1011
"Gene_0914",32,136,67,112,51,74,59,87,59,196,48,180,55,186,56,239
"Gene_0915",989,1125,1432,874,1704,1315,1448,1146,936,804,1096,1060,905,1218,1235,1336
"Gene_0916",2504,1988,2717,2371,3254,2217,2598,2961,3157,2753,2413,2493,3113,2846,3273,2992
"Gene_0917",12,14,16,1,26,2,30,13,11,16,6,14,28,14,15,5
"Gene_0918",13,5,12,2,7,3,3,9,3,7,4,4,14,4,6,3
"Gene_0919",11,19,12,29,9,15,60,23,23,8,6,30,23,30,21,20
"Gene_0920",188,1054,175,941,246,838,314,924,188,982,313,850,149,713,342,966
"Gene_0921",530,389,463,372,419,430,688,619,415,419,400,439,617,553,482,580
"Gene_0922",878,771,850,960,928,667,1083,720,1409,909,735,680,921,1015,1106,1507
"Gene_0923",811,1344,1053,1118,1369,839,1457,1553,1373,1072,1041,1314,998,1187,1042,1860
"Gene_0924",910,263,923,543,674,319,952,538,881,378,830,397,594,394,540,390
"Gene_0925",566,332,612,464,631,599,631,527,527,455,596,556,670,499,593,681
"Gene_0926",78,162,90,186,112,136,148,128,239,168,145,130,129,141,213,142
"Gene_0927",16,10,14,14,10,19,40,35,26,17,36,39,40,28,26,8
"Gene_0928",27,27,17,26,8,10,39,17,20,49,46,27,20,36,11,29
"Gene_0929",196,259,168,250,193,208,174,286,138,217,342,177,244,164,193,289
"Gene_0930",1686,1608,1870,1451,2574,1996,2529,2267,1889,2065,1925,1716,2153,1904,2592,2441
"Gene_0931",2294,6705,2049,5123,2645,4587,2310,4102,2866,5268,1991,7012,2412,7068,2721,6096
"Gene_0932",2,7,7,5,4,19,3,1,2,4,11,11,2,8,14,13
"Gene_0933",21,40,31,22,19,30,15,31,33,6,18,13,11,26,20,13
"Gene_0934",1483,3415,1297,3878,1114,3251,1820,5389,2081,3029,888,4351,1335,3270,2052,2657
"Gene_0935",13,26,21,15,12,10,10,7,24,21,9,22,7,4,43,27
"Gene_0936",11,4,10,12,2,1,6,11,3,14,7,8,19,6,18,3
"Gene_0937",199,230,311,222,306,255,315,372,366,294,281,393,383,199,403,393
"Gene_0938",1768,2005,1936,1821,1625,2408,3092,2582,2858,2297,2185,2534,2371,2447,3494,3081
"Gene_0939",3312,3088,2943,2861,2996,2668,2837,5262,3782,3843,2930,3474,4316,3022,4702,6444
"Gene_0940",247,1618,248,1395,346,2423,345,1330,381,1607,277,2508,382,1723,280,2024
"Gene_0941",282,323,314,420,429,328,508,477,519,426,403,364,410,412,540,433
"Gene_0942",297,266,224,367,272,216,312,219,288,299,246,207,301,222,310,304
"Gene_0943",70,71,81,81,114,124,99,112,123,117,122,108,72,156,146,154
"Gene_0944",15,4,8,5,5,12,11,15,7,7,4,5,10,11,9,9
"Gene_0945",322,384,405,352,252,404,540,271,527,314,356,410,409,304,365,378
"Gene_0946",45,25,56,113,29,56,87,26,48,54,60,65,57,72,107,36
"Gene_0947",639,360,655,727,449,535,757,888,778,632,1059,755,760,731,661,565
"Gene_0948",36,20,42,27,37,44,28,9,54,18,36,43,24,63,29,20
"Gene_0949",8,5,11,2,5,9,1,3,3,13,18,5,10,2,5,20
"Gene_0950",739,1310,696,743,1065,1029,1034,878,1243,1504,1122,1037,1404,1084,1246,1515
"Gene_0951",105,27,133,27,149,23,195,49,162,44,127,24,145,17,205,48
"Gene_0952",40859,13620,33476,12824,66540,12909,51397,16016,44109,13213,48026,13985,40921,17398,60403,14031
"Gene_0953",423,654,368,441,573,501,521,667,563,387,541,557,638,574,741,683
"Gene_0954",716,828,552,460,695,708,908,686,611,739,705,507,773,700,637,755
"Gene_0955",314,389,269,341,541,601,309,356,313,543,399,453,564,603,529,563
"Gene_0956",43,34,34,27,35,48,41,42,20,13,16,34,11,38,27,44
"Gene_0957",63,121,58,78,42,112,74,150,40,108,90,115,40,129,87,218
"Gene_0958",547,87,848,87,715,66,497,67,851,74,755,75,856,71,669,107
"Gene_0959",838,6281,767,6180,636,3757,827,4969,642,5433,743,6684,807,4966,902,4797
"Gene_0960",227,274,345,238,300,299,336,286,485,212,205,285,544,319,282,359
"Gene_0961",12,11,29,3,15,16,18,7,12,8,18,9,5,2,19,7
"Gene_0962",2023,2537,1900,1971,1759,1636,2018,2636,2620,2255,1516,3016,2476,1460,2051,1501
"Gene_0963",15,11,4,4,14,8,10,15,13,8,15,13,10,16,6,2
"Gene_0964",59,72,58,58,50,58,113,42,43,103,56,55,50,33,51,100
"Gene_0965",6763,39311,5430,29496,7206,27918,6593,27863,6330,21584,6024,21758,6743,28189,9825,42621
"Gene_0966",302,413,239,567,268,368,223,567,341,377,264,560,288,818,389,557
"Gene_0967",850,724,431,630,399,617,515,680,755,605,428,657,842,740,633,683
"Gene_0968",187,183,144,226,181,224,282,175,168,240,213,174,221,212,197,366
"Gene_0969",10,20,7,16,12,38,12,15,19,17,22,15,16,11,43,21
"Gene_0970",59,54,41,37,44,30,47,40,25,52,31,43,35,45,26,42
"Gene_0971",139,129,147,129,116,134,134,198,201,173,110,155,182,150,131,207
"Gene_0972",10,9,9,13,3,12,6,15,14,4,2,16,6,4,16,2
"Gene_0973",24,21,17,9,8,29,12,27,36,26,32,19,35,24,28,14
"Gene_0974",376,37,382,44,484,34,529,49,522,43,639,87,520,36,404,105
"Gene_0975",48,52,56,80,33,97,68,52,32,65,68,69,81,46,88,120
"Gene_0976",62,43,57,53,46,66,63,62,56,92,74,45,62,62,109,60
"Gene_0977",378,4580,465,2388,404,3125,509,4544,513,4486,509,2801,604,4300,579,2854
"Gene_0978",39,53,36,32,35,47,18,66,40,56,25,32,29,39,26,32
"Gene_0979",276,258,358,331,266,277,300,252,480,255,480,278,230,344,500,387
"Gene_0980",9,7,6,6,6,3,3,21,5,11,5,15,3,3,12,7
"Gene_0981",7,8,5,2,2,17,3,26,1,6,8,18,7,7,6,3
"Gene_0982",0,1,6,1,17,0,10,5,9,2,10,0,11,4,4,1
"Gene_0983",77,26,110,20,205,17,90,23,146,19,69,17,113,36,100,17
"Gene_0984",123,78,70,107,89,68,99,77,87,122,46,66,98,78,177,94
"Gene_0985",1326,1690,1522,1397,1696,1291,1310,1878,1143,1687,1225,1511,1462,1290,1441,1855
"Gene_0986",72,720,93,287,93,821,64,609,88,617,95,661,72,728,90,874
"Gene_0987",1304,1940,1324,2662,1069,2284,1431,3764,1204,2632,1015,2365,1532,2167,1430,2594
"Gene_0988",3026,2836,3348,3383,2995,3007,3496,3832,2848,3631,3825,3482,4121,3656,4595,3319
"Gene_0989",25,46,37,43,35,68,37,49,37,42,44,47,79,49,28,49
"Gene_0990",227,65,118,47,325,84,294,37,104,39,157,47,211,27,185,50
"Gene_0991",30,32,20,19,23,16,21,29,42,26,23,28,23,26,21,23
"Gene_0992",523,259,314,434,547,359,374,443,443,569,273,302,526,386,392,618
"Gene_0993",20,44,11,13,12,15,27,5,10,19,9,11,6,11,14,12
"Gene_0994",15,5,14,2,19,2,27,7,20,5,10,1,5,1,21,7
"Gene_0995",87,65,133,65,162,49,197,68,134,58,156,97,139,75,168,106
"Gene_0996",94,13,98,13,143,22,136,18,66,42,184,36,143,21,144,13
"Gene_0997",166,15,135,19,155,11,249,23,209,13,184,26,184,12,199,26
"Gene_0998",111,136,108,110,109,183,166,114,143,59,154,85,227,71,109,64
"Gene_0999",55,61,29,64,38,69,50,68,50,82,42,54,49,51,53,47
"Gene_1000",63,79,54,125,64,65,80,119,114,61,85,51,83,87,91,123
"Gene_1001",2218,2622,2188,2735,2537,2306,2203,2053,1687,2320,1916,2810,1787,2207,2212,3457
"Gene_1002",34,68,85,151,58,68,77,74,71,173,92,103,85,43,154,80
"Gene_1003",4,36,20,22,11,21,4,43,4,51,8,20,6,26,4,20
"Gene_1004",14,22,23,20,34,18,30,27,37,24,31,19,27,36,13,26
"Gene_1005",14,19,17,22,11,29,2,11,12,19,12,26,16,9,15,11
"Gene_1006",8,14,5,28,9,2,24,19,12,29,28,17,36,29,11,16
"Gene_1007",23,16,11,1,10,4,11,21,9,6,10,11,28,21,3,13
"Gene_1008",11,15,2,0,10,2,11,18,8,38,1,27,2,24,5,10
"Gene_1009",286,379,310,371,397,344,341,388,430,356,370,311,385,470,482,463
"Gene_1010",354,319,256,371,363,371,394,308,358,278,308,344,339,369,488,346
"Gene_1011",66,72,66,66,56,41,70,71,59,62,76,74,56,94,57,66
"Gene_1012",30,16,24,23,41,34,45,29,21,41,17,24,38,21,43,37
"Gene_1013",16,19,41,38,13,46,15,23,57,14,28,11,16,22,27,53
"Gene_1014",148,196,203,200,174,202,219,223,257,277,183,195,233,290,164,322
"Gene_1015",132,19,141,23,216,20,203,18,155,5,137,14,147,19,177,21
"Gene_1016",266,214,151,230,184,272,267,237,269,295,189,201,186,211,299,236
"Gene_1017",56,173,69,78,113,98,99,85,164,143,96,88,101,97,88,97
"Gene_1018",243,97,353,116,546,68,402,116,303,74,291,90,240,75,556,112
"Gene_1019",183,131,174,193,198,173,344,294,159,213,218,179,238,238,232,219
"Gene_1020",218,184,250,161,226,236,336,292,329,347,206,253,294,324,338,296
"Gene_1021",365,34,284,30,203,26,190,31,297,26,220,34,198,31,344,57
"Gene_1022",1788,2297,1585,2511,1836,1717,2854,2157,2758,2143,2061,2340,2620,2271,1748,2231
"Gene_1023",19,14,21,41,44,16,4,14,33,14,2,35,10,11,4,11
"Gene_1024",1911,1753,1802,1415,1459,1093,1076,1805,1188,1682,1791,1482,1500,1499,1616,1523
"Gene_1025",50,544,40,442,68,528,41,688,88,637,67,435,67,305,61,240
"Gene_1026",57,93,88,73,46,74,60,88,99,66,122,63,106,56,79,82
"Gene_1027",95,339,95,258,80,413,120,404,105,308,105,281,148,490,238,293
"Gene_1028",67,24,43,33,43,48,56,50,27,32,56,49,60,39,58,68
"Gene_1029",8,13,6,11,6,7,7,8,11,7,6,3,11,4,24,0
"Gene_1030",58,62,68,53,81,80,83,57,85,75,95,74,44,49,100,51
"Gene_1031",112,75,108,66,125,75,110,202,91,97,160,78,95,95,145,164
"Gene_1032",3,10,6,7,14,12,3,9,9,22,0,5,9,22,3,6
"Gene_1033",342,199,255,263,213,299,363,253,283,219,458,293,425,415,425,300
"Gene_1034",39,40,30,41,31,33,37,68,26,18,31,12,29,36,34,64
"Gene_1035",1602,1364,1277,1651,1697,1094,1080,1890,1880,1162,1371,1378,919,1946,1258,1439
"Gene_1036",171,155,207,148,143,138,167,179,121,169,188,112,152,74,164,227
"Gene_1037",8,3,15,4,21,9,30,2,43,3,11,2,27,7,20,6
"Gene_1038",114,88,86,69,90,44,166,82,162,54,135,67,173,88,267,62
"Gene_1039",221,22,190,30,182,24,220,32,248,39,205,22,168,14,231,27
"Gene_1040",446,760,675,475,612,413,534,465,705,522,471,636,521,690,519,724
"Gene_1041",128,99,69,69,78,65,61,133,97,105,79,81,74,133,127,108
"Gene_1042",4,2,15,8,11,12,1,7,6,9,16,1,8,3,9,7
"Gene_1043",6,1,4,11,6,7,10,13,9,6,14,7,7,6,25,0
"Gene_1044",18,34,25,20,21,39,21,68,17,30,16,28,23,17,27,44
"Gene_1045",265,236,136,294,157,245,352,192,307,222,275,221,233,207,240,286
"Gene_1046",68,60,57,35,84,56,57,86,88,57,78,70,64,84,107,79
"Gene_1047",50,288,26,265,53,223,53,389,51,274,22,309,47,309,28,212
"Gene_1048",22,17,38,28,13,26,35,17,10,24,24,18,20,18,10,20
"Gene_1049",237,170,91,167,130,159,168,189,168,145,168,182,166,136,142,147
"Gene_1050",20,26,16,11,40,32,29,32,29,24,19,7,22,24,16,27
"Gene_1051",45,56,44,42,65,74,63,38,81,46,42,61,73,70,36,53
"Gene_1052",19,9,6,22,35,17,41,35,11,12,21,9,22,52,22,20
"Gene_1053",7,42,5,27,0,62,31,26,13,14,3,13,12,25,6,18
"Gene_1054",565,411,570,522,352,414,656,583,427,619,546,711,666,453,493,437
"Gene_1055",32,6,11,6,5,10,13,6,32,1,9,8,8,6,10,0
"Gene_1056",154,140,86,69,117,146,153,137,144,88,130,96,89,165,103,173
"Gene_1057",30,195,27,98,34,41,62,120,17,124,51,67,21,38,14,133
"Gene_1058",10,104,3,63,27,73,10,47,24,40,16,80,4,82,8,14
"Gene_1059",125,195,118,164,165,133,142,155,122,158,126,168,132,148,210,123
"Gene_1060",155,176,141,131,182,144,161,231,193,171,301,171,256,123,288,225
"Gene_1061",899,5343,846,4834,959,5270,1054,7939,759,7053,1263,5752,880,7687,1265,6072
"Gene_1062",172,206,200,139,213,134,171,88,231,149,194,157,145,192,224,197
"Gene_1063",66,356,64,279,106,656,107,385,63,496,85,665,58,554,124,979
"Gene_1064",10332,4478,9307,3634,11625,3562,14267,4321,10574,4561,10405,4137,11149,2930,13072,4104
"Gene_1065",30,33,35,22,30,52,34,29,48,36,15,25,60,23,45,53
"Gene_1066",11,17,20,15,10,7,10,20,23,1,24,11,17,15,31,23
"Gene_1067",51,46,34,48,20,26,23,48,26,113,31,26,33,50,51,51
"Gene_1068",70,8,115,8,88,12,100,10,51,9,100,4,79,18,72,17
"Gene_1069",262,1572,368,1829,250,1970,448,1396,167,1414,425,1331,320,1072,358,2568
"Gene_1070",233,186,222,171,167,223,257,229,346,200,196,310,200,291,267,216
"Gene_1071",67,114,91,68,58,54,99,66,96,103,88,64,138,86,83,135
"Gene_1072",32,25,14,18,3,5,10,17,7,17,23,21,6,12,29,25
"Gene_1073",667,645,828,618,811,881,700,931,710,796,742,776,555,922,1175,880
"Gene_1074",465,443,722,622,599,546,558,348,677,680,557,794,472,439,760,546
"Gene_1075",19,34,29,31,28,36,29,13,27,24,48,31,43,33,50,22
"Gene_1076",398,422,330,393,244,363,313,298,231,496,480,356,369,314,401,583
"Gene_1077",206,209,221,194,256,186,275,245,197,231,241,157,294,153,285,195
"Gene_1078",490,222,600,224,568,196,998,215,779,397,619,250,718,298,788,275
"Gene_1079",129,169,163,82,174,163,155,83,199,172,140,157,125,192,124,190
"Gene_1080",10,11,12,6,4,12,12,8,10,7,12,13,12,18,13,19
"Gene_1081",371,370,378,404,504,492,672,540,410,447,496,507,476,464,610,360
"Gene_1082",30,37,34,31,9,11,28,20,27,28,27,25,49,19,29,32
"Gene_1083",211,53,262,43,193,53,341,70,315,63,320,41,305,64,320,57
"Gene_1084",1672,1650,1826,1183,2255,1040,1794,1944,2454,1947,3091,1575,1703,1983,2560,1486
"Gene_1085",17,4,3,9,21,5,10,26,19,23,17,4,3,4,13,4
"Gene_1086",1514,146,2243,170,1732,211,1731,194,1291,222,1599,166,1641,234,1504,220
"Gene_1087",1365,4560,1166,2558,1439,2329,1071,3372,1456,4164,1146,2909,1438,4679,1038,3725
"Gene_1088",57,36,41,34,50,27,47,51,25,67,28,56,54,30,40,46
"Gene_1089",45,7,32,8,86,16,79,17,73,10,77,5,60,24,70,21
"Gene_1090",46,17,23,22,33,57,29,60,36,43,40,34,38,21,41,44
"Gene_1091",33,36,45,32,30,57,41,53,24,37,24,41,34,39,80,45
"Gene_1092",316,328,363,264,308,267,372,360,319,314,297,319,289,294,368,458
"Gene_1093",0,158,25,29,10,96,14,62,29,102,21,131,24,65,27,116
"Gene_1094",67,89,84,101,81,76,65,119,85,63,81,108,90,71,83,102
"Gene_1095",58,71,62,86,86,87,73,111,62,103,82,107,75,88,84,123
"Gene_1096",65,51,90,105,80,122,57,151,63,80,42,58,182,73,81,105
"Gene_1097",175,175,118,116,124,99,168,186,100,127,178,192,235,115,129,227
"Gene_1098",1974,11466,2387,9360,2430,12125,1931,11095,1440,10861,1544,11064,2105,10804,1832,13007
"Gene_1099",37,49,49,45,36,42,42,33,73,38,59,32,79,79,42,40
"Gene_1100",8,25,33,21,34,30,39,12,25,21,19,39,37,22,25,65
"Gene_1101",460,356,360,567,358,425,569,383,508,390,400,579,397,403,539,569
"Gene_1102",230,356,237,171,186,283,239,382,199,401,247,216,253,445,235,417
"Gene_1103",205,151,159,157,126,134,188,148,188,204,179,153,172,137,172,146
"Gene_1104",250,313,231,357,237,352,284,421,266,279,325,397,319,317,264,371
"Gene_1105",5,3,1,12,5,2,7,14,11,1,5,4,5,13,9,2
"Gene_1106",557,631,648,394,794,633,932,545,925,626,624,573,868,582,619,833
"Gene_1107",277,320,269,231,290,239,262,220,261,346,291,232,197,147,173,249
"Gene_1108",451,525,489,502,475,486,595,706,585,568,641,540,537,349,580,948
"Gene_1109",21,42,46,23,20,49,22,9,19,19,55,32,28,30,55,10
"Gene_1110",4,1,5,0,19,2,3,1,8,3,8,4,6,3,4,1
"Gene_1111",51,81,51,89,31,155,37,190,26,95,30,103,71,66,29,95
"Gene_1112",4,2,18,4,8,7,26,4,40,4,16,1,4,4,22,5
"Gene_1113",3950,8146,5097,5604,5218,4981,5543,6514,5614,6848,3529,5808,5740,4798,5152,5797
"Gene_1114",41,104,44,39,58,36,23,39,39,68,53,56,35,79,94,62
"Gene_1115",82,45,87,46,71,44,72,67,105,59,60,52,54,45,82,56
"Gene_1116",545,755,770,902,565,884,808,669,506,550,584,628,793,839,895,915
"Gene_1117",264,187,315,289,322,253,305,297,312,285,386,282,277,293,401,283
"Gene_1118",356,373,396,336,356,487,381,594,372,275,240,415,378,578,423,517
"Gene_1119",11268,1485,12381,1352,11585,1272,16318,1387,11531,1786,15228,1047,16696,1803,16823,1551
"Gene_1120",122,116,139,128,155,171,129,156,118,144,168,166,285,178,101,225
"Gene_1121",4531,10056,2920,8813,3398,10076,4554,10994,4929,14580,3425,10726,3056,11732,4115,17108
"Gene_1122",185,487,133,360,126,305,110,494,212,379,129,307,219,467,221,600
"Gene_1123",7,13,5,2,14,4,7,3,11,13,2,2,9,6,5,9
"Gene_1124",6,13,3,6,2,4,13,7,20,11,2,10,9,14,9,12
"Gene_1125",235,143,371,230,399,272,350,381,308,373,414,443,263,361,376,322
"Gene_1126",18,1,20,3,26,0,11,0,27,2,19,5,12,2,9,5
"Gene_1127",52,83,91,72,79,171,149,144,97,109,67,65,144,83,166,96
"Gene_1128",2611,2529,3163,2372,1814,1761,2543,3385,2543,2890,1829,2890,2602,1703,2393,2537
"Gene_1129",307,209,214,204,157,185,218,376,129,296,219,140,175,154,144,196
"Gene_1130",33,15,34,11,53,19,55,41,58,14,60,7,78,13,50,29
"Gene_1131",1,13,7,13,8,7,15,7,9,7,9,4,5,18,8,3
"Gene_1132",53,27,12,19,16,22,29,9,6,20,26,37,12,46,44,36
"Gene_1133",50,55,36,39,41,37,36,53,32,33,61,67,29,54,32,26
"Gene_1134",513,361,329,249,259,328,344,345,414,278,360,252,505,340,337,578
"Gene_1135",212,334,207,262,172,286,252,234,291,266,258,180,246,365,237,281
"Gene_1136",103,87,111,83,82,82,110,116,100,81,72,102,113,75,120,149
"Gene_1137",183,122,117,104,125,229,107,146,146,226,128,263,217,210,200,194
"Gene_1138",58,73,55,50,43,50,41,57,81,128,60,130,36,87,120,104
"Gene_1139",103,143,82,97,105,94,144,150,82,164,91,118,65,135,152,190
"Gene_1140",146,230,172,186,173,221,177,183,239,156,104,190,116,159,219,274
"Gene_1141",147,608,224,533,230,607,267,699,303,651,222,673,283,538,237,832
"Gene_1142",2721,2643,2422,3745,2487,3017,3151,3839,3493,3583,2392,2487,3134,4420,3226,3236
"Gene_1143",12,6,7,9,10,9,11,16,6,12,19,17,9,28,29,19
"Gene_1144",1294,1332,1221,1204,1530,1504,2603,1458,1693,1373,1410,1602,1181,1234,1330,1720
"Gene_1145",402,338,393,235,342,291,312,262,173,220,334,308,412,288,477,275
"Gene_1146",5,5,8,10,8,11,10,5,6,5,3,10,22,5,16,19
"Gene_1147",58,97,98,75,75,57,82,44,68,67,47,51,44,63,98,112
"Gene_1148",65,38,36,22,20,26,28,36,14,56,31,41,55,61,33,58
"Gene_1149",27,12,18,10,10,13,12,23,36,19,3,23,10,14,22,20
"Gene_1150",4,3,9,0,7,4,1,12,6,14,8,20,16,19,14,21
"Gene_1151",55,99,32,125,55,72,51,65,69,106,54,72,46,122,44,94
"Gene_1152",30,71,46,56,49,20,67,79,35,62,66,48,29,39,51,66
"Gene_1153",57,41,39,59,62,57,81,53,45,122,143,73,64,48,58,29
"Gene_1154",8,9,2,10,9,3,3,4,7,7,5,7,5,13,12,9
"Gene_1155",204,253,192,229,180,313,259,145,243,259,192,233,151,272,319,244
"Gene_1156",270,308,224,291,313,297,446,391,321,547,325,340,451,389,534,355
"Gene_1157",338,398,361,311,378,350,504,392,499,449,489,439,401,465,457,313
"Gene_1158",408,37,461,47,444,55,489,47,356,46,439,59,422,88,631,35
"Gene_1159",111,191,163,143,114,171,169,195,115,148,198,143,147,209,208,155
"Gene_1160",1277,1439,1557,1222,1717,1257,1410,1552,1321,1708,1534,1631,1313,1250,1499,2076
"Gene_1161",16,45,19,31,15,27,60,5,38,5,27,22,35,43,42,21
"Gene_1162",6,14,9,7,8,14,14,6,23,13,10,9,7,2,6,12
"Gene_1163",148,127,252,130,248,203,264,82,149,227,242,281,181,260,273,226
"Gene_1164",209,197,205,368,290,204,195,276,246,187,193,197,266,223,188,525
"Gene_1165",28,19,30,29,12,11,20,32,12,44,20,32,23,53,43,62
"Gene_1166",108,103,120,119,86,72,142,139,114,148,102,92,144,45,101,120
"Gene_1167",136,198,204,134,248,143,174,175,189,209,113,207,184,214,202,175
"Gene_1168",170,193,107,167,213,252,177,188,196,218,147,231,174,211,232,224
"Gene_1169",604,551,532,496,413,249,837,585,437,358,457,446,475,531,515,491
"Gene_1170",500,613,436,771,597,928,744,714,644,691,560,970,659,634,666,897
"Gene_1171",3,1,4,1,8,1,12,1,2,1,4,2,3,0,5,1
"Gene_1172",2744,2857,2201,2046,1815,2599,2457,3282,3042,3557,2485,2831,3036,3375,2911,3165
"Gene_1173",262,189,176,153,256,261,223,201,315,159,368,225,291,176,246,191
"Gene_1174",32,64,54,45,20,155,25,125,35,185,36,148,26,96,60,81
"Gene_1175",23,29,1,57,10,14,7,37,13,13,14,46,14,38,18,27
"Gene_1176",270,84,509,92,604,110,801,52,782,78,584,73,671,90,571,88
"Gene_1177",166,57,190,108,462,68,119,95,182,78,154,132,135,75,191,89
"Gene_1178",814,692,725,671,882,595,643,786,799,936,769,932,606,781,903,896
"Gene_1179",60,53,107,60,88,62,95,101,85,53,36,97,69,79,106,132
"Gene_1180",79,63,57,59,72,56,72,72,41,72,81,38,46,75,52,57
"Gene_1181",6949,6144,5573,2931,5371,5094,5547,5068,5367,5190,6394,4780,5392,6217,7550,6091
"Gene_1182",13,14,19,6,5,8,9,20,1,7,12,10,10,8,7,5
"Gene_1183",184,298,193,246,144,180,176,392,225,321,211,145,179,144,210,289
"Gene_1184",209,270,176,236,221,151,220,176,123,268,291,232,181,206,202,265
"Gene_1185",247,240,259,172,197,172,252,199,193,280,214,245,217,217,285,192
"Gene_1186",229,338,273,294,205,334,319,318,370,446,269,254,315,406,336,245
"Gene_1187",64,43,43,78,61,75,101,91,86,60,102,50,79,74,82,94
"Gene_1188",676,883,912,531,715,721,697,632,891,665,738,606,844,684,1028,685
"Gene_1189",9,32,5,21,10,28,8,14,7,12,12,48,10,13,5,18
"Gene_1190",20,28,13,22,26,11,14,29,33,15,29,28,27,36,38,26
"Gene_1191",60,73,99,90,125,43,98,72,68,56,104,103,57,130,53,108
"Gene_1192",107,455,113,222,135,401,175,466,118,447,113,310,209,386,180,467
"Gene_1193",227,178,178,243,202,246,219,268,144,301,154,212,222,229,198,338
"Gene_1194",368,324,378,238,233,288,346,244,292,221,319,390,319,293,271,470
"Gene_1195",10,4,6,4,2,12,6,8,6,9,4,11,19,10,17,4
"Gene_1196",74,93,86,117,62,91,112,137,118,106,140,104,84,110,101,98
"Gene_1197",348,253,212,290,296,212,256,393,198,290,256,274,236,334,330,259
"Gene_1198",977,7392,764,8133,1331,5717,864,6628,1223,6276,912,4754,1169,6920,1157,8632
"Gene_1199",55,106,79,106,86,81,77,77,107,120,81,75,137,135,94,69
"Gene_1200",1566,2019,1375,1538,2080,1468,2420,2180,1779,2374,2192,1743,2807,2051,2265,1729
"Gene_1201",69,73,97,63,42,39,54,77,44,33,62,61,64,58,71,83
"Gene_1202",130,68,94,89,111,72,77,63,46,67,117,93,95,94,132,159
"Gene_1203",88,130,106,91,160,80,151,121,135,108,117,88,151,134,233,147
"Gene_1204",27,19,28,21,41,18,56,27,30,34,47,39,56,25,53,52
"Gene_1205",349,453,315,246,261,257,382,584,500,341,349,423,589,470,493,438
"Gene_1206",6,11,2,13,17,10,10,12,9,8,10,0,5,13,11,29
"Gene_1207",133,101,135,100,70,77,87,128,132,130,112,114,182,50,145,166
"Gene_1208",60,50,25,24,18,26,46,33,60,21,36,21,47,33,54,47
"Gene_1209",24,23,43,33,33,90,55,40,49,34,39,57,40,42,38,29
"Gene_1210",874,609,1046,766,921,822,1053,1180,738,1235,635,917,920,1057,746,681
"Gene_1211",683,536,752,539,701,874,713,482,731,776,871,727,692,805,870,805
"Gene_1212",2097,17077,1757,14332,1475,15351,2229,17309,2555,14586,2268,17147,1821,17349,1996,20183
"Gene_1213",72,47,76,41,99,57,50,72,65,28,38,84,71,79,113,56
"Gene_1214",104,24,122,20,76,24,103,16,148,26,88,25,132,19,142,18
"Gene_1215",6,10,19,6,6,0,8,1,3,40,35,8,11,15,11,6
"Gene_1216",39,40,42,61,55,80,44,35,35,58,54,74,49,56,58,58
"Gene_1217",2912,3251,3020,1927,1942,2583,2075,2590,3285,2431,3271,2844,2215,2391,4216,3266
"Gene_1218",20,4,41,6,67,8,62,3,42,10,36,13,98,7,51,11
"Gene_1219",9,54,14,15,13,21,13,46,8,37,8,57,5,13,12,47
"Gene_1220",64,138,150,180,122,140,132,113,164,144,102,139,143,112,131,130
"Gene_1221",1052,807,898,1049,761,1059,1377,817,1094,819,1123,1202,950,975,1235,1128
"Gene_1222",17,16,15,9,13,5,12,3,8,12,6,1,11,4,24,9
"Gene_1223",86,15,50,10,57,11,78,11,87,8,74,11,48,12,70,17
"Gene_1224",229,785,268,560,244,405,292,670,187,760,289,420,265,791,175,662
"Gene_1225",3004,1742,3634,1375,3728,1392,3727,1769,3320,1302,2935,1533,2999,1418,5430,1637
"Gene_1226",24,5,49,9,30,7,29,15,44,3,15,11,52,4,26,0
"Gene_1227",1726,1474,1475,1413,2224,844,1604,1708,1030,1652,1876,1668,1422,1534,1502,1830
"Gene_1228",53,36,59,60,49,76,53,86,40,90,43,29,48,53,67,89
"Gene_1229",34,26,7,22,6,10,8,8,31,10,20,3,24,0,26,9
"Gene_1230",13,81,7,156,11,78,6,305,10,16,7,148,13,185,15,66
"Gene_1231",52,114,69,90,67,68,119,105,126,45,68,77,53,81,110,85
"Gene_1232",81,308,98,301,81,288,126,368,92,305,87,334,74,373,70,196
"Gene_1233",41,96,56,61,51,63,72,71,62,54,54,45,18,47,57,104
"Gene_1234",788,623,751,552,608,667,750,701,752,767,876,655,485,993,706,861
"Gene_1235",151,122,122,149,138,96,159,153,182,119,137,195,139,171,150,176
"Gene_1236",62,71,82,125,78,130,72,86,144,84,203,53,99,102,86,79
"Gene_1237",24,47,33,26,29,24,45,55,23,49,28,38,35,25,28,48
"Gene_1238",7,3,25,4,20,21,32,12,4,28,15,14,29,9,8,9
"Gene_1239",12,6,4,5,11,5,7,8,3,10,2,3,1,3,10,4
"Gene_1240",147,24,251,27,140,60,135,42,117,29,170,25,164,24,161,43
"Gene_1241",97,99,105,59,71,79,117,119,102,73,149,108,106,113,185,140
"Gene_1242",1061,1068,1010,1226,1151,1165,1353,1320,1085,1082,1552,1099,1129,1420,1377,1848
"Gene_1243",154,203,128,232,147,230,218,174,205,197,189,194,157,192,195,186
"Gene_1244",319,494,351,418,310,375,349,750,312,458,310,421,468,619,646,559
"Gene_1245",126,166,116,106,120,95,132,156,207,184,118,94,148,71,191,109
"Gene_1246",20,3,26,3,24,3,13,3,15,1,28,2,36,3,31,3
"Gene_1247",109,128,220,177,124,164,240,143,133,185,186,183,257,158,196,186
"Gene_1248",178,177,186,217,256,162,169,304,204,243,205,177,145,180,256,200
"Gene_1249",19,17,46,22,34,30,14,53,11,32,23,10,8,6,21,14
"Gene_1250",74,57,98,95,56,83,130,89,64,127,74,81,74,117,105,144
"Gene_1251",4145,5269,3010,4839,4065,4546,4819,5961,3722,5906,4545,4783,3044,4386,3906,4107
"Gene_1252",24,13,11,11,17,15,18,13,11,27,11,18,13,24,13,24
"Gene_1253",1162,1381,1363,1037,1025,1220,1681,1143,2042,1184,1368,824,1148,1306,1873,1754
"Gene_1254",24,71,52,57,48,55,59,89,62,44,101,70,93,81,64,88
"Gene_1255",1312,1378,1285,1149,1482,1765,1228,1287,1396,1991,1659,1542,1658,754,1468,1888
"Gene_1256",13,11,13,6,26,8,21,14,19,19,19,30,13,16,44,8
"Gene_1257",76,152,100,122,92,97,114,95,175,150,73,106,92,79,95,107
"Gene_1258",255,236,159,171,191,127,187,248,152,209,226,202,133,292,166,192
"Gene_1259",84,147,56,82,102,66,63,91,63,76,77,92,83,67,64,124
"Gene_1260",410,326,302,425,344,384,403,302,299,315,277,529,289,358,450,329
"Gene_1261",45,13,71,9,84,21,76,19,95,5,60,11,61,10,55,8
"Gene_1262",1012,917,1056,1090,984,910,1231,719,1203,882,1010,826,1131,952,1055,1082
"Gene_1263",134,156,92,206,178,181,145,182,165,211,121,136,209,229,167,198
"Gene_1264",270,411,374,219,307,271,421,387,277,372,333,445,361,347,316,503
"Gene_1265",13,12,11,6,15,7,27,5,4,3,12,9,24,0,19,23
"Gene_1266",32,36,25,33,48,21,45,23,32,72,23,40,37,43,44,55
"Gene_1267",770,349,1176,285,680,470,773,383,612,386,988,305,437,429,827,353
"Gene_1268",290,253,237,209,246,291,385,404,204,374,202,367,198,305,223,447
"Gene_1269",62,205,73,165,89,289,63,182,61,252,80,189,49,150,83,301
"Gene_1270",59,182,64,180,104,184,95,205,108,246,98,258,98,204,104,212
"Gene_1271",420,262,380,438,559,365,392,346,282,605,397,518,473,407,415,382
"Gene_1272",26,93,87,69,38,37,78,73,40,89,71,90,82,63,61,125
"Gene_1273",114,558,90,566,105,550,138,502,97,370,96,362,96,540,116,554
"Gene_1274",2,6,10,0,4,9,3,22,10,10,3,19,1,15,11,9
"Gene_1275",2018,2676,2434,2677,2533,2074,3044,3245,2811,2983,2614,2970,2306,2496,3431,3050
"Gene_1276",246,131,310,218,506,152,515,105,633,154,474,156,525,165,481,137
"Gene_1277",689,354,525,424,374,373,564,322,381,520,344,586,384,586,656,330
"Gene_1278",8,51,8,10,6,10,9,25,2,20,7,23,12,71,10,42
"Gene_1279",91,172,79,89,87,79,120,130,85,57,116,58,54,74,119,75
"Gene_1280",29,35,33,29,54,61,52,64,32,71,16,46,35,27,50,62
"Gene_1281",2,3,6,10,6,16,13,10,15,6,4,7,3,12,12,8
"Gene_1282",365,1051,385,1076,300,1521,361,1309,369,1601,438,1799,331,1262,512,1863
"Gene_1283",884,288,1152,234,821,244,1234,399,887,253,1128,285,1054,396,1368,345
"Gene_1284",42,37,43,26,13,26,52,42,37,35,72,33,18,36,46,38
"Gene_1285",83,75,70,94,53,75,49,64,56,84,73,74,81,56,69,73
"Gene_1286",2299,2137,2736,2454,3077,1565,2271,2992,1943,2049,2225,2290,1867,1913,2592,3041
"Gene_1287",5,13,4,4,9,2,17,2,7,12,9,8,5,1,9,14
"Gene_1288",474,442,354,333,275,373,408,400,459,421,394,449,287,433,402,522
"Gene_1289",51,29,68,58,45,57,48,40,59,57,42,61,85,42,53,66
"Gene_1290",29,132,152,80,82,69,94,70,83,100,97,75,77,104,72,55
"Gene_1291",46,32,21,28,56,37,33,34,63,22,45,43,41,29,60,27
"Gene_1292",841,659,686,926,570,921,857,837,789,685,662,866,904,979,915,1200
"Gene_1293",6,8,5,6,20,27,21,20,12,5,11,14,1,19,14,27
"Gene_1294",683,475,506,514,387,520,685,452,530,550,871,597,625,759,711,727
"Gene_1295",1142,1251,1310,1165,1330,1060,1241,1940,952,1551,1349,1322,1226,1499,1571,1629
"Gene_1296",11,28,12,7,5,9,9,19,1,10,3,26,6,4,6,4
"Gene_1297",4,6,8,11,13,8,21,13,14,8,3,12,11,14,15,8
"Gene_1298",302,221,242,234,288,364,410,225,292,381,298,317,280,239,388,358
"Gene_1299",22,30,7,5,6,13,9,7,19,12,9,21,9,31,21,14
"Gene_1300",29,4,27,8,26,8,19,5,32,5,35,0,27,5,23,5
"Gene_1301",12,25,58,64,52,37,91,28,25,30,77,74,42,34,53,38
"Gene_1302",45,49,43,54,39,69,22,70,30,50,72,55,80,57,81,75
"Gene_1303",263,2168,336,1849,211,1512,284,2806,266,1892,320,1433,442,3022,292,1910
"Gene_1304",34,17,26,61,19,30,52,17,36,26,75,35,25,24,42,33
"Gene_1305",100,143,99,81,103,132,76,114,98,117,135,114,135,132,120,137
"Gene_1306",456,94,349,71,383,69,462,111,468,70,345,74,474,104,380,93
"Gene_1307",7,4,24,7,8,5,16,16,18,4,2,37,6,6,9,13
"Gene_1308",10,44,21,21,34,51,18,19,18,56,25,34,45,27,89,91
"Gene_1309",337,371,479,445,481,384,589,375,505,626,356,490,640,495,573,594
"Gene_1310",51,39,47,25,35,69,60,73,75,47,50,40,55,44,65,32
"Gene_1311",11,6,2,5,7,7,3,15,18,9,10,13,12,17,11,6
"Gene_1312",11,43,16,25,20,14,27,27,42,44,12,38,27,27,37,33
"Gene_1313",431,445,322,646,307,785,576,832,478,235,339,439,451,602,490,992
"Gene_1314",80,26,46,42,101,57,38,47,40,48,38,77,53,66,67,47
"Gene_1315",90,51,72,39,95,22,48,46,49,30,29,66,107,57,63,38
"Gene_1316",74,85,38,52,116,111,73,82,90,124,107,87,47,92,97,83
"Gene_1317",422,416,402,277,187,411,359,353,404,371,445,408,326,486,452,491
"Gene_1318",30,40,106,30,49,44,35,72,62,38,43,49,36,45,21,46
"Gene_1319",178,288,282,153,287,322,264,190,253,263,224,264,256,296,359,291
"Gene_1320",347,256,222,293,397,196,427,245,283,291,320,209,419,231,295,313
"Gene_1321",25,13,28,16,28,21,6,25,40,15,17,9,22,65,38,26
"Gene_1322",88,42,73,81,85,35,73,37,93,32,97,39,48,69,65,44
"Gene_1323",35,65,35,50,41,50,48,70,30,45,30,13,63,41,28,57
"Gene_1324",188,242,175,187,204,281,258,393,239,284,274,175,259,192,163,238
"Gene_1325",2,3,5,3,0,20,3,5,7,1,6,10,6,5,1,1
"Gene_1326",2444,1223,1096,1590,1656,1376,1488,1688,1617,1447,1322,1681,1211,1235,1682,2039
"Gene_1327",1078,1379,1410,924,1394,1226,1217,1672,1467,964,1385,1524,906,1008,1395,1503
"Gene_1328",16,13,41,15,44,16,29,12,24,12,15,27,14,16,22,18
"Gene_1329",20,22,41,34,24,28,35,20,30,42,34,20,28,41,40,8
"Gene_1330",4,156,18,129,13,246,15,204,15,229,28,203,20,342,13,25
"Gene_1331",86,457,52,296,81,581,137,599,81,384,51,630,99,552,114,749
"Gene_1332",31,70,16,53,45,53,52,46,28,89,63,28,51,37,39,37
"Gene_1333",147,116,97,87,112,145,148,139,158,100,132,173,80,100,156,142
"Gene_1334",5,4,7,9,3,5,10,6,11,20,2,15,15,5,5,28
"Gene_1335",134,118,134,170,151,223,142,157,184,148,167,173,184,164,160,188
"Gene_1336",69,75,72,51,85,51,76,37,92,58,110,97,126,109,125,58
"Gene_1337",12,5,2,9,8,9,2,11,14,6,16,13,4,9,24,10
"Gene_1338",120,107,129,108,147,73,116,104,174,90,254,135,242,67,274,92
"Gene_1339",52,597,100,493,88,498,92,817,182,783,128,657,166,853,97,635
"Gene_1340",52,59,74,58,54,54,74,67,76,86,55,42,63,48,93,63
"Gene_1341",73,52,117,94,102,109,78,77,66,74,124,120,79,105,82,69
"Gene_1342",114,191,175,143,214,150,151,322,212,223,296,205,221,255,330,236
"Gene_1343",159,175,127,157,180,215,155,228,169,173,277,154,120,255,235,230
"Gene_1344",35,23,64,22,28,85,43,31,55,29,66,38,49,54,66,69
"Gene_1345",730,162,574,150,843,174,925,225,634,156,723,242,533,198,816,233
"Gene_1346",102,115,141,90,105,100,74,109,87,99,139,96,83,90,132,77
"Gene_1347",56,104,56,102,91,81,64,56,48,82,65,96,85,37,91,61
"Gene_1348",599,609,612,360,442,490,641,778,603,764,530,705,585,527,747,572
"Gene_1349",407,793,502,721,490,669,697,917,728,514,565,705,647,885,621,813
"Gene_1350",42,35,24,39,26,69,30,91,52,76,25,10,28,71,27,43
"Gene_1351",21,26,18,2,5,13,17,29,13,28,11,11,21,8,27,25
"Gene_1352",17,79,22,85,24,71,39,182,44,111,58,44,48,141,24,85
"Gene_1353",9,15,16,15,7,5,17,4,37,17,24,0,13,9,19,30
"Gene_1354",7,3,4,3,10,0,17,5,2,1,16,0,26,4,5,2
"Gene_1355",155,216,225,147,146,158,134,227,150,216,174,119,252,218,251,273
"Gene_1356",87,55,78,86,66,86,98,114,66,73,59,82,60,95,131,176
"Gene_1357",276,355,400,457,345,247,390,446,438,335,414,336,316,280,361,376
"Gene_1358",114,141,86,92,67,85,177,55,133,137,133,111,122,152,88,158
"Gene_1359",227,176,276,251,233,186,374,194,184,215,241,197,257,228,295,231
"Gene_1360",25,54,28,41,42,33,52,39,51,37,36,72,48,50,75,84
"Gene_1361",28,21,17,16,3,7,20,7,6,7,22,2,6,19,23,26
"Gene_1362",458,377,327,604,298,378,606,640,506,553,400,628,417,495,556,376
"Gene_1363",445,354,472,373,372,492,372,461,475,414,314,297,530,431,469,427
"Gene_1364",6,2,8,13,21,3,4,8,13,8,5,2,11,7,16,16
"Gene_1365",447,552,453,588,670,355,311,408,604,603,585,502,505,501,596,568
"Gene_1366",9,10,11,3,0,10,1,13,7,7,8,3,9,8,5,4
"Gene_1367",94,64,96,57,82,94,127,51,83,90,94,89,126,74,106,99
"Gene_1368",55,21,44,19,72,40,44,13,27,15,69,17,61,24,72,29
"Gene_1369",87,75,73,104,52,68,146,59,89,94,116,72,96,71,124,75
"Gene_1370",448,525,773,598,509,694,619,704,754,637,810,570,757,860,974,1290
"Gene_1371",4,13,7,9,7,32,3,6,6,16,5,5,26,10,7,21
"Gene_1372",57,65,49,80,86,49,85,135,69,34,58,90,68,77,45,69
"Gene_1373",12201,10991,7266,10513,14140,8481,12079,11637,12733,11207,9287,11479,14144,9737,12450,10739
"Gene_1374",5,5,2,6,14,9,2,3,1,2,9,7,8,6,9,2
"Gene_1375",22,40,55,34,21,13,48,45,16,11,34,28,15,42,19,27
"Gene_1376",119,115,65,75,83,91,49,142,75,127,133,55,137,160,131,82
"Gene_1377",124,111,111,82,124,111,178,153,96,114,144,158,130,141,202,130
"Gene_1378",47,50,40,48,33,26,40,27,54,41,43,30,32,81,59,36
"Gene_1379",84,97,71,65,55,39,48,85,77,97,44,75,65,57,99,83
"Gene_1380",894,792,948,748,889,664,792,1045,518,683,931,1021,748,974,748,852
"Gene_1381",78,588,84,439,55,766,82,915,74,469,75,652,66,485,76,547
"Gene_1382",111,12,139,13,104,16,112,22,145,10,163,21,121,17,133,26
"Gene_1383",225,205,224,169,202,141,247,206,267,145,189,140,276,251,195,197
"Gene_1384",264,663,297,525,151,532,163,736,210,686,160,734,285,382,250,770
"Gene_1385",238,481,213,641,227,418,379,639,247,650,281,652,212,700,291,528
"Gene_1386",172,113,124,135,93,48,180,133,152,102,129,79,100,109,95,96
"Gene_1387",29,12,37,40,12,30,7,51,11,27,54,20,33,38,12,29
"Gene_1388",132,271,66,119,86,181,163,219,153,262,76,265,135,261,151,256
"Gene_1389",55,18,22,36,27,19,33,29,4,18,28,68,19,36,35,16
"Gene_1390",160,110,117,76,99,91,148,146,144,62,143,98,155,86,161,158
"Gene_1391",58,66,67,58,57,41,40,127,46,58,49,84,25,29,50,58
"Gene_1392",135,62,30,105,105,99,96,116,68,112,78,73,69,46,117,57
"Gene_1393",20,27,15,5,22,18,18,20,8,9,12,5,15,12,20,9
"Gene_1394",38,45,62,31,59,43,62,38,68,42,40,40,58,69,77,72
"Gene_1395",5,18,7,13,17,17,15,29,17,9,23,27,13,14,20,13
"Gene_1396",48,83,25,37,94,12,38,61,89,37,75,30,63,64,45,102
"Gene_1397",298,142,344,131,264,132,410,165,312,127,228,155,239,174,225,157
"Gene_1398",169,244,144,183,134,175,122,163,232,191,145,217,141,176,200,259
"Gene_1399",448,470,457,563,483,651,541,448,480,585,458,686,595,573,663,801
"Gene_1400",255,215,200,212,256,358,260,241,264,249,206,270,320,187,301,290
"Gene_1401",153,111,58,107,110,91,93,171,102,128,140,122,122,130,185,95
"Gene_1402",458,585,691,455,438,543,653,730,832,525,509,501,602,621,784,961
"Gene_1403",1168,495,1104,590,1573,736,1215,949,728,795,876,1246,893,1347,775,1081
"Gene_1404",3,13,4,5,2,9,6,10,8,11,7,7,2,16,7,9
"Gene_1405",407,223,633,138,528,166,532,172,572,259,479,110,653,213,554,370
"Gene_1406",464,292,394,323,478,421,381,407,373,356,547,507,436,464,468,441
"Gene_1407",737,652,824,616,392,591,685,570,535,778,411,770,565,653,792,789
"Gene_1408",14,11,12,10,26,23,14,15,16,29,22,23,4,17,28,39
"Gene_1409",8186,8397,5595,6262,7349,9392,7587,8106,7664,6844,6529,11049,8577,9586,9475,6969
"Gene_1410",1,10,3,7,5,5,6,6,7,4,4,3,15,2,1,14
"Gene_1411",139,91,102,97,115,114,107,131,132,162,74,147,96,53,105,198
"Gene_1412",157,146,116,109,113,121,152,176,87,153,165,104,129,131,182,158
"Gene_1413",55,91,74,59,43,50,53,73,56,56,108,65,66,87,91,68
"Gene_1414",405,352,301,295,267,385,445,388,444,358,419,415,485,508,484,620
"Gene_1415",151,108,124,120,109,173,175,148,122,132,129,145,145,158,131,205
"Gene_1416",46,17,16,28,19,28,20,38,22,28,13,50,26,32,25,43
"Gene_1417",1194,1260,1254,1182,1100,970,1895,1258,1119,1257,1241,1476,1271,1459,1173,1725
"Gene_1418",41,37,55,61,71,55,59,35,55,64,57,80,41,91,63,54
"Gene_1419",277,656,197,363,519,406,217,630,358,500,434,618,263,498,362,747
"Gene_1420",32,14,24,12,20,4,26,12,59,10,37,4,69,12,25,4
"Gene_1421",32,19,29,32,14,4,13,7,12,11,35,15,25,17,29,23
"Gene_1422",13,17,25,37,37,66,36,38,41,39,32,50,35,34,56,35
"Gene_1423",19,118,19,60,29,42,3,40,23,73,17,63,8,38,27,50
"Gene_1424",301,43,157,28,238,44,397,26,282,41,276,30,291,30,251,52
"Gene_1425",1,0,2,3,8,1,4,1,7,3,2,0,9,1,6,2
"Gene_1426",11,1,14,2,7,0,24,2,13,1,23,4,17,3,22,1
"Gene_1427",96,82,114,119,81,105,223,173,117,116,124,94,132,139,101,149
"Gene_1428",9,15,3,5,2,26,19,8,5,4,4,0,11,24,6,13
"Gene_1429",48,19,44,35,34,25,33,47,46,16,32,47,36,43,73,58
"Gene_1430",65,26,63,48,72,40,74,42,34,79,51,76,98,87,84,86
"Gene_1431",1172,1220,1356,1156,1161,1003,1123,1256,1167,1221,1062,1134,796,1333,1549,1505
"Gene_1432",32,55,87,84,43,30,83,59,65,48,72,48,80,49,56,64
"Gene_1433",30,64,38,39,24,51,46,24,40,63,50,41,44,52,72,47
"Gene_1434",62,20,35,21,30,33,49,49,33,9,30,31,34,48,37,39
"Gene_1435",245,269,172,160,191,212,263,269,227,210,234,323,215,294,350,269
"Gene_1436",55,47,47,55,67,60,62,39,74,50,84,56,32,60,38,79
"Gene_1437",23,28,10,35,38,37,43,44,32,35,34,29,29,44,34,34
"Gene_1438",58,65,55,36,50,70,52,83,114,52,66,67,120,60,25,34
"Gene_1439",800,730,657,589,694,998,828,759,949,732,714,981,768,703,841,1199
"Gene_1440",1827,1671,1475,1124,1395,1536,2352,1733,2249,1741,1915,1623,1675,1916,2002,1518
"Gene_1441",31,39,34,27,29,38,52,41,20,36,16,18,38,27,47,28
"Gene_1442",124,72,119,112,84,80,139,129,129,82,97,65,122,89,149,134
"Gene_1443",103,76,70,51,71,53,79,53,70,44,50,53,64,82,104,95
"Gene_1444",3170,2020,2696,2086,2407,3030,2836,4238,3419,2514,2684,1996,2855,3687,3713,4073
"Gene_1445",386,234,177,307,285,254,410,355,333,244,295,226,258,276,384,241
"Gene_1446",17,7,6,9,10,5,6,11,7,5,2,4,6,24,8,14
"Gene_1447",46,52,14,55,64,25,39,62,59,55,53,88,38,38,62,58
"Gene_1448",9,8,15,13,4,3,9,17,20,0,6,0,6,21,6,13
"Gene_1449",121,98,58,47,87,95,69,51,119,93,84,93,65,47,100,56
"Gene_1450",353,345,308,324,262,324,401,378,290,399,438,250,316,400,557,339
"Gene_1451",17,24,11,10,19,16,19,15,20,45,17,9,26,23,20,16
"Gene_1452",13,3,11,10,19,12,6,6,5,11,20,3,4,8,8,20
"Gene_1453",1080,789,690,945,1013,785,895,1002,1085,949,579,1299,930,1278,911,1092
"Gene_1454",15,16,15,11,7,16,9,24,27,24,24,7,13,41,12,13
"Gene_1455",428,500,664,596,514,432,621,495,464,830,585,502,690,560,590,627
"Gene_1456",117,116,144,146,185,101,172,91,241,150,111,90,145,163,174,164
"Gene_1457",417,603,666,355,444,552,503,461,494,686,592,423,619,457,712,547
"Gene_1458",673,559,448,486,784,496,731,516,421,828,568,709,690,499,656,683
"Gene_1459",812,1195,997,929,1025,849,1241,899,888,774,887,1001,745,468,1165,923
"Gene_1460",981,1547,838,759,838,802,852,1150,1377,1464,1128,1230,1087,1082,1485,1142
"Gene_1461",190,30,184,42,212,40,214,54,169,57,198,38,156,40,203,49
"Gene_1462",121,114,190,159,123,194,109,247,154,185,131,184,266,187,136,208
"Gene_1463",15,12,8,17,16,26,25,20,4,29,15,10,11,4,11,15
"Gene_1464",19,6,16,7,4,11,8,15,2,5,8,11,7,5,9,11
"Gene_1465",31,61,31,20,35,38,45,48,41,31,33,46,36,15,58,24
"Gene_1466",76,101,111,86,81,66,114,132,127,84,53,67,70,29,109,60
"Gene_1467",34,3,12,6,13,3,22,5,25,1,28,0,30,3,14,2
"Gene_1468",469,606,371,300,497,559,712,534,545,448,501,639,615,516,529,642
"Gene_1469",18,34,15,49,37,46,21,25,30,58,26,32,18,71,20,51
"Gene_1470",248,2024,279,1536,193,1704,224,1653,206,1924,226,1456,183,2753,286,3002
"Gene_1471",560,450,505,483,410,449,514,548,348,463,582,552,517,875,585,481
"Gene_1472",18,5,9,12,7,8,7,15,10,8,6,3,12,10,13,23
"Gene_1473",625,690,467,676,693,810,637,908,897,714,621,649,739,745,649,724
"Gene_1474",11,0,12,4,6,1,5,0,6,1,5,0,2,1,28,1
"Gene_1475",135,150,148,154,159,175,141,180,185,114,155,117,164,224,208,202
"Gene_1476",1462,1598,1072,1507,1604,1609,2197,2311,1243,2205,1713,1814,1153,2002,2506,1795
"Gene_1477",224,438,227,241,209,347,357,244,452,296,317,418,289,372,232,228
"Gene_1478",450,668,545,555,451,428,580,615,478,423,552,579,446,692,806,656
"Gene_1479",41,13,18,12,42,11,41,24,22,7,50,14,59,4,28,9
"Gene_1480",180,208,183,121,137,182,119,159,134,219,191,234,109,225,191,132
"Gene_1481",764,807,620,796,709,646,738,867,892,938,731,823,759,648,889,778
"Gene_1482",10,29,10,34,10,42,22,9,11,33,21,38,18,36,14,28
"Gene_1483",573,490,670,586,530,580,682,701,514,598,775,418,453,513,985,434
"Gene_1484",3,10,12,13,7,33,9,21,0,17,10,15,7,16,9,39
"Gene_1485",49,53,51,25,24,60,16,44,33,65,51,50,27,50,36,35
"Gene_1486",12299,12134,9815,13813,12866,11348,11533,11937,17753,12363,12060,12103,13118,18152,14205,14802
"Gene_1487",330,249,223,213,354,366,242,150,218,222,278,227,322,164,262,247
"Gene_1488",85,85,31,81,98,120,91,108,72,116,107,83,77,110,140,96
"Gene_1489",534,691,524,524,754,466,665,590,531,874,590,535,547,780,638,664
"Gene_1490",54,11,67,8,70,8,96,16,49,13,126,20,53,9,85,7
"Gene_1491",295,410,358,295,287,309,479,508,433,234,259,263,396,342,290,500
"Gene_1492",30,40,23,85,64,33,65,87,57,75,49,39,43,100,59,65
"Gene_1493",27,9,1,6,9,6,7,12,6,6,4,7,8,8,20,10
"Gene_1494",212,222,206,207,174,258,275,259,256,196,206,269,166,209,264,331
"Gene_1495",22,51,25,15,51,34,43,51,89,46,69,28,30,42,41,27
"Gene_1496",32,27,26,37,20,52,31,24,42,38,35,13,28,31,39,28
"Gene_1497",106,98,73,178,104,64,127,127,96,132,117,146,87,171,100,111
"Gene_1498",1334,4526,1099,4685,1390,4707,1019,5169,1457,4493,1236,6503,1380,4140,1382,4466
"Gene_1499",159,88,204,39,125,75,124,96,164,76,178,63,209,100,224,87
"Gene_1500",432,355,594,364,563,517,315,377,487,425,469,492,623,439,444,643
"Gene_1501",474,351,413,486,418,321,378,298,208,220,404,360,427,311,300,361
"Gene_1502",107,200,131,102,108,141,103,184,85,95,143,233,145,205,135,204
"Gene_1503",309,279,294,214,314,299,410,295,363,408,260,430,319,319,285,432
"Gene_1504",91,57,39,50,82,49,39,114,110,54,82,81,68,61,81,56
"Gene_1505",9,21,10,12,2,18,20,30,7,34,6,17,21,22,7,12
"Gene_1506",195,120,191,161,189,137,278,244,192,192,207,176,230,152,190,160
"Gene_1507",1,9,6,3,7,3,4,2,3,1,12,3,23,8,19,16
"Gene_1508",10,18,15,17,15,14,9,6,11,7,31,15,26,26,17,24
"Gene_1509",88,151,107,150,101,138,89,82,34,108,72,66,81,51,174,144
"Gene_1510",70,20,81,31,71,23,68,34,54,39,62,51,104,24,79,35
"Gene_1511",38,27,72,37,33,42,50,48,52,34,38,38,29,26,75,41
"Gene_1512",753,617,435,508,381,542,727,669,711,600,506,735,451,560,735,829
"Gene_1513",5,15,17,7,11,11,21,15,25,12,6,12,9,18,22,11
"Gene_1514",8,16,1,7,11,8,2,1,5,5,21,9,10,14,4,12
"Gene_1515",543,371,394,380,302,392,484,438,471,447,349,328,393,381,549,434
"Gene_1516",153,112,107,80,95,95,146,87,176,129,94,64,105,80,152,146
"Gene_1517",58,96,64,64,74,99,95,79,96,56,86,53,112,62,84,99
"Gene_1518",35,492,44,340,26,341,68,393,67,432,78,219,54,317,77,485
"Gene_1519",5,3,11,10,8,1,5,8,12,8,18,10,4,15,15,22
"Gene_1520",10,20,12,22,27,11,20,3,15,10,12,36,37,24,20,42
"Gene_1521",241,267,228,214,301,208,203,324,302,234,221,287,246,222,289,521
"Gene_1522",101,66,118,100,176,145,92,136,138,103,70,77,60,135,134,121
"Gene_1523",6,11,6,17,1,5,3,31,12,23,4,10,4,5,8,28
"Gene_1524",236,1127,330,987,352,1427,346,1444,218,963,365,1221,351,1110,352,1059
"Gene_1525",475,565,256,419,431,362,403,550,412,512,475,478,456,525,581,373
"Gene_1526",94,102,80,51,79,73,82,155,64,78,64,83,126,68,64,90
"Gene_1527",108,93,88,78,110,113,87,151,60,249,72,131,54,104,131,124
"Gene_1528",1272,1578,867,1305,1423,1031,1493,1256,1403,1502,1348,1734,1518,1460,1584,1313
"Gene_1529",119,156,168,277,152,176,241,186,222,239,278,158,233,241,203,158
"Gene_1530",713,1026,917,899,1016,811,992,860,988,590,1078,865,716,999,799,1410
"Gene_1531",59,160,70,61,69,104,92,91,63,133,90,81,90,101,116,94
"Gene_1532",1734,1949,1016,1487,1561,1030,1741,2068,1485,1682,1107,2330,1598,1698,1535,1425
"Gene_1533",95,14,87,24,102,31,73,37,67,33,83,24,62,28,161,33
"Gene_1534",625,410,611,434,591,372,565,608,618,677,514,462,591,602,573,676
"Gene_1535",85,56,41,46,78,54,46,24,60,29,98,52,97,55,51,67
"Gene_1536",23,10,6,5,5,12,1,14,9,7,5,9,20,11,18,4
"Gene_1537",585,703,514,579,811,687,613,790,599,791,883,557,865,454,880,1302
"Gene_1538",4394,8171,4826,5553,5528,7114,7541,8308,6199,8883,10785,7037,4418,4333,7203,6301
"Gene_1539",45,129,37,128,63,155,83,109,51,116,74,81,58,98,48,172
"Gene_1540",1826,1649,1111,1320,1362,1423,1628,1339,1174,1421,1391,1259,1782,1099,1746,2282
"Gene_1541",51,30,72,57,77,91,65,63,51,77,47,84,61,68,104,90
"Gene_1542",440,488,504,519,667,629,535,1047,408,569,525,591,605,739,457,952
"Gene_1543",13,29,23,15,26,24,27,19,22,16,14,11,28,24,32,28
"Gene_1544",249,171,161,187,161,193,151,181,127,182,139,136,193,154,261,170
"Gene_1545",19,50,11,14,37,20,7,16,17,23,20,27,31,28,44,21
"Gene_1546",4,5,7,9,5,8,2,41,3,8,12,36,1,7,8,22
"Gene_1547",370,458,338,354,393,230,430,377,388,460,463,477,245,278,446,508
"Gene_1548",1491,1510,2131,2279,1644,1740,1794,2221,1165,1855,1926,1281,1124,1667,2921,2045
"Gene_1549",28,20,19,52,25,56,47,25,31,8,24,23,26,14,21,47
"Gene_1550",8,20,9,12,6,17,40,56,59,17,43,5,20,10,31,26
"Gene_1551",21,0,6,0,9,0,9,2,6,5,15,1,7,3,4,3
"Gene_1552",55,44,14,142,41,23,44,78,68,48,57,62,50,57,31,74
"Gene_1553",649,390,223,365,278,386,249,431,415,394,387,388,225,598,606,473
"Gene_1554",283,231,326,361,471,310,517,431,376,330,506,340,333,455,383,403
"Gene_1555",145,159,334,268,137,195,277,238,279,269,221,254,289,282,283,343
"Gene_1556",355,65,533,56,397,66,627,75,491,70,429,53,280,75,326,67
"Gene_1557",40,47,27,57,57,30,56,33,25,53,25,32,60,56,58,41
"Gene_1558",90,125,93,59,103,84,80,89,114,60,67,86,87,92,97,112
"Gene_1559",309,368,329,338,348,427,266,365,341,346,415,344,408,298,412,376
"Gene_1560",95,81,41,42,31,83,84,50,68,58,49,92,31,92,79,57
"Gene_1561",20,9,12,18,26,24,14,22,21,14,28,20,18,20,20,19
"Gene_1562",12,5,14,1,0,0,6,3,9,4,10,10,18,1,5,2
"Gene_1563",10903,17362,11030,13770,14479,10866,12654,11426,14550,15035,11047,11075,13073,15320,12299,12612
"Gene_1564",7,1,5,8,12,6,28,8,8,12,14,2,17,6,9,8
"Gene_1565",78,143,129,199,80,168,154,129,144,100,86,113,277,117,141,170
"Gene_1566",3356,3179,2307,2920,3141,3954,2324,3627,3379,2783,2914,4648,2713,3542,3519,4875
"Gene_1567",647,1675,450,2013,381,2365,704,2730,434,2142,476,2151,573,1702,652,2487
"Gene_1568",91,82,67,72,77,40,92,79,66,107,39,63,98,92,120,117
"Gene_1569",192,224,237,219,239,303,257,398,319,314,239,265,212,249,326,259
"Gene_1570",2402,1741,1972,2636,1640,2098,2576,1853,2847,2561,2611,2198,2353,2237,2806,2582
"Gene_1571",98,823,155,961,123,865,179,1061,138,879,117,586,100,666,225,960
"Gene_1572",24,1,29,5,53,5,36,3,36,2,35,2,24,11,69,11
"Gene_1573",1498,1502,1485,1334,1283,1092,1039,1339,1625,1305,1795,1226,1441,1387,1961,1265
"Gene_1574",2259,3673,2900,3550,2828,3030,2859,2847,3363,3049,2440,2813,3014,2665,3402,3012
"Gene_1575",23,25,26,7,54,60,24,15,28,54,2,2,4,14,13,26
"Gene_1576",326,330,331,367,319,390,408,388,309,362,241,442,296,491,526,299
"Gene_1577",169,94,126,111,157,83,93,103,138,134,116,141,165,92,139,149
"Gene_1578",493,2274,292,2309,299,2636,381,2581,403,1683,300,2216,327,2618,401,2482
"Gene_1579",232,279,223,266,270,165,350,231,250,224,325,192,341,259,280,381
"Gene_1580",107,128,129,102,149,124,160,117,122,148,95,77,119,111,83,84
"Gene_1581",213,254,152,208,193,293,174,302,190,177,258,156,207,241,309,249
"Gene_1582",6,7,12,3,9,7,18,6,19,13,1,10,9,22,10,10
"Gene_1583",13,4,12,5,7,27,11,13,6,18,3,26,7,2,10,1
"Gene_1584",429,684,361,682,418,707,427,810,458,933,441,744,396,750,483,1033
"Gene_1585",123,483,136,523,88,415,65,359,149,399,102,260,109,467,205,383
"Gene_1586",74,97,89,159,40,144,103,135,43,51,96,77,41,59,118,196
"Gene_1587",19,3,12,4,9,0,3,0,3,2,17,13,6,23,7,10
"Gene_1588",35,55,46,54,29,26,23,26,13,39,26,38,40,53,14,37
"Gene_1589",124,170,158,126,129,151,127,200,170,120,105,155,198,180,175,167
"Gene_1590",46,55,32,42,48,31,41,18,34,38,23,34,30,54,45,49
"Gene_1591",87,666,112,495,128,635,137,630,131,643,114,731,140,804,145,809
"Gene_1592",215,280,204,166,242,192,187,233,160,317,294,235,171,189,224,285
"Gene_1593",82,115,96,63,52,69,85,145,40,107,63,56,76,126,103,102
"Gene_1594",189,169,137,201,158,228,216,161,194,259,166,172,292,211,231,300
"Gene_1595",64,7,42,10,92,5,64,13,77,4,80,11,55,8,111,6
"Gene_1596",93,45,73,92,53,46,49,36,99,54,49,42,67,35,87,39
"Gene_1597",59,103,70,66,32,31,132,61,36,63,76,90,86,95,108,51
"Gene_1598",452,398,243,614,250,322,391,395,365,515,404,481,340,432,558,636
"Gene_1599",495,547,361,320,546,351,500,558,498,468,555,419,459,568,433,566
"Gene_1600",7059,6459,4375,6786,5868,5583,9517,7174,6686,5241,7361,5113,5577,6405,10173,8130
"Gene_1601",25,9,15,9,21,9,5,32,9,30,16,21,14,5,13,7
"Gene_1602",37,24,12,20,24,32,39,49,33,34,44,27,59,32,33,27
"Gene_1603",267,339,301,274,344,246,360,348,331,245,275,271,535,272,399,331
"Gene_1604",1628,2081,1596,2647,1493,1699,2008,2065,2183,1664,1725,2001,3155,2203,3181,1994
"Gene_1605",916,791,831,720,943,1127,895,1152,783,830,1061,692,1298,635,1381,901
"Gene_1606",34,71,46,38,48,39,46,35,62,49,93,57,32,52,49,45
"Gene_1607",33,43,68,41,29,21,30,35,17,34,51,29,24,37,27,41
"Gene_1608",2035,1994,2172,2967,1975,2003,2351,3070,1979,3166,2483,2090,1670,2390,2405,3194
"Gene_1609",1853,1725,1531,1753,1319,2182,1552,2136,1358,2250,1560,2155,2455,2091,1751,3250
"Gene_1610",125,274,148,205,128,234,178,338,149,253,155,266,164,284,106,228
"Gene_1611",1760,635,1432,577,3258,298,2356,502,2926,362,1191,375,2617,487,2766,459
"Gene_1612",108,115,110,124,138,88,134,111,122,106,131,67,122,101,103,140
"Gene_1613",45,25,37,21,12,22,29,21,17,29,45,42,29,27,11,23
"Gene_1614",105,81,54,132,120,96,79,122,75,98,65,96,101,159,145,74
"Gene_1615",90,26,55,38,149,46,124,11,101,52,61,32,179,36,135,46
"Gene_1616",10,2,11,1,4,1,5,0,27,3,12,2,4,4,8,0
"Gene_1617",57,69,52,70,42,73,47,90,55,105,69,91,70,72,64,119
"Gene_1618",41,30,32,55,50,59,68,40,35,51,65,64,87,35,37,50
"Gene_1619",183,260,175,238,217,212,232,269,340,179,266,176,223,242,324,227
"Gene_1620",39,17,34,15,55,19,65,17,20,19,44,18,42,32,50,19
"Gene_1621",254,204,444,195,299,160,181,204,220,162,210,198,268,244,359,212
"Gene_1622",224,259,274,228,277,192,211,213,280,252,290,309,357,296,449,271
"Gene_1623",44,47,76,88,64,104,51,79,73,74,87,97,90,109,63,74
"Gene_1624",138,99,88,103,100,42,114,121,118,96,135,176,66,66,123,95
"Gene_1625",10829,9284,6163,7991,7252,6579,9163,7761,10059,8928,8000,7985,6403,6903,8157,7433
"Gene_1626",1361,1209,1673,1345,1421,1276,1626,1476,2043,1615,1453,1481,1750,1338,1501,1377
"Gene_1627",2305,1730,1142,1308,1729,1717,1848,3035,1836,2231,1821,1897,1605,2088,1871,2181
"Gene_1628",93,31,149,52,100,27,116,47,151,49,117,21,110,57,89,58
"Gene_1629",8,19,21,17,30,22,21,25,27,27,28,39,32,44,53,5
"Gene_1630",357,313,243,318,273,179,271,309,407,488,331,244,222,311,288,228
"Gene_1631",68,132,119,82,121,117,117,125,137,131,162,112,54,82,161,224
"Gene_1632",72630,63548,60424,68024,62753,77267,62725,58848,56679,52258,59740,72254,52311,45547,75917,85271
"Gene_1633",5,28,4,32,6,27,4,31,14,7,9,21,4,32,8,28
"Gene_1634",78,33,73,43,75,72,81,80,77,80,54,87,65,56,67,84
"Gene_1635",1454,1400,1377,1095,1517,1563,1294,1114,1280,1539,1350,1902,1581,1456,2070,2025
"Gene_1636",10,8,10,0,4,2,22,22,7,1,11,7,18,14,21,2
"Gene_1637",90,77,59,93,126,45,78,94,58,15,70,102,87,65,84,90
"Gene_1638",175,183,160,81,262,164,180,182,211,156,191,142,281,208,195,173
"Gene_1639",68,54,62,61,48,63,83,151,79,87,65,81,62,72,83,90
"Gene_1640",19,19,13,17,18,16,33,20,12,31,20,17,23,22,54,21
"Gene_1641",69,99,66,68,67,96,119,129,79,108,80,102,75,136,101,66
"Gene_1642",911,1190,951,1184,868,1511,1393,1215,1176,1553,1169,1177,1354,1610,1416,1247
"Gene_1643",6,1,20,14,10,1,26,6,6,11,9,6,11,5,5,11
"Gene_1644",1120,1545,1397,1044,974,1220,1826,2280,1242,1420,1254,1728,1568,1361,1416,1685
"Gene_1645",617,431,525,382,530,514,445,522,463,484,399,532,527,565,740,711
"Gene_1646",21,6,7,4,11,11,21,13,20,3,6,16,11,6,4,10
"Gene_1647",7,3,1,30,8,12,17,3,3,2,4,1,3,5,8,4
"Gene_1648",143,104,96,115,76,112,124,188,160,76,74,92,165,69,164,101
"Gene_1649",188,194,140,151,186,162,169,164,181,213,217,156,120,253,160,150
"Gene_1650",1034,2156,790,2535,987,2185,945,2361,841,2691,721,2118,833,1738,1024,3121
"Gene_1651",88,117,79,95,111,101,62,149,98,92,81,121,86,101,104,90
"Gene_1652",236,203,175,188,203,148,235,322,317,253,212,132,252,258,427,171
"Gene_1653",885,762,1012,1230,990,809,765,867,913,1192,1351,972,1162,1370,1251,818
"Gene_1654",687,285,966,568,1098,378,830,528,1171,321,1064,472,787,503,732,428
"Gene_1655",614,419,355,378,360,383,456,587,485,441,332,539,608,527,414,579
"Gene_1656",199,211,201,134,210,187,187,284,171,187,176,251,163,161,123,297
"Gene_1657",226,177,179,251,272,182,176,284,215,156,288,194,201,178,234,269
"Gene_1658",890,365,1030,351,661,212,802,311,877,331,900,298,939,245,1346,453
"Gene_1659",825,1015,529,670,807,676,1098,884,472,924,696,735,670,770,659,929
"Gene_1660",72,131,75,59,139,79,69,81,108,68,107,105,69,64,83,186
"Gene_1661",180,536,169,413,171,562,240,453,139,581,239,425,201,524,292,633
"Gene_1662",1865,1636,2538,1810,1896,1619,3315,2319,1979,2243,2367,1670,2313,1984,2477,2146
"Gene_1663",1323,1495,1156,1336,1739,1588,2042,1762,1503,1499,1530,1473,1645,1217,1684,2021
"Gene_1664",8,23,5,9,14,7,14,9,24,9,23,9,22,21,17,6
"Gene_1665",1252,690,1313,318,1141,477,1641,399,1411,526,1399,379,1617,730,1528,524
"Gene_1666",78,19,95,16,52,21,118,30,85,22,76,44,52,29,109,38
"Gene_1667",3,3,0,11,8,5,12,13,23,5,9,13,8,8,9,7
"Gene_1668",1299,810,1055,835,802,1081,1710,1197,962,966,680,901,1142,773,1587,887
"Gene_1669",119,32,163,29,91,23,72,24,146,24,154,14,113,33,119,28
"Gene_1670",914,449,608,647,620,648,765,706,654,628,502,279,601,825,630,752
"Gene_1671",3810,3869,3304,4354,3486,4121,3479,4198,4120,2953,3061,3420,4439,3230,3966,4768
"Gene_1672",573,589,632,560,714,853,752,714,810,726,1030,903,819,588,942,1037
"Gene_1673",36,50,84,67,86,49,61,52,49,42,61,38,57,95,56,73
"Gene_1674",93,66,69,46,110,90,64,64,99,58,79,122,92,96,107,77
"Gene_1675",23,13,22,6,20,5,18,22,29,22,20,13,26,26,17,27
"Gene_1676",27,39,23,16,13,12,21,21,24,23,28,21,31,20,59,36
"Gene_1677",283,218,217,294,235,260,270,307,261,240,204,338,224,273,259,396
"Gene_1678",48,59,53,49,27,38,66,51,53,40,81,55,60,53,57,37
"Gene_1679",436,410,309,343,292,317,352,371,370,391,374,376,324,382,395,363
"Gene_1680",302,495,492,350,523,422,441,507,450,646,440,485,593,262,644,439
"Gene_1681",160,437,121,299,149,400,301,602,188,276,234,483,161,521,192,431
"Gene_1682",70,13,53,4,58,4,65,16,38,10,91,11,60,7,33,15
"Gene_1683",18,57,11,11,11,13,5,24,13,14,6,31,7,16,17,33
"Gene_1684",168,892,119,587,118,792,173,816,191,817,250,1512,153,1216,138,1338
"Gene_1685",10,3,15,16,25,5,35,18,20,11,11,3,15,15,23,18
"Gene_1686",385,385,331,333,267,326,355,404,351,410,340,500,386,423,468,447
"Gene_1687",565,332,582,430,507,370,370,500,351,406,445,475,582,332,551,512
"Gene_1688",153,281,194,216,232,158,308,290,218,178,119,260,243,128,171,157
"Gene_1689",16,15,15,5,11,36,7,18,23,22,5,19,21,16,13,41
"Gene_1690",18,65,45,112,13,57,16,133,6,103,31,62,49,70,17,130
"Gene_1691",23,25,39,41,46,30,41,26,74,90,43,58,37,33,47,37
"Gene_1692",126,131,119,98,146,100,108,130,142,163,84,123,97,160,138,229
"Gene_1693",6201,2225,7676,1191,7887,1581,6299,2209,9022,1402,6436,1938,5553,1796,7782,2513
"Gene_1694",28,19,30,8,20,4,45,20,14,12,5,6,13,23,15,23
"Gene_1695",8,12,5,46,7,2,16,7,8,10,15,12,28,10,9,9
"Gene_1696",94,80,89,60,42,94,98,120,143,121,81,137,71,134,55,83
"Gene_1697",25,12,28,38,33,37,13,16,18,19,18,8,15,23,18,24
"Gene_1698",9,16,9,2,10,13,8,9,5,1,2,11,29,9,5,1
"Gene_1699",13,5,34,6,15,4,32,2,17,6,44,3,15,3,27,3
"Gene_1700",89,12,55,9,22,20,43,24,84,7,62,22,37,31,90,31
"Gene_1701",9,8,11,14,14,23,13,21,12,12,20,4,13,13,10,22
"Gene_1702",423,73,376,85,411,75,440,110,539,88,331,110,443,97,397,116
"Gene_1703",701,918,610,1183,353,1367,661,951,485,1380,591,748,458,1323,716,1075
"Gene_1704",46,39,38,61,63,62,67,54,73,63,69,29,58,100,52,55
"Gene_1705",7,1,1,25,11,3,1,17,0,8,3,34,10,7,3,2
"Gene_1706",256,248,227,329,316,341,396,281,371,387,240,280,307,353,415,414
"Gene_1707",24,17,13,28,27,33,20,37,11,17,48,31,13,24,35,26
"Gene_1708",29,32,30,31,19,15,31,26,33,48,26,13,17,11,20,46
"Gene_1709",131,174,185,129,117,181,166,172,130,118,147,189,70,189,143,172
"Gene_1710",12,16,19,10,19,14,33,10,55,24,25,16,16,22,5,20
"Gene_1711",42,49,63,45,57,52,137,82,92,63,62,39,40,90,121,49
"Gene_1712",25,4,22,3,49,1,31,9,60,6,30,7,43,3,28,2
"Gene_1713",218,227,155,228,132,95,183,195,229,197,212,245,296,306,249,197
"Gene_1714",12,11,41,20,27,11,34,12,22,40,18,11,31,19,17,42
"Gene_1715",13,16,16,9,24,24,27,26,23,29,13,9,12,11,16,21
"Gene_1716",25,92,25,122,14,90,13,79,35,176,28,62,9,46,9,95
"Gene_1717",112,121,106,111,92,57,77,104,83,104,69,97,155,89,112,77
"Gene_1718",863,882,836,1157,814,1203,963,1339,960,728,951,1018,1040,1589,1285,1291
"Gene_1719",44,13,26,13,34,15,19,30,18,24,30,18,27,10,10,17
"Gene_1720",182,197,181,134,97,145,136,211,111,113,172,240,161,184,214,99
"Gene_1721",50,19,28,50,39,17,16,44,20,29,30,48,11,32,34,37
"Gene_1722",13,42,19,17,13,16,24,15,10,10,32,13,6,10,18,23
"Gene_1723",615,617,811,563,457,1191,861,728,765,875,873,1233,841,805,862,1190
"Gene_1724",45,73,42,34,31,15,24,47,64,52,24,72,54,26,44,31
"Gene_1725",2049,12288,1419,13945,1495,18910,1645,10715,1987,15101,2226,15383,2122,15919,2630,14663
"Gene_1726",25,40,12,48,31,33,23,40,54,37,50,16,57,48,53,30
"Gene_1727",304,340,241,278,261,354,218,354,296,335,301,416,399,415,530,320
"Gene_1728",706,816,710,735,891,611,742,687,767,763,886,638,837,1048,985,758
"Gene_1729",4970,6025,4309,5521,4607,4847,3521,5588,4432,4991,5172,4433,4852,5522,5323,7223
"Gene_1730",8,12,17,27,10,34,12,16,20,26,10,26,21,31,39,28
"Gene_1731",95,137,164,93,105,126,137,144,135,81,177,197,129,98,208,166
"Gene_1732",728,531,522,650,420,628,550,469,370,626,706,321,472,905,571,661
"Gene_1733",40,19,43,6,40,12,85,17,40,5,31,13,29,8,62,10
"Gene_1734",259,68,272,68,344,43,317,73,346,64,347,53,391,48,408,56
"Gene_1735",63,24,68,31,61,14,21,12,60,30,49,25,37,16,29,29
"Gene_1736",16,18,18,3,8,21,13,6,6,25,11,13,8,22,13,15
"Gene_1737",2,1,4,7,3,2,9,2,8,3,19,2,6,6,6,26
"Gene_1738",309,203,224,345,205,407,412,296,218,365,310,400,259,404,433,375
"Gene_1739",90,18,37,56,80,38,53,56,50,61,61,34,63,44,63,43
"Gene_1740",2336,1641,1740,1519,1645,1069,2253,1780,1948,965,2780,1197,2873,1538,3594,1383
"Gene_1741",31,16,6,18,6,10,9,11,30,9,17,11,21,36,22,16
"Gene_1742",45,49,32,28,47,40,52,64,75,30,25,53,52,46,35,54
"Gene_1743",459,374,456,389,523,307,604,660,283,453,463,399,597,372,419,573
"Gene_1744",49,54,87,61,76,35,91,41,77,71,64,51,51,70,87,64
"Gene_1745",240,205,271,122,257,247,339,228,433,311,233,132,303,242,254,221
"Gene_1746",1128,928,1237,857,982,1023,1601,1206,1425,1718,1066,780,1067,1166,1086,1284
"Gene_1747",5219,1049,5415,1944,5218,1766,6552,1730,6857,1302,5606,1216,4860,1389,6321,1827
"Gene_1748",109,45,83,17,119,33,138,35,102,46,103,26,136,31,105,36
"Gene_1749",26,11,31,15,28,21,32,22,35,13,23,17,20,14,21,18
"Gene_1750",11,25,24,18,10,17,11,13,11,16,25,33,8,24,15,20
"Gene_1751",29,48,22,35,42,26,64,36,22,22,34,61,22,17,50,39
"Gene_1752",40,34,42,30,72,87,64,44,38,61,35,31,66,32,68,54
"Gene_1753",13,3,2,9,30,21,8,23,12,10,15,13,2,18,15,28
"Gene_1754",369,436,200,320,260,404,208,461,226,332,241,323,181,366,217,456
"Gene_1755",1673,10339,1099,5643,1595,9587,2047,15221,1681,8819,1591,10086,1157,10827,1532,13663
"Gene_1756",46,50,60,33,38,49,70,38,68,31,29,50,70,39,67,45
"Gene_1757",5,7,3,7,17,31,30,5,10,9,34,11,16,28,23,24
"Gene_1758",1,30,18,224,15,239,10,107,4,38,13,82,9,40,13,77
"Gene_1759",351,91,235,108,480,105,399,115,347,98,346,94,512,126,377,91
"Gene_1760",113,142,99,107,133,145,91,126,101,104,124,80,114,102,114,180
"Gene_1761",4,8,7,16,6,10,9,5,7,20,12,14,10,2,11,12
"Gene_1762",109,71,74,45,105,89,61,101,91,72,128,81,38,59,93,110
"Gene_1763",101,290,84,297,130,215,128,280,154,387,118,361,134,375,151,388
"Gene_1764",7,6,30,24,28,6,16,22,34,42,35,9,23,20,41,26
"Gene_1765",3,5,2,9,41,15,14,29,12,18,9,21,5,8,16,22
"Gene_1766",43,54,42,23,44,48,36,72,50,55,15,40,54,66,72,80
"Gene_1767",21,23,27,48,28,21,29,35,16,20,15,27,47,25,38,26
"Gene_1768",50,15,35,32,26,56,39,9,58,26,23,25,24,27,32,62
"Gene_1769",11,6,3,11,4,15,9,16,34,16,13,6,14,10,6,5
"Gene_1770",56,71,101,67,75,117,64,130,99,54,75,97,91,77,61,95
"Gene_1771",688,335,623,412,563,757,589,579,531,611,680,630,751,557,683,716
"Gene_1772",875,695,873,628,546,933,1069,1219,896,1063,870,737,718,740,1204,1061
"Gene_1773",4483,5618,4593,3511,4431,5427,5126,5047,5087,3558,4179,6140,5225,5043,5237,6055
"Gene_1774",175,182,166,177,153,161,168,230,134,234,162,231,183,266,203,303
"Gene_1775",7,11,30,12,9,14,16,19,29,17,21,18,19,20,18,33
"Gene_1776",250,196,242,329,348,228,287,247,249,280,201,348,231,288,271,248
"Gene_1777",889,146,695,148,887,61,991,151,619,172,726,181,856,139,669,201
"Gene_1778",3079,3104,2629,2854,3236,3136,3132,2816,3874,2409,2412,3766,2888,2614,3495,4020
"Gene_1779",463,366,257,319,331,297,573,403,449,505,373,443,473,503,527,538
"Gene_1780",1245,1244,1249,1189,1193,1328,1368,1709,1267,1000,1620,1238,1922,1426,1445,1369
"Gene_1781",146,1150,299,2236,186,1382,342,1715,247,1919,250,1806,231,1511,180,1957
"Gene_1782",8,8,14,12,7,19,5,3,6,33,13,12,4,11,6,31
"Gene_1783",15,23,7,37,29,20,26,13,43,6,16,30,9,29,17,24
"Gene_1784",3178,2749,2889,3319,3658,4461,2969,3915,3162,2764,3200,3728,2814,4097,2716,3991
"Gene_1785",400,367,276,495,412,275,542,598,575,510,289,524,334,476,369,767
"Gene_1786",28,20,23,35,35,37,42,25,22,28,42,14,26,31,33,30
"Gene_1787",46,35,40,23,39,48,13,30,26,27,18,28,32,20,19,36
"Gene_1788",22,17,23,21,22,14,21,23,10,19,10,18,15,20,19,30
"Gene_1789",170,91,127,117,181,121,153,81,141,109,139,85,164,144,115,184
"Gene_1790",83,112,40,62,79,68,43,106,62,38,55,72,79,57,63,66
"Gene_1791",9,14,24,11,6,47,16,12,11,13,12,29,16,21,19,22
"Gene_1792",995,1082,837,813,861,1238,731,1264,1111,1441,893,1076,696,1084,1121,1214
"Gene_1793",97,26,137,14,149,18,78,18,94,12,113,6,92,30,121,38
"Gene_1794",385,382,141,279,387,147,469,229,539,274,443,334,341,504,289,464
"Gene_1795",50,33,41,33,49,76,68,68,33,24,65,75,60,52,63,39
"Gene_1796",181,139,146,167,149,143,141,250,124,167,98,118,152,163,179,183
"Gene_1797",698,942,770,395,808,649,860,623,597,767,661,602,553,739,461,603
"Gene_1798",357,335,454,328,321,266,305,459,324,254,279,479,317,496,536,407
"Gene_1799",532,525,628,387,564,536,720,747,612,660,486,611,604,665,693,485
"Gene_1800",13,4,14,5,17,4,14,4,3,4,7,7,18,4,8,8
"Gene_1801",152,37,88,20,152,18,91,15,92,18,174,15,151,26,182,24
"Gene_1802",102,13,70,11,48,28,96,25,104,20,66,13,60,18,91,9
"Gene_1803",14,36,38,33,10,38,24,39,52,38,42,24,19,50,36,34
"Gene_1804",31,41,39,40,37,60,38,54,27,75,33,57,48,60,32,83
"Gene_1805",1694,2032,2291,1603,2112,2629,2188,2699,3297,1551,2240,2088,1584,1998,2767,2813
"Gene_1806",245,164,200,187,263,205,254,220,162,204,295,280,203,162,206,285
"Gene_1807",112,83,75,76,52,62,71,52,103,101,59,93,45,132,86,86
"Gene_1808",387,260,483,229,444,302,492,341,766,230,622,351,466,195,715,373
"Gene_1809",49,33,29,39,52,39,44,41,46,103,23,40,38,13,42,66
"Gene_1810",83,124,115,117,145,97,160,95,168,108,161,125,204,191,222,183
"Gene_1811",1223,1514,1524,1517,1665,1227,1817,1597,1832,2231,1558,1809,1290,1418,1898,1378
"Gene_1812",83,63,53,54,41,52,66,44,61,61,43,106,85,68,82,71
"Gene_1813",17,23,26,33,12,17,25,9,25,18,28,22,44,66,39,35
"Gene_1814",33,32,50,32,29,22,46,22,59,24,63,36,34,62,50,21
"Gene_1815",9,13,9,21,4,23,9,17,14,17,8,19,6,12,9,15
"Gene_1816",139,157,184,166,187,129,212,159,147,168,161,178,133,175,149,230
"Gene_1817",105,219,172,194,229,209,222,165,174,311,231,149,197,200,290,310
"Gene_1818",638,566,353,540,441,421,625,512,544,515,518,502,519,470,642,560
"Gene_1819",3362,3359,1830,2662,2850,2702,3290,2169,2669,2867,2921,2484,3066,2315,2909,1733
"Gene_1820",1223,1206,1063,971,1444,1030,1305,1631,1303,1291,1471,1183,980,1616,1415,1191
"Gene_1821",25,19,3,14,14,14,9,0,4,25,10,17,5,14,17,11
"Gene_1822",5385,13841,2432,14716,2804,15169,3944,16465,3229,13322,3773,13334,4192,14428,4619,13170
"Gene_1823",157,34,129,47,140,41,175,42,107,17,115,29,128,47,143,69
"Gene_1824",52,42,34,70,39,68,85,20,33,38,24,74,40,23,61,44
"Gene_1825",3652,2166,2542,2115,3432,2955,3372,2950,3179,3138,2980,3152,3741,2620,2781,2520
"Gene_1826",175,168,215,141,180,212,227,291,185,208,209,228,315,319,308,304
"Gene_1827",4203,2522,2232,2348,2079,1557,2044,2985,2593,2366,3053,1414,2010,2598,4474,2516
"Gene_1828",82,112,109,71,112,99,205,84,154,88,83,74,94,164,167,92
"Gene_1829",12,9,27,10,12,27,18,10,47,25,25,30,31,28,18,20
"Gene_1830",4,12,12,2,7,11,8,10,6,6,7,1,2,5,5,1
"Gene_1831",814,724,628,938,773,801,896,1127,884,1073,748,770,536,705,895,989
"Gene_1832",28,46,25,101,12,85,23,62,10,33,23,64,21,41,39,104
"Gene_1833",661,818,472,698,481,1027,491,1065,551,635,368,1059,660,1213,515,753
"Gene_1834",132,357,129,399,124,464,153,323,116,438,145,567,142,473,188,441
"Gene_1835",259,237,251,203,171,162,229,239,318,263,268,194,235,265,246,270
"Gene_1836",1110,1911,992,2340,1136,2531,941,1773,920,1915,1074,2323,1011,3258,1444,2463
"Gene_1837",32,13,26,67,50,32,39,35,59,61,66,43,78,21,35,58
"Gene_1838",66,37,60,39,37,18,56,50,53,27,38,34,48,43,86,55
"Gene_1839",89,22,87,33,29,19,70,23,78,41,69,25,52,45,69,51
"Gene_1840",818,556,614,509,577,731,647,478,800,494,573,506,499,483,796,948
"Gene_1841",48,62,44,27,58,51,76,59,47,49,47,50,45,41,58,65
"Gene_1842",78,96,56,50,68,87,77,40,126,69,89,77,67,34,100,61
"Gene_1843",393,494,429,353,337,326,379,357,492,386,436,416,471,393,366,382
"Gene_1844",456,420,304,477,271,323,396,388,447,475,331,485,612,510,742,455
"Gene_1845",388,458,319,663,411,498,577,603,366,680,585,842,434,637,345,632
"Gene_1846",93,86,159,73,109,114,125,127,126,108,103,64,100,149,116,127
"Gene_1847",341,1056,404,693,456,931,414,1343,310,1002,397,1062,427,1012,417,1285
"Gene_1848",185,197,186,168,124,143,216,149,83,143,171,205,165,228,206,184
"Gene_1849",25,18,22,24,40,32,11,39,19,21,22,31,42,29,54,38
"Gene_1850",2825,340,1995,377,2840,288,3133,487,1927,717,2074,501,3056,449,3430,689
"Gene_1851",0,22,4,106,8,31,0,33,3,104,6,31,6,25,14,41
"Gene_1852",516,538,453,647,406,526,697,675,613,605,911,391,579,715,562,426
"Gene_1853",175,73,175,95,213,41,229,108,154,107,150,110,204,83,214,61
"Gene_1854",172,42,104,31,132,62,68,26,119,47,80,30,64,62,182,50
"Gene_1855",29,53,40,6,30,12,61,50,39,24,45,19,46,21,45,53
"Gene_1856",51,54,67,54,58,79,53,92,114,76,54,96,44,57,72,114
"Gene_1857",2108,2315,1787,2720,2744,3568,2692,2973,2700,2337,3265,1610,2385,2408,3209,3507
"Gene_1858",73,108,112,56,134,112,123,82,91,104,165,89,154,184,109,109
"Gene_1859",57,30,45,39,55,43,53,55,62,44,75,67,57,55,97,68
"Gene_1860",15,5,25,23,24,20,18,16,9,11,28,6,53,18,10,12
"Gene_1861",30,1,34,1,48,7,44,10,47,8,46,4,24,3,39,9
"Gene_1862",73,82,75,66,74,74,80,121,94,96,68,88,106,98,103,112
"Gene_1863",22,17,8,12,5,1,6,14,1,12,4,7,5,7,21,22
"Gene_1864",641,2104,906,1575,972,2295,809,2539,541,1429,951,2067,1061,1397,996,2366
"Gene_1865",122,290,104,440,106,528,131,417,164,471,120,369,162,513,165,466
"Gene_1866",1218,996,1753,1004,1071,1281,1658,1635,1213,1339,2282,1409,1304,1212,1798,1691
"Gene_1867",432,510,544,619,660,522,502,758,716,466,717,656,675,495,708,913
"Gene_1868",1305,1309,1080,1414,910,1126,1401,1412,1611,1489,1125,1234,1202,1322,1455,1163
"Gene_1869",17,12,5,4,6,9,8,11,7,3,14,4,16,8,10,5
"Gene_1870",247,912,256,739,240,815,306,1428,279,632,222,1442,289,901,276,810
"Gene_1871",27,70,37,43,36,45,41,31,35,59,63,78,57,78,51,60
"Gene_1872",100,57,92,64,101,126,119,48,130,111,161,49,118,86,64,97
"Gene_1873",44,30,23,22,21,23,28,7,12,20,34,30,45,41,53,42
"Gene_1874",98,160,130,156,204,146,175,207,82,107,255,143,206,115,313,108
"Gene_1875",169,94,99,135,146,113,92,138,137,107,99,100,136,152,115,132
"Gene_1876",6,6,11,1,10,1,7,1,14,17,2,6,11,0,2,4
"Gene_1877",521,415,502,337,343,515,443,406,592,650,361,536,622,431,525,484
"Gene_1878",189,169,161,228,146,148,159,106,202,140,135,167,129,180,162,174
"Gene_1879",13,17,16,28,11,21,18,24,19,29,19,8,28,16,18,32
"Gene_1880",15,17,19,9,5,13,13,24,12,10,16,22,22,6,26,9
"Gene_1881",32,15,28,3,40,28,59,11,60,9,36,12,26,15,29,25
"Gene_1882",8,21,4,6,1,11,14,3,4,6,4,12,13,18,16,9
"Gene_1883",121,136,132,187,109,161,155,165,149,152,167,99,133,168,233,167
"Gene_1884",1610,2240,1510,1336,1193,1772,1674,1921,1370,1948,1502,2091,1524,1394,2069,1427
"Gene_1885",130,146,99,157,112,140,279,117,191,184,125,160,121,175,184,155
"Gene_1886",224,198,334,256,297,228,338,294,254,232,226,231,248,316,317,321
"Gene_1887",22,15,4,1,6,7,18,11,3,16,13,9,5,5,12,6
"Gene_1888",1,12,4,3,5,10,10,12,8,7,16,23,4,7,3,2
"Gene_1889",21,21,28,18,28,13,27,20,15,18,28,23,21,18,16,42
"Gene_1890",392,163,318,223,364,188,565,185,309,166,454,137,418,129,555,205
"Gene_1891",34,39,29,8,7,17,33,21,25,11,17,18,6,36,25,19
"Gene_1892",245,2005,252,1437,318,2043,211,2131,264,1660,267,2286,284,1764,384,2327
"Gene_1893",58,63,67,96,63,87,72,36,54,41,106,81,101,61,81,37
"Gene_1894",184,128,184,197,275,190,276,207,265,196,163,223,260,140,194,234
"Gene_1895",24,11,15,16,4,13,28,48,19,3,1,33,0,8,19,6
"Gene_1896",18,22,19,12,17,32,10,9,21,19,12,25,12,17,13,19
"Gene_1897",73,59,92,84,85,105,109,45,113,86,92,75,80,81,72,72
"Gene_1898",73,49,92,56,82,54,80,80,103,50,106,86,48,37,105,77
"Gene_1899",3,20,2,9,12,0,2,7,9,16,4,9,5,4,37,6
"Gene_1900",299,156,337,267,212,211,176,323,317,301,244,418,259,314,443,317
"Gene_1901",3,3,21,5,13,3,4,0,1,6,6,5,5,0,14,3
"Gene_1902",57,63,24,36,66,32,36,51,42,43,73,73,64,60,74,52
"Gene_1903",116,100,95,69,74,96,84,63,97,71,76,121,102,98,124,106
"Gene_1904",16,26,32,14,40,24,15,57,22,22,15,53,41,24,38,10
"Gene_1905",19,15,4,18,7,6,13,9,11,20,6,16,10,3,2,20
"Gene_1906",57,93,48,43,37,46,65,81,92,49,57,39,26,41,50,45
"Gene_1907",81,126,122,138,71,97,115,88,150,81,103,53,81,57,77,108
"Gene_1908",20,1,11,2,28,5,14,1,24,3,22,3,22,3,17,5
"Gene_1909",10,1,6,8,5,10,10,6,12,6,4,11,5,7,11,10
"Gene_1910",18,19,12,48,3,14,5,11,5,6,14,7,8,11,14,16
"Gene_1911",40,80,45,31,28,59,37,47,33,62,101,29,52,33,51,49
"Gene_1912",42,10,51,12,76,10,38,23,46,18,69,16,34,19,68,9
"Gene_1913",1087,1239,1427,1438,918,1375,1014,1686,1365,1875,1386,1562,1279,1447,1533,1688
"Gene_1914",9,5,4,18,15,17,13,22,11,16,8,6,9,2,27,11
"Gene_1915",194,37,91,42,172,35,263,52,164,31,245,47,173,37,256,82
"Gene_1916",52,71,62,33,50,30,43,55,44,27,60,59,33,48,32,64
"Gene_1917",133,161,181,84,130,182,148,140,120,100,125,189,68,100,133,140
"Gene_1918",29,29,35,25,22,30,55,30,24,45,29,27,15,35,62,38
"Gene_1919",525,413,512,376,405,277,456,517,484,354,364,436,357,400,520,537
"Gene_1920",6,10,4,8,16,12,12,21,3,5,2,7,19,12,11,4
"Gene_1921",154,119,146,110,198,147,154,130,142,108,181,106,106,125,190,99
"Gene_1922",101,74,150,81,92,97,111,155,84,148,89,155,102,98,107,117
"Gene_1923",1223,602,369,591,667,494,636,807,755,541,738,597,885,799,990,617
"Gene_1924",42,126,57,50,35,95,39,72,99,48,61,70,88,54,89,110
"Gene_1925",298,44,288,50,226,34,371,51,328,53,362,39,253,38,320,51
"Gene_1926",204,24,301,78,263,57,279,64,236,28,213,66,356,44,177,41
"Gene_1927",27,86,23,127,33,103,40,60,29,65,35,61,34,156,35,48
"Gene_1928",86,67,110,84,76,66,68,89,66,82,88,97,74,73,131,66
"Gene_1929",87,6,76,19,80,9,94,10,44,21,112,5,49,17,162,13
"Gene_1930",852,1060,715,737,535,496,731,742,1109,795,872,815,927,623,1128,792
"Gene_1931",143,205,205,94,180,163,177,201,144,204,123,150,196,165,224,253
"Gene_1932",176,221,124,194,94,194,183,188,191,219,179,169,135,205,272,253
"Gene_1933",6674,5566,4853,7635,8266,6755,10690,9559,8584,6842,5561,3868,7334,7875,7600,7641
"Gene_1934",143,252,209,201,244,270,290,334,222,305,235,203,149,175,165,293
"Gene_1935",153,276,163,199,279,274,320,290,240,267,238,125,233,278,208,243
"Gene_1936",269,274,262,289,255,353,314,227,263,286,353,334,397,262,278,346
"Gene_1937",1451,222,1326,169,2137,212,1767,220,1840,233,1813,265,2225,287,2059,273
"Gene_1938",381,88,461,62,520,58,682,117,624,100,547,55,563,91,476,93
"Gene_1939",156,125,123,196,119,169,123,165,199,212,256,147,173,147,281,245
"Gene_1940",32,34,22,31,21,21,37,36,23,37,38,65,32,46,31,91
"Gene_1941",138,459,206,680,182,706,189,833,269,581,218,485,129,567,173,1043
"Gene_1942",115,418,86,232,201,253,241,338,119,416,233,400,70,557,145,383
"Gene_1943",3,13,3,6,11,14,5,7,8,2,9,5,4,5,11,11
"Gene_1944",1,19,5,4,2,6,5,22,4,20,5,2,3,9,5,2
"Gene_1945",25,11,12,6,3,8,3,7,6,3,5,5,10,8,4,27
"Gene_1946",1530,1523,976,1309,1194,1239,1626,1891,1142,1636,1419,1656,1276,1683,1826,1361
"Gene_1947",293,118,227,126,400,80,406,168,300,102,317,84,327,71,315,123
"Gene_1948",9,6,9,13,13,7,17,2,5,6,8,5,15,14,8,9
"Gene_1949",228,269,196,248,234,233,254,255,187,247,215,185,144,256,287,196
"Gene_1950",150,162,186,194,122,148,162,121,146,229,112,221,120,154,169,126
"Gene_1951",83,27,69,35,54,51,46,97,50,88,64,63,48,54,50,71
"Gene_1952",32,13,39,32,62,12,26,43,13,32,49,19,42,42,29,28
"Gene_1953",8,9,5,24,1,14,18,8,11,9,10,16,8,16,12,4
"Gene_1954",297,491,485,329,570,458,419,509,552,430,577,324,477,414,493,621
"Gene_1955",38,8,42,12,35,18,27,10,38,9,31,17,55,10,46,17
"Gene_1956",94,76,122,77,58,64,100,100,68,68,112,115,88,158,149,60
"Gene_1957",249,966,272,597,232,990,378,699,291,695,320,1076,388,507,365,1076
"Gene_1958",303,208,333,273,332,298,417,214,273,191,168,195,440,296,281,268
"Gene_1959",74,175,55,132,51,159,70,120,24,207,39,107,49,144,86,208
"Gene_1960",46,63,40,31,29,69,30,58,50,42,27,23,37,36,54,54
"Gene_1961",116,83,103,184,149,123,121,138,194,178,148,173,162,155,193,228
"Gene_1962",4,94,20,86,28,118,17,65,1,55,13,79,24,92,22,57
"Gene_1963",171,183,168,179,163,207,148,134,153,123,184,210,141,162,214,144
"Gene_1964",173,100,148,108,117,111,166,107,132,142,117,65,188,119,129,81
"Gene_1965",124,130,116,109,139,196,185,304,169,258,151,191,184,251,239,294
"Gene_1966",70,61,61,79,62,58,40,96,103,123,65,52,56,59,47,114
"Gene_1967",13,10,5,3,11,3,8,15,14,10,18,11,3,6,7,15
"Gene_1968",1,5,12,3,11,29,1,14,1,18,12,15,6,3,4,7
"Gene_1969",3,73,8,131,6,28,9,73,3,50,12,79,10,117,16,111
"Gene_1970",224,213,241,166,230,213,235,202,216,224,177,156,267,214,272,211
"Gene_1971",104,101,89,72,63,95,58,84,103,78,44,109,100,103,85,92
"Gene_1972",29,160,23,82,40,97,24,52,15,74,18,57,50,87,13,35
"Gene_1973",29,27,22,17,26,18,17,56,14,26,10,18,65,37,16,10
"Gene_1974",220,299,246,280,299,235,362,403,268,372,245,265,320,276,321,237
"Gene_1975",15,40,32,13,5,94,27,8,5,57,11,39,1,18,4,8
"Gene_1976",374,578,421,423,239,456,502,561,238,616,343,470,441,483,575,586
"Gene_1977",249,294,288,191,283,227,268,278,311,258,224,246,198,356,261,251
"Gene_1978",26,75,16,39,10,56,49,50,13,77,19,75,24,39,3,60
"Gene_1979",99,116,74,88,49,90,84,103,99,123,68,55,96,127,100,160
"Gene_1980",501,51,725,64,628,65,479,65,660,50,535,63,668,60,453,62
"Gene_1981",1401,1329,758,1121,1039,1061,999,852,1440,1162,1335,986,1044,859,1419,813
"Gene_1982",1774,1497,832,1552,1009,2137,2309,1760,1424,1396,1570,1707,1631,1053,1661,2009
"Gene_1983",203,14,164,19,210,23,219,28,215,18,264,38,257,34,225,33
"Gene_1984",86,60,61,63,54,59,49,45,95,80,63,73,61,60,84,119
"Gene_1985",211,1700,237,2706,176,1193,313,1526,195,2060,151,1690,191,2461,298,2587
"Gene_1986",89,8,57,6,69,14,72,6,143,3,70,13,42,8,56,4
"Gene_1987",3,39,17,33,31,19,17,41,26,91,23,5,18,43,10,15
"Gene_1988",416,533,514,304,422,247,453,560,255,364,297,557,261,470,440,613
"Gene_1989",401,277,397,385,305,297,439,337,457,355,467,371,408,321,710,449
"Gene_1990",887,1203,885,932,1619,630,984,1370,882,756,883,1079,935,924,1148,1191
"Gene_1991",2266,2766,2427,1790,2043,1478,1765,1705,2669,2353,1485,1742,2494,2994,2586,2801
"Gene_1992",1159,1528,1362,1363,1348,1629,1288,1350,1705,1594,1227,1923,1793,1560,2248,2537
"Gene_1993",351,629,388,449,437,429,465,510,377,462,350,453,443,532,514,591
"Gene_1994",80,136,106,110,119,167,116,115,125,158,128,148,113,125,111,97
"Gene_1995",143,742,119,862,102,433,143,972,101,646,74,656,73,589,141,692
"Gene_1996",39,66,58,62,35,85,63,56,41,63,79,30,64,47,54,49
"Gene_1997",8,38,28,30,16,31,17,16,41,10,29,37,33,19,33,18
"Gene_1998",83,65,67,28,23,40,56,136,70,45,58,53,64,67,51,63
"Gene_1999",307,308,292,289,317,368,438,436,311,428,419,343,261,490,292,405
"Gene_2000",186,217,223,232,120,274,296,315,154,249,276,164,243,148,220,231
"Gene_2001",11,6,13,3,12,8,7,8,15,13,8,23,10,5,10,13
"Gene_2002",1044,872,755,944,586,865,830,746,939,707,1012,656,874,694,963,1284
"Gene_2003",1119,943,875,1217,996,1083,1111,1268,1332,911,1029,1029,1156,1158,1340,1193
"Gene_2004",1304,1165,1346,1110,1188,1602,1770,1060,1843,1596,1403,1494,1267,1403,2945,2536
"Gene_2005",23,9,4,4,9,6,7,9,8,5,12,7,39,14,7,18
"Gene_2006",47,149,31,138,27,123,64,79,48,190,50,155,32,116,55,164
"Gene_2007",77,31,43,74,52,70,65,56,55,46,53,41,29,41,63,47
"Gene_2008",40,42,42,49,43,38,52,64,101,39,62,40,55,42,29,27
"Gene_2009",52,30,31,47,21,53,32,46,61,41,46,71,35,32,44,42
"Gene_2010",30,33,71,53,21,53,43,78,45,61,16,44,41,45,32,47
"Gene_2011",27,2,11,1,21,5,18,1,25,2,22,1,17,2,13,0
"Gene_2012",30,23,28,68,53,34,33,32,28,21,32,36,35,24,37,47
"Gene_2013",43,34,37,32,51,22,43,30,63,16,69,17,56,37,59,28
"Gene_2014",143,120,87,198,169,115,110,143,139,172,141,154,137,170,245,123
"Gene_2015",287,329,304,205,390,283,283,345,318,295,317,317,308,343,392,310
"Gene_2016",712,466,517,411,507,577,867,691,793,460,859,417,705,724,669,587
"Gene_2017",16,7,42,8,33,15,57,7,30,7,12,27,31,10,28,25
"Gene_2018",93,77,127,130,73,76,154,141,109,114,130,124,129,132,99,98
"Gene_2019",6109,6608,7417,7173,5328,6490,5966,9082,6589,4806,7946,7255,8538,7827,12025,10212
"Gene_2020",30,63,31,38,67,64,51,108,55,104,36,138,53,36,36,172
"Gene_2021",386,342,423,426,310,430,422,473,346,313,597,519,283,334,410,596
"Gene_2022",24,39,40,43,24,11,18,20,27,44,21,23,18,18,12,29
"Gene_2023",644,912,594,1033,739,600,609,609,802,690,876,757,600,548,788,928
"Gene_2024",299,242,246,176,221,232,316,191,327,142,276,207,259,172,276,329
"Gene_2025",12,16,27,23,10,8,45,12,6,19,12,5,13,12,20,16
"Gene_2026",364,683,709,721,489,680,540,702,524,527,539,969,625,517,742,520
"Gene_2027",568,672,873,899,920,797,890,911,679,712,608,669,739,632,810,993
"Gene_2028",619,455,550,498,427,593,495,680,515,381,605,513,533,584,631,712
"Gene_2029",12,7,10,12,10,30,9,17,9,4,19,0,17,10,16,16
"Gene_2030",127,507,143,591,140,511,121,720,140,430,143,541,111,689,100,593
"Gene_2031",1504,1294,1559,1174,1500,1547,1594,1367,1786,1377,1585,1453,1636,1934,1684,2003
"Gene_2032",61,77,52,92,72,72,49,73,72,62,89,92,57,98,96,91
"Gene_2033",16,25,29,25,13,32,15,14,24,24,52,41,29,28,22,10
"Gene_2034",56,72,69,68,58,101,77,99,76,46,75,66,80,161,54,105
"Gene_2035",7,2,0,15,7,3,7,8,5,6,15,8,8,15,20,9
"Gene_2036",19,0,14,9,7,13,13,6,8,4,6,3,11,1,12,9
"Gene_2037",73,137,124,107,84,93,137,87,87,78,115,95,79,108,141,112
"Gene_2038",527,368,447,304,331,419,558,583,434,527,381,476,477,449,514,738
"Gene_2039",138,173,116,137,163,163,194,127,206,154,146,205,98,130,173,184
"Gene_2040",351,348,276,411,297,240,487,579,350,337,355,366,265,313,431,278
"Gene_2041",5,9,4,20,6,5,4,15,31,0,10,3,24,6,43,26
"Gene_2042",1418,1804,1502,1410,1630,1838,1673,1588,1443,2051,1360,1136,1460,2306,1682,1260
"Gene_2043",997,1006,949,988,741,667,672,840,1014,1154,1011,1093,985,826,1107,1331
"Gene_2044",310,372,271,295,293,321,212,338,378,229,360,362,337,228,337,593
"Gene_2045",69,20,86,8,65,10,75,7,74,16,48,9,41,12,60,14
"Gene_2046",675,1335,400,1180,219,1333,735,1368,513,1018,589,1313,613,1467,535,828
"Gene_2047",9,61,12,102,26,25,29,40,20,39,18,40,34,40,34,48
"Gene_2048",54,14,30,7,42,7,42,21,23,42,21,14,30,30,18,26
"Gene_2049",5,16,7,2,12,6,3,12,8,11,12,3,1,9,5,2
"Gene_2050",147,147,127,151,173,157,105,170,152,202,95,139,95,163,232,165
"Gene_2051",6,4,11,1,9,9,31,7,8,18,14,3,42,21,4,2
"Gene_2052",86,101,125,92,66,108,79,99,102,61,107,72,95,90,114,120
"Gene_2053",242,335,229,212,214,256,213,275,239,172,189,313,277,262,185,193
"Gene_2054",610,414,306,304,582,319,380,376,453,429,511,472,414,330,611,403
"Gene_2055",616,801,650,483,565,491,582,764,664,648,606,823,670,622,766,750
"Gene_2056",313,231,286,221,220,251,374,344,258,277,363,288,371,288,418,308
"Gene_2057",25,24,16,12,9,22,12,43,21,27,14,19,25,47,21,21
"Gene_2058",395,596,284,580,422,385,445,521,356,455,721,442,460,434,680,605
"Gene_2059",120,123,114,90,103,112,107,133,84,109,85,143,167,122,147,131
"Gene_2060",11,6,7,11,10,3,3,10,8,11,17,5,4,19,15,15
"Gene_2061",59,126,130,124,81,64,75,124,83,96,59,94,87,173,113,97
"Gene_2062",10,16,7,16,0,11,5,17,1,12,12,11,9,11,11,17
"Gene_2063",9,1,12,16,20,19,10,16,26,13,12,19,12,24,17,5
"Gene_2064",31,31,34,49,38,21,52,27,26,26,19,35,19,42,24,57
"Gene_2065",26,27,46,19,31,18,45,37,53,26,43,29,42,41,35,33
"Gene_2066",354,55,517,64,343,60,701,38,429,73,508,48,490,60,626,88
"Gene_2067",89,263,69,215,98,213,93,184,89,239,95,262,63,199,72,271
"Gene_2068",30,23,18,12,17,27,14,65,9,30,8,48,21,34,18,36
"Gene_2069",54,25,20,49,28,29,42,22,31,20,26,33,28,38,46,40
"Gene_2070",24,112,28,193,46,178,22,192,37,387,28,382,66,174,49,464
"Gene_2071",142,92,135,166,125,99,183,201,189,153,135,152,124,150,121,80
"Gene_2072",242,282,281,230,337,232,258,311,254,295,322,381,328,267,405,226
"Gene_2073",64,75,24,59,60,56,46,58,47,59,67,52,43,86,65,49
"Gene_2074",58,657,62,342,19,289,103,425,106,303,67,363,25,408,93,527
"Gene_2075",298,286,228,250,198,212,276,343,258,293,254,313,228,233,517,367
"Gene_2076",18,21,45,16,11,14,20,13,12,10,24,19,25,23,23,19
"Gene_2077",81,66,122,79,47,130,104,143,64,61,144,134,85,131,112,83
"Gene_2078",62,424,91,313,97,388,106,463,76,467,76,497,51,613,123,503
"Gene_2079",23,9,10,31,37,42,25,24,44,32,21,19,20,21,12,40
"Gene_2080",36,9,27,7,38,1,44,3,11,5,20,4,36,3,22,5
"Gene_2081",28,34,51,25,38,5,97,19,73,16,74,15,39,11,85,40
"Gene_2082",12,13,12,9,17,25,18,30,38,14,26,43,31,25,49,28
"Gene_2083",91,106,50,79,118,88,118,76,53,74,102,82,133,92,88,75
"Gene_2084",8,23,7,5,12,2,29,3,2,27,1,9,12,2,14,16
"Gene_2085",216,181,239,147,189,269,162,231,250,259,206,259,199,236,277,285
"Gene_2086",56,38,53,20,34,41,57,66,26,60,25,23,70,54,45,58
"Gene_2087",364,314,415,409,402,212,517,426,425,451,410,555,379,595,621,570
"Gene_2088",243,183,325,144,211,203,252,238,190,211,230,304,183,368,237,352
"Gene_2089",41,49,20,47,60,16,37,76,51,82,47,59,24,62,21,60
"Gene_2090",32,60,39,45,54,95,48,45,47,45,77,65,55,57,66,37
"Gene_2091",437,310,405,299,383,285,368,280,328,385,342,410,214,512,301,408
"Gene_2092",413,487,511,304,391,332,375,588,370,444,471,380,459,478,389,497
"Gene_2093",236,229,235,289,283,270,325,272,260,284,195,215,201,305,322,323
"Gene_2094",155,222,174,179,174,178,199,212,258,245,165,207,190,240,197,256
"Gene_2095",6,24,11,35,10,31,5,27,7,33,13,74,3,86,8,17
"Gene_2096",152,172,94,154,136,112,168,120,140,114,127,114,177,179,171,119
"Gene_2097",3,17,8,15,7,7,4,16,5,9,21,16,3,8,3,13
"Gene_2098",93,147,92,122,202,136,129,104,118,131,159,133,113,152,155,131
"Gene_2099",42,25,34,52,36,42,23,51,25,27,32,25,45,33,26,25
"Gene_2100",86,63,73,79,52,66,55,84,91,82,81,88,70,79,41,84
"Gene_2101",19,16,5,2,23,2,11,29,9,8,34,12,9,16,12,22
"Gene_2102",101,78,67,46,61,103,92,48,72,71,76,53,65,65,97,78
"Gene_2103",1815,2190,2477,2738,2037,2488,1849,3186,1227,2874,1603,2212,1422,3864,1736,4069
"Gene_2104",2472,12092,3051,28427,3086,17415,5391,19831,2137,22485,2195,15914,3141,20863,2535,28690
"Gene_2105",9,7,11,5,5,8,11,2,2,24,7,6,1,1,7,1
"Gene_2106",4,4,7,9,4,2,16,6,13,0,15,2,8,1,21,7
"Gene_2107",9,13,5,2,8,5,4,10,26,7,4,7,6,5,1,4
"Gene_2108",12,23,12,8,9,4,5,21,10,13,12,25,6,18,23,10
"Gene_2109",4275,5412,3846,5740,3866,5434,4851,6579,3994,5719,3639,4476,3789,6293,4641,5036
"Gene_2110",513,656,535,905,611,902,912,773,682,864,656,722,484,1024,804,883
"Gene_2111",60,99,79,92,172,84,107,131,58,93,84,101,109,81,135,103
"Gene_2112",600,64,485,93,559,61,601,92,548,79,685,94,469,88,788,81
"Gene_2113",4322,24682,5480,34327,5487,38404,5957,39738,5776,39430,7481,39634,5651,43757,7872,31641
"Gene_2114",256,260,339,331,247,296,389,372,220,355,322,354,450,296,310,195
"Gene_2115",2995,1811,2305,1932,2029,2322,4117,3017,2843,3138,4219,3562,1647,3062,2145,2480
"Gene_2116",18,2,1,1,11,2,5,2,5,1,27,1,19,1,17,0
"Gene_2117",21,6,26,7,18,4,33,0,6,8,13,6,26,2,12,2
"Gene_2118",901,2923,739,2395,680,2183,1007,3415,1020,3864,371,3077,848,3550,950,1901
"Gene_2119",401,472,517,330,408,477,505,354,655,618,738,510,659,525,714,414
"Gene_2120",364,1735,391,1160,475,1415,479,1619,580,1817,612,1638,532,1524,696,1848
"Gene_2121",188,226,285,281,219,260,242,257,201,259,191,360,143,241,313,273
"Gene_2122",28,16,42,6,24,22,61,13,26,14,66,15,37,17,84,14
"Gene_2123",847,5704,510,5885,639,4203,682,3438,697,5049,625,5459,640,5482,787,5004
"Gene_2124",2532,2635,2921,2366,4255,2728,3896,2266,2157,2972,3224,2738,3026,3730,3329,3401
"Gene_2125",821,1254,922,671,677,1056,891,1062,900,985,890,874,1102,1306,860,1677
"Gene_2126",10,4,18,3,1,0,10,2,20,9,4,2,18,3,11,1
"Gene_2127",214,281,206,252,282,313,293,288,272,256,244,264,262,247,243,248
"Gene_2128",71,84,76,68,54,72,112,117,88,81,100,109,106,69,160,113
"Gene_2129",114,138,95,122,107,117,241,105,129,137,153,101,114,84,130,161
"Gene_2130",41,79,45,59,112,68,109,61,69,149,86,99,41,86,89,50
"Gene_2131",13,11,4,6,6,12,7,13,12,4,7,7,8,17,26,3
"Gene_2132",189,127,119,139,197,237,130,207,196,210,240,254,178,218,198,241
"Gene_2133",920,2104,1288,1359,1153,2013,1158,2845,931,1316,1031,2266,1124,2859,1268,2727
"Gene_2134",2432,2739,2054,2316,2054,1576,3639,2030,2353,1956,2634,2005,1739,2884,2539,3124
"Gene_2135",238,230,257,253,292,295,164,201,246,365,270,174,286,253,286,254
"Gene_2136",32,21,16,32,26,43,36,28,40,27,28,40,31,34,70,40
"Gene_2137",39,39,14,24,27,49,35,66,32,14,17,31,26,29,49,43
"Gene_2138",51,54,26,18,22,32,43,35,31,25,20,42,35,42,28,24
"Gene_2139",252,304,524,231,244,363,196,193,378,349,356,245,361,263,316,387
"Gene_2140",106,49,52,56,57,92,82,47,97,46,54,78,54,63,75,85
"Gene_2141",18961,19512,20518,13134,13246,15423,18718,17164,15757,23759,21914,18539,21365,15268,22509,24238
"Gene_2142",95,98,65,69,78,49,82,49,37,70,41,84,30,62,50,85
"Gene_2143",155,140,57,97,69,117,163,145,151,146,106,157,106,207,139,223
"Gene_2144",52,70,61,93,68,104,108,105,91,96,139,126,69,65,71,107
"Gene_2145",12,38,10,19,30,46,45,38,63,56,33,45,33,23,45,33
"Gene_2146",513,449,392,632,487,435,394,478,730,404,439,475,681,482,693,851
"Gene_2147",26,258,49,212,39,392,22,278,27,334,31,198,93,303,66,287
"Gene_2148",72,16,123,36,101,27,114,30,113,36,93,40,73,51,82,52
"Gene_2149",41,48,57,61,90,57,53,97,79,41,64,107,44,84,48,80
"Gene_2150",3,5,17,20,8,22,10,19,7,9,12,38,8,8,6,2
"Gene_2151",333,351,309,390,259,309,286,285,396,289,378,356,254,158,390,327
"Gene_2152",133,171,96,123,107,126,160,219,105,188,129,176,141,178,150,148
"Gene_2153",10,11,42,20,27,23,22,16,28,21,13,12,30,17,46,22
"Gene_2154",1713,1214,1147,1224,1146,931,1130,1404,1489,1144,865,1174,1204,1040,1470,1704
"Gene_2155",11,12,15,8,14,17,12,14,9,2,20,14,20,11,10,15
"Gene_2156",13,8,5,9,3,2,2,7,12,9,12,6,2,14,20,7
"Gene_2157",26,175,12,70,64,225,23,196,26,149,19,95,28,208,39,280
"Gene_2158",11,40,5,27,7,24,12,20,10,41,14,25,14,22,4,43
"Gene_2159",368,687,265,438,293,594,471,495,456,286,453,443,334,511,505,652
"Gene_2160",202,119,125,182,122,150,118,165,72,130,158,172,142,87,129,112
"Gene_2161",73,32,38,38,41,28,54,41,63,31,71,50,49,47,94,31
"Gene_2162",100,118,114,101,101,116,96,96,114,81,128,101,85,99,93,142
"Gene_2163",16,4,8,11,12,15,38,21,17,24,13,22,12,13,34,20
"Gene_2164",197,157,139,199,174,95,167,149,125,134,118,170,125,162,147,134
"Gene_2165",92,98,74,154,111,190,135,179,145,129,188,217,122,184,158,177
"Gene_2166",59,71,79,70,85,110,64,89,83,77,83,97,66,64,117,119
"Gene_2167",122,205,135,235,103,211,139,179,136,198,123,300,136,315,74,340
"Gene_2168",12,12,21,4,7,6,14,30,16,8,11,12,8,15,5,14
"Gene_2169",460,698,507,520,470,387,770,643,448,742,430,842,817,512,643,927
"Gene_2170",9,15,19,19,8,3,9,6,5,0,8,6,9,6,4,6
"Gene_2171",8070,3094,5240,2187,4986,1822,4810,2360,4953,2950,5683,3617,5003,2439,4904,3437
"Gene_2172",1516,10982,1377,12375,2022,10899,2035,11006,2099,11023,1555,13003,1882,13364,2543,15328
"Gene_2173",239,337,234,249,267,347,308,211,230,327,329,260,222,329,329,397
"Gene_2174",6,23,8,35,2,61,6,121,2,68,8,41,1,33,5,50
"Gene_2175",234,174,218,158,132,178,288,353,278,324,250,236,254,254,222,272
"Gene_2176",19,13,18,1,16,19,6,4,12,4,5,11,13,10,6,13
"Gene_2177",53,103,52,69,40,54,79,68,72,50,37,26,61,77,137,79
"Gene_2178",406,463,587,437,522,397,552,486,460,415,402,507,498,418,412,439
"Gene_2179",415,419,445,398,421,474,463,469,511,394,414,302,446,331,515,429
"Gene_2180",86,94,97,129,77,61,137,75,124,76,101,141,92,74,100,173
"Gene_2181",73,38,40,62,46,84,89,84,79,24,57,34,51,71,103,78
"Gene_2182",237,17,292,23,156,23,150,17,110,27,215,20,112,23,124,36
"Gene_2183",0,2,2,20,0,6,12,5,6,25,1,10,15,3,11,23
"Gene_2184",68,75,28,42,60,96,47,65,50,46,65,39,46,104,46,87
"Gene_2185",2420,2446,2281,3026,2304,2625,3550,3349,2991,2497,2686,2716,2712,2554,3342,3232
"Gene_2186",10,2,2,5,11,11,13,0,5,7,1,4,28,10,12,4
"Gene_2187",1783,3989,2032,5244,1751,4394,2004,5071,1964,4553,1413,5191,1818,4921,2211,4997
"Gene_2188",246,264,239,303,244,294,264,326,254,316,308,267,231,362,292,427
"Gene_2189",33,38,42,24,34,62,57,81,36,58,52,89,44,37,42,41
"Gene_2190",5436,9024,6220,7638,4478,6898,8550,7081,4339,10212,4857,8321,6505,5102,8516,5176
"Gene_2191",95,886,72,805,126,390,137,708,163,990,137,785,168,675,106,666
"Gene_2192",3734,2871,3730,2810,4034,2939,3420,4378,3621,2449,3919,4396,3460,2780,3318,4000
"Gene_2193",83,24,108,11,113,20,129,19,94,14,158,9,145,8,137,15
"Gene_2194",226,94,185,112,293,68,402,57,357,142,314,62,447,74,438,85
"Gene_2195",25,25,74,19,45,6,65,8,25,21,45,8,28,16,47,13
"Gene_2196",4,36,18,19,20,15,18,28,29,22,11,26,20,18,20,14
"Gene_2197",8,1,11,9,6,5,17,16,0,12,3,6,6,6,4,18
"Gene_2198",16,20,29,28,70,37,45,47,37,34,34,17,47,37,37,43
"Gene_2199",319,363,369,390,344,462,316,375,314,397,565,315,367,292,378,434
"Gene_2200",17,21,24,14,11,7,31,22,19,21,14,18,9,12,33,30
"Gene_2201",3,2,10,23,11,9,12,15,11,22,2,17,12,21,26,15
"Gene_2202",30,50,30,61,12,50,59,46,53,51,62,45,67,46,58,47
"Gene_2203",120,128,158,103,113,160,177,133,140,128,143,119,147,127,92,132
"Gene_2204",37,46,41,23,26,42,33,73,36,61,45,36,21,45,49,60
"Gene_2205",596,659,958,740,565,859,1040,800,845,1060,1011,778,983,1139,892,930
"Gene_2206",109,165,156,166,180,257,268,132,176,233,229,234,163,276,146,218
"Gene_2207",88,16,107,11,66,17,102,7,94,10,78,10,90,14,134,10
"Gene_2208",13,8,12,14,17,10,35,6,11,11,12,10,8,4,11,11
"Gene_2209",29,39,23,16,28,12,43,43,21,43,17,20,12,28,11,47
"Gene_2210",259,249,203,223,206,176,316,239,260,226,230,226,168,194,271,243
"Gene_2211",68,109,47,94,60,44,47,46,31,63,53,32,46,43,85,31
"Gene_2212",681,624,708,990,755,571,816,986,1004,774,665,707,988,829,947,713
"Gene_2213",15,6,0,5,5,17,11,25,9,7,8,6,5,10,10,19
"Gene_2214",215,220,197,157,223,231,165,272,266,253,216,198,192,200,211,254
"Gene_2215",53,46,42,21,79,48,31,51,45,34,52,60,22,37,26,52
"Gene_2216",1061,904,1481,642,1455,1086,1741,972,1347,1118,1036,1745,1511,1706,1349,1229
"Gene_2217",177,29,229,39,219,31,242,29,204,38,203,42,204,27,253,35
"Gene_2218",14,19,19,20,12,20,12,13,20,20,12,15,5,17,23,5
"Gene_2219",28,3,8,16,16,11,19,11,3,5,2,10,3,17,12,13
"Gene_2220",160,610,166,1195,163,548,221,452,141,1527,131,832,133,812,199,1181
"Gene_2221",52,4,49,2,66,9,60,5,67,7,26,8,69,7,68,5
"Gene_2222",104,120,82,117,91,86,95,112,154,99,101,134,133,98,112,98
"Gene_2223",117,94,81,110,117,90,96,106,107,81,128,80,60,64,110,110
"Gene_2224",272,938,286,1168,464,632,266,1157,249,983,358,1390,280,978,531,1314
"Gene_2225",7,22,4,7,13,17,12,15,22,13,28,22,13,10,12,16
"Gene_2226",52198,57285,40703,63045,51408,64583,67769,57192,67415,61387,41025,64291,88434,50825,58328,68507
"Gene_2227",83,91,123,110,189,152,150,160,92,179,160,132,127,189,275,160
"Gene_2228",41,53,30,20,28,44,32,34,52,43,60,44,43,44,79,65
"Gene_2229",117,58,81,70,55,63,74,89,114,73,91,56,69,68,87,60
"Gene_2230",298,250,174,291,257,212,322,207,369,311,253,134,311,258,328,240
"Gene_2231",297,933,359,1837,177,1638,433,810,346,792,280,1888,398,1100,279,1448
"Gene_2232",13,8,2,7,9,21,11,11,9,34,10,63,6,32,4,17
"Gene_2233",8,12,0,5,39,12,6,3,8,30,15,3,3,13,5,1
"Gene_2234",81,65,102,54,71,74,81,89,151,94,90,85,104,72,117,70
"Gene_2235",432,440,390,481,413,504,728,507,476,421,306,599,507,450,482,590
"Gene_2236",133,155,94,114,92,98,207,148,99,92,165,150,184,83,150,145
"Gene_2237",507,79,791,72,616,79,542,76,542,110,682,74,611,74,764,84
"Gene_2238",259,283,125,230,167,144,124,195,187,270,184,174,153,284,265,367
"Gene_2239",228,182,258,273,192,189,208,240,263,200,230,306,257,204,272,442
"Gene_2240",2430,1511,1452,1693,1364,1856,2325,3656,2261,2840,1796,2660,2318,2112,1831,2229
"Gene_2241",6,13,16,8,28,5,19,24,8,2,14,20,7,10,8,18
"Gene_2242",35,16,22,25,25,45,27,26,22,29,40,14,32,27,31,25
"Gene_2243",237,247,168,142,171,225,278,192,210,164,192,155,152,193,230,269
"Gene_2244",142,136,174,136,110,124,106,108,182,214,179,96,117,157,140,214
"Gene_2245",6,1,3,0,8,0,13,1,12,1,4,1,6,0,6,1
"Gene_2246",155,1165,314,1131,210,1007,278,1125,188,1685,262,1039,261,1454,308,1944
"Gene_2247",3,6,4,8,6,7,18,8,10,11,15,10,22,4,4,19
"Gene_2248",9,12,13,13,5,5,13,2,14,23,15,6,13,3,6,15
"Gene_2249",1425,1903,1899,1407,2418,1370,3331,2638,2097,2263,2300,2253,2622,1552,2785,1110
"Gene_2250",1032,4206,768,4385,899,3843,1051,6225,1161,6527,578,5950,1112,4778,919,6480
"Gene_2251",18,26,12,12,38,38,33,27,27,39,19,39,21,23,36,43
"Gene_2252",2147,2159,2529,2071,2182,2401,2100,1979,2188,1961,2282,2180,2148,2067,2225,2041
"Gene_2253",38,41,22,36,27,39,25,43,50,11,29,35,30,48,49,62
"Gene_2254",670,640,622,598,765,594,779,599,778,488,690,653,648,738,748,670
"Gene_2255",862,1163,1126,1084,1235,1549,1140,1387,1109,1575,1243,1579,1396,1423,1157,2001
"Gene_2256",1217,1326,1017,999,980,1327,1433,1467,1072,1467,978,900,1216,1171,925,1151
"Gene_2257",1008,1230,922,738,1007,835,987,977,1261,750,931,796,843,735,1120,993
"Gene_2258",49,84,29,54,65,66,76,92,73,86,115,108,68,108,38,42
"Gene_2259",49,54,22,26,49,21,26,82,26,49,28,61,43,54,43,71
"Gene_2260",977,993,1363,840,1033,1045,1310,920,1045,855,754,939,845,983,1673,1027
"Gene_2261",65,76,63,85,57,79,131,270,80,90,58,96,110,113,128,135
"Gene_2262",16,29,29,20,40,23,31,27,25,21,22,21,26,43,70,27
"Gene_2263",10,13,18,7,8,12,20,20,5,7,11,22,11,20,18,16
"Gene_2264",750,1045,1097,915,1114,894,1372,1035,786,1029,1097,1174,1083,868,1276,1006
"Gene_2265",304,520,480,281,416,432,479,527,354,432,315,601,592,301,500,716
"Gene_2266",1048,1642,1145,1131,1135,1641,2256,1116,2054,970,1458,1086,1652,1156,1512,1488
"Gene_2267",29,31,38,34,22,31,46,29,40,31,49,24,30,37,35,21
"Gene_2268",187,149,145,112,251,155,149,98,204,172,193,172,116,175,199,152
"Gene_2269",8,6,17,5,18,15,13,22,21,12,14,8,7,28,8,17
"Gene_2270",132,73,77,53,115,122,97,102,76,107,131,139,110,103,138,144
"Gene_2271",9,28,21,24,42,21,17,12,4,20,25,33,38,26,35,36
"Gene_2272",113,369,204,225,201,270,194,281,276,308,153,212,164,229,267,200
"Gene_2273",71,79,59,60,134,83,56,162,78,188,89,184,77,146,66,58
"Gene_2274",1402,1379,1566,1072,1341,1129,1233,1270,1642,1228,1259,1310,1461,1518,1413,1719
"Gene_2275",209,147,155,215,148,126,171,198,154,256,196,168,230,158,274,166
"Gene_2276",34,38,74,35,46,56,73,104,44,32,54,33,49,69,57,122
"Gene_2277",7,8,9,6,22,25,22,5,12,12,13,5,3,7,0,24
"Gene_2278",47,58,23,52,30,26,41,35,64,51,41,79,37,43,72,40
"Gene_2279",54,8,24,6,56,3,10,4,32,3,12,3,44,9,49,15
"Gene_2280",799,807,614,810,756,772,954,971,672,915,782,889,691,832,859,602
"Gene_2281",204,335,291,220,297,355,260,356,299,227,219,306,276,187,317,344
"Gene_2282",43,48,41,19,61,30,31,41,39,29,28,49,42,52,22,39
"Gene_2283",116,112,165,172,179,158,171,255,173,178,143,179,188,206,142,178
"Gene_2284",80,195,105,101,103,116,129,134,122,143,157,119,135,141,138,169
"Gene_2285",234,93,136,136,232,174,277,221,141,209,159,134,305,232,243,197
"Gene_2286",71,64,48,61,82,38,39,61,86,73,79,79,77,67,48,71
"Gene_2287",1063,742,1092,483,1053,793,1028,1188,1236,888,725,745,785,791,1233,764
"Gene_2288",747,774,1226,1020,1174,1184,896,1202,986,696,1358,1268,1243,768,743,1602
"Gene_2289",16,24,14,13,11,19,23,6,9,15,8,21,14,9,9,13
"Gene_2290",859,68,550,97,715,69,961,90,720,131,622,85,632,78,563,170
"Gene_2291",16,61,29,20,23,24,23,22,16,38,21,31,43,13,35,41
"Gene_2292",106,247,116,121,131,162,150,105,123,218,209,136,126,190,206,165
"Gene_2293",793,830,551,577,788,796,618,765,563,689,792,613,763,712,812,828
"Gene_2294",203,225,237,252,316,289,242,361,243,262,183,334,269,507,418,405
"Gene_2295",90,43,148,36,81,26,96,60,155,38,69,51,86,35,104,61
"Gene_2296",137,110,91,99,83,58,128,151,131,98,183,107,133,118,63,86
"Gene_2297",6202,8468,4132,5320,6349,6064,6929,5612,6003,6116,5862,6833,4655,5642,6444,7811
"Gene_2298",1028,1767,1310,1338,1793,1280,1677,1668,1409,1547,964,1213,1923,1516,1556,1418
"Gene_2299",71,465,121,312,107,391,122,511,104,410,103,357,112,307,159,392
"Gene_2300",26,12,54,13,82,13,71,7,42,4,31,7,58,9,65,8
"Gene_2301",2370,2854,3311,2735,4192,4034,2660,2684,2922,1798,2462,3355,2712,2580,4095,3411
"Gene_2302",192,205,153,295,154,311,86,313,140,317,101,328,154,282,99,440
"Gene_2303",220,196,210,154,170,150,210,239,195,183,231,131,248,201,211,255
"Gene_2304",1033,960,980,950,1355,685,1114,1127,1429,1330,1092,751,974,935,1242,1540
"Gene_2305",39,48,37,34,35,40,32,48,25,24,31,28,32,40,40,41
"Gene_2306",64,206,59,444,45,276,35,215,48,314,53,222,60,202,59,145
"Gene_2307",48,30,49,38,41,25,51,46,42,34,29,34,35,43,59,35
"Gene_2308",136,13,114,22,113,25,119,26,198,30,108,28,157,19,176,34
"Gene_2309",1,14,15,2,4,18,2,10,5,8,7,18,11,3,16,6
"Gene_2310",75,4,51,7,54,4,17,2,83,4,30,3,51,6,73,9
"Gene_2311",411,327,275,404,396,323,408,423,324,429,401,303,354,374,452,348
"Gene_2312",158,164,159,151,221,180,123,184,218,186,222,227,196,160,423,266
"Gene_2313",99,186,181,150,235,253,157,195,153,152,217,130,274,209,212,264
"Gene_2314",5,27,5,31,11,24,2,52,19,20,17,38,1,6,10,34
"Gene_2315",157,242,184,96,128,204,106,225,137,194,163,107,147,166,110,221
"Gene_2316",54,88,77,78,56,88,68,62,107,87,45,93,89,103,107,119
"Gene_2317",76,72,106,85,76,118,108,102,99,142,88,125,149,73,151,160
"Gene_2318",576,648,468,1087,477,758,726,845,1100,894,400,1109,800,1586,813,1545
"Gene_2319",1329,1528,1561,1913,1128,1160,1800,1437,1127,1131,1192,1334,941,1576,1855,1970
"Gene_2320",66,12,45,9,48,8,88,9,80,14,110,18,51,13,89,25
"Gene_2321",24,127,25,91,26,13,24,108,33,54,21,61,43,62,62,66
"Gene_2322",61,32,56,43,52,28,62,42,48,38,62,24,74,27,47,51
"Gene_2323",578,355,466,354,424,431,362,429,425,406,456,540,318,295,691,342
"Gene_2324",74,17,49,11,83,28,107,22,118,15,163,19,134,28,136,17
"Gene_2325",29,37,52,31,33,34,79,50,47,26,37,38,51,80,37,15
"Gene_2326",64,55,102,125,107,116,94,105,127,127,130,117,112,46,147,134
"Gene_2327",1264,1074,1266,1228,1177,944,1189,1449,1353,1098,1059,773,1655,985,1778,1411
"Gene_2328",18,76,26,119,22,42,28,120,15,57,29,72,49,70,41,88
"Gene_2329",60,59,64,52,59,102,35,52,53,43,84,60,61,27,90,62
"Gene_2330",21,17,7,8,14,15,9,13,8,14,13,26,19,5,30,19
"Gene_2331",5534,6252,6582,5638,5848,5837,5706,6977,6361,5934,4854,7625,4742,6125,8504,7590
"Gene_2332",75,62,44,38,29,33,50,52,35,47,36,47,41,49,30,62
"Gene_2333",477,737,459,634,473,507,419,523,337,542,446,538,586,463,557,608
"Gene_2334",149,101,82,92,88,148,157,81,86,123,112,170,103,117,95,218
"Gene_2335",91,78,59,60,73,36,84,171,56,126,86,41,91,84,53,59
"Gene_2336",56,44,53,51,32,45,17,30,94,43,27,85,29,65,59,64
"Gene_2337",42,26,32,21,20,25,25,33,7,32,33,30,9,36,31,28
"Gene_2338",1167,1301,1152,927,758,1001,1332,1773,1287,1274,1035,933,1927,1390,1228,1793
"Gene_2339",582,734,362,1012,309,639,530,1072,304,1038,345,632,159,626,405,695
"Gene_2340",138,132,74,162,76,122,115,89,118,117,111,108,85,148,150,145
"Gene_2341",8,17,17,12,43,7,14,7,10,5,10,13,27,15,15,11
"Gene_2342",50,341,38,299,28,361,45,331,42,195,71,357,29,141,47,397
"Gene_2343",521,424,504,699,660,751,655,732,546,748,771,469,501,720,624,839
"Gene_2344",11,17,7,23,7,21,14,12,15,14,10,26,24,21,22,28
"Gene_2345",48,52,68,46,38,16,18,39,34,40,42,34,35,61,33,22
"Gene_2346",381,450,294,391,301,411,391,278,557,377,261,314,509,339,654,557
"Gene_2347",137,244,174,297,153,248,141,242,195,218,229,206,115,203,240,186
"Gene_2348",49,67,30,35,51,41,54,35,26,34,17,20,26,88,26,25
"Gene_2349",2906,2567,2058,2343,1519,2542,2175,2503,1698,2119,1583,2173,2532,2642,2407,2893
"Gene_2350",11,13,15,4,16,7,18,11,3,10,16,10,21,21,8,21
"Gene_2351",1226,1344,938,1705,1070,1391,1341,1547,1729,1334,1463,1439,1647,1366,1315,1813
"Gene_2352",473,1485,295,1412,464,1853,493,1691,346,1649,353,1609,474,2241,699,1934
"Gene_2353",5,1,8,0,13,48,15,25,16,8,16,24,22,1,10,9
"Gene_2354",175,131,190,153,179,128,178,218,212,256,161,196,241,245,223,217
"Gene_2355",343,469,440,464,486,391,489,265,433,381,493,300,382,337,430,438
"Gene_2356",27,38,25,34,42,16,5,21,39,24,41,15,28,27,42,20
"Gene_2357",83,75,100,72,128,120,132,143,99,123,63,78,125,97,101,86
"Gene_2358",20,11,2,10,22,14,12,13,21,14,17,9,5,11,20,11
"Gene_2359",16,162,12,58,19,149,30,248,27,116,21,87,12,178,19,53
"Gene_2360",199,72,117,113,75,82,81,130,131,120,90,167,200,131,182,95
"Gene_2361",104,174,127,177,174,157,190,193,137,157,175,232,156,201,274,256
"Gene_2362",98,31,101,26,90,20,95,35,67,38,105,36,104,26,107,42
"Gene_2363",15,182,19,233,26,90,12,210,33,134,14,234,23,138,14,175
"Gene_2364",247,429,299,271,348,326,317,510,333,278,335,438,408,310,443,400
"Gene_2365",754,1117,1151,1206,1163,973,1231,1143,1022,1259,901,1001,949,793,1454,1197
"Gene_2366",56,51,16,33,15,39,59,31,36,22,35,40,35,52,63,36
"Gene_2367",73,31,126,37,198,22,126,29,180,36,160,25,84,48,122,47
"Gene_2368",29,65,72,38,52,42,46,51,20,38,34,49,29,54,61,69
"Gene_2369",54,48,121,49,99,38,93,93,100,115,102,58,75,128,118,82
"Gene_2370",115,12,220,20,126,23,195,40,122,23,192,21,194,38,134,40
"Gene_2371",114,85,53,62,74,81,57,88,67,88,93,103,93,95,97,78
"Gene_2372",51,223,35,161,63,198,63,300,115,151,51,256,57,215,56,172
"Gene_2373",57,76,55,18,45,55,70,41,41,80,62,18,38,69,93,38
"Gene_2374",155,90,138,132,159,119,104,135,124,74,109,106,83,106,122,127
"Gene_2375",63,51,65,98,88,85,90,45,68,78,68,54,128,69,104,74
"Gene_2376",47,42,38,33,58,31,36,40,29,38,41,12,30,62,81,30
"Gene_2377",108,131,190,178,242,185,173,194,220,160,233,169,180,218,181,334
"Gene_2378",221,189,136,164,260,226,126,207,201,139,279,168,188,276,208,145
"Gene_2379",140,97,139,178,149,81,200,149,169,175,218,143,139,116,121,163
"Gene_2380",4,24,12,2,16,7,22,10,18,5,11,20,25,6,4,7
"Gene_2381",217,131,163,106,147,180,241,191,207,247,262,187,305,210,275,257
"Gene_2382",126,233,227,274,177,153,216,213,150,302,424,200,320,189,322,166
"Gene_2383",42,48,55,81,55,47,97,95,56,51,27,55,34,70,62,49
"Gene_2384",254,47,228,35,271,29,322,63,371,32,240,25,277,39,349,54
"Gene_2385",1200,992,729,1044,1161,998,1109,1531,1208,935,925,747,976,1135,1038,1443
"Gene_2386",160,154,169,212,188,206,234,207,146,182,198,156,120,220,149,313
"Gene_2387",377,45,395,56,398,35,562,41,470,66,422,50,489,47,402,51
"Gene_2388",859,696,780,1049,781,979,1079,1136,1504,798,933,958,991,1062,1155,1114
"Gene_2389",2263,1775,1926,1969,2213,1792,2478,1911,2174,1868,2047,2071,2192,1920,2911,2102
"Gene_2390",42,54,26,26,30,42,31,39,21,29,56,37,41,61,36,28
"Gene_2391",76,41,48,35,61,22,74,71,56,60,84,44,51,30,44,49
"Gene_2392",44,45,74,39,52,61,33,87,68,27,62,88,70,110,106,90
"Gene_2393",699,733,595,778,583,477,552,729,734,924,919,953,774,822,612,1150
"Gene_2394",281,376,253,248,305,272,238,314,386,280,352,238,300,278,261,320
"Gene_2395",746,2508,535,2741,454,3178,788,4382,515,3052,482,3719,532,3376,896,3815
"Gene_2396",265,143,140,163,216,147,208,205,214,203,200,125,161,155,149,194
"Gene_2397",104,332,78,262,58,243,66,402,61,387,48,443,72,329,105,325
"Gene_2398",11,11,11,11,2,6,6,14,4,7,9,6,4,3,11,5
"Gene_2399",12,1,2,0,3,1,13,2,2,1,10,1,14,0,13,1
"Gene_2400",3207,4347,3837,2726,3208,4459,2944,4023,4963,4200,3768,7073,4484,4068,3244,4362
"Gene_2401",113,16,123,17,94,9,98,15,76,15,110,19,102,19,110,15
"Gene_2402",356,299,154,283,286,201,455,217,367,171,462,262,299,181,267,327
"Gene_2403",338,239,263,330,316,344,419,578,532,435,388,367,356,248,379,414
"Gene_2404",1148,7043,1422,8724,1151,8607,1448,8118,2025,8881,919,13204,1530,11199,1329,9552
"Gene_2405",374,361,310,225,282,157,291,342,323,292,276,273,428,534,364,471
"Gene_2406",94,113,147,137,100,86,139,123,77,118,57,113,107,132,133,158
"Gene_2407",604,414,399,395,399,226,385,692,307,407,292,510,314,382,332,576
"Gene_2408",189,211,195,164,233,166,181,174,292,208,295,193,224,171,155,146
"Gene_2409",39,17,51,41,18,33,27,55,35,26,15,26,45,30,44,31
"Gene_2410",601,529,477,637,467,476,650,642,649,538,600,810,472,578,633,660
"Gene_2411",137,151,177,133,159,216,155,192,140,178,153,102,139,157,179,156
"Gene_2412",74,140,100,98,95,73,128,112,138,113,115,54,85,103,143,184
"Gene_2413",40,2,25,2,19,1,30,0,5,3,29,5,13,5,19,1
"Gene_2414",767,332,889,357,766,306,1262,427,903,345,888,424,1125,415,1010,431
"Gene_2415",56,32,40,74,36,27,58,47,40,70,54,45,62,73,47,72
"Gene_2416",108,80,104,125,67,56,64,92,100,107,94,81,131,92,87,86
"Gene_2417",90,25,93,6,94,15,104,20,119,19,77,8,88,23,128,24
"Gene_2418",57,17,66,9,60,16,88,20,105,18,116,31,103,12,174,18
"Gene_2419",242,244,369,191,294,322,231,317,176,348,280,294,247,366,228,342
"Gene_2420",735,547,474,487,448,662,643,766,518,760,510,659,797,742,485,631
"Gene_2421",276,270,210,199,255,308,330,336,370,268,365,275,283,279,254,398
"Gene_2422",14,0,4,6,2,3,13,11,13,29,9,2,5,4,8,2
"Gene_2423",2,4,19,16,6,15,6,15,7,17,8,5,0,10,7,13
"Gene_2424",73,40,38,32,35,15,42,47,24,41,45,49,53,125,56,50
"Gene_2425",68,12,61,7,93,8,77,18,53,10,74,12,128,12,71,13
"Gene_2426",66,240,53,528,90,299,50,489,113,282,101,640,105,491,63,633
"Gene_2427",4,6,24,0,15,4,9,2,6,22,6,8,3,4,13,13
"Gene_2428",29,32,30,42,29,16,24,41,22,21,35,14,28,18,35,43
"Gene_2429",13,11,4,10,10,6,5,7,6,10,7,15,8,8,4,2
"Gene_2430",9480,10624,11484,13101,10634,12151,11954,13283,11688,13817,11665,13710,11690,12878,18441,12157
"Gene_2431",274,216,234,277,227,322,318,204,237,194,307,296,300,366,352,302
"Gene_2432",51,64,64,130,96,127,110,111,143,110,57,95,71,112,134,100
"Gene_2433",8,13,8,3,5,6,3,15,4,6,6,6,11,8,7,12
"Gene_2434",67,53,98,61,83,89,57,86,78,38,43,30,33,83,92,118
"Gene_2435",478,541,473,343,599,375,481,345,415,428,588,368,489,378,368,607
"Gene_2436",444,452,300,406,399,403,400,499,408,663,509,517,400,661,568,506
"Gene_2437",308,272,192,326,200,268,228,213,211,281,214,226,157,357,275,301
"Gene_2438",1299,473,1282,558,1522,503,1730,483,1725,492,1290,425,1411,402,1281,601
"Gene_2439",2,9,5,3,6,1,17,1,10,3,9,3,10,6,2,14
"Gene_2440",26,17,15,24,4,2,21,9,20,11,5,27,25,28,9,55
"Gene_2441",118,52,91,119,108,67,96,91,64,124,141,86,144,137,150,115
"Gene_2442",141,82,95,136,145,146,196,90,134,143,117,111,139,112,185,117
"Gene_2443",28,21,64,84,43,56,42,59,30,57,47,80,62,49,77,45
"Gene_2444",814,772,1083,1047,1083,893,966,982,1354,1098,1174,720,847,952,1395,667
"Gene_2445",12,14,2,4,7,22,10,5,6,11,5,7,1,17,13,6
"Gene_2446",28,17,11,21,11,14,23,32,23,18,3,20,7,22,21,14
"Gene_2447",1754,2105,1309,1447,2306,1639,2669,2485,2880,3147,1212,1562,1966,2221,2451,1766
"Gene_2448",714,391,443,417,423,527,488,534,565,726,503,636,551,541,718,651
"Gene_2449",8,1,3,13,9,8,13,15,12,5,7,15,21,3,13,11
"Gene_2450",479,398,441,341,454,315,349,523,500,363,334,638,497,392,450,452
"Gene_2451",205,77,217,60,254,80,290,77,196,90,230,35,137,62,255,121
"Gene_2452",4,13,1,14,4,12,10,17,5,11,9,10,13,8,8,7
"Gene_2453",163,29,167,35,97,30,204,26,216,34,177,32,107,28,172,49
"Gene_2454",514,691,561,402,607,591,744,632,444,582,349,675,736,698,657,587
"Gene_2455",29,25,5,15,23,14,16,25,11,22,24,10,51,20,18,34
"Gene_2456",200,272,212,219,207,297,187,268,332,212,351,378,245,271,340,248
"Gene_2457",2,12,19,12,11,9,16,18,16,4,17,17,11,10,7,15
"Gene_2458",194,713,254,425,280,467,315,511,272,772,201,534,305,837,408,830
"Gene_2459",32,22,3,20,22,17,23,24,20,28,21,23,24,35,35,42
"Gene_2460",50,38,65,51,61,62,49,43,53,54,31,55,64,45,44,68
"Gene_2461",8,11,21,27,17,21,11,12,9,20,36,27,8,24,44,13
"Gene_2462",396,258,561,290,262,252,452,393,278,315,414,321,482,453,553,340
"Gene_2463",95,18,77,14,60,27,147,27,111,25,85,29,95,41,154,44
"Gene_2464",332,224,175,237,248,225,291,268,285,336,197,197,297,324,244,377
"Gene_2465",419,359,219,244,272,244,437,415,333,338,440,367,359,516,686,306
"Gene_2466",148,531,99,942,96,618,85,704,109,645,112,883,123,737,77,903
"Gene_2467",43,82,67,85,66,94,94,83,83,107,129,63,100,83,97,107
"Gene_2468",293,183,213,161,212,188,270,197,209,211,251,200,162,154,284,133
"Gene_2469",373,353,214,202,262,275,535,315,342,341,350,229,396,325,329,333
"Gene_2470",112,88,110,67,111,82,78,60,89,104,109,108,180,100,199,151
"Gene_2471",306,25,265,30,162,24,340,14,239,32,188,15,229,29,158,40
"Gene_2472",444,719,477,311,680,351,614,351,469,467,539,454,465,557,580,569
"Gene_2473",332,450,285,266,240,392,456,364,541,373,464,365,354,342,514,286
"Gene_2474",1037,848,1221,1082,843,969,1038,1260,1038,1287,1214,986,820,1317,1595,1105
"Gene_2475",13,11,8,22,1,5,8,11,5,17,14,6,10,3,7,18
"Gene_2476",286,193,133,188,192,266,180,196,209,178,226,217,201,131,235,171
"Gene_2477",134,140,119,150,105,124,111,145,186,187,150,123,113,187,170,126
"Gene_2478",23,21,17,32,23,30,21,12,60,41,43,9,47,24,27,13
"Gene_2479",18,3,41,3,7,2,45,4,42,6,35,6,28,3,17,2
"Gene_2480",284,295,243,262,353,238,202,234,260,277,208,202,271,297,281,452
"Gene_2481",55,74,39,45,25,40,54,52,77,50,41,54,53,60,48,92
"Gene_2482",63,76,77,59,73,66,79,56,72,96,48,60,75,70,74,72
"Gene_2483",363,1030,144,1212,259,1459,279,1177,279,1158,345,1370,289,1297,340,1644
"Gene_2484",688,441,869,695,893,513,1322,616,789,678,752,614,874,599,478,734
"Gene_2485",2894,28984,3960,32216,4265,33822,3968,34539,3523,19097,4364,18403,5601,31236,5106,31524
"Gene_2486",275,467,275,677,285,578,310,867,382,911,358,851,492,708,345,947
"Gene_2487",4836,3510,3921,3847,3113,5062,4253,6655,3439,6112,3168,3583,3734,2959,3505,3681
"Gene_2488",928,1394,826,998,1121,1040,1414,1026,906,1093,1078,1075,1114,1024,1233,1482
"Gene_2489",170,202,240,150,210,217,167,218,244,133,139,256,160,237,252,269
"Gene_2490",101,159,159,183,186,197,136,196,177,169,98,245,271,262,288,273
"Gene_2491",4819,1434,2813,1120,3222,1034,3973,1505,2635,2179,3438,1582,3204,1785,4050,1556
"Gene_2492",19,26,18,17,9,16,32,9,39,31,28,8,12,28,31,44
"Gene_2493",121,103,100,154,92,127,92,115,155,143,102,120,132,129,117,124
"Gene_2494",135,130,169,187,195,108,164,138,157,166,78,79,100,119,212,168
"Gene_2495",1,0,2,1,4,11,8,7,7,3,6,1,14,0,4,5
"Gene_2496",25,6,78,12,44,21,69,11,47,11,63,12,34,3,47,10
"Gene_2497",219,158,202,190,140,192,231,201,240,207,200,165,140,216,217,190
"Gene_2498",3,0,9,11,3,1,27,14,14,7,16,7,7,8,8,1
"Gene_2499",196,145,170,144,208,190,201,277,210,165,128,213,201,221,209,242
"Gene_2500",41,85,50,40,60,49,80,67,60,53,77,70,82,51,117,41
"Gene_2501",217,235,211,141,271,169,195,270,232,223,249,173,147,193,255,303
"Gene_2502",301,1816,419,1463,335,1808,484,2953,450,2413,326,1777,476,1334,360,2801
"Gene_2503",998,1075,1543,2434,1585,1018,1334,1363,1583,929,834,1541,1280,1523,2267,1847
"Gene_2504",0,8,9,11,6,2,3,22,4,10,14,3,14,7,8,15
"Gene_2505",102,109,97,127,109,119,123,115,115,90,175,99,142,71,72,95
"Gene_2506",24,33,48,26,42,39,66,39,34,34,37,32,19,37,49,70
"Gene_2507",137,207,74,193,149,195,73,234,145,230,95,241,100,224,146,148
"Gene_2508",79,103,102,73,64,77,94,94,122,101,116,81,61,119,93,54
"Gene_2509",13,8,18,6,3,6,11,18,22,2,13,10,7,4,9,22
"Gene_2510",5,21,2,6,10,11,10,2,7,11,18,6,19,6,12,10
"Gene_2511",3924,4341,5050,4477,4532,3381,4209,5523,4493,5746,5962,4544,3922,5178,5066,5471
"Gene_2512",5,16,10,4,11,5,8,5,6,15,12,8,11,2,11,13
"Gene_2513",117,139,175,183,154,189,159,208,146,227,145,206,212,203,208,229
"Gene_2514",18,3,15,3,11,5,16,3,8,3,39,1,7,2,8,2
"Gene_2515",1897,1235,1612,1170,1841,1657,2044,2232,1745,2340,1877,1251,1961,1639,1525,1742
"Gene_2516",5,4,7,29,4,7,5,3,2,15,7,4,16,15,6,19
"Gene_2517",20,21,21,28,7,13,14,10,29,25,26,67,36,14,23,18
"Gene_2518",15,8,13,10,18,19,7,9,27,18,14,9,8,6,12,7
"Gene_2519",149,93,97,84,127,114,118,88,130,103,150,65,131,82,126,109
"Gene_2520",23,30,31,36,55,53,35,54,76,32,40,63,10,50,83,57
"Gene_2521",8373,44574,7950,51253,6957,39549,8674,32215,7883,38136,8215,34496,8183,64968,6757,52285
"Gene_2522",86,54,87,65,81,103,95,134,126,128,104,89,122,134,122,142
"Gene_2523",1052,946,1471,1167,1307,903,1253,1920,1261,1576,1191,1203,1326,964,1447,1317
"Gene_2524",372,611,463,493,408,429,405,498,369,543,379,538,472,527,462,827
"Gene_2525",305,467,371,313,354,314,512,248,402,219,353,366,399,423,200,493
"Gene_2526",374,170,234,210,315,246,262,272,279,257,275,249,349,217,333,345
"Gene_2527",147,101,88,131,245,144,249,193,175,218,230,212,156,235,266,160
"Gene_2528",31,32,15,45,20,29,22,21,24,22,26,50,26,33,10,48
"Gene_2529",47,54,21,36,81,54,23,61,57,22,56,56,72,50,69,92
"Gene_2530",221,182,319,179,203,273,267,232,270,267,208,257,155,210,243,359
"Gene_2531",13,5,15,9,3,3,6,17,5,2,13,7,4,7,27,5
"Gene_2532",20,16,5,41,2,24,4,17,5,57,11,26,10,55,10,10
"Gene_2533",34,53,22,36,62,55,44,51,60,87,56,24,41,70,38,76
"Gene_2534",5,8,5,5,8,4,9,4,13,6,11,12,4,2,0,7
"Gene_2535",119,80,138,152,80,120,173,129,135,174,154,130,113,105,167,158
"Gene_2536",286,82,185,75,238,44,258,86,292,71,220,75,170,89,284,48
"Gene_2537",469,303,431,399,407,356,469,416,677,419,329,410,608,330,630,479
"Gene_2538",675,438,682,362,712,411,953,422,1036,239,710,383,795,292,716,527
"Gene_2539",291,22,193,27,269,45,330,32,323,30,276,47,208,24,328,32
"Gene_2540",298,319,266,263,310,279,450,314,335,358,257,384,300,298,387,355
"Gene_2541",126,160,134,251,145,190,203,181,160,106,98,187,231,185,156,177
"Gene_2542",136,18,161,13,125,11,66,16,155,42,121,18,96,21,250,10
"Gene_2543",25,13,20,13,31,13,15,5,21,20,24,34,21,33,25,28
"Gene_2544",7651,674,5476,1091,6103,1060,5822,1021,7890,1042,5827,1249,5697,1160,9696,754
"Gene_2545",11,66,24,74,32,106,16,73,37,84,21,97,32,96,24,32
"Gene_2546",1789,2628,1670,2789,2151,1968,2050,1748,2079,1988,1842,1890,1871,1803,2239,2349
"Gene_2547",461,5322,508,3337,676,4136,721,4533,657,4596,469,4258,427,3814,678,4783
"Gene_2548",5789,1062,3566,921,3918,1594,4984,1583,4147,1275,5084,974,4055,1068,5436,1940
"Gene_2549",376,452,366,462,317,389,391,589,460,502,339,422,395,497,481,490
"Gene_2550",37,36,48,33,62,36,50,29,57,28,44,42,42,36,47,50
"Gene_2551",16,96,49,59,26,137,77,67,72,216,51,180,85,113,55,167
"Gene_2552",9,2,10,0,9,0,25,3,4,1,2,5,3,2,2,1
"Gene_2553",838,478,705,574,896,1085,726,571,693,751,563,781,851,721,1075,703
"Gene_2554",99,110,101,94,82,97,210,142,53,86,153,78,171,106,167,88
"Gene_2555",112,81,84,81,92,109,119,109,60,124,90,90,122,66,166,144
"Gene_2556",150,121,126,78,90,179,187,150,171,67,132,78,152,166,176,107
"Gene_2557",55,53,31,47,23,32,27,37,28,39,32,29,73,32,40,15
"Gene_2558",55,34,35,45,83,61,75,18,73,11,57,35,62,66,69,32
"Gene_2559",304,1920,312,1725,416,2211,400,2966,395,1962,382,2369,370,3627,444,2470
"Gene_2560",898,159,1180,210,1096,212,1557,288,902,223,1265,278,1437,166,901,243
"Gene_2561",132,93,110,109,83,115,99,223,127,163,85,115,153,135,184,199
"Gene_2562",184,68,120,81,159,72,172,60,159,79,146,43,161,111,199,118
"Gene_2563",128,16,116,43,157,39,219,29,170,26,165,20,185,35,197,45
"Gene_2564",129,31,226,24,77,31,241,24,119,23,202,20,124,37,143,22
"Gene_2565",41,43,61,50,41,54,29,41,54,76,103,67,84,76,56,50
"Gene_2566",293,41,286,39,420,49,374,28,392,40,232,71,301,40,243,30
"Gene_2567",483,277,333,267,427,385,249,420,335,398,429,321,453,414,275,356
"Gene_2568",138,159,139,112,150,143,83,218,187,159,197,166,168,155,156,211
"Gene_2569",345,376,323,184,181,312,334,326,428,392,295,399,387,331,222,354
"Gene_2570",26,30,31,14,45,57,28,47,73,37,54,46,30,45,40,53
"Gene_2571",97,36,157,37,113,21,105,30,115,26,189,46,167,47,213,24
"Gene_2572",268,208,300,262,253,482,507,257,207,367,285,379,346,410,449,311
"Gene_2573",69,340,91,413,101,245,115,452,52,331,78,392,62,320,109,558
"Gene_2574",70,76,78,107,71,131,86,66,51,168,81,112,94,149,103,115
"Gene_2575",49,63,32,66,54,51,39,58,31,37,36,43,51,70,63,67
"Gene_2576",295,355,255,506,158,160,339,241,316,310,290,326,307,246,310,247
"Gene_2577",106,213,116,138,122,115,318,160,143,167,165,184,153,200,268,188
"Gene_2578",9471,12396,11078,11921,12272,11312,14782,16206,11480,17025,11153,13560,10651,11677,13341,13731
"Gene_2579",79,94,94,65,55,63,99,87,61,103,79,119,73,120,72,85
"Gene_2580",107,144,92,94,120,183,103,140,112,127,156,162,82,79,126,133
"Gene_2581",21,16,19,19,6,32,20,19,10,15,8,24,18,21,21,10
"Gene_2582",526,558,551,633,498,606,658,549,549,497,569,597,429,684,540,616
"Gene_2583",52,96,77,177,56,181,76,209,63,218,67,194,58,278,106,242
"Gene_2584",100,147,111,76,117,99,113,129,118,130,152,169,76,137,197,151
"Gene_2585",524,372,542,432,556,557,483,526,602,743,666,460,676,514,461,573
"Gene_2586",1475,3391,2058,2212,1160,4035,1741,5014,1976,4044,1923,4529,2089,3621,971,3319
"Gene_2587",61,61,64,76,55,49,40,67,52,77,79,54,74,51,55,71
"Gene_2588",60,67,40,64,33,41,36,80,45,82,89,51,36,31,81,28
"Gene_2589",170,33,142,23,206,32,117,27,121,25,126,37,81,32,246,31
"Gene_2590",1306,904,1010,712,930,1284,1571,991,965,1371,1059,1264,774,1113,1071,1508
"Gene_2591",162,135,141,144,124,146,127,141,60,172,140,193,133,142,141,149
"Gene_2592",173,149,190,115,114,153,182,172,190,157,149,162,195,92,180,230
"Gene_2593",553,1072,392,1265,434,1096,252,1951,514,1337,238,955,469,1491,663,1418
"Gene_2594",424,351,428,339,252,439,449,539,479,250,526,359,334,236,435,475
"Gene_2595",611,998,527,787,589,809,858,634,603,624,806,861,907,748,796,1097
"Gene_2596",7,8,8,2,21,24,5,5,10,6,5,6,8,0,11,16
"Gene_2597",7,70,15,136,9,86,9,154,3,70,10,32,12,61,22,40
"Gene_2598",12,130,18,31,10,27,9,38,11,89,10,99,13,114,5,48
"Gene_2599",179,161,189,156,172,235,280,211,216,188,158,202,200,213,255,231
"Gene_2600",11,9,6,16,13,8,14,40,12,17,18,3,9,10,3,15
"Gene_2601",75,50,61,68,68,44,70,81,94,105,63,40,84,69,107,60
"Gene_2602",226,234,177,222,195,144,235,223,272,224,209,276,127,203,334,251
"Gene_2603",4244,548,3060,494,2674,735,3496,579,2561,486,4834,733,3730,548,3518,583
"Gene_2604",50,279,56,440,32,424,54,493,82,229,73,386,100,259,55,415
"Gene_2605",114,59,109,74,101,135,128,104,127,115,167,104,73,70,148,108
"Gene_2606",212,197,146,128,121,151,156,159,172,162,143,226,208,124,190,106
"Gene_2607",31,44,26,54,38,68,53,37,41,29,47,35,33,62,39,52
"Gene_2608",13,1,6,1,3,0,8,3,6,1,4,0,12,0,5,6
"Gene_2609",1474,2003,1007,1076,1337,1374,1055,1408,1407,2098,922,1356,1573,1590,2124,1421
"Gene_2610",82,32,56,22,31,33,95,32,64,54,56,32,51,58,64,43
"Gene_2611",24,29,16,27,29,28,24,25,19,18,32,62,48,28,24,29
"Gene_2612",145,1410,165,2022,154,1500,165,2485,136,1490,194,1308,216,1051,201,2012
"Gene_2613",32,24,24,31,35,32,51,43,51,38,26,35,33,26,29,28
"Gene_2614",492,643,497,689,561,502,553,437,580,615,461,672,554,510,496,498
"Gene_2615",51,47,67,55,24,35,31,97,53,39,38,35,86,22,51,58
"Gene_2616",357,595,446,494,624,502,581,713,526,813,618,454,699,646,534,407
"Gene_2617",98,54,72,61,41,93,78,80,68,74,81,73,56,35,108,51
"Gene_2618",8,40,14,55,21,26,72,82,13,4,24,70,29,49,16,75
"Gene_2619",352,346,397,333,518,469,351,410,395,391,250,259,396,463,369,343
"Gene_2620",8596,9864,7883,10020,7742,8842,10534,14068,8687,13732,10760,9037,7993,10149,8262,13585
"Gene_2621",12,10,14,14,19,29,23,6,15,9,10,9,22,17,5,16
"Gene_2622",33,37,30,56,50,46,50,71,35,58,49,56,62,24,47,34
"Gene_2623",5,2,19,2,4,3,19,4,11,0,8,6,2,0,4,1
"Gene_2624",2077,1402,1092,2186,1816,1652,2171,1610,1548,1368,1046,1712,2113,1991,1697,2475
"Gene_2625",189,110,131,174,98,151,194,106,99,148,120,183,105,111,146,107
"Gene_2626",7,2,3,0,15,2,18,3,16,1,7,0,7,1,20,0
"Gene_2627",14,5,7,5,5,10,2,7,6,4,21,18,8,11,6,11
"Gene_2628",658,617,509,721,444,636,672,928,596,717,796,865,462,896,542,768
"Gene_2629",165,216,176,153,171,168,209,156,177,181,193,192,198,158,255,258
"Gene_2630",7,0,5,1,5,0,16,1,5,0,3,0,0,0,10,2
"Gene_2631",14,27,11,2,15,20,9,23,14,13,13,9,5,11,29,6
"Gene_2632",210,220,140,215,226,260,205,261,261,276,186,217,197,207,215,303
"Gene_2633",100,85,98,116,128,99,95,137,169,102,135,84,120,93,152,94
"Gene_2634",4,4,9,6,13,6,24,11,4,21,8,8,13,4,21,19
"Gene_2635",455,418,296,362,349,298,329,379,392,333,406,240,398,462,385,407
"Gene_2636",36,143,50,138,44,153,59,213,52,137,32,136,57,183,48,152
"Gene_2637",902,815,812,1177,976,787,1301,1016,1102,974,1131,837,994,1073,1530,1049
"Gene_2638",173,249,240,206,191,149,221,211,294,97,200,240,201,192,444,213
"Gene_2639",856,1215,1114,914,844,666,854,1312,965,776,605,1272,896,974,925,1328
"Gene_2640",8,11,2,10,6,22,15,1,10,16,14,11,2,14,3,2
"Gene_2641",386,108,295,92,246,84,506,99,556,111,395,136,449,86,477,143
"Gene_2642",613,640,508,447,499,632,921,640,757,645,830,532,860,535,712,707
"Gene_2643",278,399,266,405,216,273,335,300,190,311,362,327,295,264,402,385
"Gene_2644",11,17,6,3,26,14,36,17,15,11,27,3,12,19,26,15
"Gene_2645",107,94,72,47,79,67,62,110,106,84,59,135,51,59,107,106
"Gene_2646",7,15,14,14,8,63,12,19,9,34,7,34,13,19,31,50
"Gene_2647",42,70,40,25,15,18,58,35,47,21,37,20,46,24,55,39
"Gene_2648",41,21,3,55,28,32,26,36,9,18,20,33,13,15,35,24
"Gene_2649",171,139,83,180,161,214,148,158,225,254,225,213,173,144,222,114
"Gene_2650",5618,4042,4120,5214,6016,5174,5027,5069,5072,4009,4783,5025,5796,4874,4988,5232
"Gene_2651",164,36,175,25,174,26,169,19,234,31,209,19,138,25,181,36
"Gene_2652",56,36,37,40,58,50,79,41,36,34,48,21,36,67,38,18
"Gene_2653",547,456,400,495,529,604,777,503,653,654,560,513,582,505,606,539
"Gene_2654",273,318,478,369,373,415,635,334,501,267,290,465,431,561,663,418
"Gene_2655",198,651,211,539,164,710,210,571,122,841,177,828,152,624,105,696
"Gene_2656",43,259,43,81,63,158,29,63,35,93,53,81,58,150,25,289
"Gene_2657",404,240,219,244,302,270,365,365,303,395,342,231,313,195,350,391
"Gene_2658",317,223,238,368,324,215,375,403,291,423,309,281,482,389,437,654
"Gene_2659",216,102,161,159,195,100,241,177,225,151,149,172,156,162,172,182
"Gene_2660",3198,2991,3311,2708,2751,2925,3392,3274,2617,3259,3080,4255,3072,3245,3955,4048
"Gene_2661",7264,7270,5387,6748,4869,5820,7584,6664,5414,5689,8161,4830,6602,8322,7839,8047
"Gene_2662",13,27,13,25,21,10,34,16,17,26,25,28,30,41,21,19
"Gene_2663",174,225,276,206,219,238,313,157,183,275,228,184,216,196,183,276
"Gene_2664",5,12,7,8,11,5,17,16,12,30,6,2,6,2,12,2
"Gene_2665",47,18,39,20,38,29,68,35,50,25,17,31,21,56,23,46
"Gene_2666",69,75,27,48,43,49,33,52,50,34,44,62,36,40,77,36
"Gene_2667",87,79,124,84,62,63,55,121,104,77,74,86,102,82,108,107
"Gene_2668",2579,7122,2089,8873,2210,7553,3015,9169,2572,8805,2558,8229,2395,9932,2776,18659
"Gene_2669",17,20,23,23,10,29,40,54,18,26,28,14,28,28,17,27
"Gene_2670",232,935,269,872,204,616,203,1215,341,1106,197,819,289,993,187,871
"Gene_2671",619,329,538,414,319,342,458,768,724,349,481,571,375,513,725,586
"Gene_2672",92,192,124,258,144,160,174,187,165,115,111,314,218,159,191,291
"Gene_2673",321,47,268,78,292,58,284,106,342,61,276,75,379,78,296,90
"Gene_2674",24,10,43,32,25,36,15,43,30,42,42,33,42,27,38,25
"Gene_2675",52,52,62,26,28,43,33,58,32,25,38,35,70,83,63,64
"Gene_2676",29,25,14,34,23,26,37,27,26,48,39,42,36,42,31,21
"Gene_2677",14,3,6,9,6,6,21,3,21,7,5,3,12,1,2,13
"Gene_2678",338,268,273,281,313,328,368,356,348,299,431,288,280,287,392,286
"Gene_2679",79,52,41,44,60,37,72,72,68,43,63,74,32,34,35,37
"Gene_2680",74,88,59,81,118,71,88,85,78,81,74,64,66,96,44,79
"Gene_2681",243,405,532,553,250,347,390,325,409,358,306,294,317,310,399,472
"Gene_2682",88,128,80,96,99,152,150,181,134,137,107,126,102,121,144,145
"Gene_2683",88,484,117,317,84,596,116,489,79,533,80,423,78,355,74,521
"Gene_2684",54,5,46,2,61,12,33,3,61,13,48,5,42,15,45,7
"Gene_2685",2182,11494,1615,9044,2177,9657,2387,12044,2041,10930,2154,7836,1982,10663,2287,13488
"Gene_2686",108,119,138,124,191,93,154,84,124,142,141,208,169,154,161,153
"Gene_2687",133,135,112,149,100,94,110,85,188,133,168,159,68,197,228,163
"Gene_2688",727,606,469,500,345,767,693,794,640,561,676,659,580,553,459,857
"Gene_2689",162,53,110,41,120,42,145,69,207,51,214,85,371,80,238,62
"Gene_2690",23,43,22,8,25,24,29,26,36,28,49,14,9,11,31,22
"Gene_2691",49,38,85,28,71,30,54,51,66,40,58,51,59,29,48,44
"Gene_2692",33,141,33,120,29,168,62,129,23,140,23,112,23,161,28,90
"Gene_2693",3,10,9,5,5,6,9,10,6,9,3,4,10,7,10,7
"Gene_2694",40,63,52,73,107,64,101,64,77,48,91,54,66,114,104,46
"Gene_2695",305,72,261,56,213,59,331,87,261,91,265,88,339,92,269,88
"Gene_2696",54,26,14,62,16,24,52,48,57,41,28,47,20,27,35,59
"Gene_2697",226,386,348,503,169,387,205,646,172,473,246,491,161,456,339,520
"Gene_2698",418,1226,466,1315,525,759,553,959,513,1020,373,997,438,1318,608,1171
"Gene_2699",59,76,88,45,53,61,149,134,94,54,79,82,47,132,90,101
"Gene_2700",75,21,70,32,37,57,64,41,67,48,64,83,56,42,41,34
"Gene_2701",26,31,29,30,9,44,30,46,25,15,36,40,13,11,17,36
"Gene_2702",29,54,31,72,70,49,76,69,41,89,31,89,90,57,70,38
"Gene_2703",1703,1647,1457,1451,1752,1396,1836,1591,1508,1976,1788,1874,2127,1589,1519,2199
"Gene_2704",109,87,143,103,76,126,121,98,177,85,129,131,157,123,101,101
"Gene_2705",23,10,47,7,48,4,31,12,34,14,45,5,49,4,96,10
"Gene_2706",53,15,42,29,45,28,20,14,43,20,51,26,34,18,57,14
"Gene_2707",84,110,84,208,128,116,158,196,113,165,135,72,134,134,125,154
"Gene_2708",102,161,157,124,100,156,149,151,171,101,171,140,124,134,123,196
"Gene_2709",1231,9893,1123,7902,1014,7512,1121,12171,1255,9255,1141,12785,1362,9304,1222,11048
"Gene_2710",28,50,59,46,58,32,77,21,59,34,54,41,55,52,37,81
"Gene_2711",507,573,635,525,632,509,667,779,614,622,579,402,842,498,1069,623
"Gene_2712",11,35,46,11,17,57,43,32,35,14,40,19,38,27,42,61
"Gene_2713",131,166,188,166,121,86,146,184,117,159,108,173,158,135,161,142
"Gene_2714",46,38,75,20,14,56,82,46,113,35,82,55,51,71,49,101
"Gene_2715",569,742,474,608,559,990,601,830,883,1059,634,760,594,736,594,617
"Gene_2716",1192,1292,1231,1029,910,892,1036,1851,1306,1208,968,1165,1098,854,1080,1607
"Gene_2717",1404,1109,1538,1206,1355,1755,2631,1757,1535,1227,1490,1562,1958,1548,1864,1498
"Gene_2718",475,317,246,168,323,473,480,267,298,213,466,389,415,383,402,237
"Gene_2719",18,92,40,179,65,86,61,59,49,112,12,65,60,121,29,76
"Gene_2720",107,74,104,100,82,77,108,84,72,87,52,54,91,24,50,92
"Gene_2721",123,893,204,762,109,815,258,823,134,817,189,1225,207,1138,173,812
"Gene_2722",23,1,8,7,14,6,8,11,18,7,11,5,2,9,7,11
"Gene_2723",1215,6511,1055,5710,1408,5782,1201,6492,1327,6010,1036,3325,1215,4878,1986,6297
"Gene_2724",6,11,24,19,29,17,6,14,15,11,22,5,38,30,18,6
"Gene_2725",35,26,46,59,20,30,63,62,52,65,66,88,39,43,105,100
"Gene_2726",1170,10346,1188,10949,1501,8955,1513,11934,1023,11257,1316,12992,1387,8991,790,14715
"Gene_2727",193,208,188,180,210,282,236,187,202,231,262,271,179,205,238,281
"Gene_2728",300,338,219,161,201,261,339,347,312,518,251,291,198,389,317,328
"Gene_2729",12,21,16,18,15,12,21,42,26,8,27,24,84,28,21,24
"Gene_2730",3,9,4,11,5,11,7,11,4,9,15,8,14,1,6,9
"Gene_2731",14,14,26,24,23,16,33,21,20,18,12,11,53,8,47,15
"Gene_2732",206,202,234,263,180,131,284,230,475,252,267,238,260,176,318,133
"Gene_2733",436,153,317,146,429,189,335,205,330,170,471,295,378,355,362,269
"Gene_2734",143,13,90,20,154,17,172,17,107,9,116,10,122,10,108,10
"Gene_2735",59,35,24,33,30,50,55,44,25,73,52,47,18,53,71,40
"Gene_2736",190,252,197,322,216,252,295,246,258,356,235,277,199,321,284,255
"Gene_2737",19,25,54,44,23,35,44,47,36,39,24,26,67,28,39,29
"Gene_2738",302,308,224,316,257,280,258,205,199,183,246,412,213,169,226,296
"Gene_2739",9,19,11,10,2,16,31,13,20,16,29,38,13,18,9,8
"Gene_2740",2789,1861,3934,2658,3512,3013,3591,3511,3374,2908,3135,2497,3646,2898,3125,3116
"Gene_2741",6,5,28,11,9,4,3,8,5,18,14,4,13,1,9,10
"Gene_2742",1627,189,1384,186,1504,208,1282,177,1172,176,1194,200,942,278,1285,316
"Gene_2743",53,125,12,236,51,149,49,132,31,257,34,114,9,39,42,313
"Gene_2744",1370,733,983,860,1228,1093,881,1316,892,1150,1116,875,1142,1252,1478,1061
"Gene_2745",3,0,23,0,3,1,5,2,8,1,13,2,10,4,3,5
"Gene_2746",65,83,117,29,45,62,108,50,30,84,28,52,36,33,71,65
"Gene_2747",165,260,144,220,127,265,141,237,210,412,149,291,226,392,251,496
"Gene_2748",33,19,26,18,13,16,0,17,12,28,23,42,25,32,12,18
"Gene_2749",25,39,51,30,45,48,43,26,45,36,31,55,48,19,33,26
"Gene_2750",255,247,166,228,244,199,273,233,239,178,226,212,242,203,287,222
"Gene_2751",273,57,316,75,161,55,308,83,354,39,251,70,239,86,239,75
"Gene_2752",14,11,11,20,19,14,29,4,5,7,28,10,8,13,21,27
"Gene_2753",24,5,32,7,4,19,18,25,23,8,17,26,20,25,10,8
"Gene_2754",166,19,97,6,287,14,96,16,110,14,195,18,211,12,195,30
"Gene_2755",1156,1306,1335,1354,1560,1207,1517,1370,1657,1594,1389,1436,1121,1219,1750,1344
"Gene_2756",377,517,268,290,441,381,401,311,418,407,196,370,601,271,615,471
"Gene_2757",23,0,6,3,8,3,19,1,17,1,15,0,5,0,5,0
"Gene_2758",27,40,26,28,22,11,18,29,30,32,20,21,36,19,57,38
"Gene_2759",13,10,7,2,7,24,11,3,11,6,2,4,21,15,6,13
"Gene_2760",388,392,377,434,321,619,449,486,410,368,497,516,578,543,554,431
"Gene_2761",59,35,9,158,24,46,18,50,22,31,12,50,16,72,12,32
"Gene_2762",107,113,111,101,93,95,125,87,150,126,121,99,73,124,114,162
"Gene_2763",192,53,306,38,454,65,410,68,352,57,228,56,242,92,490,63
"Gene_2764",91,8,149,6,77,2,79,16,94,16,107,7,76,13,81,10
"Gene_2765",22,9,23,5,13,5,21,7,26,9,19,11,31,9,21,11
"Gene_2766",152,130,108,126,171,104,163,89,154,99,109,92,95,65,120,120
"Gene_2767",26,9,10,4,12,15,7,9,9,20,15,6,18,7,10,16
"Gene_2768",5820,5555,7978,6425,9592,8345,7591,7062,8145,7338,6779,8809,6112,7970,6029,5818
"Gene_2769",8,4,20,6,9,5,7,1,2,3,11,8,3,1,4,1
"Gene_2770",7250,4852,5833,7182,4855,7245,5942,7503,5378,5180,6437,5977,7252,6063,6528,6800
"Gene_2771",356,321,248,272,246,243,344,466,330,274,264,336,240,285,354,331
"Gene_2772",37,45,27,59,39,42,24,67,37,43,36,41,46,65,24,38
"Gene_2773",155,194,117,136,202,175,180,160,111,229,169,155,226,173,137,172
"Gene_2774",47,210,115,147,90,164,66,268,69,132,148,122,59,144,117,243
"Gene_2775",5196,5397,4644,5044,6674,6740,7159,4465,5809,6632,7436,8038,7213,6056,8667,5989
"Gene_2776",4226,5876,4962,4911,6118,4761,6304,5387,6717,6021,6681,5128,6038,4261,7519,4800
"Gene_2777",345,306,345,449,413,553,474,472,289,436,351,315,317,440,490,406
"Gene_2778",81,80,53,33,61,77,35,93,60,32,63,87,68,42,36,102
"Gene_2779",98,156,172,124,86,116,122,127,86,123,76,113,176,114,148,125
"Gene_2780",17,29,23,17,27,25,29,19,24,43,29,27,35,42,23,32
"Gene_2781",14,7,13,29,21,15,11,5,23,24,12,31,33,7,19,1
"Gene_2782",60,50,61,63,54,48,73,52,56,67,47,54,111,64,74,70
"Gene_2783",2077,1886,1402,1344,1127,2009,1632,1558,1893,1560,1403,1660,1992,1518,1652,1806
"Gene_2784",51,34,35,26,37,35,51,48,52,21,28,35,53,36,46,44
"Gene_2785",140,131,216,133,212,133,248,205,241,157,245,147,139,151,202,195
"Gene_2786",983,327,936,447,1173,417,1177,471,1065,432,1282,477,535,248,1243,378
"Gene_2787",213,83,222,100,230,86,215,131,284,90,187,84,303,95,238,69
"Gene_2788",295,271,163,285,283,273,245,410,319,327,224,307,196,289,241,255
"Gene_2789",35,19,28,34,18,28,34,28,57,19,12,19,33,20,56,38
"Gene_2790",84,141,108,122,102,98,84,151,124,164,161,140,139,110,158,172
"Gene_2791",24,18,18,16,23,25,17,11,22,14,23,5,21,17,21,24
"Gene_2792",18,6,56,25,34,50,47,24,18,24,33,19,55,13,22,20
"Gene_2793",15,21,8,9,4,8,12,3,7,27,25,20,17,5,5,23
"Gene_2794",52,228,31,239,45,193,38,309,51,252,50,168,53,176,91,154
"Gene_2795",139,189,187,238,125,155,129,170,172,238,174,200,166,197,206,236
"Gene_2796",67,114,85,127,100,112,127,127,115,105,83,182,112,117,101,103
"Gene_2797",14,13,21,14,14,24,19,11,25,31,35,14,14,19,11,5
"Gene_2798",24,22,14,7,13,24,47,13,9,9,7,17,20,15,13,24
"Gene_2799",2,0,4,2,23,0,3,1,10,2,17,2,4,2,18,0
"Gene_2800",199,197,163,192,185,178,246,261,273,151,227,163,243,248,228,259
"Gene_2801",231,178,93,201,180,144,152,288,188,140,171,127,163,168,221,197
"Gene_2802",1,5,24,0,6,1,8,0,3,3,12,1,5,1,9,3
"Gene_2803",10,7,10,7,7,6,4,15,6,5,11,16,4,16,7,17
"Gene_2804",72,100,120,59,125,67,111,84,58,74,115,74,62,56,125,122
"Gene_2805",21,80,37,21,23,56,30,42,72,115,26,44,56,64,42,49
"Gene_2806",11,8,6,6,8,11,12,2,11,4,7,19,21,22,5,19
"Gene_2807",633,834,598,680,599,546,577,754,823,840,891,550,719,565,1014,1036
"Gene_2808",70,110,152,90,113,92,89,132,84,106,96,95,103,69,112,153
"Gene_2809",128,95,124,85,134,102,69,154,100,82,128,117,51,127,119,124
"Gene_2810",366,293,280,323,321,316,406,298,392,295,385,353,486,166,466,283
"Gene_2811",181,250,133,208,188,210,210,294,225,187,176,325,341,258,303,339
"Gene_2812",54,44,34,68,56,38,59,78,84,33,70,40,56,59,89,52
"Gene_2813",4,52,23,64,10,26,10,36,4,74,15,95,12,58,11,43
"Gene_2814",994,1063,805,1024,1154,1000,1121,832,655,911,788,660,762,881,1058,854
"Gene_2815",18,16,12,2,20,23,15,3,5,10,13,11,17,6,8,2
"Gene_2816",1119,995,603,1243,1681,859,1054,1746,1481,1664,1171,1171,1586,1444,1085,1698
"Gene_2817",17,117,33,153,27,99,36,138,75,79,26,192,53,84,63,94
"Gene_2818",4805,4861,3557,3868,4986,5041,4094,5222,3611,6092,4140,4493,4603,4307,5683,5958
"Gene_2819",57,87,44,74,130,49,48,94,95,76,117,77,38,134,83,74
"Gene_2820",43,71,58,39,10,17,34,10,36,31,56,32,24,23,19,29
"Gene_2821",107,34,113,46,132,57,149,41,148,75,96,39,121,52,117,57
"Gene_2822",1009,1336,1209,1110,936,1104,871,1328,1190,1370,933,1238,1017,1030,1226,1428
"Gene_2823",3,5,6,3,9,0,3,8,10,25,15,6,7,7,16,3
"Gene_2824",30,86,98,58,86,52,28,91,113,80,71,37,43,52,53,60
"Gene_2825",165,237,212,166,158,188,211,160,131,246,170,172,176,145,257,239
"Gene_2826",142,122,140,58,174,135,144,138,161,74,161,90,74,139,193,135
"Gene_2827",116,108,135,168,174,96,138,118,148,114,102,124,169,104,179,162
"Gene_2828",48,278,56,438,50,188,71,330,33,278,48,334,68,349,56,361
"Gene_2829",5,47,9,33,17,34,8,22,10,56,2,36,40,41,13,5
"Gene_2830",16107,22125,18967,17587,16253,11055,15888,16500,18584,23476,16921,14181,21780,13289,14736,20908
"Gene_2831",1,3,3,3,5,3,4,2,0,0,12,2,12,0,5,1
"Gene_2832",714,276,438,371,596,244,905,346,545,534,515,414,595,376,651,317
"Gene_2833",6,15,6,7,8,10,46,18,19,39,11,16,26,16,16,6
"Gene_2834",14,2,6,6,5,10,3,15,18,4,10,16,3,2,9,4
"Gene_2835",139,85,130,145,156,134,163,214,166,128,191,132,114,87,124,187
"Gene_2836",3844,36196,6474,15902,4361,20523,4618,29865,5744,21140,4446,18267,6655,23853,4234,18959
"Gene_2837",243,447,334,276,355,369,266,318,430,376,222,400,474,355,283,316
"Gene_2838",5,4,11,10,7,2,5,7,17,9,10,12,1,2,13,5
"Gene_2839",44,2,24,2,24,12,38,8,46,5,23,3,26,2,47,10
"Gene_2840",30,20,37,31,21,19,28,41,18,26,11,20,37,17,44,29
"Gene_2841",13,8,19,5,10,21,10,26,13,5,9,4,18,21,18,17
"Gene_2842",583,120,635,70,829,112,787,138,644,111,520,144,459,141,905,155
"Gene_2843",8047,2073,8332,1772,8238,2073,8790,1922,10766,2690,8589,2742,9349,2488,9291,2485
"Gene_2844",15,33,10,7,2,9,27,1,4,4,2,1,1,8,10,6
"Gene_2845",305,428,363,405,496,422,419,540,489,409,534,519,503,388,464,631
"Gene_2846",12,3,8,20,10,3,18,11,8,9,20,25,19,11,26,26
"Gene_2847",659,704,956,512,583,824,541,676,759,663,657,886,740,585,782,961
"Gene_2848",152,110,116,163,117,118,150,159,131,141,192,147,188,108,254,137
"Gene_2849",66,60,62,66,54,41,58,69,47,115,44,76,40,57,78,79
"Gene_2850",266,422,351,431,380,383,348,527,360,458,377,457,311,489,408,474
"Gene_2851",5477,40991,6630,34943,4494,30069,6207,43494,5974,33638,5768,30995,5836,28736,5911,37407
"Gene_2852",1464,296,1428,361,1357,292,1550,269,1752,273,1241,378,1516,277,1930,291
"Gene_2853",68,49,68,70,83,49,60,83,62,78,93,95,95,85,151,102
"Gene_2854",298,493,397,353,441,419,483,607,370,483,444,550,410,527,377,438
"Gene_2855",15,16,20,24,20,10,30,22,6,25,16,13,42,9,11,10
"Gene_2856",300,50,192,32,224,44,312,49,228,51,224,67,268,20,206,52
"Gene_2857",400,725,521,499,588,669,542,456,609,566,808,470,542,619,649,557
"Gene_2858",248,251,218,204,229,261,223,215,236,351,158,239,236,169,289,349
"Gene_2859",38,29,14,46,41,35,39,45,26,50,17,28,32,22,13,21
"Gene_2860",105,90,59,76,117,51,125,74,109,92,110,139,81,130,85,133
"Gene_2861",37,12,23,4,23,3,50,4,25,5,58,5,39,9,40,12
"Gene_2862",220,303,189,224,271,309,216,228,170,241,242,270,208,297,282,330
"Gene_2863",43,102,52,118,63,101,59,107,67,128,68,97,23,141,55,74
"Gene_2864",81,488,39,407,109,397,100,514,66,498,58,693,87,388,95,422
"Gene_2865",24,30,27,20,25,39,12,37,28,28,30,45,49,27,48,13
"Gene_2866",668,191,517,292,748,259,573,321,1009,321,613,337,832,224,611,322
"Gene_2867",196,127,159,175,161,132,199,263,182,227,210,202,168,271,246,223
"Gene_2868",39,20,20,25,6,112,11,35,12,31,20,45,16,56,17,39
"Gene_2869",93,175,171,112,153,113,157,224,154,181,213,163,221,147,120,246
"Gene_2870",27,55,48,43,64,53,23,28,31,57,26,62,37,43,37,36
"Gene_2871",131,114,178,143,180,85,73,177,115,121,126,165,133,76,98,142
"Gene_2872",3848,2818,2274,3346,4222,2853,3378,4268,2261,2617,3039,2759,3516,3179,3456,3914
"Gene_2873",19,13,9,9,7,8,16,8,12,18,8,13,9,11,13,15
"Gene_2874",207,144,159,164,207,151,191,126,192,253,151,153,181,239,206,239
"Gene_2875",4,0,7,14,3,22,4,10,15,9,16,11,17,7,3,12
"Gene_2876",260,747,292,444,287,420,299,652,352,776,331,562,365,570,346,566
"Gene_2877",11,1,3,0,6,1,16,5,3,3,1,0,6,0,10,1
"Gene_2878",1,11,16,19,4,2,4,1,4,12,4,5,5,9,7,12
"Gene_2879",315,360,320,179,255,306,324,244,341,194,204,360,338,241,283,329
"Gene_2880",27,25,42,36,19,17,50,16,32,34,37,28,22,34,26,37
"Gene_2881",10,9,5,24,2,2,10,16,14,5,8,31,20,7,6,9
"Gene_2882",12,48,25,52,11,9,14,46,5,77,3,45,5,66,6,131
"Gene_2883",764,939,336,939,429,877,1016,776,1031,928,856,782,886,905,714,600
"Gene_2884",211,41,95,25,183,27,136,27,124,27,172,30,108,27,239,44
"Gene_2885",97,177,100,199,173,152,180,189,171,260,126,219,160,182,182,162
"Gene_2886",415,484,562,453,525,464,657,479,801,548,484,665,524,403,487,430
"Gene_2887",168,134,125,104,190,110,165,170,201,193,82,172,177,112,159,105
"Gene_2888",8,1,5,0,9,2,5,3,5,2,0,0,4,0,7,0
"Gene_2889",84,93,90,171,128,113,182,146,179,121,60,137,84,114,137,142
"Gene_2890",3,114,5,8,14,27,8,28,2,47,10,88,9,77,13,89
"Gene_2891",25,12,14,16,20,44,14,52,23,18,18,4,17,24,41,22
"Gene_2892",12,1,13,4,3,8,5,10,6,2,19,14,12,7,11,6
"Gene_2893",189,223,229,186,190,175,160,142,186,346,197,233,166,293,146,258
"Gene_2894",7107,5410,8483,4901,6895,5481,7197,5592,6319,5183,5876,5784,6731,7222,8955,6393
"Gene_2895",266,222,254,194,185,322,228,327,306,177,169,206,205,325,345,284
"Gene_2896",2724,3113,3921,3136,3302,3278,3733,3499,4595,4173,3039,3486,5033,3762,3349,4485
"Gene_2897",90,102,24,53,94,80,56,60,51,99,66,31,84,19,86,42
"Gene_2898",41,7,21,3,29,11,32,6,84,11,60,6,54,5,41,4
"Gene_2899",371,347,657,330,425,290,447,459,469,410,301,469,451,399,575,556
"Gene_2900",17,34,17,23,9,5,3,22,16,20,3,14,13,39,8,6
"Gene_2901",7,6,6,8,8,12,0,19,5,5,11,0,18,14,16,18
"Gene_2902",6,8,10,12,11,7,2,18,13,42,6,6,3,15,11,21
"Gene_2903",4,7,6,6,18,15,13,3,14,4,6,0,9,19,18,17
"Gene_2904",64,45,27,59,37,35,23,40,56,42,44,52,42,54,49,90
"Gene_2905",115,136,145,106,110,135,187,174,179,116,152,87,94,179,152,116
"Gene_2906",61,57,53,31,100,54,85,42,48,75,65,23,40,90,34,19
"Gene_2907",7,10,5,9,11,6,0,9,5,1,6,12,17,3,1,13
"Gene_2908",19,4,9,10,6,10,15,22,33,13,0,10,20,8,16,21
"Gene_2909",45,20,19,29,18,31,19,13,32,43,17,28,16,30,12,32
"Gene_2910",561,574,563,687,460,677,633,555,577,404,615,592,589,797,674,641
"Gene_2911",235,80,158,98,172,43,167,77,219,85,194,47,166,91,196,74
"Gene_2912",31,16,23,15,26,14,24,22,20,36,34,15,23,26,19,38
"Gene_2913",5,15,1,5,13,1,13,10,6,4,12,5,3,6,2,1
"Gene_2914",78,10,63,8,41,10,33,12,80,16,87,6,72,16,60,7
"Gene_2915",4,18,10,1,2,26,4,14,11,12,17,17,7,7,3,14
"Gene_2916",39,37,44,24,18,14,22,30,33,74,34,14,54,30,48,48
"Gene_2917",55,35,9,44,65,33,52,94,55,44,87,55,51,77,85,41
"Gene_2918",1051,281,746,169,844,230,584,248,860,202,1202,366,750,226,1292,299
"Gene_2919",521,469,557,545,606,536,555,342,624,445,362,371,554,481,642,522
"Gene_2920",111,114,196,142,144,99,215,96,122,166,199,144,231,130,185,255
"Gene_2921",72,47,85,76,63,63,76,56,70,57,65,45,70,79,84,71
"Gene_2922",30,133,57,75,49,70,78,134,21,82,50,97,94,106,60,89
"Gene_2923",397,272,326,243,391,264,374,386,266,436,396,214,199,358,392,255
"Gene_2924",12,10,12,23,1,13,11,2,5,11,4,3,13,13,12,4
"Gene_2925",35,29,64,46,80,40,77,79,23,70,95,33,67,92,22,84
"Gene_2926",893,915,677,779,841,898,1213,853,1064,1054,1323,898,700,1117,799,987
"Gene_2927",22,11,23,24,18,23,35,27,35,18,20,18,24,25,25,9
"Gene_2928",10,10,11,6,5,3,14,9,13,14,27,10,4,11,6,8
"Gene_2929",127,93,132,64,103,72,88,94,115,70,115,87,104,113,126,128
"Gene_2930",156,197,208,129,105,147,158,163,222,181,163,167,112,248,372,277
"Gene_2931",1817,2646,1832,2020,3103,1983,2667,2522,2346,2679,2780,2033,2285,1775,2143,2454
"Gene_2932",29,26,33,28,9,27,46,17,21,34,20,10,30,15,22,20
"Gene_2933",60,20,31,9,53,27,50,17,59,8,33,18,73,25,40,9
"Gene_2934",1247,1092,1062,846,934,815,1308,1224,1127,888,1155,1051,1136,1294,1433,1051
"Gene_2935",43,15,57,16,68,8,88,21,48,19,102,18,79,22,98,11
"Gene_2936",182,144,145,140,154,187,230,213,202,194,272,179,258,280,158,292
"Gene_2937",211,301,220,224,297,276,251,329,308,274,196,196,225,259,352,353
"Gene_2938",1159,11419,677,8806,1055,8962,812,6897,1028,9974,726,11162,939,7392,1229,9275
"Gene_2939",538,559,758,330,532,691,619,535,438,641,503,461,582,503,693,539
"Gene_2940",56,41,119,39,132,52,94,56,135,28,105,39,114,37,88,55
"Gene_2941",14,0,6,2,33,5,14,1,14,2,9,0,4,5,38,0
"Gene_2942",79,77,115,120,80,73,74,66,126,151,91,107,100,69,128,128
"Gene_2943",378,982,404,955,368,762,416,1125,458,820,317,1182,517,1104,452,939
"Gene_2944",1280,1161,1107,1038,1053,1166,1149,1570,1187,1124,1147,1029,990,938,1031,1416
"Gene_2945",194,339,139,280,306,400,343,377,418,539,434,461,441,460,386,375
"Gene_2946",10,58,11,57,11,43,2,106,10,112,6,54,8,16,12,65
"Gene_2947",136,177,166,101,91,92,81,80,134,67,140,206,104,121,173,122
"Gene_2948",6,27,12,10,21,37,16,11,12,5,11,5,8,33,15,9
"Gene_2949",47,24,44,28,68,25,58,34,29,40,35,59,75,46,51,28
"Gene_2950",31,4,10,26,37,29,23,3,8,3,3,16,11,14,12,27
"Gene_2951",1886,2905,1433,2245,2725,2237,1610,2135,2307,2989,1831,1260,1863,2888,2129,2668
"Gene_2952",67,20,85,10,69,10,82,13,87,17,45,10,65,16,96,8
"Gene_2953",2360,2351,4090,1933,2583,3064,3411,3608,3754,3373,3602,2317,4121,3010,4616,4656
"Gene_2954",8,22,15,18,5,12,4,20,6,9,10,0,0,4,55,8
"Gene_2955",30,8,27,21,21,21,30,27,30,33,18,28,36,20,15,29
"Gene_2956",391,541,309,306,415,444,423,334,509,460,349,583,395,451,602,545
"Gene_2957",65,35,50,26,35,42,42,24,53,35,25,56,57,31,38,45
"Gene_2958",4035,3704,4665,3440,4089,4501,4101,4207,3948,4674,3735,3910,4199,4394,4208,5543
"Gene_2959",33,184,26,84,33,182,22,180,19,142,45,102,10,175,22,155
"Gene_2960",10,11,8,4,5,6,2,3,8,2,9,5,5,15,6,9
"Gene_2961",92,108,114,110,90,92,96,67,127,106,102,84,98,71,127,125
"Gene_2962",31,62,33,34,88,45,51,108,62,40,93,40,56,45,44,29
"Gene_2963",65,238,57,254,59,481,78,373,105,207,109,329,71,384,96,287
"Gene_2964",29,350,15,244,31,186,26,174,21,172,11,129,20,71,25,135
"Gene_2965",23,13,23,10,24,4,31,10,41,5,17,13,40,6,14,10
"Gene_2966",12,13,31,32,19,31,5,29,18,18,21,31,32,24,30,33
"Gene_2967",50,40,63,66,31,46,54,49,72,59,56,75,73,49,76,64
"Gene_2968",11,9,9,11,7,3,20,3,4,38,6,12,6,13,21,11
"Gene_2969",717,856,981,819,828,1036,683,803,869,1225,778,731,822,820,993,949
"Gene_2970",32,12,18,13,47,23,46,29,13,41,11,6,7,37,15,41
"Gene_2971",890,1057,838,773,1129,1408,1713,1591,968,1419,969,1195,822,1291,1116,1506
"Gene_2972",15,8,9,4,20,2,3,9,8,2,12,13,9,7,3,24
"Gene_2973",578,436,430,525,456,484,545,327,421,362,276,396,449,649,580,699
"Gene_2974",41,20,36,42,40,30,18,26,44,45,32,30,68,32,21,13
"Gene_2975",135,54,122,90,152,125,151,140,142,126,142,78,117,144,167,140
"Gene_2976",455,393,335,306,428,452,502,272,479,337,445,465,468,490,437,464
"Gene_2977",8,19,24,21,15,12,46,20,11,40,33,18,39,19,13,42
"Gene_2978",266,30,183,31,115,24,145,29,248,46,249,38,153,57,96,32
"Gene_2979",96,649,48,846,69,435,68,724,59,680,72,433,126,717,86,663
"Gene_2980",29,7,17,11,5,20,3,20,34,16,6,3,27,17,24,15
"Gene_2981",369,324,260,193,246,236,318,231,251,392,327,216,279,366,414,217
"Gene_2982",2,11,15,13,11,17,11,12,6,9,6,8,6,7,5,9
"Gene_2983",1942,1157,1806,1287,1231,1316,1976,1330,1736,1558,1597,1312,1341,1412,1810,2013
"Gene_2984",1041,1053,637,1044,599,926,988,849,1116,959,805,839,989,693,1078,932
"Gene_2985",81,122,59,98,59,134,88,147,78,176,69,200,83,234,126,200
"Gene_2986",46,21,31,55,38,43,58,54,68,46,60,76,58,73,56,77
"Gene_2987",223,252,153,205,280,163,257,231,204,283,294,173,198,284,341,233
"Gene_2988",32,31,28,59,34,28,42,33,53,73,17,46,36,60,23,36
"Gene_2989",81,58,63,70,85,78,92,68,67,79,87,85,24,40,71,60
"Gene_2990",158,224,87,180,171,177,170,213,213,201,199,262,169,168,174,278
"Gene_2991",57,68,46,81,55,141,107,80,82,85,46,56,92,139,151,89
"Gene_2992",2471,2348,2680,1851,2088,2890,3095,2500,2558,1927,2620,2220,2068,1886,1770,2918
"Gene_2993",61,36,64,62,88,53,73,54,60,53,69,50,27,33,53,69
"Gene_2994",39,7,21,25,9,50,19,11,37,29,6,35,9,27,20,26
"Gene_2995",6,17,11,9,11,6,12,32,24,24,17,13,16,32,25,51
"Gene_2996",39,20,37,35,55,31,25,32,51,42,34,32,51,50,31,45
"Gene_2997",16,10,6,10,29,13,12,52,14,16,13,20,18,10,21,39
"Gene_2998",584,462,452,485,622,442,659,611,719,743,466,641,640,623,564,593
"Gene_2999",136,167,206,162,166,224,188,126,100,109,125,154,142,101,141,189
"Gene_3000",46,35,64,34,111,46,70,28,57,51,89,19,101,22,64,26
"Gene_3001",78,218,84,109,93,186,165,124,139,157,109,109,39,139,175,141
"Gene_3002",18,10,30,32,18,35,15,36,21,16,17,14,38,11,17,10
"Gene_3003",7640,2157,5798,2870,8651,2317,5955,2792,6613,3539,7680,3694,6445,2402,9239,3060
"Gene_3004",403,521,380,324,404,495,418,601,544,536,462,414,438,576,626,564
"Gene_3005",356,2309,316,1783,443,1191,460,2062,263,2269,384,1303,445,1566,590,1328
"Gene_3006",108,102,125,124,126,105,216,173,162,114,158,164,127,116,177,106
"Gene_3007",194,149,116,64,120,126,128,134,102,93,99,141,134,137,109,199
"Gene_3008",341,285,351,357,408,320,463,360,457,276,483,257,429,334,451,235
"Gene_3009",151,299,179,272,202,254,316,322,230,261,173,342,321,236,266,269
"Gene_3010",351,345,323,406,471,325,660,507,543,504,438,441,328,639,549,538
"Gene_3011",52,33,50,38,28,59,89,29,49,69,42,26,38,23,14,50
"Gene_3012",1261,1346,754,916,1051,508,1109,976,1489,1343,812,1206,976,1077,898,981
"Gene_3013",10,4,12,0,16,15,41,14,7,4,3,11,0,11,1,5
"Gene_3014",2487,840,2529,1202,2160,1383,3149,1391,3461,1248,2236,1444,1929,1410,3602,1731
"Gene_3015",55,96,60,63,137,97,74,64,95,68,47,48,110,81,136,150
"Gene_3016",138,192,215,163,153,90,176,166,177,192,162,118,125,170,128,231
"Gene_3017",169,100,84,117,54,76,86,88,117,127,136,69,106,68,137,68
"Gene_3018",35,22,13,29,17,24,14,28,40,34,19,24,26,44,13,50
"Gene_3019",45,42,57,55,35,42,46,43,37,48,46,33,19,31,39,82
"Gene_3020",1660,1574,1779,1361,1381,1735,1881,1901,1630,1452,1929,1281,1835,1701,1866,1705
"Gene_3021",5263,5268,4672,3666,4197,3604,5772,4402,5034,4751,4323,4331,5390,4929,4407,4339
"Gene_3022",18,10,18,14,12,19,30,9,19,11,23,17,22,14,30,13
"Gene_3023",164,165,251,165,213,174,223,189,204,224,201,137,214,177,182,262
"Gene_3024",21,48,36,17,17,27,54,23,30,45,36,11,39,31,65,52
"Gene_3025",104,75,54,107,110,93,125,169,111,203,85,69,91,99,112,135
"Gene_3026",184,200,175,257,227,166,220,264,200,228,196,238,198,141,224,262
"Gene_3027",38,39,31,39,38,48,33,45,38,41,25,32,41,39,39,62
"Gene_3028",145,36,132,74,238,72,208,111,194,62,132,82,132,70,139,76
"Gene_3029",2497,2655,1854,1425,1421,1894,2326,2794,2022,2280,1978,2267,2236,2440,2571,2862
"Gene_3030",12,15,7,16,18,12,16,16,4,20,6,5,23,13,10,37
"Gene_3031",28,58,55,39,35,41,40,51,35,82,45,59,39,80,65,66
"Gene_3032",183,189,202,191,159,206,227,206,223,191,237,214,224,253,168,210
"Gene_3033",144,263,167,208,186,247,169,193,179,198,208,226,242,161,240,283
"Gene_3034",115,123,97,67,111,157,94,154,147,97,118,114,91,96,123,176
"Gene_3035",197,216,204,197,169,219,277,230,149,194,231,165,151,322,280,174
"Gene_3036",86,112,121,34,76,68,82,94,80,43,73,101,96,81,94,100
"Gene_3037",159,170,164,141,208,128,100,183,151,148,107,172,139,186,104,212
"Gene_3038",109,94,92,83,83,76,90,153,46,66,74,72,63,88,68,173
"Gene_3039",675,552,440,642,698,567,630,520,605,655,658,620,480,598,797,626
"Gene_3040",213,490,500,346,289,365,293,546,238,402,345,309,396,331,420,338
"Gene_3041",91,101,83,122,145,119,99,81,69,107,90,158,159,110,137,150
"Gene_3042",1107,782,1257,808,1197,934,1217,1264,1283,1151,1348,926,960,1225,1452,1282
"Gene_3043",140,213,88,114,110,77,199,178,139,125,143,102,167,225,186,164
"Gene_3044",237,304,287,299,155,234,372,212,439,279,299,225,325,321,502,336
"Gene_3045",149,121,223,181,164,103,245,158,192,234,134,164,156,216,201,312
"Gene_3046",18,10,66,22,43,16,40,64,30,18,79,23,73,22,21,27
"Gene_3047",312,437,389,271,364,474,490,347,517,275,177,442,403,358,411,342
"Gene_3048",4,58,4,34,13,55,12,58,14,57,9,49,13,45,7,37
"Gene_3049",18,26,10,13,11,17,38,22,34,27,26,28,23,10,17,6
"Gene_3050",392,326,266,250,330,291,295,371,244,303,345,242,328,218,418,391
"Gene_3051",889,1086,979,1134,1121,1161,1352,1214,842,1156,1128,1242,1033,1595,1386,1233
"Gene_3052",3,16,2,3,3,12,6,7,11,6,7,11,13,7,4,5
"Gene_3053",864,998,709,632,855,707,1151,656,1076,990,897,947,644,1204,864,920
"Gene_3054",12,1,3,9,22,22,14,13,3,18,19,10,6,45,11,25
"Gene_3055",13,22,38,16,57,26,18,47,41,30,30,13,50,21,37,21
"Gene_3056",1,15,12,28,14,68,2,43,12,137,8,87,2,164,10,90
"Gene_3057",40,22,27,8,56,1,78,10,98,8,91,13,83,12,90,10
"Gene_3058",91,88,129,68,104,94,100,90,80,162,180,195,160,89,96,134
"Gene_3059",166,271,246,148,298,267,245,207,175,256,277,204,203,157,282,242
"Gene_3060",23,47,67,71,50,49,43,67,69,53,33,74,42,80,98,51
"Gene_3061",93,12,85,11,93,8,85,6,84,7,96,10,112,8,174,10
"Gene_3062",246,206,163,230,151,133,308,137,169,143,168,215,196,184,159,232
"Gene_3063",8,8,28,18,12,17,9,8,25,21,8,13,7,14,7,31
"Gene_3064",46,16,23,16,27,39,30,30,20,22,22,32,19,29,34,47
"Gene_3065",1457,1442,1720,961,1279,1307,1164,1500,1324,1632,1486,1730,1336,1616,1683,1726
"Gene_3066",7,3,12,30,1,7,6,8,6,1,17,3,10,29,10,8
"Gene_3067",472,457,383,678,867,517,415,578,667,502,442,668,464,674,561,679
"Gene_3068",719,607,470,577,758,627,553,698,670,619,485,800,632,639,749,782
"Gene_3069",878,293,931,828,1121,532,1212,887,1217,808,1428,679,1372,508,948,791
"Gene_3070",39,123,26,91,25,129,46,101,70,146,87,61,44,104,71,145
"Gene_3071",520,247,232,263,417,397,625,287,423,420,485,245,542,310,655,376
"Gene_3072",174,344,172,242,162,180,230,411,222,325,123,338,167,315,228,394
"Gene_3073",31,35,36,50,40,37,24,34,30,47,51,49,29,12,20,38
"Gene_3074",231,300,325,389,270,281,224,313,377,278,284,216,311,386,302,353
"Gene_3075",234,164,158,199,227,151,241,207,109,249,207,124,233,175,228,198
"Gene_3076",73,160,60,113,62,139,44,327,74,161,61,364,66,354,89,308
"Gene_3077",39,61,39,26,37,59,28,28,65,47,110,34,33,79,103,75
"Gene_3078",90,88,92,53,44,73,60,46,88,78,75,23,101,51,45,54
"Gene_3079",286,237,259,212,297,174,256,208,359,331,281,253,211,253,326,323
"Gene_3080",52,98,65,112,127,57,87,138,60,191,170,98,176,79,134,92
"Gene_3081",1,27,9,14,14,60,27,27,16,18,5,43,9,20,7,14
"Gene_3082",213,154,132,157,216,159,195,172,198,171,208,163,141,103,218,193
"Gene_3083",45,57,51,49,69,52,60,43,62,82,87,40,30,61,86,38
"Gene_3084",617,459,312,518,400,388,392,508,584,596,389,471,648,636,435,384
"Gene_3085",12,15,2,5,14,15,10,3,9,23,5,1,7,13,4,20
"Gene_3086",11,17,4,8,11,4,12,8,5,2,6,19,28,9,7,10
"Gene_3087",39,42,48,38,23,25,30,61,50,58,43,36,48,48,24,25
"Gene_3088",24,77,32,80,26,173,32,85,29,74,32,89,37,71,77,124
"Gene_3089",298,102,175,131,305,205,561,136,317,133,284,170,516,170,567,190
"Gene_3090",14,2,5,13,10,17,2,7,13,12,7,8,10,7,27,10
"Gene_3091",12,25,30,12,13,4,20,7,13,13,14,4,20,21,5,29
"Gene_3092",62,61,80,130,44,77,84,100,99,97,122,47,66,40,77,115
"Gene_3093",20,21,19,10,43,15,11,46,18,14,20,39,32,51,43,40
"Gene_3094",89,77,42,42,80,46,92,66,127,98,91,63,120,84,47,68
"Gene_3095",27,20,7,15,11,9,4,7,2,19,4,25,9,4,30,11
"Gene_3096",48,34,22,19,22,22,33,28,10,23,17,29,15,40,39,19
"Gene_3097",11,8,17,16,23,20,12,28,27,12,14,19,21,19,38,12
"Gene_3098",7,12,12,7,13,4,5,8,13,5,9,17,6,8,13,5
"Gene_3099",161,216,212,212,314,201,266,233,257,186,235,284,176,160,223,284
"Gene_3100",48,156,38,74,32,91,46,104,41,100,28,72,46,166,34,72
"Gene_3101",39,195,55,137,13,127,43,229,32,223,78,191,68,172,30,170
"Gene_3102",562,540,718,671,738,618,852,734,621,765,733,870,915,794,730,832
"Gene_3103",263,531,262,325,505,393,420,346,365,277,302,362,331,327,406,407
"Gene_3104",17,16,13,30,15,24,54,39,31,36,27,37,55,29,45,41
"Gene_3105",440,464,285,384,902,361,628,443,629,741,550,546,606,570,319,409
"Gene_3106",26,66,39,57,53,47,53,54,49,38,31,63,49,82,74,44
"Gene_3107",35,64,37,63,42,71,84,46,49,50,34,38,56,41,60,31
"Gene_3108",148,85,115,137,104,168,204,184,145,217,197,133,127,193,172,63
"Gene_3109",117,124,118,153,145,119,111,110,103,158,82,194,100,169,120,188
"Gene_3110",68,87,72,73,75,86,84,142,103,114,53,78,97,132,123,209
"Gene_3111",78,113,83,56,40,92,60,70,36,105,56,29,69,43,98,83
"Gene_3112",272,213,174,174,200,247,176,229,185,235,124,174,211,166,214,283
"Gene_3113",780,743,662,577,677,518,886,546,614,639,567,464,457,668,932,849
"Gene_3114",57,52,66,33,79,24,34,32,40,40,59,77,28,49,78,52
"Gene_3115",1508,11967,1543,9963,1000,9782,1278,11201,1168,12557,1305,10117,1731,11671,2447,12473
"Gene_3116",11,2,22,1,21,1,39,2,34,1,20,1,21,2,17,9
"Gene_3117",4502,9382,4762,14961,3541,12118,5322,17183,2570,13214,4431,12980,4128,14776,5297,15703
"Gene_3118",460,402,525,370,379,422,410,681,618,430,613,520,445,309,564,561
"Gene_3119",26,55,36,45,21,28,61,71,81,37,73,38,35,46,60,38
"Gene_3120",22,4,5,7,11,3,24,10,3,1,13,10,38,10,11,14
"Gene_3121",37,31,43,41,59,77,53,56,71,95,72,47,53,82,68,58
"Gene_3122",57,82,61,58,66,64,43,92,56,46,56,66,27,44,70,55
"Gene_3123",1271,709,1573,779,1353,800,1519,726,1630,850,1289,559,1386,927,1473,799
"Gene_3124",198,165,130,135,157,158,203,151,214,208,362,168,219,218,169,181
"Gene_3125",15,0,7,1,18,6,5,1,17,7,2,8,4,7,10,2
"Gene_3126",104,145,155,136,145,156,249,222,195,158,205,189,157,164,162,201
"Gene_3127",18,62,28,45,18,41,23,53,9,65,22,35,13,70,37,33
"Gene_3128",4,4,11,4,4,14,7,10,5,3,12,9,7,11,8,3
"Gene_3129",575,487,356,576,414,507,458,631,751,707,725,609,586,642,722,576
"Gene_3130",320,273,280,329,293,433,248,323,294,366,318,352,309,328,201,271
"Gene_3131",25,40,77,59,31,72,42,59,64,20,57,71,43,31,72,93
"Gene_3132",1514,1580,1843,1516,1466,1238,1153,1194,1376,1704,1627,1321,1175,1787,2047,1675
"Gene_3133",105,81,46,79,73,43,72,69,67,46,56,75,53,59,74,69
"Gene_3134",6,14,2,4,5,4,13,11,3,8,14,11,20,7,6,5
"Gene_3135",295,604,585,431,564,519,463,610,586,653,643,573,604,756,578,637
"Gene_3136",37,53,21,26,24,36,16,31,26,45,27,41,22,61,30,47
"Gene_3137",146,211,129,95,88,182,125,171,214,90,164,128,138,128,189,200
"Gene_3138",32,20,15,13,16,17,10,37,20,14,11,26,14,10,19,15
"Gene_3139",4,1,11,3,0,0,4,1,3,0,21,1,21,3,11,0
"Gene_3140",216,211,305,236,194,188,257,207,209,254,227,269,230,320,270,269
"Gene_3141",8,10,12,8,18,18,33,19,10,7,31,22,16,32,25,19
"Gene_3142",32,20,16,17,65,40,39,39,37,33,23,38,35,40,46,62
"Gene_3143",328,158,378,189,318,138,416,194,530,205,329,127,477,181,445,213
"Gene_3144",3,5,16,7,2,2,4,9,18,1,4,17,5,4,5,12
"Gene_3145",11,21,13,28,19,24,31,43,16,21,26,17,20,11,25,40
"Gene_3146",1630,897,1296,1388,1612,1809,1576,1909,2170,1859,1303,1084,1370,1467,2392,2395
"Gene_3147",82,84,140,91,110,96,102,132,142,99,80,92,99,83,115,112
"Gene_3148",6,11,11,3,11,2,13,9,3,7,4,6,4,11,15,7
"Gene_3149",106,85,78,71,108,73,130,107,115,72,94,79,74,77,129,87
"Gene_3150",105,179,94,130,119,90,106,177,190,101,98,131,104,139,97,158
"Gene_3151",24,22,42,9,26,6,39,30,23,28,15,19,25,21,19,18
"Gene_3152",24,31,35,41,28,29,12,33,27,40,30,12,27,37,33,43
"Gene_3153",70,107,71,89,71,131,82,122,64,113,71,100,89,49,48,155
"Gene_3154",474,655,443,532,531,383,538,435,547,460,672,466,538,454,483,453
"Gene_3155",21,19,18,20,25,15,24,12,26,11,16,5,18,15,13,4
"Gene_3156",341,344,353,373,332,401,319,348,608,456,335,486,281,520,565,430
"Gene_3157",6,8,7,12,3,5,5,10,10,18,7,7,4,12,7,6
"Gene_3158",3918,2121,3620,3131,4466,3456,4006,2782,3527,3439,4400,2970,3929,3956,3371,3906
"Gene_3159",230,325,279,301,382,337,670,568,465,561,206,356,416,468,481,538
"Gene_3160",35,30,29,20,26,46,26,34,35,39,43,37,66,38,53,88
"Gene_3161",74,80,85,91,87,100,108,47,62,62,75,92,114,82,75,157
"Gene_3162",14,12,15,5,6,3,8,4,14,9,6,26,4,12,5,1
"Gene_3163",27,85,4,61,20,42,28,67,15,24,17,21,17,20,31,59
"Gene_3164",159,227,197,222,205,170,164,168,202,169,161,168,237,181,211,142
"Gene_3165",6,6,18,16,1,40,9,70,8,32,29,46,9,23,28,120
"Gene_3166",310,1511,296,1763,443,1727,294,1426,474,1484,344,1905,299,1462,375,2136
"Gene_3167",444,454,407,359,406,344,592,507,532,538,490,433,368,373,510,735
"Gene_3168",114,287,108,309,150,343,149,284,163,306,154,286,123,319,140,331
"Gene_3169",11,23,31,22,12,20,27,25,16,22,20,14,18,24,46,20
"Gene_3170",343,432,359,348,374,325,597,522,405,327,357,379,291,311,439,428
"Gene_3171",60,31,45,32,56,20,44,41,73,16,41,17,76,44,84,39
"Gene_3172",3658,2120,1894,2142,2094,2722,2427,3451,2234,2547,2609,1920,2539,2629,3679,3537
"Gene_3173",166,92,202,112,185,89,373,90,290,121,254,123,286,146,252,140
"Gene_3174",3297,2058,1922,2408,3090,3120,2690,3358,2981,2883,2728,2261,2720,2636,3473,3873
"Gene_3175",44,28,16,20,25,25,26,58,33,40,40,37,28,45,63,28
"Gene_3176",869,727,1061,622,872,782,734,751,905,989,755,595,1140,721,1206,976
"Gene_3177",506,3576,424,4306,785,4927,743,5513,439,5237,590,5300,697,4602,722,5765
"Gene_3178",337,791,331,605,243,701,324,711,358,650,207,714,385,811,301,700
"Gene_3179",2772,2079,3480,1804,3264,2057,2436,3863,2535,2089,2351,2085,2005,2275,2857,2962
"Gene_3180",944,905,945,549,979,895,1026,804,847,851,684,733,971,1079,1150,856
"Gene_3181",955,958,758,747,580,830,839,517,720,795,856,760,865,732,867,867
"Gene_3182",1410,1147,1400,1593,1086,1037,1440,1368,1125,1516,1128,1301,1178,1164,1290,1546
"Gene_3183",28,20,15,24,29,28,27,18,25,26,30,24,30,41,23,31
"Gene_3184",461,410,290,296,346,275,382,424,314,414,420,440,326,384,570,383
"Gene_3185",972,1320,1037,1014,825,965,955,1187,1303,1006,985,1005,929,1536,1228,1163
"Gene_3186",1,17,6,4,8,4,7,16,4,15,0,8,4,15,3,9
"Gene_3187",1067,1084,1182,948,1147,1075,921,1257,793,851,1204,898,1069,992,1095,1021
"Gene_3188",20,13,6,9,5,18,49,13,11,13,40,9,20,24,13,7
"Gene_3189",14,2,11,6,3,17,2,11,3,11,3,3,16,2,8,43
"Gene_3190",80,104,71,37,77,81,109,65,75,67,117,57,78,31,62,84
"Gene_3191",22,10,4,1,7,6,2,12,16,9,8,5,11,9,14,6
"Gene_3192",11,32,20,10,30,8,30,15,41,15,14,57,19,12,27,65
"Gene_3193",601,490,294,394,425,250,461,377,481,385,328,358,544,317,576,349
"Gene_3194",196,104,138,106,113,112,117,124,147,159,176,110,164,122,208,101
"Gene_3195",1154,394,781,482,970,382,1383,509,1348,609,1256,556,1202,467,1331,734
"Gene_3196",296,210,111,249,196,187,121,169,124,284,104,109,160,214,309,179
"Gene_3197",0,4,9,1,1,6,13,6,10,9,12,8,1,3,19,19
"Gene_3198",7,5,2,9,15,15,15,16,13,1,17,11,9,7,38,27
"Gene_3199",109,126,146,105,100,112,144,152,111,147,98,130,144,146,192,128
"Gene_3200",33,437,26,248,72,279,45,326,50,421,20,321,86,399,55,245
"Gene_3201",677,1190,456,1326,528,1051,543,2384,669,1336,636,1551,572,1396,496,1564
"Gene_3202",97,136,112,119,130,81,149,127,145,108,108,148,118,136,193,182
"Gene_3203",11,34,13,10,25,15,22,8,8,9,9,13,11,16,24,4
"Gene_3204",45,56,25,55,10,35,50,65,32,17,46,51,51,34,34,75
"Gene_3205",661,467,882,509,542,266,760,511,616,471,624,575,766,612,509,464
"Gene_3206",8,122,7,43,37,154,18,241,26,109,24,49,20,62,24,91
"Gene_3207",5,12,1,2,8,23,30,1,18,2,5,3,12,9,16,11
"Gene_3208",310,237,293,292,320,248,367,336,276,332,238,199,305,305,294,328
"Gene_3209",174,99,104,123,77,130,168,197,186,115,122,169,130,111,189,126
"Gene_3210",11,42,14,35,33,28,19,47,29,16,28,36,22,15,37,55
"Gene_3211",59,59,58,117,88,152,158,92,112,102,88,74,132,80,113,126
"Gene_3212",112,229,139,96,148,96,103,114,201,175,148,174,87,132,164,60
"Gene_3213",45,32,41,11,26,26,22,21,29,16,24,26,20,20,17,21
"Gene_3214",252,181,183,181,129,256,295,252,205,236,212,207,211,197,327,286
"Gene_3215",18,9,35,8,48,7,27,4,24,6,23,11,44,15,19,12
"Gene_3216",42,63,38,34,49,52,70,41,81,41,68,74,64,84,60,77
"Gene_3217",487,334,353,281,446,349,472,522,248,428,323,471,327,405,471,375
"Gene_3218",84,10,61,12,39,6,73,2,54,14,69,17,56,9,93,13
"Gene_3219",5,0,5,9,11,10,15,2,4,3,15,9,17,10,13,5
"Gene_3220",105,104,60,28,43,37,36,50,68,60,59,43,51,39,83,66
"Gene_3221",4,12,7,3,2,6,14,5,15,15,10,12,4,2,3,10
"Gene_3222",23,35,47,65,63,24,19,61,58,46,30,48,35,32,79,43
"Gene_3223",26,3,26,6,27,1,27,10,33,5,22,8,38,6,53,4
"Gene_3224",30624,22394,43066,29199,22680,24961,29824,28675,37376,28378,39124,42446,35664,32913,40120,33669
"Gene_3225",171,177,215,204,173,198,256,230,231,292,194,198,290,267,188,217
"Gene_3226",156,340,199,266,221,206,214,273,191,382,279,181,258,252,346,306
"Gene_3227",172,165,159,172,116,124,213,214,154,204,98,155,260,134,144,229
"Gene_3228",31,67,45,65,52,47,67,56,26,78,55,32,33,33,61,72
"Gene_3229",8,19,0,11,6,0,3,8,9,30,7,15,15,10,5,0
"Gene_3230",2665,7734,1947,5229,2343,7320,3317,7644,2815,6615,2011,8292,2417,5057,3049,8991
"Gene_3231",55,25,14,51,25,60,64,45,56,53,36,23,25,42,36,63
"Gene_3232",27,6,15,9,3,38,18,16,5,3,41,17,16,45,21,27
"Gene_3233",28,18,24,28,27,30,34,24,77,44,30,25,55,40,37,46
"Gene_3234",779,724,744,663,512,985,828,962,1008,1016,705,778,628,717,928,703
"Gene_3235",322,448,341,375,417,406,771,551,438,650,485,458,494,436,559,533
"Gene_3236",1313,796,1222,1203,891,1225,1362,1105,968,997,1133,1107,1875,1480,1168,1975
"Gene_3237",202,143,210,106,149,218,157,164,167,137,181,173,372,174,210,183
"Gene_3238",48,38,88,105,65,77,70,65,91,66,93,77,78,66,69,85
"Gene_3239",104,50,47,56,55,83,84,94,56,93,119,57,52,82,56,84
"Gene_3240",4,6,5,3,2,19,4,37,7,13,6,8,4,4,9,12
"Gene_3241",145,238,124,167,176,192,163,115,195,186,134,179,220,196,176,220
"Gene_3242",59,33,89,56,48,63,34,46,56,36,57,59,72,43,68,67
"Gene_3243",66,93,69,36,29,47,39,71,65,127,32,78,79,105,55,62
"Gene_3244",636,635,613,606,428,390,538,785,704,826,819,681,426,659,778,738
"Gene_3245",887,3264,809,2160,1302,3635,791,2369,1131,4271,836,3286,899,3445,1343,3693
"Gene_3246",6736,8749,7072,5245,9238,9883,7505,7744,8659,9303,10531,8715,11754,7516,13414,10751
"Gene_3247",191,290,248,179,167,221,157,321,246,250,169,227,289,179,167,290
"Gene_3248",150,67,49,79,56,107,46,83,64,72,95,96,87,82,98,74
"Gene_3249",16,36,26,15,25,9,22,15,9,24,7,26,29,14,26,31
"Gene_3250",91,92,92,93,79,68,120,109,94,58,88,71,170,72,96,115
"Gene_3251",3392,2616,2426,1892,2158,2296,3037,2309,1936,1676,1754,2352,2141,2029,2417,2500
"Gene_3252",98,49,60,34,37,28,71,38,112,15,53,31,66,27,103,24
"Gene_3253",1853,2457,1967,1774,2554,1730,2258,2146,1913,2939,2457,3173,2235,2171,2204,2463
"Gene_3254",70,69,68,52,110,52,67,57,62,45,72,70,91,61,86,80
"Gene_3255",127,109,117,75,137,156,160,127,213,213,192,195,152,140,278,160
"Gene_3256",9946,7416,8884,6148,9190,8611,7651,7537,10122,10464,10250,10064,11479,9375,9147,7440
"Gene_3257",105,95,81,105,121,74,127,141,113,124,126,105,147,124,74,102
"Gene_3258",13,2,9,0,0,9,3,22,13,1,7,12,3,2,3,9
"Gene_3259",28,9,32,9,21,13,27,13,31,15,36,11,29,24,40,14
"Gene_3260",37,2,28,1,4,1,9,3,7,11,11,5,33,13,8,9
"Gene_3261",165,107,93,71,85,153,121,163,122,106,167,91,116,141,141,138
"Gene_3262",53,30,33,37,34,23,23,62,33,52,31,24,55,31,49,30
"Gene_3263",159,242,245,120,209,170,152,189,152,287,171,214,312,219,223,298
"Gene_3264",2033,2752,1667,2019,1142,1737,1735,2359,1473,1642,2431,1489,2791,1346,3068,1713
"Gene_3265",6,11,13,19,17,10,22,14,23,11,20,18,25,14,14,15
"Gene_3266",14,5,14,25,14,16,19,25,24,10,10,22,14,16,15,24
"Gene_3267",71,84,78,36,85,62,54,73,44,77,55,95,62,71,107,64
"Gene_3268",545,511,361,499,507,486,594,669,619,694,245,647,486,549,664,641
"Gene_3269",241,400,178,337,228,605,202,438,196,398,200,547,116,311,213,407
"Gene_3270",122,69,141,70,146,97,150,118,159,126,72,98,157,154,129,218
"Gene_3271",2488,464,1432,392,2112,514,1182,578,2060,610,2106,393,1511,575,2384,508
"Gene_3272",77,47,51,37,50,43,43,49,58,38,99,42,85,57,84,82
"Gene_3273",2726,19167,3248,16390,2290,18350,2967,22576,2422,26758,2049,17703,2725,18560,4458,17767
"Gene_3274",10,11,5,5,6,8,3,1,14,5,9,5,4,11,1,12
"Gene_3275",188,227,250,264,113,162,193,192,207,163,200,170,126,141,222,218
"Gene_3276",508,463,312,324,561,623,607,564,522,423,628,488,672,459,590,426
"Gene_3277",832,862,732,704,750,767,848,723,789,1524,477,860,987,828,780,1212
"Gene_3278",12,6,29,2,15,5,6,13,7,11,8,25,9,29,6,15
"Gene_3279",25,21,34,28,28,32,21,25,41,23,36,32,20,16,38,28
"Gene_3280",1,24,3,16,7,13,1,21,1,13,11,7,0,2,1,0
"Gene_3281",86,53,32,32,45,116,52,52,90,61,70,94,71,51,60,50
"Gene_3282",24,42,47,19,51,67,32,61,64,68,41,58,24,62,45,35
"Gene_3283",588,696,475,729,452,618,1014,836,696,839,667,778,670,695,623,1202
"Gene_3284",240,218,200,139,199,168,243,200,252,194,279,200,210,225,322,296
"Gene_3285",59,76,48,76,61,64,51,67,68,69,74,49,50,67,77,62
"Gene_3286",1136,1517,1340,1125,725,1652,1446,1408,1246,1806,1221,1410,886,958,1681,2084
"Gene_3287",80,38,64,23,65,17,71,25,48,30,87,27,97,29,128,38
"Gene_3288",981,1281,724,898,1014,837,978,765,1279,744,1287,956,1095,970,631,981
"Gene_3289",326,340,207,415,327,334,309,395,340,421,389,503,290,300,384,416
"Gene_3290",239,240,339,250,292,411,410,373,328,289,335,314,360,432,287,401
"Gene_3291",544,615,413,719,530,895,614,493,407,559,353,582,458,433,773,906
"Gene_3292",24,18,27,23,26,27,18,33,31,42,51,31,42,36,50,29
"Gene_3293",0,7,6,16,6,10,1,6,6,4,11,4,3,5,8,6
"Gene_3294",335,418,415,491,428,451,446,372,421,378,416,375,392,586,488,701
"Gene_3295",10,8,2,6,3,4,14,6,18,9,5,9,12,10,11,4
"Gene_3296",18,13,11,20,22,7,29,40,22,15,45,24,25,26,11,13
"Gene_3297",106,55,47,72,51,52,67,49,67,80,87,59,74,93,75,67
"Gene_3298",246,953,240,1278,262,1439,283,921,266,1114,186,1018,367,1256,443,829
"Gene_3299",269,207,279,319,391,215,340,460,388,230,321,368,262,237,383,388
"Gene_3300",3,64,15,79,17,37,1,100,15,59,12,93,3,66,15,91
"Gene_3301",135,161,125,172,171,210,249,222,194,215,183,153,210,244,170,190
"Gene_3302",3,20,11,5,4,8,8,8,13,2,7,6,16,4,7,12
"Gene_3303",6234,6405,7501,7178,5785,8558,5132,6407,7857,6262,9372,5269,4498,5144,4624,7657
"Gene_3304",29,6,15,24,27,11,21,19,3,23,24,17,3,31,49,14
"Gene_3305",1838,18890,1946,6659,2471,11561,2875,16762,2580,12795,2433,11396,1504,15291,2703,16191
"Gene_3306",48,99,57,46,59,47,53,71,96,83,69,72,24,54,40,63
"Gene_3307",296,351,354,363,372,246,369,325,289,369,326,555,321,507,221,321
"Gene_3308",26,39,33,13,8,23,14,18,30,15,24,31,11,8,10,29
"Gene_3309",157,29,77,26,126,23,122,67,174,54,85,83,119,42,237,40
"Gene_3310",330,47,358,37,405,49,267,30,409,48,235,38,310,37,260,60
"Gene_3311",1535,1355,1305,1528,940,1329,1498,1452,1317,1171,2065,1857,1675,2068,1282,1403
"Gene_3312",26,25,23,47,24,50,43,32,25,22,33,65,36,66,34,26
"Gene_3313",24,6,21,20,6,23,4,6,25,4,8,12,7,6,4,19
"Gene_3314",1,42,3,60,6,79,3,41,14,38,1,30,11,57,19,14
"Gene_3315",100,247,102,273,151,81,153,227,146,196,117,261,129,291,140,320
"Gene_3316",173,133,156,228,161,133,200,206,225,147,135,146,131,171,162,228
"Gene_3317",64,49,62,44,80,22,38,52,53,77,54,90,73,123,51,61
"Gene_3318",74,131,71,155,149,126,116,122,179,130,111,159,167,169,186,150
"Gene_3319",70,67,68,61,43,60,84,55,67,66,78,63,64,59,102,59
"Gene_3320",57,43,55,52,16,29,42,57,29,49,64,85,56,35,80,121
"Gene_3321",4975,7253,5714,7016,4859,7222,6466,5004,6189,5783,6524,5557,6892,8601,5874,6503
"Gene_3322",116,155,126,93,99,186,113,139,150,147,130,127,148,153,114,167
"Gene_3323",1151,1052,1186,930,828,1012,1113,1284,1190,972,836,1079,1255,1079,1294,1106
"Gene_3324",10764,46299,10965,38660,10215,41868,13917,44218,10710,48021,9311,55341,13662,53969,10995,56471
"Gene_3325",8,0,21,3,13,5,10,6,5,1,4,3,9,4,13,1
"Gene_3326",67,106,94,76,78,64,121,76,117,146,112,70,75,122,105,111
"Gene_3327",77,120,92,70,64,116,138,150,86,121,94,79,112,103,121,100
"Gene_3328",737,131,775,129,775,120,849,154,1168,145,934,136,1096,123,979,160
"Gene_3329",36,74,31,108,27,63,26,104,55,59,88,77,80,55,50,36
"Gene_3330",182,181,114,160,108,143,181,247,185,147,145,230,217,202,209,188
"Gene_3331",170,185,69,117,179,151,182,132,149,203,104,232,103,168,167,143
"Gene_3332",259,181,159,226,205,196,236,264,204,389,158,242,272,205,237,263
"Gene_3333",18,44,19,23,38,40,36,83,52,21,18,23,62,33,35,32
"Gene_3334",10325,9268,7684,8764,11685,8208,13088,13210,13236,13271,9416,12142,11601,11781,14981,16131
"Gene_3335",11,33,5,54,13,42,21,48,6,31,14,75,15,65,17,105
"Gene_3336",70,75,53,81,65,45,69,46,22,55,56,58,71,48,82,90
"Gene_3337",143,157,259,233,124,344,185,348,197,164,124,325,202,296,324,328
"Gene_3338",253,172,136,219,172,134,215,250,279,236,217,221,194,276,321,291
"Gene_3339",11,16,6,14,6,10,15,9,5,13,4,8,1,15,15,34
"Gene_3340",49,259,78,171,98,222,129,457,83,453,77,247,77,236,156,392
"Gene_3341",11,1,1,8,6,1,12,5,11,17,0,6,11,10,15,17
"Gene_3342",394,117,701,100,549,124,583,131,461,137,500,154,651,175,522,126
"Gene_3343",23,30,27,12,25,8,4,47,32,36,19,6,15,14,17,33
"Gene_3344",7,28,11,14,29,10,10,12,11,22,28,27,5,9,14,11
"Gene_3345",127,152,68,106,97,98,111,91,135,175,98,96,102,65,160,111
"Gene_3346",6,3,9,11,3,8,16,6,11,2,3,8,22,2,1,6
"Gene_3347",165,131,117,100,163,109,94,108,152,80,116,101,105,117,211,147
"Gene_3348",45,8,29,6,32,4,23,18,54,14,42,6,38,11,85,9
"Gene_3349",28,19,23,35,37,23,54,26,24,20,24,23,49,23,33,35
"Gene_3350",10,14,7,0,14,6,36,6,4,6,6,4,5,5,11,13
"Gene_3351",4,5,9,8,20,3,1,12,6,11,1,11,1,18,18,12
"Gene_3352",863,746,780,699,721,964,965,1031,911,912,858,906,782,715,842,992
"Gene_3353",2656,2188,1922,1789,1514,3102,2615,2966,3393,3558,2691,2735,2267,2674,2730,3142
"Gene_3354",1173,6384,823,5631,1135,6707,1032,8305,1061,5197,899,7068,1022,6966,1352,8006
"Gene_3355",83,197,85,202,86,135,85,176,113,161,82,259,97,144,97,225
"Gene_3356",105,200,143,199,144,134,200,186,110,136,172,148,108,97,169,139
"Gene_3357",208,101,269,185,196,175,183,191,171,228,241,259,176,193,262,180
"Gene_3358",51,19,72,18,52,10,65,20,65,11,45,13,36,8,53,15
"Gene_3359",191,144,266,198,275,165,268,230,253,213,302,195,170,270,302,162
"Gene_3360",467,231,601,132,501,160,543,170,541,275,508,189,603,249,482,178
"Gene_3361",589,648,391,470,423,462,511,573,751,501,581,742,662,664,783,818
"Gene_3362",816,797,572,903,1085,803,1248,983,931,1096,919,1250,992,566,918,688
"Gene_3363",60,25,71,34,27,39,40,86,53,46,42,22,26,31,65,58
"Gene_3364",150,662,200,392,212,571,143,546,158,474,175,665,133,686,293,682
"Gene_3365",94,66,107,60,48,103,249,73,60,126,95,90,73,34,131,91
"Gene_3366",4,21,2,14,6,10,25,4,11,1,5,11,11,18,10,5
"Gene_3367",19,6,20,6,21,4,13,13,15,37,27,17,10,12,21,38
"Gene_3368",69,65,63,63,41,61,48,60,48,56,80,74,73,55,81,138
"Gene_3369",234,35,111,16,187,15,213,44,154,29,149,16,154,29,126,35
"Gene_3370",916,1011,758,728,1006,846,943,931,1157,883,986,859,832,820,1067,954
"Gene_3371",447,474,528,218,503,362,460,391,440,607,468,475,330,571,578,484
"Gene_3372",11,47,8,10,9,65,6,54,11,106,11,30,3,18,5,30
"Gene_3373",202,279,223,280,240,220,332,288,332,214,262,332,311,379,259,380
"Gene_3374",26,4,7,9,7,4,9,16,32,22,20,9,25,4,7,12
"Gene_3375",537,719,542,469,397,453,343,587,555,635,637,468,559,500,526,510
"Gene_3376",26,146,19,109,22,97,18,112,21,118,21,103,35,76,30,126
"Gene_3377",12,14,27,15,11,27,10,14,4,18,17,5,8,17,6,17
"Gene_3378",119,78,69,142,105,196,87,102,112,133,135,120,119,65,97,134
"Gene_3379",21,14,24,15,20,13,26,46,25,28,12,16,38,24,16,10
"Gene_3380",760,181,859,245,589,221,567,248,718,247,603,226,811,170,833,252
"Gene_3381",28,25,19,12,15,21,14,9,5,9,33,56,9,61,16,28
"Gene_3382",276,142,141,150,300,193,362,268,201,193,358,219,274,225,295,282
"Gene_3383",643,671,446,576,639,733,912,843,720,564,780,634,651,827,718,731
"Gene_3384",91,2,63,8,80,1,46,6,58,6,66,5,55,10,45,9
"Gene_3385",209,228,239,114,155,251,399,304,238,331,245,264,227,186,221,216
"Gene_3386",37,29,32,27,25,35,66,66,22,33,55,29,35,28,32,44
"Gene_3387",9,15,10,24,9,6,1,19,7,1,4,17,3,7,8,18
"Gene_3388",4,14,8,9,3,14,15,7,8,44,5,7,0,5,4,3
"Gene_3389",38,20,8,50,15,36,21,19,13,13,19,21,17,22,4,23
"Gene_3390",204,68,180,81,193,44,199,53,237,80,182,67,252,105,264,80
"Gene_3391",94,162,104,74,98,72,143,150,128,130,120,156,159,93,84,139
"Gene_3392",10,10,19,18,6,5,6,18,27,13,13,18,34,37,19,19
"Gene_3393",92,160,118,85,75,75,72,137,92,47,126,120,116,105,214,94
"Gene_3394",11,5,8,5,3,17,10,5,6,1,7,16,5,2,10,43
"Gene_3395",450,335,367,639,360,440,387,475,549,417,557,475,330,549,692,582
"Gene_3396",13,45,13,17,17,39,11,26,16,28,15,20,51,26,18,21
"Gene_3397",77,105,72,87,103,77,92,115,98,92,73,75,49,142,153,144
"Gene_3398",177,258,297,222,219,220,185,208,174,358,220,108,194,247,291,378
"Gene_3399",29,69,34,45,15,19,28,20,47,70,33,102,17,74,42,42
"Gene_3400",1365,1632,1320,1732,1248,1277,1465,1710,1573,2030,1608,1967,2192,1333,1877,1315
"Gene_3401",162,147,128,128,140,291,177,228,205,208,195,264,207,317,194,191
"Gene_3402",254,175,167,264,178,276,212,290,174,266,226,287,211,190,214,335
"Gene_3403",505,522,516,391,480,412,552,397,575,625,374,339,448,432,544,625
"Gene_3404",672,614,429,465,572,259,668,513,613,392,430,526,690,436,462,532
"Gene_3405",274,303,268,249,282,273,288,255,232,346,304,370,374,273,382,252
"Gene_3406",7699,1716,6933,1100,6658,1725,8152,1647,9464,1585,7602,1584,8892,1960,8351,1740
"Gene_3407",32,110,41,72,24,176,37,118,54,83,27,134,51,202,65,77
"Gene_3408",2182,7538,1808,14640,1380,12336,1423,10960,1690,15244,1582,11464,1456,10157,2075,13474
"Gene_3409",7,11,11,4,18,7,12,8,7,11,22,3,2,10,1,8
"Gene_3410",22,58,29,36,38,111,27,229,33,178,48,125,34,134,29,185
"Gene_3411",46,41,50,55,45,26,23,58,60,48,28,83,26,29,44,45
"Gene_3412",29,8,35,4,22,6,35,9,29,4,20,6,20,10,32,6
"Gene_3413",136,119,143,97,123,154,127,186,142,158,92,71,142,142,156,189
"Gene_3414",272,343,291,354,337,453,267,515,275,216,400,280,396,306,366,377
"Gene_3415",17,31,42,13,13,24,47,6,20,20,23,16,29,20,20,19
"Gene_3416",292,173,170,149,100,162,185,224,311,171,207,214,145,225,215,180
"Gene_3417",218,250,312,260,268,212,323,344,309,348,295,233,309,331,448,323
"Gene_3418",128,132,112,149,85,83,125,93,118,85,64,91,131,80,118,125
"Gene_3419",38,34,12,29,24,17,21,16,18,8,16,20,43,26,24,34
"Gene_3420",9,8,7,9,28,16,18,19,11,9,12,14,9,10,28,14
"Gene_3421",26,21,17,17,12,16,14,20,20,8,17,35,31,20,19,34
"Gene_3422",292,196,223,200,210,218,260,307,397,211,340,194,297,302,413,368
"Gene_3423",2558,2427,2704,2694,2959,2743,3595,2830,2928,2466,3645,2752,2089,3063,2936,2724
"Gene_3424",15,197,30,249,30,240,19,282,39,252,32,301,33,301,42,400
"Gene_3425",1364,1162,1517,1516,2067,1372,1501,1572,1491,1193,1644,1315,1753,1213,1789,982
"Gene_3426",31,17,25,26,15,12,14,38,5,21,17,9,5,14,17,47
"Gene_3427",48,29,31,38,27,19,30,19,27,30,73,18,29,21,65,32
"Gene_3428",78,181,92,182,51,148,89,157,62,182,92,191,96,175,166,248
"Gene_3429",32,17,25,6,28,25,65,37,49,32,37,18,37,20,57,37
"Gene_3430",66,79,101,161,131,130,127,235,95,160,103,145,133,160,165,85
"Gene_3431",521,533,361,356,469,606,613,719,581,577,324,464,597,428,428,627
"Gene_3432",827,626,752,651,867,681,882,578,741,543,692,625,737,552,523,720
"Gene_3433",379,400,486,504,327,340,393,532,365,454,562,250,318,483,381,525
"Gene_3434",7,4,6,10,26,4,32,0,2,13,16,0,13,34,16,7
"Gene_3435",22,46,13,32,35,22,16,34,26,28,31,27,38,32,39,40
"Gene_3436",46,45,58,52,41,41,74,39,48,78,38,34,84,57,68,74
"Gene_3437",348,2917,359,2140,354,2621,515,2771,330,3097,287,2405,323,3032,440,2410
"Gene_3438",11,22,12,15,4,8,5,22,8,32,9,16,13,16,17,47
"Gene_3439",32,27,36,13,20,30,72,29,40,54,19,37,37,42,56,11
"Gene_3440",190,308,364,509,389,322,491,591,435,363,398,330,335,363,497,423
"Gene_3441",566,469,558,515,505,560,706,509,775,699,548,653,635,458,715,682
"Gene_3442",140,153,132,179,207,272,208,137,222,136,264,245,218,137,259,258
"Gene_3443",1847,2287,1690,1974,2934,2336,2727,1902,2410,2509,2260,2194,2287,2597,3109,2287
"Gene_3444",3,3,14,17,8,8,10,16,9,2,19,8,8,6,23,15
"Gene_3445",122,138,136,156,98,195,203,128,206,107,183,164,200,106,192,107
"Gene_3446",111,122,105,77,100,112,130,93,95,101,116,133,86,107,95,142
"Gene_3447",50,76,13,20,44,50,32,35,13,27,17,60,17,14,12,48
"Gene_3448",63,58,32,25,23,37,81,47,27,55,29,12,23,38,39,40
"Gene_3449",102,203,184,83,149,109,170,131,239,187,184,104,190,140,189,109
"Gene_3450",922,944,940,1038,956,864,1105,857,1004,716,1123,816,891,593,1182,1043
"Gene_3451",136,1743,137,938,131,1233,193,1723,142,1653,172,1079,182,1169,140,1731
"Gene_3452",295,331,355,297,301,295,529,348,312,333,319,257,361,299,304,310
"Gene_3453",21,68,5,61,18,41,9,55,19,36,20,94,3,40,18,30
"Gene_3454",47,58,37,31,44,46,54,45,87,76,69,32,48,56,42,48
"Gene_3455",89,92,62,98,74,93,175,145,112,92,110,75,100,72,121,92
"Gene_3456",100,114,103,152,195,146,190,155,228,146,147,160,134,246,141,224
"Gene_3457",226,1794,171,1767,304,1784,240,1500,290,1436,306,2638,255,1697,346,2442
"Gene_3458",77,41,28,34,64,85,83,47,78,82,112,54,106,59,87,76
"Gene_3459",547,444,393,380,282,545,665,480,420,334,343,567,320,308,544,340
"Gene_3460",134,197,255,136,190,145,233,197,188,164,194,147,146,193,198,147
"Gene_3461",8,17,5,6,12,9,6,7,5,38,9,7,5,19,7,14
"Gene_3462",215,222,234,204,191,223,288,209,195,128,199,180,185,282,199,172
"Gene_3463",7,7,11,4,3,5,7,20,15,9,7,12,11,5,5,16
"Gene_3464",27,14,65,60,25,34,32,26,16,34,18,44,48,17,28,46
"Gene_3465",164,165,190,163,98,161,111,199,150,325,179,194,241,258,206,130
"Gene_3466",18,2,2,17,14,5,7,13,4,9,5,12,5,22,15,15
"Gene_3467",60,9,77,15,114,12,81,17,116,14,85,21,125,15,91,14
"Gene_3468",151,75,123,54,55,77,97,116,101,84,104,58,62,121,94,96
"Gene_3469",80,81,87,91,74,63,122,72,41,48,149,61,85,109,77,62
"Gene_3470",14,1,9,6,17,3,33,2,17,3,33,3,22,4,9,2
"Gene_3471",269,233,298,250,337,243,313,322,378,227,302,299,297,382,444,380
"Gene_3472",322,363,312,350,285,413,382,355,400,402,375,218,268,431,214,466
"Gene_3473",57,51,48,71,27,53,82,110,44,71,54,60,72,109,48,42
"Gene_3474",138,163,263,211,241,211,252,249,174,188,189,240,205,259,250,272
"Gene_3475",19,27,32,5,19,26,24,15,12,27,13,17,30,40,44,23
"Gene_3476",91,128,66,95,110,72,153,58,119,90,116,236,81,133,94,142
"Gene_3477",407,372,305,372,423,425,412,411,321,460,451,406,406,558,600,492
"Gene_3478",197,208,137,199,70,104,217,136,159,186,195,151,135,180,184,227
"Gene_3479",134,125,84,118,142,202,150,144,94,205,87,274,146,167,174,201
"Gene_3480",1371,1070,1324,1245,1341,745,1285,1293,862,1541,873,1100,1425,913,1070,816
"Gene_3481",59,87,17,58,23,91,26,43,34,58,24,72,10,50,47,35
"Gene_3482",478,490,363,404,436,445,374,422,362,653,390,374,451,308,578,653
"Gene_3483",171,140,131,85,131,192,199,159,175,135,114,156,194,160,198,166
"Gene_3484",14,5,33,0,43,0,34,6,3,6,27,10,37,4,34,3
"Gene_3485",192,19,96,20,76,41,99,32,131,17,99,21,99,29,61,27
"Gene_3486",55,52,34,42,39,80,43,52,52,60,59,32,62,62,45,64
"Gene_3487",431,365,273,298,300,325,288,345,391,423,411,444,206,329,297,548
"Gene_3488",182,299,152,223,280,238,186,265,235,304,212,235,228,223,293,299
"Gene_3489",14,0,13,0,2,1,10,1,0,2,5,0,14,2,12,1
"Gene_3490",1902,21702,2166,14879,2373,15427,2067,11829,2057,19700,1858,13384,2496,20282,2414,21557
"Gene_3491",4,11,5,7,9,3,7,6,10,10,11,4,5,14,16,1
"Gene_3492",250,623,261,415,403,540,334,402,205,669,499,374,392,363,443,567
"Gene_3493",26,20,43,24,33,18,83,58,23,27,12,27,29,31,22,36
"Gene_3494",621,204,743,206,508,217,638,216,644,258,698,231,686,201,614,204
"Gene_3495",186,215,214,124,242,233,175,249,270,203,268,183,236,225,247,327
"Gene_3496",1513,819,807,994,1219,1025,1393,1185,1585,1482,1293,924,1535,1351,1636,1006
"Gene_3497",74,66,53,60,79,81,84,60,147,64,79,52,41,47,127,87
"Gene_3498",0,7,6,13,3,3,8,13,5,8,3,3,0,2,12,7
"Gene_3499",120,127,76,331,64,210,70,251,102,215,86,310,43,196,88,296
"Gene_3500",102,91,115,78,136,125,104,176,136,125,127,135,154,137,127,194
