"WellName","FieldIndex","ObjectNumber","(nucleus) MeanIntensity CH1","(nucleus) Area"
"C3",1,1,2348.30864721924,148.491125525836
"C3",1,2,2873.26589773107,237.935415707456
"C3",1,3,3459.5777146652,163.525419571229
"C3",1,4,2714.7157765113,166.464386758047
"C3",1,5,1581.76524873854,245.753249344164
"C3",1,6,3863.18811502116,183.04581029946
"C3",1,7,2577.89179128161,96.7469382696733
"C3",1,8,2769.82979692379,125.657357405324
"C3",1,9,4327.9254567534,137.716901495002
"C3",1,10,2619.39130279595,221.204089871973
"C3",1,11,3834.29865514197,177.990691352868
"C3",1,12,2254.48784088592,180.038572529703
"C3",1,13,2934.09319769452,165.534135797256
"C3",1,14,3144.83298564764,132.207943262296
"C3",1,15,2323.51143168173,249.345656840154
"C3",1,16,2723.93880131832,184.892523911462
"C3",1,17,3178.36883530376,61.6691421685181
"C3",1,18,3703.02197655045,195.067795078184
"C3",1,19,1962.09009243117,136.360429613603
"C3",1,20,2937.68432059155,106.608814700658
"C3",1,21,3767.30482890911,149.101254267085
"C3",1,22,2795.89313001681,108.699777584638
"C3",1,23,3370.46894125471,123.555438535443
"C3",1,24,3569.17142754832,128.748036607537
"C3",1,25,3400.87626149876,75.6653344628793
"C3",1,26,3689.94325960354,201.889352224726
"C3",1,27,3107.96850426696,167.668655891826
"C3",1,28,2889.74261480591,103.093153149403
"C3",1,29,1217.63828597827,222.690746053496
"C3",1,30,3130.2942361404,181.323211073841
"C3",1,31,3522.71352226999,145.246425850386
"C3",1,32,3601.54913065111,204.756283052251
"C3",1,33,2783.54123651506,203.906674376652
"C3",1,34,4534.62718233136,201.079054081874
"C3",1,35,3414.81831472162,194.432012705005
"C3",1,36,3294.73689384416,187.695882676879
"C3",1,37,4154.20008460139,156.904414471164
"C3",1,38,2661.15033401056,144.701866813004
"C3",1,39,2862.24603205647,140.976449949381
"C3",1,40,4998.08936003732,125.264651053974
"C3",1,41,3208.34689041567,149.60413609902
"C3",1,42,4425.17631605623,96.7301824215868
"C3",1,43,2121.12001631411,268.447798266926
"C3",1,44,3057.11239846782,220.39809991525
"C3",1,45,3483.81792772762,103.844570839833
"C3",1,46,3425.02890890435,139.855758235046
"C3",1,47,2445.77280536687,136.667232318839
"C3",1,48,3214.44445596903,198.998255916816
"C3",1,49,2391.93451016601,155.831546676409
"C3",1,50,3734.52749393321,172.665925699738
"C3",1,51,4013.58131739548,158.572662232565
"C3",1,52,1531.25922763444,157.856477135434
"C3",1,53,4126.77009672511,228.430114200723
"C3",1,54,2269.21662739363,148.711450717037
"C3",1,55,3541.07695173697,235.823530221477
"C3",1,56,3694.92697860696,82.5623597884889
"C3",1,57,3050.08262892393,189.230687481803
"C3",1,58,2716.16453235516,166.192712192231
"C3",1,59,3323.99076593154,170.797078437199
"C3",1,60,3529.11402553584,178.981974137994
"C3",1,61,3862.47711496153,134.883827344535
"C3",1,62,1660.74726207354,143.339630816529
"C3",1,63,1972.71554895573,109.071230844646
"C3",1,64,4272.80175589114,106.410438676221
"C3",1,65,3984.97163533366,175.176432070213
"C3",1,66,3526.46671168076,182.410488931471
"C3",1,67,3736.3838053333,162.650211336525
"C3",1,68,3887.88118823075,206.113373393987
"C3",1,69,1204.30790115074,262.504234281357
"C3",1,70,4032.70782247911,135.448441697173
"C3",1,71,2836.25930257826,44.5415562179594
"C3",1,72,3372.9626229734,210.286926223113
"C3",1,73,2978.63164933732,124.53996187088
"C3",1,74,3853.97371555906,125.599569176632
"C3",1,75,2938.64566328329,211.278568484835
"C3",1,76,3588.87782441619,145.76134964745
"C3",1,77,2906.98626602077,98.9641143872732
"C3",1,78,2380.40959317387,169.065173987458
"C3",1,79,4107.5078828302,153.055431878048
"C3",1,80,3755.67500845571,160.288209294994
"C3",1,81,4493.19667936734,179.264020056317
"C3",1,82,3248.86544943448,141.46699841038
"C3",1,83,4043.75205937113,192.218827425942
"C3",1,84,4681.56429051431,148.975671909062
"C3",1,85,2988.88841372078,176.589098195785
"C3",1,86,2207.78666543359,214.841950657467
"C3",1,87,3020.48632464641,181.75907454169
"C3",1,88,3039.46907001096,143.703420723439
"C3",1,89,3313.76037838199,217.440380922555
"C3",1,90,4484.22873298946,209.675192798106
"C3",1,91,2955.39208062099,187.419847975404
"C3",1,92,3479.75349185369,171.936586755572
"C3",1,93,3029.23695132835,128.604696198031
"C3",1,94,3215.33803139377,228.0326224265
"C3",1,95,3435.5432476297,129.987020642644
"C3",1,96,4196.16102202774,269.366649650829
"C3",1,97,3290.98878311808,236.630531309259
"C3",1,98,3734.63174002334,148.214982044976
"C3",1,99,3784.14502233765,108.678954984661
"C3",1,100,3886.07995314173,124.479671815035
"C3",1,101,2769.20408586171,172.844185457826
"C3",1,102,4420.16091064601,147.665406076881
"C3",1,103,2914.28244552949,142.622870030113
"C3",1,104,3120.66187426269,112.419071636749
"C3",1,105,4253.03770078563,157.748613759554
"C3",1,106,4170.56292960918,120.754776527146
"C3",1,107,2382.50609569157,76.6029031705932
"C3",1,108,2545.1967496869,140.988673985612
"C3",1,109,2181.44070547204,205.949830453038
"C3",1,110,3336.38539446487,131.23265186958
"C3",1,111,3323.63065093885,190.398216111252
"C3",1,112,3473.0860155163,79.1058645855418
"C3",1,113,3614.11828566392,157.221901723773
"C3",1,114,2748.58036551124,185.970360197173
"C3",1,115,2454.72605667596,175.057668108336
"C3",1,116,3970.08879205618,165.283809707447
"C3",1,117,3763.29597695474,127.964699584731
"C3",1,118,2068.12509700347,117.514782698321
"C3",1,119,3128.63941186304,108.793560469754
"C3",1,120,2528.03913293263,165.882329855006
"C3",1,121,1646.93669709353,112.62626929076
"C3",1,122,3312.59009839111,135.472127814967
"C3",1,123,3140.59121805606,147.195390390088
"C3",1,124,3126.97304936519,252.19310026161
"C3",1,125,3362.11440635092,127.402504915227
"C3",1,126,3861.84887329744,171.769328614243
"C3",1,127,3354.19812836254,163.898042478186
"C3",1,128,2737.67311784485,111.907168293494
"C3",1,129,2648.90056105904,156.43459569382
"C3",1,130,3101.14790521911,232.227542921167
"C3",1,131,3432.51273993421,182.575202653961
"C3",1,132,2420.23973547347,162.061646099647
"C3",1,133,3061.76834836821,138.875158383019
"C3",1,134,3925.45044512594,57.3376389229742
"C3",1,135,3118.78993157414,216.566860670709
"C3",1,136,2676.18449930421,86.9679964537589
"C3",1,137,2993.04112368084,196.997375543867
"C3",1,138,4035.98640902149,255.455178460874
"C3",1,139,3612.5329709106,87.80534195141
"C3",1,140,4127.5068500612,195.089216768736
"C3",1,141,3304.32339287133,146.890125529877
"C3",1,142,3507.70632236782,81.3927920427256
"C3",1,143,2781.1573157389,84.2666173109124
"C3",1,144,3654.02800169775,79.9231913212703
"C3",1,145,2820.24984335807,133.454673891485
"C3",1,146,2134.57587147819,86.912220750205
"C3",1,147,3295.99472426309,194.395838648791
"C3",1,148,4659.38841329858,265.005447026284
"C3",1,149,3800.6857546798,95.6484761982411
"C3",1,150,4073.9400424597,199.386942373759
"C3",1,151,3469.14179231986,198.452112050045
"C3",1,152,2743.58211626283,176.610128947506
"C3",1,153,3048.31935866729,109.58116958615
"C3",1,154,2995.06391989106,154.027369668467
"C3",1,155,2848.47516516343,145.980233241488
"C3",1,156,3728.12546294729,188.149476661024
"C3",1,157,2301.97737322594,141.378062194809
"C3",1,158,3849.77459908458,208.848669334281
"C3",1,159,3848.11436466942,141.270957111649
"C3",1,160,2301.03323069844,212.635573278967
"C3",1,161,3679.6189984254,107.541149666697
"C3",1,162,5022.66998925838,96.9922377620944
"C3",1,163,2782.08838854379,322.05199674712
"C3",1,164,3833.67818105605,139.157120591978
"C3",1,165,2613.34861578545,174.911379577036
"C3",1,166,4033.0335636521,191.828483701692
"C3",1,167,3387.36853994492,135.810968714563
"C3",1,168,4438.93654371737,185.84310221568
"C3",1,169,2105.77195359731,178.448226369254
"C3",1,170,3161.52658540598,149.230974617915
"C3",1,171,2804.8061179058,163.264651676266
"C3",1,172,3052.05134819278,158.296637313077
"C3",1,173,2727.8159429855,266.422594950809
"C3",1,174,2574.61731459875,122.933195186359
"C3",1,175,3634.04178096234,105.200186646267
"C3",1,176,2384.3144644423,161.889419958554
"C3",1,177,4313.02319866721,175.524037472157
"C3",1,178,2310.34506101469,181.826173945509
"C3",1,179,3275.80936354646,137.081733364445
"C3",1,180,3599.74196511986,106.83369330144
"C3",1,181,3640.05150431947,223.159258804475
"C3",1,182,2973.69000210021,142.517480602322
"C3",1,183,3259.6264964963,116.724356867331
"C3",1,184,3920.94811385726,148.186021552945
"C3",1,185,2107.65056219268,150.141205282572
"C3",1,186,2613.69521635094,215.496014485682
"C3",1,187,3440.30173573746,164.23686460986
"C3",1,188,2866.41351624726,197.702689259226
"C3",1,189,4227.50299547825,135.035399141387
"C3",1,190,3704.94039751613,170.72226547908
"C3",1,191,3254.12506431107,143.765704425458
"C3",1,192,2069.18201184749,164.729176408679
"C3",1,193,3219.57516899468,115.231832101123
"C3",1,194,2962.68809885226,94.4599233336014
"C3",1,195,3123.24011485955,259.860669237398
"C3",1,196,2313.83057970824,190.035441183621
"C3",1,197,3573.99353287244,97.4364319187528
"C3",1,198,2420.78266976973,129.441704165979
"C3",1,199,3030.33351391819,100.725995770134
"C3",1,200,3486.06937208851,269.940517444186
"C3",1,201,2612.36315824021,225.620648821676
"C3",1,202,3637.24355426005,146.742747165182
"C3",1,203,2212.61719876123,187.159702961604
"C3",1,204,1092.66899077959,139.283002604057
"C3",1,205,3548.72599308939,136.187655269221
"C3",1,206,3830.40487022075,120.569858107488
"C3",1,207,2985.61593230646,130.269136627024
"C3",1,208,3578.09469094371,242.545373366834
"C3",1,209,2333.06260618725,157.298593745728
"C3",1,210,3104.63854488075,165.962261821379
"C3",1,211,1743.86121796954,172.184371479955
"C3",1,212,4085.88566857889,221.623793924267
"C3",1,213,4594.93314615737,134.196808452761
"C3",1,214,4005.50919521149,110.374642480398
"C3",1,215,3179.48977518969,243.784846620159
"C3",1,216,3175.00224329306,137.941839154736
"C3",1,217,2062.94928263668,123.846701503006
"C3",1,218,3792.78900791617,98.1863440558353
"C3",1,219,3041.94936448117,95.7642138841102
"C3",1,220,2707.44280597919,131.301326035101
"C3",1,221,2140.98065550627,190.899290858326
"C3",1,222,2975.1781275153,215.492406946486
"C3",1,223,2563.20414873747,195.379417691779
"C3",1,224,2902.22710975412,141.817135145237
"C3",1,225,2286.8000091773,162.98749686923
"C3",1,226,4465.69211220927,124.770176815997
"C3",1,227,3187.99810459402,124.139091921299
"C3",1,228,4006.20880795429,204.232524948846
"C3",1,229,1248.72524730676,109.220371069823
"C3",1,230,2860.10162750387,257.764698274623
"C3",1,231,2693.38828130595,155.484020301707
"C3",1,232,2282.80536547556,170.726941331461
"C3",1,233,4359.95686566807,123.073614763021
"C3",1,234,2138.53856017288,131.280565511837
"C3",1,235,3438.79269530602,94.1491933847379
"C3",1,236,3834.82721418477,150.853730581364
"C3",1,237,3333.64264131352,180.949120246223
"C3",1,238,2543.55839187836,176.215217208069
"C3",1,239,3905.87435504313,120.923175647262
"C3",1,240,3327.94106138063,120.5689014573
"C3",1,241,2402.37657021347,134.890064082857
"C3",1,242,2158.96321429845,234.803033492318
"C3",1,243,4765.03807586986,103.134818966713
"C3",1,244,2691.12264093617,151.04742028099
"C3",1,245,1808.32125956147,255.118091083946
"C3",1,246,3599.94452206524,154.95125573356
"C3",1,247,3432.67269204567,92.0079648089303
"C3",1,248,2184.62424820805,126.761528236297
"C3",1,249,1742.78268981354,184.272998945244
"C3",1,250,3112.77311213105,141.219856416511
"C3",1,251,4054.54721878207,131.906181822511
"C3",1,252,3677.09302638661,142.804138293577
"C3",1,253,2830.29693187852,164.524832356961
"C3",1,254,2574.35882631172,239.925438557291
"C3",1,255,3403.30006756291,155.571744393056
"C3",1,256,3318.01501041212,214.039974807576
"C3",1,257,3672.28381001955,191.537705782528
"C3",1,258,2903.15153728333,154.318005224693
"C3",1,259,3874.51553990232,83.3548998554701
"C3",1,260,2576.89135449781,133.944134122374
"C3",1,261,2952.09147491003,135.506477343076
"C3",1,262,3755.61089279443,162.357721638076
"C3",1,263,3942.47870647033,225.009933883341
"C3",1,264,1746.12147390997,274.653948691555
"C3",1,265,3280.39280526211,237.379052949188
"C3",1,266,3656.58425880097,153.342451783553
"C3",1,267,2111.88176488203,72.1736302221181
"C3",1,268,3560.46919990641,140.561006796413
"C3",1,269,2578.8692972024,164.460361153665
"C3",1,270,3965.18975912332,202.250650203372
"C3",1,271,3603.86152407698,208.126398424214
"C3",1,272,3776.78922124671,194.215471470823
"C3",1,273,3290.53949696528,90.2362825100266
"C3",1,274,3847.73632561832,202.482152281668
"C3",1,275,4235.3858962359,137.672139178639
"C3",1,276,4674.68601159173,168.740135008063
"C3",1,277,3178.7037089382,163.727558858687
"C3",1,278,1513.2116822507,181.408338248525
"C3",1,279,3223.64450344549,161.233749141307
"C3",1,280,3354.17090633748,76.6262451207169
"C3",1,281,3083.4909896417,196.824798238672
"C3",1,282,3626.21646558281,179.301328417484
"C3",1,283,3958.0084733857,146.717418736089
"C3",1,284,2811.51317737413,165.907225552334
"C3",1,285,2979.42850463292,166.701932268423
"C3",1,286,3498.38165660025,171.05097342805
"C3",1,287,2787.33219388315,242.042308298874
"C3",1,288,3268.45053761618,149.047481053326
"C3",1,289,1728.71930083602,168.403269194233
"C3",1,290,2360.07520895178,218.419193653455
"C3",1,291,2204.18339329691,212.709051168846
"C3",1,292,2559.78222745457,217.263155519018
"C3",1,293,2680.021604052,131.126599947022
"C3",1,294,3486.72885690978,260.124136514641
"C3",1,295,3936.58475189198,163.335043546509
"C3",1,296,2654.46235318435,253.342592235343
"C3",1,297,2452.3707632165,92.4548656984644
"C3",1,298,2418.73335575787,161.049179317712
"C3",1,299,2889.05845522724,222.495728548461
"C3",1,300,3020.72819888558,124.23789063886
"C3",1,301,3562.7131503787,122.365551589113
"C3",1,302,2959.00636837371,113.073064819655
"C3",1,303,1641.13304835498,107.374336033063
"C3",1,304,3131.4242933374,138.14202334098
"C3",1,305,4090.39010798867,176.558958647949
"C3",1,306,4093.70095138274,59.289475103964
"C3",1,307,2608.27758641658,170.599021668615
"C3",1,308,2039.16759227182,221.833752320829
"C3",1,309,5043.54536889896,261.878700912022
"C3",1,310,3078.18354314044,225.058799610029
"C3",1,311,3126.91156242079,197.838738189798
"C3",1,312,3515.43064152361,73.6634800442835
"C3",1,313,1989.47040753566,129.924664599661
"C3",1,314,2653.83566660653,142.397677170869
"C3",1,315,2044.66819603249,195.176195137845
"C3",1,316,2680.17903949205,154.716433299811
"C3",1,317,3289.13707475342,97.0675685969914
"C3",1,318,2176.46790650982,244.221785404706
"C3",1,319,3642.48700952548,205.569564589798
"C3",1,320,3417.008021613,171.871513624551
"C3",1,321,2521.83873078452,220.905430516291
"C3",1,322,3369.7437067858,93.0612856382514
"C3",1,323,3761.06087187038,193.04101488949
"C3",1,324,3995.82143994631,133.854381184329
"C3",1,325,3040.3637910151,194.187276092536
"C3",1,326,3129.77240456672,156.958902266996
"C3",1,327,3134.96439876356,191.648035651573
"C3",1,328,4281.09631704128,226.77588075297
"C3",1,329,4043.8039192085,160.364504515845
"C3",1,330,3825.80117581778,210.877931847605
"C3",1,331,2984.49440011948,100.578298242601
"C3",1,332,3479.9310756248,123.919777978199
"C3",1,333,3502.46774841552,235.960885569409
"C3",1,334,2418.74502928301,178.869398651196
"C3",1,335,1903.77161350944,57.3888589783135
"C3",1,336,3681.37252073871,91.7981273958812
"C3",1,337,2053.01710161468,149.960949220544
"C3",1,338,3201.26276636316,203.288970216724
"C3",1,339,3387.68586601125,154.905837214239
"C3",1,340,3622.90054272941,191.209373601033
"C3",1,341,3342.06967813611,207.950268889391
"C3",1,342,2650.35964527716,243.552741443147
"C3",1,343,3939.7743949216,162.800836663748
"C3",1,344,4503.97532517968,157.400904690955
"C3",1,345,3860.88410669408,72.3381320428865
"C3",1,346,1742.26182400702,164.966379704391
"C3",1,347,4249.68213905221,131.407497105222
"C3",1,348,3157.9580403603,111.299520859795
"C3",1,349,3593.68570948947,151.004688447623
"C3",1,350,3666.5249269033,210.747158637183
"C3",1,351,3127.48544509497,60.3625755655709
"C3",1,352,3143.55260176346,138.636035639729
"C3",1,353,3964.36780199817,165.831864179135
"C3",1,354,3733.70144186468,115.339621497252
"C3",1,355,3942.69668453317,176.695147124961
"C3",1,356,4987.19502142275,180.571496030787
"C3",1,357,3698.31189777057,158.3481920362
"C3",1,358,3355.53586803898,36.7050903119986
"C3",1,359,1542.02516706828,288.572907293332
"C3",1,360,5218.78550243459,149.73503712659
"C3",1,361,2837.99238365277,192.559664079384
"C3",1,362,4981.05103632155,173.688324551827
"C3",1,363,3480.98267600374,211.233661740918
"C3",1,364,4353.8226491726,200.882972318704
"C3",1,365,3117.71725911782,149.510341438575
"C3",1,366,3583.60306602359,178.908388610425
"C3",1,367,3360.4684847317,112.729558443805
"C3",1,368,3060.40947546988,202.846150544966
"C3",1,369,3109.70463153313,136.948083055782
"C3",1,370,3959.62575188319,280.838667689411
"C3",1,371,3048.90638977137,77.4475552155906
"C3",1,372,1671.7381291694,136.800637851699
"C3",1,373,3053.08306337763,201.268993137962
"C3",1,374,3604.84295415221,185.506627343933
"C3",1,375,3662.34178726358,130.52594807425
"C3",1,376,3662.42586310808,110.160962889624
"C3",1,377,1930.92385934819,167.223785235535
"C3",1,378,3476.5565435084,159.284629341654
"C3",1,379,3925.8944074603,70.485938136797
"C3",1,380,4157.43401110074,161.727553356693
"C3",1,381,3031.27904671691,169.511515784623
"C3",1,382,2958.5805603629,168.736319849092
"C3",1,383,4315.87837390853,107.249147869866
"C3",1,384,1949.05396566551,183.806663915131
"C3",1,385,2872.37751731516,228.928506847962
"C3",1,386,3543.09655951809,182.811820158991
"C4",1,1,3746.95822565724,185.513662556972
"C4",1,2,4033.53530526852,143.343954938803
"C4",1,3,3409.37061270472,156.701952682377
"C4",1,4,3142.87199633962,154.238914528903
"C4",1,5,4245.99734915643,127.474369061274
"C4",1,6,3323.40058820419,59.0655670458791
"C4",1,7,4383.38898409511,177.44174850883
"C4",1,8,3153.55800678534,198.081975382343
"C4",1,9,3660.44222314526,95.5641882324937
"C4",1,10,2040.43355431607,234.12013592293
"C4",1,11,3115.70602899694,179.257741184362
"C4",1,12,3183.65409502934,227.082014749694
"C4",1,13,2631.24093693759,112.141476437886
"C4",1,14,2423.08033668328,168.339064417713
"C4",1,15,3911.11947691386,154.99930205306
"C4",1,16,3885.61905044579,198.425371594089
"C4",1,17,2225.95100386516,131.207021604365
"C4",1,18,3518.28409620076,159.495116402377
"C4",1,19,2365.59101003369,71.0670425628028
"C4",1,20,2411.69508036383,121.118927856475
"C4",1,21,3594.05933619977,166.251694183255
"C4",1,22,2685.48199993021,124.683925380589
"C4",1,23,3945.10998659166,157.821525709426
"C4",1,24,3228.89269930651,136.603701303739
"C4",1,25,3602.11173183929,190.346506808075
"C4",1,26,2807.27997658538,218.424415437478
"C4",1,27,2336.58399879231,118.874929359624
"C4",1,28,3886.06418075207,144.648172070264
"C4",1,29,3378.55361867204,231.988062918487
"C4",1,30,3020.69918040897,50.0538372908146
"C4",1,31,3251.9264949093,144.008110412963
"C4",1,32,4194.43125694943,263.235214207167
"C4",1,33,2676.37502403495,269.679503453213
"C4",1,34,2637.94366665261,167.829766167507
"C4",1,35,2735.28871046948,116.819552469318
"C4",1,36,2011.2565488426,168.272870974522
"C4",1,37,3814.72110312781,127.361280202649
"C4",1,38,3344.27723505818,232.640864114574
"C4",1,39,3355.37898066345,119.675867214848
"C4",1,40,3167.48948423923,178.645579760437
"C4",1,41,2817.37966893192,190.992503728435
"C4",1,42,2582.43603966783,122.124491965208
"C4",1,43,3838.8923024695,202.576234075309
"C4",1,44,2130.36149530989,122.603501454185
"C4",1,45,3530.22420647406,191.511991482699
"C4",1,46,2605.54126193174,214.833081655178
"C4",1,47,3411.7326609091,110.57785388084
"C4",1,48,2644.48210835739,215.39975204898
"C4",1,49,2807.49373798698,135.523356439379
"C4",1,50,4527.02443777026,174.717669421848
"C4",1,51,3701.21196420013,170.091873614438
"C4",1,52,1591.32723179326,138.64018068309
"C4",1,53,3294.80931207524,173.405143499889
"C4",1,54,2861.14029780708,98.4784537288081
"C4",1,55,2347.53035916675,153.193156390752
"C4",1,56,3357.3394178234,201.289541583259
"C4",1,57,3297.47413701452,51.2937675385343
"C4",1,58,2953.62007057394,85.6036906320873
"C4",1,59,4679.52767550309,101.903122120151
"C4",1,60,1513.48244988758,80.5455152927285
"C4",1,61,3828.66454045887,180.979151964818
"C4",1,62,2983.23254715307,110.353582512199
"C4",1,63,3692.38505793454,51.7726457335513
"C4",1,64,2859.50172452099,128.121561745978
"C4",1,65,2754.60157816618,140.46823742626
"C4",1,66,1917.21525020403,202.839273688906
"C4",1,67,3042.91367879545,104.812393200059
"C4",1,68,5059.05935101782,218.064462786935
"C4",1,69,3942.27665609703,179.91813578143
"C4",1,70,4456.67911687012,178.117607881777
"C4",1,71,3886.22398873553,117.373716484275
"C4",1,72,4058.19703097139,257.683393994902
"C4",1,73,3877.15731087433,151.786458395142
"C4",1,74,3556.54432382383,68.7551207910833
"C4",1,75,2763.10341950224,149.807176430375
"C4",1,76,2800.29894700739,63.2777964633975
"C4",1,77,1999.37000271853,144.474494210666
"C4",1,78,3195.63671459001,138.888649840519
"C4",1,79,3874.51675689253,194.09148452017
"C4",1,80,3973.94191739456,210.474809286875
"C4",1,81,3271.34952834156,123.694751754942
"C4",1,82,2789.27928708357,200.305443418751
"C4",1,83,5667.8880824889,231.216155483438
"C4",1,84,3752.51414843782,120.792799757868
"C4",1,85,4265.43147865935,127.379781675033
"C4",1,86,2946.73951949951,192.538918157684
"C4",1,87,3171.53177970905,169.152398497197
"C4",1,88,3536.45532328004,187.438748022214
"C4",1,89,4457.39173396122,230.234214727378
"C4",1,90,2966.3940909079,179.35415597882
"C4",1,91,3840.2117500873,212.585063508769
"C4",1,92,1628.88902425983,191.14527311686
"C4",1,93,2819.55917443878,181.681019490443
"C4",1,94,2230.99319242751,179.304221909221
"C4",1,95,4035.02203801782,224.566165222904
"C4",1,96,3076.66018378981,109.887006314467
"C4",1,97,2907.21943849494,104.740863542125
"C4",1,98,4226.82488464893,189.59730016986
"C4",1,99,4037.20464368002,154.015516793344
"C4",1,100,2526.48409739938,163.700260584248
"C4",1,101,3520.89986570724,197.06386885857
"C4",1,102,2278.66657361581,197.664752392454
"C4",1,103,2843.28873184162,146.866474831911
"C4",1,104,4412.43322786021,144.372806550145
"C4",1,105,4287.59596349783,163.679930450393
"C4",1,106,4031.76406660013,213.150889464737
"C4",1,107,2771.82208525226,181.30102433395
"C4",1,108,1788.92639729333,231.65037554116
"C4",1,109,2318.22636198188,159.618156479001
"C4",1,110,3914.41739347064,216.283380261038
"C4",1,111,2982.07408537618,204.150115550862
"C4",1,112,1578.04389082402,190.604173045004
"C4",1,113,3064.85938421265,180.735035338923
"C4",1,114,4257.67941584343,146.005880142874
"C4",1,115,3682.60148038965,154.548124541538
"C4",1,116,2584.05609235293,171.469774785423
"C4",1,117,2040.56251095123,162.444444533964
"C4",1,118,2580.08958077241,207.161223419311
"C4",1,119,3225.89575349114,154.534143840678
"C4",1,120,3866.05527568404,156.481153920609
"C4",1,121,1745.04488390731,135.784045621717
"C4",1,122,3967.40131645559,153.083183572834
"C4",1,123,3204.09329494102,156.561717884808
"C4",1,124,3627.33422720437,44.3132113050292
"C4",1,125,1960.05832757385,91.7584151392841
"C4",1,126,2700.00921490836,156.375654502402
"C4",1,127,2863.82435805086,146.735811256775
"C4",1,128,3982.91851123177,99.9565335896282
"C4",1,129,3971.13053554656,60.4230911978491
"C4",1,130,3526.31784443625,142.281539004329
"C4",1,131,4403.15913621791,192.674788284714
"C4",1,132,2813.44160019098,248.661931596378
"C4",1,133,3959.40289533044,158.077160314533
"C4",1,134,3173.04497765696,234.659242031386
"C4",1,135,2699.49342786769,164.151107881798
"C4",1,136,3892.53502874813,165.776605212978
"C4",1,137,4235.82524813712,176.241265667437
"C4",1,138,3858.68781213864,116.471137736954
"C4",1,139,2817.9474084333,157.414089355256
"C4",1,140,2847.65927438368,205.422384939613
"C4",1,141,4233.2568851045,122.513710657391
"C4",1,142,3464.61980481331,143.919696505602
"C4",1,143,3822.18048449084,102.611462477037
"C4",1,144,2945.97351225177,177.717609822468
"C4",1,145,4145.77620234849,181.239989119451
"C4",1,146,2593.43364127836,192.417367561204
"C4",1,147,3669.01364064997,99.0094984241549
"C4",1,148,2587.11877582392,165.361751737738
"C4",1,149,1353.06873756067,112.797115417508
"C4",1,150,2192.78186699025,159.980767564199
"C4",1,151,3302.22139940762,227.131196000304
"C4",1,152,3862.19206221937,134.823735653286
"C4",1,153,1886.52343767889,195.834166046941
"C4",1,154,2261.43164831036,122.516570795815
"C4",1,155,4523.40949743161,136.073589477485
"C4",1,156,2874.57548763255,181.936087529331
"C4",1,157,3579.27509894795,126.044386477107
"C4",1,158,2804.79850896701,74.8517582427282
"C4",1,159,2976.06283613637,223.258421760666
"C4",1,160,3265.43315495393,178.017861893992
"C4",1,161,3208.22138209925,130.818027971996
"C4",1,162,3055.57984171845,60.29606063347
"C4",1,163,2847.6526361422,255.110488569965
"C4",1,164,914.104332650957,329.518541063577
"C4",1,165,4601.49162525028,170.374020367773
"C4",1,166,4542.81815618228,202.490332375559
"C4",1,167,2374.18869371058,221.228015603708
"C4",1,168,3073.91935841752,124.90977832307
"C4",1,169,4231.45647853437,142.440188522173
"C4",1,170,3948.71751728915,73.6439481677402
"C4",1,171,4157.45121405933,123.171088386406
"C4",1,172,2396.18981138015,191.120489144306
"C4",1,173,5132.95107214848,145.464200537956
"C4",1,174,2349.90503017225,149.289423290846
"C4",1,175,3765.43725641247,154.372022424874
"C4",1,176,3305.95698533427,66.8166508752198
"C4",1,177,2897.21726152848,201.881496711584
"C4",1,178,2915.43815136424,87.8253555532289
"C4",1,179,2456.45239060175,149.571491879218
"C4",1,180,4416.99484681761,138.071826897058
"C4",1,181,3267.13492082206,149.07030915719
"C4",1,182,3394.41346191078,232.998297236789
"C4",1,183,3357.22462479578,130.897004104232
"C4",1,184,2918.62193520435,120.845120214405
"C4",1,185,2349.48406643371,84.0173002528077
"C4",1,186,3390.29473226297,119.715095919438
"C4",1,187,1629.7704125308,101.690764631613
"C4",1,188,2136.07479287329,180.397309812415
"C4",1,189,2392.70247879621,116.849787699606
"C4",1,190,2390.99085299573,175.202101751407
"C4",1,191,3280.39161242531,152.678625607604
"C4",1,192,4398.86566124356,88.3218910044598
"C4",1,193,2063.50689195128,120.469610713865
"C4",1,194,3525.25701544746,204.255622752884
"C4",1,195,3874.65856499078,205.153804297728
"C4",1,196,2457.85084828334,260.278663715031
"C4",1,197,3160.40044885814,159.820984580011
"C4",1,198,3817.70817696654,85.208659300893
"C4",1,199,3008.36817308946,121.579148649242
"C4",1,200,3034.48673956159,180.424425242007
"C4",1,201,3430.79509340796,255.006816744736
"C4",1,202,3154.99006000005,165.500456171986
"C4",1,203,2783.26033254559,217.019341256423
"C4",1,204,3096.03873540433,198.404065234613
"C4",1,205,4612.12984428985,101.595418894133
"C4",1,206,3855.25150970452,151.444367386757
"C4",1,207,2514.05219537928,225.263076817384
"C4",1,208,2266.31178325151,203.804805479796
"C4",1,209,2930.01331948804,183.18980707839
"C4",1,210,4196.58102571099,183.855712268844
"C4",1,211,3419.50933881271,135.42973498953
"C4",1,212,2673.8710723695,94.0307343327899
"C4",1,213,3861.67592586352,224.771289541565
"C4",1,214,3099.97220845783,88.9890254166536
"C4",1,215,2359.49112553144,113.055204014709
"C4",1,216,3545.89434065884,191.448249625992
"C4",1,217,4343.10710763411,96.89027253052
"C4",1,218,3525.85122359962,132.40647933636
"C4",1,219,3344.0002783542,100.860024660876
"C4",1,220,2707.81765368721,191.033177886448
"C4",1,221,3626.29889815215,182.315650831905
"C4",1,222,2397.07209883221,181.094234663684
"C4",1,223,1960.13823163933,182.123238607282
"C4",1,224,3167.48542362968,187.862287318947
"C4",1,225,3174.05487065072,191.967824598526
"C4",1,226,4973.79164900211,61.5669221662889
"C4",1,227,2287.73951908108,152.559181932007
"C4",1,228,3328.17974251178,165.623190627595
"C4",1,229,3803.78982021665,196.233810132388
"C4",1,230,3987.94463308691,100.625696199736
"C4",1,231,3191.95663650551,135.019990509204
"C4",1,232,2642.55789392806,106.317850462442
"C4",1,233,3150.66196109751,212.862010635484
"C4",1,234,4654.81699395287,223.953629160467
"C4",1,235,3562.05425613187,199.383836267962
"C4",1,236,1666.64219558144,98.8798308711505
"C4",1,237,4267.59434648769,182.597605836833
"C4",1,238,3605.37699568631,217.522459319046
"C4",1,239,3174.82117112186,168.397049036823
"C4",1,240,3186.60228416743,131.694533355202
"C4",1,241,3087.65771015495,105.694087969433
"C4",1,242,3392.41961071644,126.734860221992
"C4",1,243,2822.09980022224,195.742417797467
"C4",1,244,3407.75843874501,138.416944980904
"C4",1,245,2501.48298138444,171.380746997004
"C4",1,246,3350.11015645607,224.747289783515
"C4",1,247,4030.12806549983,188.916747023473
"C4",1,248,3581.90458524035,228.233639073677
"C4",1,249,3975.31225733833,74.9210098669797
"C4",1,250,2381.84842864804,145.96618601431
"C4",1,251,3241.09458835445,163.25340097461
"C4",1,252,3662.93772704155,188.929464580426
"C4",1,253,2398.99634920004,101.539668923551
"C4",1,254,4374.36075279384,200.309242772364
"C4",1,255,2423.89399176105,175.369503808117
"C4",1,256,3323.38903137938,173.190300680236
"C4",1,257,3313.87424776631,185.424239580252
"C4",1,258,3291.25272647514,154.18207800615
"C4",1,259,3042.1815622674,206.277304924956
"C4",1,260,3537.45259035965,192.411488686575
"C4",1,261,2426.6266310769,152.489531291615
"C4",1,262,2232.97685883258,212.018850967035
"C4",1,263,2709.07352141507,174.627934247309
"C4",1,264,3157.00692211417,193.437569971973
"C4",1,265,4142.56086526778,130.291117918789
"C4",1,266,4390.59060489841,239.021591849296
"C4",1,267,3439.61109690856,159.800552782501
"C4",1,268,3486.19371701986,202.392138444674
"C4",1,269,3017.26633727042,154.994173705365
"C4",1,270,3236.03981303978,146.01850465097
"C4",1,271,2146.59060417366,199.221912264
"C4",1,272,3417.45029667182,80.7691677704413
"C4",1,273,2798.33481327969,183.918307389702
"C4",1,274,3451.00907982541,179.678318649741
"C4",1,275,2940.51399563412,25.2335315437742
"C4",1,276,2703.78819887266,178.418866426663
"C4",1,277,3035.66646739847,51.5791126326497
"C4",1,278,2924.82131702472,192.990218844636
"C4",1,279,4020.93365588178,137.30431333094
"C4",1,280,3356.90606182785,125.253158738255
"C4",1,281,3524.36856961491,159.657684841367
"C4",1,282,2269.35981064942,228.6526022492
"C4",1,283,4322.61628222101,128.233846139105
"C4",1,284,3319.52783087057,187.905164697439
"C4",1,285,2557.78894744756,177.057893421094
"C4",1,286,3431.78498408512,101.024068542922
"C4",1,287,3852.82552238366,72.9488991333015
"C4",1,288,2162.24214627383,60.3707114380428
"C4",1,289,4467.58022752292,187.563710573394
"C4",1,290,3081.47697111623,158.262896923435
"C4",1,291,4040.87808548648,252.528585180531
"C4",1,292,3254.19598931669,188.683755413152
"C4",1,293,2950.68286657496,202.48479455413
"C4",1,294,1823.80996502985,226.719179266748
"C4",1,295,2374.87083605961,134.964045101751
"C4",1,296,3168.99477506193,185.504896411424
"C4",1,297,3820.88940883786,203.439663512208
"C4",1,298,1788.74100938407,228.467584400151
"C4",1,299,4231.58083424318,198.132557316318
"C4",1,300,4249.24284822723,181.057358651867
"C4",1,301,2342.51280806679,116.588797636439
"C4",1,302,3554.22542164483,196.478018047885
"C4",1,303,2424.77058998434,185.013293620914
"C4",1,304,3106.10001598379,191.712512685346
"C4",1,305,3896.49705413501,181.182252278613
"C4",1,306,3851.25473577408,149.9080977645
"C4",1,307,2563.11904727489,156.156705078299
"C4",1,308,2910.02265914333,194.368205664076
"C4",1,309,2467.87732175213,168.581575346227
"C4",1,310,3454.65774492869,118.494571283651
"C4",1,311,2030.69362667467,145.492044009717
"C4",1,312,1228.00591883648,94.0437137911745
"C4",1,313,4302.35921140464,111.648404866554
"C4",1,314,4905.10468474604,152.769446493224
"C4",1,315,2858.72484482088,70.0933721812537
"C4",1,316,3770.82686532117,75.5728762704211
"C4",1,317,3194.37291221771,215.128259971804
"C4",1,318,4305.73534978699,131.169053789428
"C4",1,319,3615.60794942704,67.4154135224256
"C4",1,320,3352.74797383711,154.356838028551
"C4",1,321,1850.6476611756,226.053463361076
"C4",1,322,4012.21676059832,193.112714846732
"C4",1,323,2936.85978871486,182.069159917682
"C4",1,324,2147.38243646373,219.187295613992
"C4",1,325,3048.652501315,121.424927944955
"C4",1,326,3104.91638015577,196.484459567602
"C4",1,327,3994.40515449962,130.645719211057
"C4",1,328,2324.452975802,160.038209318126
"C4",1,329,2781.76727951117,270.723265967006
"C4",1,330,4316.08994628737,208.471719785463
"C4",1,331,4218.99932657752,198.400385685861
"C4",1,332,4072.41090792677,104.583604409092
"C4",1,333,4446.14295901091,120.688204000264
"C4",1,334,3353.02323487242,274.20582401308
"C4",1,335,2763.58723484767,105.334961801334
"C4",1,336,3616.40304639757,170.723968764254
"C4",1,337,3994.04234436945,204.628552981854
"C4",1,338,5010.22495360329,210.937898617113
"C4",1,339,1726.26325046661,214.455600545962
"C4",1,340,3404.92677730011,151.843550505739
"C4",1,341,3691.09593715223,118.950665144
"C4",1,342,3159.05100847971,144.637138350568
"C4",1,343,2031.63331363617,114.895099573027
"C4",1,344,3756.12566906468,191.353437155749
"C4",1,345,2615.68569405206,216.017751421305
"C4",1,346,3579.39612412288,266.360677624676
"C4",1,347,3880.66377951339,178.305719146586
"C4",1,348,4162.96775785594,116.260931140316
"C4",1,349,2031.60215196082,211.223743149661
"C4",1,350,4011.30638613434,205.237944684765
"C4",1,351,2632.26398229049,148.087565204859
"C4",1,352,2233.23539461328,82.1072548063843
"C4",1,353,4185.74049943958,198.065494769696
"C4",1,354,4059.69497994873,216.457219782081
"C4",1,355,3018.06254922125,145.244608464703
"C4",1,356,3769.65552967876,186.812140917901
"C4",1,357,2554.7556939327,146.205476262474
"C4",1,358,3086.72631571097,194.115762256876
"C4",1,359,3129.70757467935,154.135464264258
"C4",1,360,2989.444959122,142.766206803997
"C4",1,361,3750.57405237293,165.581024909861
"C4",1,362,4352.99565162196,145.829734250885
"C4",1,363,2858.17170291582,130.449141777286
"C4",1,364,3175.5061607332,144.20315343788
"C4",1,365,4427.56801187412,159.592392383723
"C4",1,366,2953.2185221051,170.374757035924
"C4",1,367,1246.97137204467,236.621181081292
"C4",1,368,3585.48783983595,92.1001084523258
"C4",1,369,2535.14899166656,150.019047472353
"C4",1,370,2451.09619549706,191.576156389041
"C4",1,371,4265.61261018864,248.101045172143
"C4",1,372,5035.99850526142,181.300718130775
"C4",1,373,2420.16309394734,159.31232917623
"C4",1,374,3973.26888625007,144.622154520182
"C4",1,375,3129.38912122277,180.715408205414
"C4",1,376,3306.35559441534,209.452896009819
"C4",1,377,4116.6775260923,150.807084472697
"C4",1,378,3360.2558888308,168.188070342328
"C4",1,379,2561.47598460443,170.846817207219
"C5",1,1,4425.98026609987,127.5850351742
"C5",1,2,2777.91784373543,163.598042218282
"C5",1,3,2677.28321861132,170.390741535171
"C5",1,4,2796.33027239631,150.733385515807
"C5",1,5,3732.58267383789,161.572033251322
"C5",1,6,1278.72727776498,180.567596684539
"C5",1,7,3385.77535581672,121.190805476877
"C5",1,8,2895.84471424433,216.983882859903
"C5",1,9,2642.04612736167,270.038013537329
"C5",1,10,1695.40997650991,233.860266436742
"C5",1,11,3045.63018666279,137.279107464622
"C5",1,12,1963.2074206581,68.8556365483776
"C5",1,13,3188.51909510575,162.70989785548
"C5",1,14,2528.82374186494,204.013661030203
"C5",1,15,3234.73979313767,198.905334896783
"C5",1,16,3545.75305953784,98.5126612644129
"C5",1,17,2822.19592460154,104.342574462829
"C5",1,18,2433.201157838,166.687231743882
"C5",1,19,2741.19332822727,191.304067268843
"C5",1,20,2699.45487258913,203.646583192773
"C5",1,21,2080.0431282084,200.819598946948
"C5",1,22,2614.53633957035,111.601225401676
"C5",1,23,3054.94614885714,94.3697471900007
"C5",1,24,3034.37501765045,59.3740111020358
"C5",1,25,3447.15630491547,185.246634886391
"C5",1,26,4168.90679234265,201.405578288471
"C5",1,27,3450.2532737479,176.792534441252
"C5",1,28,4306.84023105654,107.043777699434
"C5",1,29,2714.05552645977,238.385837497467
"C5",1,30,4213.00130750025,141.49266878183
"C5",1,31,3645.05668086321,248.951918074785
"C5",1,32,2306.21833607448,187.570100254029
"C5",1,33,3501.62825936392,219.515532254276
"C5",1,34,2271.73036957289,176.53011131472
"C5",1,35,3910.42300676878,156.767388595006
"C5",1,36,2795.19039122931,109.372596581339
"C5",1,37,3022.91735972254,132.074290490432
"C5",1,38,2690.34763329258,157.644608186179
"C5",1,39,2560.86628072678,174.103703399252
"C5",1,40,4476.60478189759,158.339039383445
"C5",1,41,3943.85339217708,151.101400545329
"C5",1,42,3706.40980777059,169.174275847103
"C5",1,43,3255.21496925295,133.781397870124
"C5",1,44,3752.25036091386,133.203127183025
"C5",1,45,3696.28458268696,87.2147649171988
"C5",1,46,4402.64044878597,202.3135735134
"C5",1,47,3837.52983365933,162.346618400076
"C5",1,48,3045.35824515686,155.818788328633
"C5",1,49,3038.83029255508,122.954069261254
"C5",1,50,2848.9455767479,147.61130680488
"C5",1,51,2927.19607938812,105.660857214935
"C5",1,52,3022.48704537835,107.535132382363
"C5",1,53,4117.1605621987,64.0524114146702
"C5",1,54,1453.73027547643,209.084938632422
"C5",1,55,2673.61562869224,166.298204107265
"C5",1,56,3100.33946047501,104.161181222278
"C5",1,57,2237.5561971851,218.189330187295
"C5",1,58,4414.32545757915,191.229584168456
"C5",1,59,3024.53877424111,197.119113729233
"C5",1,60,2362.31140158981,148.711471652859
"C5",1,61,2531.28965989199,138.856399670717
"C5",1,62,3854.29637188508,155.097354899675
"C5",1,63,4601.75700537807,180.234532811879
"C5",1,64,3106.79862214082,199.995730332056
"C5",1,65,3280.27160553223,239.473457497846
"C5",1,66,2488.59870495867,134.546479793136
"C5",1,67,4187.48353304689,109.221762592426
"C5",1,68,3741.99269475948,165.042933280521
"C5",1,69,1453.05990285685,311.105209264519
"C5",1,70,2716.07559063686,138.569207745815
"C5",1,71,3024.41187924385,217.284060889238
"C5",1,72,2368.87949496461,147.845089520745
"C5",1,73,2995.08186829838,136.072838111806
"C5",1,74,2349.91913430185,124.479143889622
"C5",1,75,3469.48096529793,149.43776861412
"C5",1,76,3451.73357289885,242.089223543772
"C5",1,77,3808.23826485454,175.092336028172
"C5",1,78,3512.34210195018,184.366456160764
"C5",1,79,4395.5855291404,201.936789621613
"C5",1,80,2910.39659203392,263.5870756443
"C5",1,81,1585.02247442268,198.780942103977
"C5",1,82,3219.24440980992,88.6444323524033
"C5",1,83,3687.38663376912,108.324433226693
"C5",1,84,2899.0733003654,80.5272443204087
"C5",1,85,4250.65735822468,17.5726615053107
"C5",1,86,4021.07650901455,224.53669638963
"C5",1,87,3603.11997419091,135.31380628588
"C5",1,88,3252.33106833096,179.748533885301
"C5",1,89,2786.37452510466,219.080892657196
"C5",1,90,3067.29247416354,134.408365270976
"C5",1,91,3551.88338575244,153.251617566889
"C5",1,92,3925.84759118577,177.512808976223
"C5",1,93,2977.91400738925,171.293961090881
"C5",1,94,2653.81005618227,121.284237520595
"C5",1,95,5056.70439639958,196.54078050033
"C5",1,96,3588.91787776228,187.281776412123
"C5",1,97,2522.29759599691,145.577535203925
"C5",1,98,3898.23429225744,98.8809544570499
"C5",1,99,3246.26487342339,191.666679778429
"C5",1,100,3820.09193639122,231.37598279575
"C5",1,101,3238.84771442062,229.025874669468
"C5",1,102,3156.17821156609,203.631728339767
"C5",1,103,3267.9587155342,135.843246567386
"C5",1,104,3509.58559778941,133.432654025473
"C5",1,105,2742.43570134205,130.615762170705
"C5",1,106,2708.47757729515,139.415106550625
"C5",1,107,3061.41559539548,195.459281062669
"C5",1,108,3328.47607372782,172.819837676783
"C5",1,109,2961.96765854795,67.1819706847599
"C5",1,110,3437.73842184343,66.9706185092773
"C5",1,111,2373.6984405485,158.858295313282
"C5",1,112,2126.78116034947,167.496937364052
"C5",1,113,4619.00797438106,44.6262828982354
"C5",1,114,3498.40783479523,119.177638709395
"C5",1,115,2902.22889995407,161.378057584834
"C5",1,116,2990.03161363223,233.089295758824
"C5",1,117,3788.83889828267,59.3565635838858
"C5",1,118,3042.25938932798,97.2277861009011
"C5",1,119,3344.08622290751,105.984657639089
"C5",1,120,3001.45578042616,168.769803932443
"C5",1,121,2823.95670654743,176.541961070713
"C5",1,122,3651.64236014019,143.96553843498
"C5",1,123,3306.12091876261,79.3835656025007
"C5",1,124,4176.35950022775,128.472379156784
"C5",1,125,2355.95235674394,131.975700667206
"C5",1,126,3098.51944546295,149.870935779149
"C5",1,127,3043.25828838516,241.144259056584
"C5",1,128,2393.85324956475,126.1614734781
"C5",1,129,3948.3940446937,163.813220256935
"C5",1,130,3119.45018819439,124.730082918654
"C5",1,131,2160.8315071764,97.9886075478041
"C5",1,132,2755.89452945434,191.79739489343
"C5",1,133,2370.99982951543,107.468566017363
"C5",1,134,3979.31638446081,296.76045948111
"C5",1,135,5107.17834264658,164.628146891361
"C5",1,136,2694.71313564769,163.012678803934
"C5",1,137,3130.82749392365,156.672739449457
"C5",1,138,3409.80127571799,252.182277002003
"C5",1,139,5231.71956425511,193.19635552018
"C5",1,140,1453.2474022432,147.450467812602
"C5",1,141,2814.53319822776,101.690509669458
"C5",1,142,2297.90393207919,108.063611964128
"C5",1,143,3029.28139532231,120.750534733134
"C5",1,144,2993.07558681049,220.747421548915
"C5",1,145,2652.6433954813,150.550921211455
"C5",1,146,4575.61678814266,122.140068866009
"C5",1,147,3392.79900279873,199.602973894014
"C5",1,148,4995.18903064097,227.259000951109
"C5",1,149,3817.71246966376,125.273425796434
"C5",1,150,2251.01588730797,137.753372797881
"C5",1,151,2634.88158869886,177.264209336189
"C5",1,152,3404.77881437221,159.757778173202
"C5",1,153,2766.57579418622,180.318323574239
"C5",1,154,3465.71726680821,245.709926288572
"C5",1,155,3749.42948146866,156.980672293952
"C5",1,156,3515.8417074883,145.964886623288
"C5",1,157,3099.04037437186,184.270723044723
"C5",1,158,2717.34579960307,157.532773513002
"C5",1,159,2233.00948312688,191.388253076639
"C5",1,160,3455.67117394874,148.801442428987
"C5",1,161,3891.75175556967,182.176135720055
"C5",1,162,3140.24794269112,81.8129646216054
"C5",1,163,3765.21323954336,160.69518291517
"C5",1,164,4870.647262643,134.189200635816
"C5",1,165,4650.36596146828,100.472871224124
"C5",1,166,2828.8208924179,139.346539608149
"C5",1,167,3610.0338810463,178.599747271145
"C5",1,168,2673.3420216904,164.617148201023
"C5",1,169,3717.36006792621,194.674188126056
"C5",1,170,3156.22764494244,207.044962157677
"C5",1,171,3408.19068354998,201.423201486393
"C5",1,172,2555.7390391931,143.775541176233
"C5",1,173,4104.03343687448,93.5921900971472
"C5",1,174,3136.86502514235,145.983251504382
"C5",1,175,2865.5600315337,218.482771825541
"C5",1,176,3142.53397053861,153.926181754596
"C5",1,177,3257.29878499691,78.1354174477441
"C5",1,178,4427.64800877038,184.569161143489
"C5",1,179,2366.95700874969,174.090965534669
"C5",1,180,5044.24340261824,139.969832240391
"C5",1,181,2620.01571015274,168.6680751428
"C5",1,182,3330.98253122005,228.469383477267
"C5",1,183,1656.39397643806,224.959804687842
"C5",1,184,2709.15460225271,137.185155322727
"C5",1,185,3748.83002309655,160.533243092903
"C5",1,186,3578.92479393426,87.2955427532879
"C5",1,187,3507.92916631441,123.612333701563
"C5",1,188,2849.92602235049,260.412019873259
"C5",1,189,1817.32065045663,234.900484275548
"C5",1,190,2395.38152970544,148.537263735843
"C5",1,191,3027.62842600697,125.376742734861
"C5",1,192,3666.22788124303,91.6688351415799
"C5",1,193,3828.08411104227,266.302592688185
"C5",1,194,2972.83396313457,165.731486241924
"C5",1,195,3086.33559919071,130.302554531644
"C5",1,196,3077.86135810719,213.903366897563
"C5",1,197,3243.38414971679,105.020708357054
"C5",1,198,4352.85866418961,196.328209880323
"C5",1,199,2654.96560393221,232.04351511193
"C5",1,200,3046.42796033574,149.491492018917
"C5",1,201,3259.04471933225,232.564047194168
"C5",1,202,2196.30058011121,192.077571570462
"C5",1,203,2509.22807359779,126.059619056002
"C5",1,204,3350.19646145683,188.715636817373
"C5",1,205,3520.30184580432,124.774273685554
"C5",1,206,4055.06765703524,133.300797138503
"C5",1,207,2850.72053267112,198.719230330883
"C5",1,208,4290.42546592577,136.21893023306
"C5",1,209,2551.58283701035,158.778631055657
"C5",1,210,2002.7876903733,210.950404814218
"C5",1,211,1740.489915836,99.7209802200722
"C5",1,212,4028.03770620544,239.764693373602
"C5",1,213,3428.65408347909,262.09777299965
"C5",1,214,3102.18358253861,190.724062502165
"C5",1,215,2979.78995974108,181.096558706841
"C5",1,216,4389.69159155507,135.178916615339
"C5",1,217,4100.85912804444,184.548070641302
"C5",1,218,2447.19521660056,134.900891519824
"C5",1,219,2156.73726288783,174.408490912581
"C5",1,220,4013.9719106974,125.668699587944
"C5",1,221,3620.45885451301,199.420189301525
"C5",1,222,2816.76426118271,194.568442048184
"C5",1,223,3497.33897417832,222.149950402566
"C5",1,224,1682.57667206648,259.110485621458
"C5",1,225,2701.14389529992,127.677908269043
"C5",1,226,3526.25540414457,208.309464611368
"C5",1,227,3145.31627073203,88.6366276452395
"C5",1,228,2238.5842669135,137.125812067599
"C5",1,229,3961.44959800773,207.273334230423
"C5",1,230,4072.29450440151,123.080542481547
"C5",1,231,2494.97012115725,177.282034993895
"C5",1,232,3060.90002815774,114.977765305236
"C5",1,233,3747.96045459519,141.482464794247
"C5",1,234,3847.793632039,157.960153677497
"C5",1,235,2803.43928902385,129.384061679698
"C5",1,236,2541.09512032393,62.7073955091816
"C5",1,237,3458.80655513404,172.154816476379
"C5",1,238,1762.98633647775,183.745004770226
"C5",1,239,2487.44180798873,166.835728703057
"C5",1,240,3780.19034529308,135.562613715584
"C5",1,241,1922.15119586427,205.010182863022
"C5",1,242,2299.41715491302,213.876783003071
"C5",1,243,3019.41120228923,41.3164571975041
"C5",1,244,2973.44487414709,216.228741876456
"C5",1,245,1884.46643173454,71.0226126423244
"C5",1,246,3582.03413141819,142.772481878229
"C5",1,247,2433.90774718718,104.541344312036
"C5",1,248,3081.45579694759,128.494710853845
"C5",1,249,3052.57084474928,225.844188436212
"C5",1,250,3722.47155562339,186.725669414204
"C5",1,251,3150.51390521479,184.694904287094
"C5",1,252,3099.2390108388,56.1003784327594
"C5",1,253,4441.05563300166,169.816267137078
"C5",1,254,3478.92116151524,191.440157693695
"C5",1,255,3667.65534695758,203.047357169681
"C5",1,256,3556.17397012302,111.337632476239
"C5",1,257,3628.72596998393,206.877152601533
"C5",1,258,4201.8023502785,90.2397110852366
"C5",1,259,3157.17187927505,246.937150943817
"C5",1,260,3382.13295981682,120.068285487823
"C5",1,261,4677.2255996107,198.251219338467
"C5",1,262,2802.47126492789,175.895567256772
"C5",1,263,4168.25673465218,106.819974119356
"C5",1,264,2744.69135294576,217.21293280343
"C5",1,265,4482.60475649017,161.66884213137
"C5",1,266,2700.31446517951,200.920388742392
"C5",1,267,2589.22079246356,170.90960429111
"C5",1,268,3977.30196833715,203.424862620496
"C5",1,269,3923.69864945968,161.084026044904
"C5",1,270,3613.78312809506,215.761432484651
"C5",1,271,3404.89139700521,142.390956754444
"C5",1,272,3381.39485250642,186.36441591244
"C5",1,273,4741.07052953488,178.928576112197
"C5",1,274,2125.59912858643,202.192988854919
"C5",1,275,2460.24776221005,128.947875252157
"C5",1,276,2240.64490782043,168.884574893393
"C5",1,277,3920.56661778226,130.991746043408
"C5",1,278,3015.7685484996,205.431891286672
"C5",1,279,3102.4936580774,128.165681026246
"C5",1,280,4537.48011375435,246.611934818837
"C5",1,281,2765.7301604116,199.518580101956
"C5",1,282,4717.09595093246,159.314601057308
"C5",1,283,2142.91938976727,220.309823760291
"C5",1,284,4188.37670978637,155.770452993087
"C5",1,285,3442.34075193112,188.163114081802
"C5",1,286,2908.54961000628,186.409720000755
"C5",1,287,3070.37232245969,181.151921620516
"C5",1,288,4204.23100083419,130.161788514544
"C5",1,289,4477.85440428267,97.4577861199402
"C5",1,290,1941.14913421149,75.9199645113085
"C5",1,291,5765.82095626779,137.185182049936
"C5",1,292,5133.45699078333,194.139659610123
"C5",1,293,2806.00862400829,148.048125824859
"C5",1,294,3151.7135710948,99.8324533266029
"C5",1,295,2702.3394833475,267.823880097504
"C5",1,296,3130.24918355736,195.10047115243
"C5",1,297,3754.89457868438,257.330905013282
"C5",1,298,3277.52211119792,220.651817686064
"C5",1,299,3344.00524865325,129.431044081774
"C5",1,300,4309.10570202229,139.403939837661
"C5",1,301,1547.09864106436,87.9659510865144
"C5",1,302,2831.41771444863,197.023672655484
"C5",1,303,3308.31295344717,241.182962611367
"C5",1,304,2612.67452201174,113.97575609637
"C5",1,305,3995.72468021528,99.8901176590412
"C5",1,306,2865.87076840848,204.133903418224
"C5",1,307,2878.11488467043,84.1760482199635
"C5",1,308,4091.75885039739,256.080577888427
"C5",1,309,3825.72055479613,188.606788890312
"C5",1,310,3087.26939160194,74.2552473080722
"C5",1,311,2954.18215041015,177.745944786621
"C5",1,312,2113.87603236201,165.25909329055
"C5",1,313,2677.03656158628,36.5793233407664
"C5",1,314,5148.86767409741,157.907098483802
"C5",1,315,3171.93873977446,130.636961606648
"C5",1,316,3885.11891783249,115.635150362137
"C5",1,317,3061.60512630145,171.935840987534
"C5",1,318,3657.36822212108,202.54451511469
"C5",1,319,3160.45489325902,246.350441660703
"C5",1,320,4222.94146676109,28.3746176952295
"C5",1,321,2822.27493714921,197.180566390498
"C5",1,322,1918.20487348873,112.382444433235
"C5",1,323,3873.91226234577,217.816508269025
"C5",1,324,3021.69948012926,177.293083707892
"C5",1,325,4297.55568539769,232.247858603021
"C5",1,326,3293.28369985948,85.8619347121671
"C5",1,327,4290.30563287483,184.731564881442
"C5",1,328,3462.67021963057,174.757966901732
"C5",1,329,2938.23089025517,212.393112295971
"C5",1,330,3744.19895586487,148.44157456825
"C5",1,331,2855.5711777839,217.200842296437
"C5",1,332,4463.56942344045,137.751956226206
"C5",1,333,3309.93801260263,138.538129805344
"C5",1,334,1677.60718030281,161.268965072789
"C5",1,335,2845.87243992048,106.537391380885
"C5",1,336,1975.72105490972,137.171417958286
"C5",1,337,1566.23352042905,215.500191424121
"C5",1,338,3244.40648831571,242.591435215286
"C5",1,339,3685.89547752323,215.712733981418
"C5",1,340,2628.92983350102,138.756741240571
"C5",1,341,2203.36825540704,175.923994276981
"C5",1,342,2748.47693957872,164.924482447237
"C5",1,343,2037.10604573714,97.0486263532101
"C5",1,344,3727.25134636255,172.870410557036
"C5",1,345,3630.87725383123,118.78533361641
"C5",1,346,2003.53136782534,106.968789052643
"C5",1,347,2731.94835382197,196.275273068295
"C5",1,348,3985.41204131721,124.603405644683
"C5",1,349,3073.95557350394,152.797562474519
"C5",1,350,3207.13691934866,111.314221155928
"C5",1,351,3512.9301679835,162.797221292657
"C5",1,352,3670.12564751058,184.617327657524
"C5",1,353,4104.68235403144,185.127262733345
"C5",1,354,3779.42402646022,106.237101138531
"C5",1,355,2166.82470195136,222.902112501329
"C5",1,356,2928.17980601361,234.648585652219
"C5",1,357,3426.72387184759,178.645521320537
"C5",1,358,3118.1900929114,167.873977394217
"C5",1,359,1565.62603909705,163.867145166054
"C5",1,360,2631.41395625421,172.877297296987
"C5",1,361,3960.91336349231,178.821179436132
"C5",1,362,3318.53537154889,166.841180947408
"C5",1,363,2095.57967178896,192.691158545737
"C5",1,364,3361.94465467215,143.211572881123
"C5",1,365,3080.96939509411,216.467246425109
"C5",1,366,3703.89040505084,158.115859411469
"C5",1,367,4779.91895131323,72.2152991731919
"C5",1,368,2063.07490170286,155.01398153083
"C5",1,369,2821.2023585069,182.351022632694
"C5",1,370,3095.9277947432,221.501583641685
"C5",1,371,1597.84624971217,163.010521630755
"C5",1,372,3176.58500302988,62.9965399164499
"C5",1,373,2755.12322156568,160.241588296268
"C5",1,374,4876.70207643473,100.039403901626
"C5",1,375,1011.51783958748,111.194714817513
"C5",1,376,4316.16587615561,108.718647438252
"C5",1,377,3956.01850076834,120.038653774372
"C5",1,378,3751.31872221522,216.856454527835
"C5",1,379,3310.1089945436,118.423555022808
"C5",1,380,2666.89977859685,138.046861302352
"C5",1,381,4029.22355058621,169.208673070013
"C5",1,382,2535.6897012233,204.51898127896
"C5",1,383,3721.07136339641,126.664749496251
"C5",1,384,3501.97938898598,118.6888068065
"C5",1,385,4007.17864732638,134.069213889308
"C5",1,386,2752.59017638363,101.414065038331
"C5",1,387,2764.25927901723,206.001667473491
"C5",1,388,3426.55742285916,50.9020932950528
"C5",1,389,3429.26386663575,133.615396132255
"C5",1,390,4230.49876550169,87.9429988953062
"C5",1,391,3564.04957128955,62.1607607905112
"C5",1,392,3308.63002951074,161.432909853963
"C5",1,393,3831.96488293659,236.911783066139
"C6",1,1,3321.49307748122,153.052443909701
"C6",1,2,3711.67634520826,257.164244838657
"C6",1,3,3563.38815874894,66.6327201174806
"C6",1,4,3166.64605970641,119.820106742096
"C6",1,5,2798.89162757729,100.079571871097
"C6",1,6,2946.83911735819,191.476069214496
"C6",1,7,1738.60477390774,116.693573851971
"C6",1,8,4158.84126237421,183.390280148341
"C6",1,9,2003.66687809397,127.709680889671
"C6",1,10,2756.9746375177,152.373722017076
"C6",1,11,2922.25171570268,202.810743968832
"C6",1,12,4104.14626751589,166.850187681426
"C6",1,13,3243.38802818613,62.9647273016824
"C6",1,14,3908.16896703257,133.205626626939
"C6",1,15,2979.32611288057,195.679754883832
"C6",1,16,4453.52633633008,253.007415981941
"C6",1,17,3565.24836376766,104.258692751248
"C6",1,18,3610.47066302606,148.568948195523
"C6",1,19,3858.14823797678,155.920506007256
"C6",1,20,2088.32581045329,123.371675631891
"C6",1,21,3192.10699069928,90.8683588472119
"C6",1,22,3360.81818640772,251.939830017203
"C6",1,23,2624.95306374741,233.916722970861
"C6",1,24,3209.12788997382,89.6606641696094
"C6",1,25,2658.99475186372,65.8013933936073
"C6",1,26,3364.81057225971,146.131688619636
"C6",1,27,1861.37883258359,181.521390259563
"C6",1,28,3413.30719150512,153.560666597265
"C6",1,29,2722.79487985354,216.46322977069
"C6",1,30,3904.50492305893,147.673575349443
"C6",1,31,1720.16712638507,101.722609210467
"C6",1,32,3231.88498197939,235.99411464752
"C6",1,33,3034.31776815315,148.298662809368
"C6",1,34,3905.3927098463,145.801320648054
"C6",1,35,2014.99166839039,146.84208579395
"C6",1,36,2788.45173870127,162.800215187911
"C6",1,37,3733.89613802141,44.0669055166604
"C6",1,38,3659.65521694887,194.164856600889
"C6",1,39,3467.25058069919,196.06159493558
"C6",1,40,3416.42773045166,191.462259540543
"C6",1,41,1948.59371447929,139.443718991173
"C6",1,42,3838.2966478839,164.965421344043
"C6",1,43,3361.83204758756,88.2543664177753
"C6",1,44,1838.96968602734,177.989017713523
"C6",1,45,3069.91150238592,119.147232147261
"C6",1,46,3915.325820954,225.844646242931
"C6",1,47,3727.84068835836,113.70882160046
"C6",1,48,2726.53628719807,57.0457308532269
"C6",1,49,3880.69382615739,168.632959198149
"C6",1,50,2902.27750569977,78.4721933677073
"C6",1,51,3486.4692240901,113.607669044535
"C6",1,52,3896.39952585699,200.201614507126
"C6",1,53,3492.93206657613,253.616587431965
"C6",1,54,2710.47308843963,146.866095499258
"C6",1,55,3814.98677511093,208.582564884029
"C6",1,56,4308.07256433749,91.1318069154018
"C6",1,57,2503.10267465553,246.525065714193
"C6",1,58,3063.35425011051,159.745640927243
"C6",1,59,3952.7438537558,121.005987829025
"C6",1,60,2561.00608390347,179.877196070782
"C6",1,61,1910.46814777762,119.537553164643
"C6",1,62,2828.97572352142,162.516151512432
"C6",1,63,3999.86733309375,165.088602086091
"C6",1,64,2178.61427544241,218.456177303162
"C6",1,65,3013.77212704943,131.670445305148
"C6",1,66,3921.44755861147,141.232985583822
"C6",1,67,3235.19559070387,166.199676949805
"C6",1,68,3625.18929075126,204.868723886666
"C6",1,69,4417.98512003676,254.779849658671
"C6",1,70,3875.57840859137,239.109322783522
"C6",1,71,3643.39298860447,208.012767689159
"C6",1,72,3568.23980613787,64.8461511447769
"C6",1,73,2331.18754727255,207.366237693762
"C6",1,74,3829.39767007991,197.671018608651
"C6",1,75,3606.57996640402,125.110143648909
"C6",1,76,3502.71555070424,131.753489448287
"C6",1,77,3242.90025783121,91.542482752901
"C6",1,78,2246.71408767414,159.372651261019
"C6",1,79,3315.19531398255,164.531500783915
"C6",1,80,4141.21707141324,72.3224769677711
"C6",1,81,2741.21528011402,80.9331183512481
"C6",1,82,1849.36306439244,168.724253870869
"C6",1,83,4578.52090263945,108.655803081614
"C6",1,84,2776.79154741029,145.039183881526
"C6",1,85,4055.26745048929,210.385834305531
"C6",1,86,3668.04010285461,138.704439935832
"C6",1,87,4443.30207518417,166.353215741347
"C6",1,88,3168.43206158952,190.788551229158
"C6",1,89,2974.66660387026,103.767114448943
"C6",1,90,4499.19348436377,222.133851097259
"C6",1,91,4817.39736754961,205.850767863986
"C6",1,92,3438.88916026344,223.648264649723
"C6",1,93,3327.38528414258,138.689944854992
"C6",1,94,3756.76212371829,86.7840205199323
"C6",1,95,2695.59748219285,185.558147489044
"C6",1,96,3573.36961429058,190.926612589212
"C6",1,97,2457.79099839446,287.018431192822
"C6",1,98,2976.89028919078,245.974646302498
"C6",1,99,3796.16265037375,136.755861774317
"C6",1,100,2627.78494236848,109.661135490352
"C6",1,101,3838.14546772358,191.049448172195
"C6",1,102,3576.63429476457,259.66212462717
"C6",1,103,4275.30690163704,100.843301724585
"C6",1,104,4824.24724201605,120.974919570675
"C6",1,105,2768.46818182209,247.384749395121
"C6",1,106,3492.97912445253,251.859349108349
"C6",1,107,4368.99783582191,169.727820722324
"C6",1,108,3349.28407079491,78.9884857880779
"C6",1,109,2709.64024901024,132.871473628838
"C6",1,110,2451.82189593857,218.370942023751
"C6",1,111,4250.33322740697,267.686678743866
"C6",1,112,5149.61877926303,159.206172991373
"C6",1,113,2414.52478774182,128.4277433018
"C6",1,114,3282.90297801657,175.264365812476
"C6",1,115,2023.94814078924,167.243930194604
"C6",1,116,3252.25340473561,114.533234690473
"C6",1,117,2969.61510143576,189.594208685959
"C6",1,118,3190.96003530971,229.522215389562
"C6",1,119,5371.1407931035,160.656021364273
"C6",1,120,2150.98964115525,191.287510027995
"C6",1,121,3524.08505127984,172.604251659867
"C6",1,122,4574.49328753352,183.078304690543
"C6",1,123,2741.7330924381,149.318845479507
"C6",1,124,2585.49296512986,219.893802895681
"C6",1,125,3236.23209533436,171.590156672096
"C6",1,126,4175.41352746732,134.857927402463
"C6",1,127,2942.65636969626,191.522856524353
"C6",1,128,2430.65654691624,207.864876289046
"C6",1,129,3252.91140634442,156.275856842917
"C6",1,130,1686.63554891695,26.0917794589533
"C6",1,131,2093.40865925967,241.808219329366
"C6",1,132,4014.84709856822,122.468472568181
"C6",1,133,3544.11168083179,142.542804618811
"C6",1,134,1569.50267752702,240.931536989749
"C6",1,135,3663.2121929172,65.0980055748922
"C6",1,136,1471.40348566331,104.672781978445
"C6",1,137,2864.77346611617,122.52746456243
"C6",1,138,3424.61800771904,94.3559314936054
"C6",1,139,2128.64405995657,215.164416198237
"C6",1,140,4150.62311302468,223.224806682175
"C6",1,141,4110.87934245898,185.043806555026
"C6",1,142,2693.85805171792,138.029708713658
"C6",1,143,4040.76643241184,138.816001219393
"C6",1,144,3347.41233242001,131.596346389633
"C6",1,145,3687.58489150045,133.764681685909
"C6",1,146,3703.2531409265,184.141279693499
"C6",1,147,2236.88167615083,205.463168269638
"C6",1,148,1680.41781290785,137.171115649062
"C6",1,149,4853.99454827812,175.949519948343
"C6",1,150,3373.54244743337,40.7103624552563
"C6",1,151,3481.7316951386,163.791848657879
"C6",1,152,2305.27361127642,116.077907181255
"C6",1,153,4049.41238135756,214.926658990154
"C6",1,154,4579.60759621374,219.291220381684
"C6",1,155,4345.9025784113,50.175230944802
"C6",1,156,1682.27973293168,206.115875923604
"C6",1,157,2419.61900102503,131.713580314108
"C6",1,158,3273.34370134289,151.80294891611
"C6",1,159,3722.63059953927,204.925041350772
"C6",1,160,2792.08361254242,194.458365951149
"C6",1,161,2556.08802354198,119.048837732866
"C6",1,162,3372.33945225188,176.003337848811
"C6",1,163,2493.01763629435,136.646238439207
"C6",1,164,4732.62822657826,222.592766802324
"C6",1,165,1830.87845007512,81.4263707235003
"C6",1,166,3581.59415555009,200.987722604121
"C6",1,167,1702.75459495238,229.554804409816
"C6",1,168,2829.25781210906,29.523749540711
"C6",1,169,4313.25296311821,192.387329848025
"C6",1,170,4041.32643074108,141.851020896427
"C6",1,171,2150.10451392506,165.511087550902
"C6",1,172,2092.92647277909,146.496292622008
"C6",1,173,3243.57937980558,194.604865346686
"C6",1,174,2485.2675209403,206.4140152736
"C6",1,175,3504.32758612149,189.656505066985
"C6",1,176,2462.0461370786,154.685361558874
"C6",1,177,1992.40773802258,138.793543556556
"C6",1,178,2877.37342407738,152.98431239906
"C6",1,179,2281.84202540246,148.63544243441
"C6",1,180,4014.98147549158,170.25309691166
"C6",1,181,2948.89581471414,118.770225572814
"C6",1,182,3171.61947207496,189.229029183925
"C6",1,183,4235.44349741935,110.085066706486
"C6",1,184,4593.36593181269,85.7859246936376
"C6",1,185,3160.28733664061,172.888874154374
"C6",1,186,3450.00215058499,180.764500202941
"C6",1,187,4181.82326152731,211.270978645631
"C6",1,188,3069.15331636501,196.303803396045
"C6",1,189,2417.2806011696,170.989368807318
"C6",1,190,3945.65027462116,194.579980589803
"C6",1,191,2056.52409527763,110.975113231443
"C6",1,192,3016.06015313764,102.969514806926
"C6",1,193,2898.3836916324,99.2256001602587
"C6",1,194,2807.94174772423,162.236426816166
"C6",1,195,1134.7934343882,193.073518734047
"C6",1,196,2759.8248183445,205.319612357132
"C6",1,197,4149.73469804447,234.185072652507
"C6",1,198,2848.34700872504,176.460029378742
"C6",1,199,2735.71761109405,153.590427532791
"C6",1,200,2700.39538794615,126.936152850522
"C6",1,201,2543.94552972434,172.703410982337
"C6",1,202,3309.51627788075,156.782236259842
"C6",1,203,3644.58553106572,143.74353416689
"C6",1,204,4286.52931257996,126.148846735872
"C6",1,205,2025.43153361931,109.706755098565
"C6",1,206,3496.51499801275,110.852650098658
"C6",1,207,3085.07453002759,233.441518091896
"C6",1,208,3413.96451392924,172.530891664676
"C6",1,209,2426.21204868029,138.496412168335
"C6",1,210,3234.13356320859,81.040446022011
"C6",1,211,2334.7896596467,169.643186845532
"C6",1,212,3694.7774572909,135.134997240978
"C6",1,213,2490.35763745176,155.705422432892
"C6",1,214,3247.66045892593,149.642562235511
"C6",1,215,1604.57549230313,198.802769435125
"C6",1,216,3445.22514581981,156.568237047358
"C6",1,217,4030.79217327619,151.099929148465
"C6",1,218,3774.62215758117,278.64192392656
"C6",1,219,3990.25473673348,214.360209878868
"C6",1,220,2183.04290115388,166.500911565094
"C6",1,221,3073.02396006996,123.440100168602
"C6",1,222,3147.72425898619,218.956484177654
"C6",1,223,3740.14673652138,113.367522190362
"C6",1,224,3074.16359259608,157.596791338618
"C6",1,225,3047.54081298864,202.629287426049
"C6",1,226,4458.59618758432,139.434394233704
"C6",1,227,4018.20134602145,141.639508804565
"C6",1,228,1882.66652774616,182.015457070154
"C6",1,229,2911.54190525383,166.973556631543
"C6",1,230,2455.88135945163,147.537369399557
"C6",1,231,5428.68877496323,149.531298252908
"C6",1,232,2829.24910149027,172.544961290156
"C6",1,233,4061.02983757936,183.336433370696
"C6",1,234,3272.20343678442,224.713090797652
"C6",1,235,3281.6226576086,139.038386032981
"C6",1,236,3571.42771177829,225.832972564178
"C6",1,237,3093.01737674822,86.739182157856
"C6",1,238,3824.70274704467,127.745671505328
"C6",1,239,3619.86783011284,92.3549075248271
"C6",1,240,1936.17804071937,175.472078087185
"C6",1,241,2783.29076556197,181.043069036172
"C6",1,242,2807.48515751705,91.6987290707305
"C6",1,243,2820.42175524968,162.393223607839
"C6",1,244,3998.96366391488,114.306686289509
"C6",1,245,4315.27027578076,184.692142754711
"C6",1,246,2508.6492880347,82.254308029403
"C6",1,247,3606.07659927694,203.235865791144
"C6",1,248,2322.67405547763,157.779603381582
"C6",1,249,2782.18971748428,108.202865312927
"C6",1,250,3423.84915772109,155.853894399358
"C6",1,251,3058.30790816411,146.716648743048
"C6",1,252,2689.66234765793,141.776931295041
"C6",1,253,2256.9135936974,85.1325454217043
"C6",1,254,2966.17509748489,130.739492201549
"C6",1,255,3239.37353432687,151.333618858899
"C6",1,256,3621.67535934875,85.8373896358932
"C6",1,257,2543.1373824781,175.118069259137
"C6",1,258,3640.06697209318,228.655819302949
"C6",1,259,2327.12032184632,199.104360017296
"C6",1,260,2790.41598344009,120.073352123743
"C6",1,261,3537.78287740144,127.156689143237
"C6",1,262,2680.61339436112,136.715387275984
"C6",1,263,2615.302918276,190.294670769345
"C6",1,264,3164.50050505958,158.024023137431
"C6",1,265,3226.57592419383,112.747174860388
"C6",1,266,3900.86146905316,84.4007694707766
"C6",1,267,3024.96048480821,187.96485814893
"C6",1,268,1924.40893775019,107.801827481256
"C6",1,269,2708.12142588981,184.850603621889
"C6",1,270,2727.14714873931,163.65354577907
"C6",1,271,2500.75430802202,196.088550747156
"C6",1,272,3441.42777665752,214.708575052484
"C6",1,273,5076.32382204483,88.8352805251196
"C6",1,274,3795.62560356506,211.115182877224
"C6",1,275,3083.87033022029,194.390753946046
"C6",1,276,3577.75038805977,144.627255516954
"C6",1,277,4282.07618057519,159.012547221481
"C6",1,278,2968.04961712235,184.419919285082
"C6",1,279,3698.36035289443,193.025040517704
"C6",1,280,3621.42433734452,74.2978336342736
"C6",1,281,3108.02388065371,232.942849055364
"C6",1,282,3242.40950497795,89.6052258318028
"C6",1,283,3688.91825225933,55.9417940365548
"C6",1,284,3180.32101775261,207.711969282516
"C6",1,285,2945.36825290755,84.4203872773394
"C6",1,286,2754.50751493921,148.792843298367
"C6",1,287,3418.22155702767,92.6735552244291
"C6",1,288,3158.73350171981,70.2707845326156
"C6",1,289,2921.19629210494,137.894300197475
"C6",1,290,3332.44135224451,192.355601224947
"C6",1,291,2620.19980850752,175.794969005884
"C6",1,292,2598.1852937382,127.876309184041
"C6",1,293,4230.17459949735,159.212147646459
"C6",1,294,2538.98295298952,155.065242625125
"C6",1,295,3436.84104539553,158.823775571928
"C6",1,296,2473.71006602131,137.69808524034
"C6",1,297,3027.04276512843,178.047495130517
"C6",1,298,3492.77171160011,105.864874450429
"C6",1,299,2442.84741186602,178.875869788728
"C6",1,300,3646.27900334525,143.029614776042
"C6",1,301,3364.18642143166,143.220070398588
"C6",1,302,2962.54528201655,195.29020468169
"C6",1,303,3384.09990680189,138.621408899093
"C6",1,304,3256.28362644742,110.732487423121
"C6",1,305,2570.2624746732,99.848082924388
"C6",1,306,2152.20205984419,193.451637168234
"C6",1,307,3279.59882658655,43.3356311330476
"C6",1,308,2446.45912243071,139.154221321849
"C6",1,309,3173.58500797646,169.072819382283
"C6",1,310,1963.9428758872,91.2519795924047
"C6",1,311,2503.22563258435,160.348147936187
"C6",1,312,3404.08311064521,193.512000946712
"C6",1,313,3983.99209594275,68.7785706345044
"C6",1,314,3326.95891191143,115.639302057181
"C6",1,315,2454.17376306486,248.113122199191
"C6",1,316,2888.49695125702,127.268778926363
"C6",1,317,4020.22709500049,111.695277003559
"C6",1,318,3589.01319317593,117.114071912491
"C6",1,319,3790.28025424203,138.284030021005
"C6",1,320,3947.52571534239,169.295994312658
"C6",1,321,3483.10098291582,124.816636654229
"C6",1,322,4032.03499822732,170.085979958377
"C6",1,323,2470.08953319832,195.097637363773
"C6",1,324,3424.73394185432,176.809075611006
"C6",1,325,2945.38825900515,197.49128506477
"C6",1,326,3351.30417131863,119.955883240572
"C6",1,327,4194.04847819414,153.862930346799
"C6",1,328,3577.84511151712,193.214429575068
"C6",1,329,2727.77247965589,162.747894161739
"C6",1,330,2937.38441531207,170.634751692069
"C6",1,331,2486.49602989389,162.543033986004
"C6",1,332,3132.63931156326,169.145842533478
"C6",1,333,2825.30232644096,158.766353581409
"C6",1,334,3793.67952122252,105.030450089454
"C6",1,335,2830.45429677975,168.699966553624
"C6",1,336,3732.73603325896,137.231663882536
"C6",1,337,3740.54760040055,231.788943090077
"C6",1,338,2873.50233795151,133.520491519356
"C6",1,339,4269.86880732224,167.607569803593
"C6",1,340,3220.19322899593,61.336933795191
"C6",1,341,2710.38618346547,127.05606196494
"C6",1,342,3255.79951339389,118.577367555863
"C6",1,343,2456.77811114601,221.585177153354
"C6",1,344,3688.24495967713,152.44570245324
"C6",1,345,2528.62400891749,167.247813732825
"C6",1,346,4169.7447012571,175.014845602451
"C6",1,347,1644.34506072785,133.444426036767
"C6",1,348,2365.65490827978,175.035757084202
"C6",1,349,2946.240580655,235.331202025991
"C6",1,350,2674.47686002196,190.84963549784
"C6",1,351,4210.20887849342,195.720002910152
"C6",1,352,3154.6805210555,118.273858712405
"C6",1,353,3466.10331171859,168.95237696384
"C6",1,354,3730.52716799837,174.667321835767
"C6",1,355,3314.6584635178,127.244918495421
"C6",1,356,3920.75752822683,165.871027416797
"C6",1,357,3529.7871701541,258.676404519969
"C6",1,358,3723.66035314199,111.273338401929
"C6",1,359,2085.49440173384,187.647382560391
"C6",1,360,2355.25869944684,106.308943512387
"C6",1,361,1530.19438551005,177.599838464022
"C6",1,362,3010.04535219206,107.908761212952
"C6",1,363,4273.81737214857,189.517557584297
"C6",1,364,2466.19787583798,96.5780050600624
"C6",1,365,3436.29741668624,161.023883235356
"C6",1,366,3530.71712314023,227.065812938717
"C6",1,367,3378.89479946786,148.876295627528
"C6",1,368,2986.83303916831,154.680120289818
"C6",1,369,2736.39196803234,230.209515589488
"C6",1,370,2722.42402954657,261.814827658074
"C6",1,371,3213.08993536974,284.155255635334
"C6",1,372,4174.72880831586,140.318733778479
"C6",1,373,2604.86938614206,107.243170467049
"C6",1,374,3108.09920966521,192.557717120875
"C6",1,375,3274.45111745059,181.779772212842
"C6",1,376,3793.56011758008,224.260411718332
"C6",1,377,3026.50391223174,167.510668384185
"C6",1,378,3678.28798056899,168.040967972448
"C6",1,379,2077.45039394393,235.687931721658
"C11",1,1,3439.89150391877,180.645606431402
"C11",1,2,2445.0888994781,219.149080537076
"C11",1,3,2561.29096787752,126.413301156203
"C11",1,4,4729.08953352454,206.234947366577
"C11",1,5,2153.01333231172,127.755374203588
"C11",1,6,2537.75375194813,190.840694244995
"C11",1,7,2764.39540257483,161.703729905196
"C11",1,8,2753.18323492615,117.478027600623
"C11",1,9,2355.85596350537,207.392518586507
"C11",1,10,3059.20588340499,196.130219933361
"C11",1,11,2421.46846763668,116.569687383852
"C11",1,12,4206.84540993023,161.885090237252
"C11",1,13,3292.63469396479,286.119903521411
"C11",1,14,3843.61084261523,122.406860469705
"C11",1,15,2145.92905745546,151.664356875309
"C11",1,16,3189.15717694942,230.144653492225
"C11",1,17,3609.18176064885,104.315113660697
"C11",1,18,3273.58406676325,279.02068182555
"C11",1,19,3213.19747188442,126.634892762113
"C11",1,20,2424.28990994768,133.928390183891
"C11",1,21,2728.46215277787,158.072312193979
"C11",1,22,2896.32394454766,213.733821088732
"C11",1,23,2598.22158780515,321.777140827169
"C11",1,24,3772.85536711712,184.165731759104
"C11",1,25,4519.70970190253,190.980810960228
"C11",1,26,4186.38506130946,91.3235662853431
"C11",1,27,3517.13017158001,167.062086941863
"C11",1,28,3111.26923230886,42.0108680464541
"C11",1,29,3632.0042962311,147.086337833463
"C11",1,30,2608.53934445698,233.071254699546
"C11",1,31,3398.68783437153,150.096497515392
"C11",1,32,3324.84964851582,157.117868328662
"C11",1,33,1441.23258923558,161.952232068174
"C11",1,34,4622.47776470513,153.813525518324
"C11",1,35,2201.32892387102,165.002479112299
"C11",1,36,1230.59177033077,84.4383290493821
"C11",1,37,3199.74314588964,135.956428405486
"C11",1,38,3280.55922101573,142.920617599609
"C11",1,39,3193.99592657726,188.488668401345
"C11",1,40,3305.4234603861,170.368831818548
"C11",1,41,2311.304496514,122.070376387267
"C11",1,42,3644.37282811764,202.450692245435
"C11",1,43,4235.5156860073,221.329271055267
"C11",1,44,2570.95356233706,96.0291164646146
"C11",1,45,3429.40567721958,169.200555532747
"C11",1,46,2996.82476176461,122.548711697025
"C11",1,47,3154.41057158684,129.592573438496
"C11",1,48,3931.78134114519,180.993181236416
"C11",1,49,3408.32615708026,202.092489781706
"C11",1,50,4648.8807994103,179.007846836834
"C11",1,51,2950.78204514387,133.25778347985
"C11",1,52,4311.45746987353,216.485600465091
"C11",1,53,2858.25832690856,211.594481592324
"C11",1,54,3026.50819875313,110.5308712215
"C11",1,55,2954.66177958898,175.658426278076
"C11",1,56,3415.92652248434,102.016761482343
"C11",1,57,3549.90067010538,233.336676953526
"C11",1,58,3308.87081510122,173.502978901406
"C11",1,59,3649.49400058692,213.35676605935
"C11",1,60,2613.5507432008,179.407190075305
"C11",1,61,3020.84111285951,154.586480665062
"C11",1,62,3689.10151043223,197.524427107795
"C11",1,63,3978.55892833864,104.834112662124
"C11",1,64,3453.75582707377,88.3658786801156
"C11",1,65,3732.04236913687,128.44231808326
"C11",1,66,3830.04586884841,173.180897552074
"C11",1,67,3656.98174630151,139.315596474738
"C11",1,68,3032.21174939179,136.744062905227
"C11",1,69,3076.74206127155,206.042575202289
"C11",1,70,3666.49537428965,134.890364306075
"C11",1,71,2858.4621322846,208.722843590334
"C11",1,72,3101.01218207927,121.353204113632
"C11",1,73,3131.14474384683,147.175831866163
"C11",1,74,2009.89324490682,118.684332761073
"C11",1,75,3450.6416735052,138.690033919858
"C11",1,76,3627.50513193215,101.91515658293
"C11",1,77,3154.1724747214,182.349348616634
"C11",1,78,4545.55039995828,219.115714941763
"C11",1,79,3068.16322312307,174.167934708736
"C11",1,80,3634.09942758821,245.613392233057
"C11",1,81,3599.44859617867,77.9949997625096
"C11",1,82,3788.50929338765,122.422396302712
"C11",1,83,3513.2840651123,186.232220134559
"C11",1,84,3056.53956465189,191.668964419629
"C11",1,85,3622.51493687037,176.349835952462
"C11",1,86,3390.1417556099,247.284249605758
"C11",1,87,3382.64160512603,243.769478322169
"C11",1,88,3739.69268743634,87.0347819299049
"C11",1,89,3779.54973517633,139.129787356604
"C11",1,90,3193.60785179283,88.2983314663689
"C11",1,91,2908.19813376369,108.461301384681
"C11",1,92,4196.17501559577,172.41281970736
"C11",1,93,3239.75941419667,177.570388698357
"C11",1,94,2917.80113152575,120.977415253221
"C11",1,95,2490.32123984135,175.080022243387
"C11",1,96,3402.4921124821,123.60822859119
"C11",1,97,3490.36294049338,172.470693444188
"C11",1,98,2346.46054912152,165.657262776108
"C11",1,99,2188.73413284907,145.799370965179
"C11",1,100,3338.14783965396,111.995376851231
"C11",1,101,2585.82525850175,136.733746995373
"C11",1,102,4211.4614749873,184.557310206142
"C11",1,103,2369.60044694524,135.290907806147
"C11",1,104,2038.32266412267,143.724610419621
"C11",1,105,3147.6140449172,106.511965902078
"C11",1,106,3551.00381781614,138.29426015886
"C11",1,107,3317.6608593123,158.757167809939
"C11",1,108,3109.35527203641,123.544557726929
"C11",1,109,3484.10061899506,140.864383033574
"C11",1,110,2623.71076704222,104.965293982776
"C11",1,111,3370.24395008211,197.458237862023
"C11",1,112,2574.73454992078,270.488758895501
"C11",1,113,2596.70385895551,138.738488553998
"C11",1,114,3280.0366014439,183.33331436448
"C11",1,115,3508.59868138631,239.098372353435
"C11",1,116,2548.15882621681,140.777791876369
"C11",1,117,2036.76683564038,140.541750795745
"C11",1,118,2430.23751674329,192.363757138524
"C11",1,119,1699.84775910834,112.38271003585
"C11",1,120,3296.76288899982,151.343174845518
"C11",1,121,3638.5765776973,132.341746236944
"C11",1,122,4551.44685888011,111.608148809167
"C11",1,123,2528.95371395959,181.034797934353
"C11",1,124,2845.59664040633,153.059305341228
"C11",1,125,3118.61839938507,268.476289620655
"C11",1,126,3378.18727602968,17.8491052482962
"C11",1,127,2601.23876421447,192.264096475137
"C11",1,128,3896.99913474761,118.93391464597
"C11",1,129,2915.23312989822,145.688541521096
"C11",1,130,3938.87793086648,105.5599508062
"C11",1,131,1978.08626957927,188.920024442764
"C11",1,132,3078.32400100279,227.770888464093
"C11",1,133,3459.33104819166,184.455610030163
"C11",1,134,2830.85680671848,114.407173782168
"C11",1,135,2840.98492263404,240.723873442126
"C11",1,136,2721.69930491745,151.813666720724
"C11",1,137,3277.56553013096,168.936935089091
"C11",1,138,4146.72376944626,157.538068558543
"C11",1,139,2431.77566647508,149.20996382098
"C11",1,140,3125.74740571319,164.048854152032
"C11",1,141,2838.0748515235,108.472363170807
"C11",1,142,4259.902416106,217.660565116143
"C11",1,143,4645.79613680143,192.316444246928
"C11",1,144,3575.54984587931,163.941427768917
"C11",1,145,3249.7331563345,207.270286492623
"C11",1,146,4224.68735224115,98.892560463869
"C11",1,147,2853.78865127138,214.256448180271
"C11",1,148,3157.38471389723,170.600093676382
"C11",1,149,3987.6714343591,185.161051345577
"C11",1,150,3279.28530154812,137.214400296101
"C11",1,151,2843.44036502146,120.885320672941
"C11",1,152,3338.73976388407,132.689847481477
"C11",1,153,2864.27463086976,211.812652313761
"C11",1,154,4602.43881716508,214.538832751631
"C11",1,155,2912.58229468048,237.743619905337
"C11",1,156,3905.57193676676,156.900139725231
"C11",1,157,3200.85528454852,122.197177862327
"C11",1,158,4197.76327755101,233.623308687631
"C11",1,159,3898.04326048354,82.4027552450729
"C11",1,160,2713.43230433368,152.055731085542
"C11",1,161,3411.54319660411,190.16285098945
"C11",1,162,3090.63767890288,101.885763046022
"C11",1,163,3577.08714361497,81.9952108104564
"C11",1,164,3165.2293170377,184.45927928067
"C11",1,165,3552.75098994381,241.052525373839
"C11",1,166,3112.26567193961,124.263173578072
"C11",1,167,3916.73180195142,125.665628141667
"C11",1,168,3434.87520742095,112.919811694095
"C11",1,169,2213.10092985884,234.236299950196
"C11",1,170,3184.45274042183,124.603240281467
"C11",1,171,2947.50282144997,118.127809678684
"C11",1,172,4037.32755398208,119.798500531527
"C11",1,173,2336.24799735445,130.604800516546
"C11",1,174,1666.25377422359,130.114102902523
"C11",1,175,3550.75649723551,190.322373728008
"C11",1,176,3906.471548092,175.086405636041
"C11",1,177,3539.68276708753,183.737412701246
"C11",1,178,4214.58698788614,128.489985505853
"C11",1,179,3876.46676577875,196.225715503578
"C11",1,180,2502.26740131441,15
"C11",1,181,3897.89374576012,216.385108568359
"C11",1,182,2758.41751937078,169.992319167169
"C11",1,183,4028.81566853405,139.744890685581
"C11",1,184,3944.66143072425,183.776374962281
"C11",1,185,3162.65896989072,98.8438958031738
"C11",1,186,4000.95286875993,128.364322270586
"C11",1,187,2999.07685835684,165.458580883986
"C11",1,188,3958.25419931175,81.8721707931953
"C11",1,189,1470.17408735723,157.987728359258
"C11",1,190,2411.45579064626,158.183503514064
"C11",1,191,3310.66806841392,146.053720925405
"C11",1,192,2817.00524770383,95.3435275310304
"C11",1,193,1199.03132255586,218.340040307263
"C11",1,194,2573.57703171681,85.731297644367
"C11",1,195,4410.4689393451,86.1439794840094
"C11",1,196,2293.41583244571,130.867982186655
"C11",1,197,3325.20353087005,237.465189545613
"C11",1,198,2829.5760160822,165.344146538249
"C11",1,199,3213.73700131936,172.978336437639
"C11",1,200,3066.97628922731,149.200564905635
"C11",1,201,3098.06432139368,173.542370582554
"C11",1,202,3108.11888362265,191.659462370195
"C11",1,203,1567.2548079313,195.373466575732
"C11",1,204,3200.41968846884,228.534073419601
"C11",1,205,3296.26397363635,121.097193296119
"C11",1,206,3509.25251568847,152.09432275513
"C11",1,207,4225.42937969486,180.676933160381
"C11",1,208,3227.57010514913,201.253786266429
"C11",1,209,3403.0789219939,143.348887561167
"C11",1,210,2129.257767669,192.53869827052
"C11",1,211,3274.68101069425,132.577365853127
"C11",1,212,2033.41109123176,142.926177366577
"C11",1,213,4698.86697876755,210.607188312575
"C11",1,214,2932.23307336415,65.8622749073736
"C11",1,215,3464.12066751976,171.077337036161
"C11",1,216,3531.00184882247,206.296999581107
"C11",1,217,2219.38026368396,142.761150913869
"C11",1,218,3550.16064304975,191.242786486481
"C11",1,219,2395.32504127564,124.675185312952
"C11",1,220,3543.8792506199,168.560370718169
"C11",1,221,2735.89618183799,160.488937845785
"C11",1,222,2690.04695635654,158.570414091694
"C11",1,223,3510.65463657306,96.2106367927213
"C11",1,224,3474.82046431019,151.870597946466
"C11",1,225,3013.32000162843,119.30236659913
"C11",1,226,2647.75293160796,142.019635927832
"C11",1,227,3345.50431657615,211.212199763391
"C11",1,228,3163.43466358994,131.670370897155
"C11",1,229,3919.62535990471,158.363541946482
"C11",1,230,2725.9370480694,165.151181091556
"C11",1,231,3107.69939448697,150.526698279379
"C11",1,232,4903.08741260165,200.304524527849
"C11",1,233,2237.06268077761,157.877608808027
"C11",1,234,3437.93856677019,167.744911283176
"C11",1,235,3507.98788567332,115.485939975855
"C11",1,236,2863.33212508374,140.887046189352
"C11",1,237,2667.74295272845,127.649778398758
"C11",1,238,2107.09695421959,183.713914601276
"C11",1,239,2136.80266249698,217.576446164616
"C11",1,240,3001.98448210946,136.968425315187
"C11",1,241,4139.59010678435,49.2368807577145
"C11",1,242,3240.28076307397,117.724361374293
"C11",1,243,4359.28978034335,113.286205266313
"C11",1,244,2748.32278342656,219.037739362883
"C11",1,245,3633.95195017348,167.149684197883
"C11",1,246,3293.29895437689,238.236872969907
"C11",1,247,3471.98756819167,180.045206377269
"C11",1,248,3354.05115343169,82.6221389643873
"C11",1,249,3783.2956802155,184.745530912922
"C11",1,250,3194.20112641976,122.607305257467
"C11",1,251,3926.37676184222,160.030167969518
"C11",1,252,3567.63868807417,154.917331443762
"C11",1,253,3192.84700974976,152.797092868517
"C11",1,254,3115.39250934667,143.431547163307
"C11",1,255,2242.49659160447,256.060407730661
"C11",1,256,2713.54955073564,235.49274289884
"C11",1,257,3002.51932776528,115.535780096442
"C11",1,258,3901.72573180193,169.93401035238
"C11",1,259,3793.48926428486,217.568233997695
"C11",1,260,2595.29374041761,215.126278533534
"C11",1,261,2842.75795753159,115.230847696836
"C11",1,262,4502.85454927021,230.490044942375
"C11",1,263,2140.61217897784,124.770210148206
"C11",1,264,3334.51404738255,166.332126663419
"C11",1,265,3408.24196968094,168.437790189672
"C11",1,266,2823.72258244423,64.0004437723098
"C11",1,267,2170.63215569059,153.334628988315
"C11",1,268,2904.86191165541,54.9806713490032
"C11",1,269,5216.39324792699,61.6830747909112
"C11",1,270,3117.67491685771,176.025771620861
"C11",1,271,3032.65927534613,177.0621710317
"C11",1,272,3334.52519621583,208.716735034968
"C11",1,273,2323.38804484415,178.977309910969
"C11",1,274,3763.39739539992,126.311535219293
"C11",1,275,3739.54707723713,119.963646294812
"C11",1,276,2938.89111844666,200.227725339611
"C11",1,277,3244.5003844508,232.551782437886
"C11",1,278,2821.22114143684,199.939685551232
"C11",1,279,3717.41879857053,170.846239468984
"C11",1,280,1955.91592000827,156.55014018588
"C11",1,281,3033.3117513247,241.420848105375
"C11",1,282,3667.56624137425,35.4156509288843
"C11",1,283,4465.50232875837,209.64545504844
"C11",1,284,2518.62387386891,151.61523590235
"C11",1,285,2361.03342773011,103.64494101784
"C11",1,286,3118.841742451,201.833102020037
"C11",1,287,3156.86057335357,110.986067675828
"C11",1,288,3768.53168893656,177.200299411489
"C11",1,289,3114.20891973973,169.276728058879
"C11",1,290,2769.48628742783,167.059980649764
"C11",1,291,4617.45443394789,67.3951298610291
"C11",1,292,2953.1352200064,168.121000904934
"C11",1,293,3860.65838238602,135.341051858438
"C11",1,294,3758.31225324446,124.810746673129
"C11",1,295,2870.19296930914,100.818964682573
"C11",1,296,4446.8272687818,103.065090898305
"C11",1,297,2333.1510149383,117.719826573457
"C11",1,298,2496.69594591481,222.349520403752
"C11",1,299,4075.3413492836,194.758250594489
"C11",1,300,2031.90632041851,173.741624015402
"C11",1,301,3678.01789916313,245.824263632491
"C11",1,302,3348.08713659994,240.604059868256
"C11",1,303,3754.60499057203,205.148038405041
"C11",1,304,3786.07691924014,100.82790068791
"C11",1,305,2700.8368107608,231.654001195468
"C11",1,306,2686.68326794776,149.893668225781
"C11",1,307,3810.72171018473,147.866435104125
"C11",1,308,3866.28801975032,171.877005979783
"C11",1,309,2364.74619988507,163.146885777115
"C11",1,310,2276.08122926335,135.305997322255
"C11",1,311,2394.00513425801,194.243473752078
"C11",1,312,3188.91570478292,135.897875478454
"C11",1,313,3184.20472708507,131.760241632416
"C11",1,314,4945.69391320861,147.285329624764
"C11",1,315,3603.18396332723,122.015856437155
"C11",1,316,3086.79967800525,167.684100318017
"C11",1,317,2804.04485037543,155.137325079304
"C11",1,318,2798.70764472441,145.204971181438
"C11",1,319,2735.09656017894,183.189569078147
"C11",1,320,2379.38963406165,68.7584530808427
"C11",1,321,3331.07330823828,172.622095596468
"C11",1,322,808.110420173728,205.062412724039
"C11",1,323,2322.91681859991,204.022034492813
"C11",1,324,3943.67262488505,271.588504941492
"C11",1,325,3311.89769625096,128.00825848156
"C11",1,326,3615.9733028175,110.994817275442
"C11",1,327,2757.73197313731,176.304898799476
"C11",1,328,4257.17341490484,75.7368802483327
"C11",1,329,2976.9172419349,220.53457859928
"C11",1,330,3640.51610978716,107.644320468629
"C11",1,331,3210.25495753898,181.927338785043
"C11",1,332,3559.32088765739,143.109740579374
"C11",1,333,2868.90961060393,41.0261807128108
"C11",1,334,4133.00585412197,172.967244620153
"C11",1,335,2811.77469917709,104.849765861116
"C11",1,336,5344.95247537961,206.115052955398
"C11",1,337,3078.70344870238,37.4254495177988
"C11",1,338,3294.59487035431,153.449809038753
"C11",1,339,2734.89229793595,107.330149481663
"C11",1,340,3749.77146875531,216.358295065711
"C11",1,341,3341.65961007137,123.608268038563
"C11",1,342,3676.49849392873,206.767029460409
"C11",1,343,3734.87803197135,136.585394808212
"C11",1,344,2623.33419391309,166.491053438408
"C11",1,345,3819.39978272983,233.117642059721
"C11",1,346,2307.58446664887,125.891531217846
"C11",1,347,3315.02227135298,250.930919337037
"C11",1,348,3884.46662551782,209.307918412364
"C11",1,349,2006.40168116754,224.230066088342
"C11",1,350,2868.95029355545,47.6799715299863
"C11",1,351,2897.77928543922,151.574168420587
"C11",1,352,1653.27296137785,86.6691686242137
"C11",1,353,3048.07634285125,197.96375179946
"C11",1,354,4255.69151717787,221.138851461498
"C11",1,355,2144.45444825357,129.12323054292
"C11",1,356,2375.41122187438,134.411302888824
"C11",1,357,2905.19338020698,78.9209903507783
"C11",1,358,3155.40271670943,199.54688176673
"C11",1,359,3278.69405544293,233.076097760927
"C11",1,360,3341.74641357373,75.0033892143286
"C11",1,361,2991.34816133919,69.3742627377146
"C11",1,362,4969.39768801605,217.20705487107
"C11",1,363,2864.27409586236,227.427092861822
"C11",1,364,2198.48247515836,178.577822753663
"C11",1,365,2026.41388548934,172.112451615108
"C11",1,366,3050.39033216965,128.937072595092
"C11",1,367,2795.23721257455,176.95190352769
"C11",1,368,3987.17654026599,137.392993698416
"C11",1,369,3059.6064263135,262.161660626295
"C11",1,370,3259.40154475972,137.533115746213
"C11",1,371,1986.76025076785,15
"C11",1,372,3020.0465125133,184.998110453804
"C11",1,373,2996.08480729776,97.1429205158911
"C11",1,374,2147.72261823238,201.138071407997
"C11",1,375,2515.28626247863,82.6951959323795
"C11",1,376,2545.10633398304,147.060962050586
"C11",1,377,3820.39488338209,179.520368856204
"C11",1,378,3618.52016188565,150.13648984601
"C11",1,379,3720.81871248133,62.6525260264043
"C11",1,380,4254.36614805051,88.6180913291475
"C11",1,381,2958.95405712062,117.47909788712
"C11",1,382,4087.29268261345,241.223454648893
"C11",1,383,3000.6989947988,153.668091930067
"C11",1,384,4067.13490133147,223.780101373902
"C11",1,385,2260.21548192871,168.974808835791
"C11",1,386,2746.84777936723,135.291306031319
"C11",1,387,3885.06197057463,216.379673308454
"C11",1,388,4443.09226090463,102.652522570781
"C11",1,389,3170.84181212412,234.0509298543
"C11",1,390,2951.53141086194,205.80956062292
"C11",1,391,3669.55013061636,176.756550855237
"C11",1,392,3109.51731154861,188.733766423722
"C11",1,393,3210.21927378837,170.180983094332
"C11",1,394,3389.16011333514,137.647940398921
"C11",1,395,4017.12960496085,142.823703622229
"C11",1,396,2400.82557487534,129.80821017646
"C11",1,397,2869.05889337748,221.933625923611
"C11",1,398,3650.23973480899,189.974602665316
"C11",1,399,1592.18157479149,154.563312120187
"C11",1,400,4171.58236526225,103.057151762355
"C7",1,1,2414.65412392169,67.170907086683
"C7",1,2,2547.89712184878,156.857231701189
"C7",1,3,2368.68597436818,149.578744618339
"C7",1,4,3169.66553130886,153.458268244354
"C7",1,5,4262.43108163042,166.061105959462
"C7",1,6,2725.47959641158,253.086817254719
"C7",1,7,2728.58135435814,56.2251476937843
"C7",1,8,3181.00537952419,211.860037266979
"C7",1,9,2468.39274821523,121.982964977875
"C7",1,10,3961.22919515494,207.108584046866
"C7",1,11,2973.56952000643,137.629559043089
"C7",1,12,4048.29077556837,203.085407884918
"C7",1,13,3679.58868359404,148.90376986338
"C7",1,14,3796.21908853726,129.477412613938
"C7",1,15,2090.64690837749,98.5886095435047
"C7",1,16,1939.48946084275,110.119781404005
"C7",1,17,3244.23160618639,141.855768854181
"C7",1,18,2931.27198535053,157.982536506371
"C7",1,19,2945.56260930943,185.716582466529
"C7",1,20,3123.35156524754,156.187487460266
"C7",1,21,4400.43810448455,221.621048884441
"C7",1,22,2853.64772345635,98.0066667699381
"C7",1,23,2736.78234481871,187.743766804671
"C7",1,24,4420.50427632166,205.833341102739
"C7",1,25,3367.74160758006,185.513257439091
"C7",1,26,3381.81515593808,153.548143264742
"C7",1,27,2228.72547425247,134.731505612487
"C7",1,28,3761.93123879337,89.5194537258885
"C7",1,29,4076.49153989847,82.817064846706
"C7",1,30,3735.72007020189,194.931011259569
"C7",1,31,2337.82445787198,144.093696443492
"C7",1,32,4287.78106361826,84.2852636088379
"C7",1,33,2976.66254397751,185.768969287799
"C7",1,34,4577.45835817956,199.480339825988
"C7",1,35,3548.55532246092,52.4498412348084
"C7",1,36,3512.20943781815,251.910939316393
"C7",1,37,4705.75551299329,221.754274881087
"C7",1,38,4106.25074871075,96.6870184022981
"C7",1,39,3545.5175115604,119.788949097538
"C7",1,40,2610.45233005165,170.417474167339
"C7",1,41,3876.22553065387,178.220597834052
"C7",1,42,3776.53668646308,100.473339334568
"C7",1,43,2815.13151312566,128.144750964482
"C7",1,44,3035.6295095752,314.186976945579
"C7",1,45,2993.64241177144,206.874908591615
"C7",1,46,1967.17136969796,229.526899341287
"C7",1,47,3708.69968786688,120.328758323999
"C7",1,48,2083.54288172663,144.61836383524
"C7",1,49,3459.09350373376,92.4311078928476
"C7",1,50,2040.08937834672,178.121864076967
"C7",1,51,3917.31022184514,157.487551161772
"C7",1,52,3816.78406300086,275.590972296922
"C7",1,53,4604.34363122333,144.09183345031
"C7",1,54,2310.62833564905,160.535218758495
"C7",1,55,3916.17484774135,112.940710541206
"C7",1,56,3038.43135665857,171.517095530529
"C7",1,57,3361.96879561701,120.807452443853
"C7",1,58,2889.37674989126,108.077533919569
"C7",1,59,3511.28470163768,154.790262569461
"C7",1,60,2366.49138223482,114.83486946811
"C7",1,61,2523.40166579211,116.875541011281
"C7",1,62,3815.45521517572,185.488204238767
"C7",1,63,1035.38815626136,214.443998355283
"C7",1,64,2995.42020157663,203.449175077016
"C7",1,65,2866.97712011397,159.741337385318
"C7",1,66,3759.8833326164,164.552026982694
"C7",1,67,3522.96599350178,122.122716339793
"C7",1,68,2184.30661549444,174.757350203113
"C7",1,69,4312.16026958065,209.935229191843
"C7",1,70,3991.79618291308,111.405437118884
"C7",1,71,4278.30136322907,209.962314973707
"C7",1,72,2470.32514024142,127.51516088222
"C7",1,73,4628.46326952012,181.51013053642
"C7",1,74,4104.21649723758,90.5779030245626
"C7",1,75,4067.59820283451,168.557302708445
"C7",1,76,2292.37011217829,225.535073395441
"C7",1,77,3148.97807618896,156.087675633902
"C7",1,78,3341.20896428322,80.8618266152299
"C7",1,79,2173.6190228273,241.568321993413
"C7",1,80,3048.89715327658,118.903959033453
"C7",1,81,3783.12593551199,110.974832542407
"C7",1,82,3436.17742880841,129.224779142187
"C7",1,83,3380.94858230471,110.221779836848
"C7",1,84,4285.10445112826,169.861690194456
"C7",1,85,2634.03166002559,176.658464058985
"C7",1,86,3794.81778327828,141.944780806073
"C7",1,87,4000.72193026259,201.116252815158
"C7",1,88,2219.65949624441,182.28967915577
"C7",1,89,1706.98411628351,96.0429527236988
"C7",1,90,3920.43110380787,192.980886532438
"C7",1,91,3011.96306514989,95.0501787300612
"C7",1,92,4996.40099393991,155.811033408316
"C7",1,93,3438.97577266413,146.326276165777
"C7",1,94,3179.34872494208,120.056836091544
"C7",1,95,1901.81147102193,216.309902076959
"C7",1,96,2592.95191566353,161.290160391873
"C7",1,97,2165.975100772,185.928354854848
"C7",1,98,5336.55802497226,157.740236153327
"C7",1,99,2240.27728977125,115.784728382445
"C7",1,100,3666.04482142066,189.05974084396
"C7",1,101,4206.12068183064,120.157328833646
"C7",1,102,2957.1412084165,202.477547456723
"C7",1,103,3308.28760315029,280.853530558155
"C7",1,104,2388.61041205193,177.158515487195
"C7",1,105,3195.5169934449,193.737374514252
"C7",1,106,2929.24573693311,181.860682621388
"C7",1,107,2634.99159634747,222.547501694854
"C7",1,108,3647.73281486524,97.5408775470033
"C7",1,109,2575.44547198549,112.170658872936
"C7",1,110,2041.23149321125,163.695991690825
"C7",1,111,3817.24267801338,157.013272740457
"C7",1,112,3351.49842882012,102.456614681122
"C7",1,113,1982.86378507408,72.3101367623963
"C7",1,114,2672.13284177713,136.418375416484
"C7",1,115,3838.43457492168,242.258768897015
"C7",1,116,2451.86577367298,272.208181519554
"C7",1,117,3781.17109619966,201.760267315181
"C7",1,118,2954.39405198957,78.9836383178934
"C7",1,119,2136.53221938237,197.480746703016
"C7",1,120,3553.10027164959,132.990819215751
"C7",1,121,1333.32228957059,166.400125202464
"C7",1,122,2714.87011133626,193.875492628708
"C7",1,123,3135.51184931451,242.996639140795
"C7",1,124,3388.19143286676,166.719230151364
"C7",1,125,3392.7527598166,124.828936588202
"C7",1,126,3285.93114672141,198.24712292745
"C7",1,127,4238.72019406206,200.98819106759
"C7",1,128,4485.97311179136,205.192183620767
"C7",1,129,4573.95869098656,217.1895542449
"C7",1,130,2216.51535195748,174.437680090979
"C7",1,131,2595.15402440517,112.836807867881
"C7",1,132,2255.98861608918,166.660913056124
"C7",1,133,2886.16574666826,71.8931520690771
"C7",1,134,3429.00543591591,217.540231969303
"C7",1,135,3340.29634757692,185.283361334945
"C7",1,136,3026.60569312696,195.134791950724
"C7",1,137,3083.52392998736,168.054412826135
"C7",1,138,2886.43719468259,40.4388005513854
"C7",1,139,2554.51279351355,129.515669347496
"C7",1,140,2649.76469907118,207.216178574349
"C7",1,141,2578.21153152037,146.315281992144
"C7",1,142,2819.59169153421,201.851791276216
"C7",1,143,2154.09425433014,113.118800544002
"C7",1,144,4124.65690109239,172.906040931558
"C7",1,145,4663.33774286964,132.598664418851
"C7",1,146,2218.33673236731,127.542231872742
"C7",1,147,4141.64070115831,150.708222780918
"C7",1,148,3284.933107964,245.738060918814
"C7",1,149,3220.06590936358,168.610757975152
"C7",1,150,3243.84272406341,171.121923026642
"C7",1,151,3542.86523783763,239.592054524517
"C7",1,152,3277.03524152329,145.615254703856
"C7",1,153,2554.31235075046,185.886262729513
"C7",1,154,3303.57494993178,123.845457387281
"C7",1,155,3855.90472029661,202.417778768491
"C7",1,156,3023.06784529546,92.6509395814131
"C7",1,157,2281.68450848205,157.208696714824
"C7",1,158,1961.52298539079,216.385898974916
"C7",1,159,3667.02922634728,226.921976126292
"C7",1,160,3152.05902175305,155.676436394449
"C7",1,161,2755.06766518503,40.5128181690688
"C7",1,162,3369.20252264191,242.262443679894
"C7",1,163,2678.00524812285,128.872914776045
"C7",1,164,3138.22355931874,195.908857520645
"C7",1,165,3414.40706230655,75.1678579046881
"C7",1,166,1670.83026912999,137.692301207221
"C7",1,167,2461.75960391443,241.553036620146
"C7",1,168,2208.77241681783,177.146809943522
"C7",1,169,2272.01760730874,177.177715777436
"C7",1,170,4364.37655377862,204.899212488628
"C7",1,171,4087.70303772534,91.7633183477554
"C7",1,172,3773.251642566,161.588843665847
"C7",1,173,2921.91249180292,183.743731444669
"C7",1,174,4088.39645982816,216.641978886274
"C7",1,175,2284.1420889549,119.530061088144
"C7",1,176,1703.01946475334,171.711996575468
"C7",1,177,929.715710927006,193.312700552892
"C7",1,178,3370.4851582858,345.786036293975
"C7",1,179,3227.35295679992,239.493391903772
"C7",1,180,2607.43140001703,41.4706682839628
"C7",1,181,3566.86887506,160.861370643219
"C7",1,182,3231.77547489218,169.554103688146
"C7",1,183,2973.08108612978,200.908110895133
"C7",1,184,4155.66621754085,125.038594692795
"C7",1,185,4279.96157829662,209.82257648332
"C7",1,186,3981.81902578245,125.362732321584
"C7",1,187,3647.44301064913,154.825847658065
"C7",1,188,2448.90098590506,190.193303215936
"C7",1,189,3013.75511270192,129.597750832027
"C7",1,190,3166.6958200329,164.243306026
"C7",1,191,3312.18933759116,238.899509937375
"C7",1,192,4038.43503652904,136.817312814719
"C7",1,193,2135.39711566947,102.07364970515
"C7",1,194,2183.28570148683,196.184282048897
"C7",1,195,3154.96552999657,120.772966940836
"C7",1,196,2096.81930595487,146.579998723987
"C7",1,197,4037.52947288386,185.389963291202
"C7",1,198,3073.89004268415,183.066550195082
"C7",1,199,1180.39906307971,218.972479278202
"C7",1,200,3021.14068188906,126.030183329291
"C7",1,201,3358.55834938616,144.069421501688
"C7",1,202,2621.56205143016,127.099035306775
"C7",1,203,2250.64275740593,151.869200986219
"C7",1,204,3209.76964156026,259.467455986656
"C7",1,205,4117.91411423225,156.947402945152
"C7",1,206,2840.40333323294,158.609500804087
"C7",1,207,4032.73174150147,185.576294665056
"C7",1,208,4250.90266392869,99.1623308363226
"C7",1,209,2251.9530294118,207.680051354008
"C7",1,210,3849.20986425312,157.081797740491
"C7",1,211,3119.0145762911,124.752691396077
"C7",1,212,3384.32142744181,178.715791093266
"C7",1,213,4516.397192496,150.841634142092
"C7",1,214,3935.37130610768,152.419261508604
"C7",1,215,2838.15715634346,154.256268064167
"C7",1,216,2074.37619880078,237.360260710982
"C7",1,217,3472.33543249962,132.354506753412
"C7",1,218,3595.67949612776,207.712983862273
"C7",1,219,4110.18080949004,168.221005373938
"C7",1,220,4272.04875009467,146.113729458551
"C7",1,221,3361.59413959679,127.779019038807
"C7",1,222,3325.66474848724,141.644699513137
"C7",1,223,3530.54295550376,146.204333805178
"C7",1,224,4012.58469721684,214.531075175485
"C7",1,225,3325.55378494325,120.931353943195
"C7",1,226,2908.21055259958,242.166186688219
"C7",1,227,2409.36370166451,151.46073869745
"C7",1,228,3210.22942460135,127.317904494654
"C7",1,229,3188.54224877511,124.604523473054
"C7",1,230,3200.31404313139,169.405274317838
"C7",1,231,2904.37777129742,247.401739861131
"C7",1,232,2756.74813667313,148.786958042261
"C7",1,233,3894.47951802255,155.214222590838
"C7",1,234,3092.39723032385,170.253620243957
"C7",1,235,4368.90305288033,163.170584903637
"C7",1,236,2612.7917619034,122.916778469684
"C7",1,237,1817.03954489829,209.414559956567
"C7",1,238,3080.0205699637,98.4737883717505
"C7",1,239,3883.95798053298,110.995981906739
"C7",1,240,3084.88994594526,139.228433356009
"C7",1,241,2015.85373168768,146.077952975011
"C7",1,242,2762.99719897408,212.704967377154
"C7",1,243,3170.72104600281,128.847052405809
"C7",1,244,4178.2298650808,151.090408887119
"C7",1,245,4042.47682848018,143.380714736082
"C7",1,246,3808.33709208628,240.194191539063
"C7",1,247,3553.53658826186,232.441073039356
"C7",1,248,2589.79972923891,107.080017498181
"C7",1,249,3808.36415866345,181.825716917275
"C7",1,250,4113.80081421963,95.1399263058791
"C7",1,251,3756.65007548452,118.546328486327
"C7",1,252,4082.40734153884,130.91943788143
"C7",1,253,3428.08047498712,117.634909553403
"C7",1,254,3963.91358377507,171.429664599005
"C7",1,255,4252.67643332213,144.340716677775
"C7",1,256,2473.78729890079,175.310106406131
"C7",1,257,4339.34894053731,221.481877860044
"C7",1,258,3773.65122466688,218.555146235634
"C7",1,259,3729.02882025692,56.4355677451801
"C7",1,260,3255.16082744599,147.27941448491
"C7",1,261,2483.74060551326,183.819827005104
"C7",1,262,2262.43264631684,218.24179561901
"C7",1,263,3427.02278121314,131.474227790778
"C7",1,264,3091.74827257007,166.391396431999
"C7",1,265,3998.7723290554,241.602931494454
"C7",1,266,3187.75959817307,169.949693483799
"C7",1,267,2921.68512332505,253.795153390411
"C7",1,268,4333.52833654347,49.162243253043
"C7",1,269,3000.99295002821,261.693890103035
"C7",1,270,2694.15491665749,41.2506929195216
"C7",1,271,3703.66945813642,216.654135480544
"C7",1,272,4327.41512294347,213.161158043852
"C7",1,273,2467.34478880041,141.004635872239
"C7",1,274,2995.08728342796,143.449970296158
"C7",1,275,2940.99981478391,177.777404095894
"C7",1,276,3224.59607643239,168.494429951774
"C7",1,277,3448.38375440866,171.961929691238
"C7",1,278,3747.55146853685,225.700328078843
"C7",1,279,3985.29870116876,171.463748839569
"C7",1,280,2652.76837228923,56.7872314484648
"C7",1,281,3189.52974557939,180.813709476122
"C7",1,282,3790.70453274559,143.863469861609
"C7",1,283,2754.14188774229,202.145676463875
"C7",1,284,3542.23912180748,116.253072574237
"C7",1,285,4508.13807059378,147.471489310539
"C7",1,286,2193.11698935003,83.1058139126423
"C7",1,287,3743.15687511015,85.8233093891327
"C7",1,288,3145.82990544574,72.763093650365
"C7",1,289,2449.11246785445,161.211783918643
"C7",1,290,3397.48466605217,22.9193059924088
"C7",1,291,3162.8994772575,222.725434636969
"C7",1,292,2432.17763364488,127.468940122345
"C7",1,293,3214.90683792487,160.733487810599
"C7",1,294,3638.33587315367,219.905077455941
"C7",1,295,3051.85413195593,175.060952834185
"C7",1,296,4548.12016041819,181.084438955949
"C7",1,297,4372.1100724273,128.169489858292
"C7",1,298,2636.55315110648,95.2870803646178
"C7",1,299,4233.80812019667,192.078662599116
"C7",1,300,4146.10135753338,149.849711017278
"C7",1,301,2714.44472767661,159.99807579865
"C7",1,302,4376.66763481109,118.770267910263
"C7",1,303,4449.31842764664,132.164529978283
"C7",1,304,3669.63733123737,45.4286248618618
"C7",1,305,3869.09327170794,77.3815111595459
"C7",1,306,2440.53867779665,81.4374649180083
"C7",1,307,4598.08860344941,150.984743769929
"C7",1,308,2754.75260637785,106.680016773867
"C7",1,309,2929.58103550255,179.454526614851
"C7",1,310,3583.67808146677,161.761679933743
"C7",1,311,3277.35636326301,135.077274227709
"C7",1,312,4462.31306127577,79.7284142765148
"C7",1,313,2648.84997076906,126.453379832329
"C7",1,314,2796.68225893348,204.636294999266
"C7",1,315,3397.44889422176,183.839972157652
"C7",1,316,3622.69030873129,144.406628134837
"C7",1,317,5396.675553241,47.7820566185709
"C7",1,318,2224.97998933582,135.689963402914
"C7",1,319,4037.5615161279,15
"C7",1,320,3867.18445621889,248.692134080432
"C7",1,321,4027.0503973267,161.685621948867
"C7",1,322,2248.21537929296,223.053297614937
"C7",1,323,3472.91990684593,151.301955445619
"C7",1,324,2828.15727915396,263.777458822584
"C7",1,325,1885.14007505418,115.067908200132
"C7",1,326,2523.33841057747,201.899516075078
"C7",1,327,2417.01292614859,159.452818400553
"C7",1,328,4428.28610159386,196.356495409291
"C7",1,329,2669.19736358556,93.7384366933657
"C7",1,330,3873.48185789454,271.90816134193
"C7",1,331,3654.44388313592,175.121813693861
"C7",1,332,2603.96273904008,135.164351218095
"C7",1,333,3603.62898058665,100.688749521841
"C7",1,334,3617.28010567558,83.7329182288911
"C7",1,335,2335.60293572986,69.18314520967
"C7",1,336,3743.84049101684,74.1230037549035
"C7",1,337,3195.92036911261,161.985602486291
"C7",1,338,3020.42754544205,216.077823468645
"C7",1,339,2536.00885500718,177.695783047506
"C7",1,340,3069.45421752836,63.3952513860715
"C7",1,341,2386.36133325998,164.287661247755
"C7",1,342,3182.00789295056,235.003397470991
"C7",1,343,3100.43497397131,210.734396406606
"C7",1,344,3016.03253970967,252.195466471346
"C7",1,345,4035.27545407698,180.979123113019
"C7",1,346,2735.66916321939,15
"C7",1,347,3100.75639774885,192.119153355708
"C7",1,348,3847.88598196825,170.65468197666
"C7",1,349,4190.73124914106,74.0855618004602
"C7",1,350,3121.82093382928,153.427388266724
"C7",1,351,3248.94025605254,126.406026433619
"C7",1,352,4024.35081226925,137.826755287854
"C7",1,353,3439.87667064998,183.563538404566
"C7",1,354,3448.87021572908,130.406805670017
"C7",1,355,3004.97128223294,127.40420563402
"C7",1,356,3274.86444045398,87.1618073624017
"C7",1,357,3205.4305376606,168.614230021987
"C7",1,358,3632.00909838647,187.548275798865
"C7",1,359,3091.00906202803,188.58610202948
"C7",1,360,2969.60837156113,219.45896738652
"C7",1,361,3143.76524482854,41.7333092476691
"C7",1,362,2855.58507419383,161.661202058954
"C7",1,363,4361.07961141186,93.2851159553605
"C7",1,364,2405.14702006274,190.439289637198
"C7",1,365,4109.45351164198,164.001244236357
"C7",1,366,3192.16565777681,106.5635988756
"C7",1,367,1684.5822067069,141.12231679024
"C7",1,368,2791.34292571255,230.144033762164
"C7",1,369,4066.98625606075,132.927902679353
"C7",1,370,2230.3101681899,73.7539376139065
"C7",1,371,3299.3858461817,214.459741876698
"C7",1,372,2279.02083461687,218.488180254195
"C7",1,373,3260.78532936154,129.642163494929
"C7",1,374,3967.79102100604,242.706142761439
"C7",1,375,3046.07148609072,151.69597168046
"C7",1,376,3917.74881415697,96.2990504304062
"C7",1,377,3746.71609656621,144.69795711231
"C7",1,378,4107.08320232321,172.717021258907
"C7",1,379,4199.51347232333,188.123555125087
"C7",1,380,3950.30784298144,179.256926336534
"C7",1,381,3492.85740152733,221.808957726241
"C7",1,382,3246.71613934712,171.546600236499
"C7",1,383,3303.22910928887,185.838757897459
"C7",1,384,3472.4859410644,211.27895687597
"C7",1,385,2524.64286017015,151.684321057495
"C7",1,386,2754.27676217367,120.42164602798
"C7",1,387,2826.47613566596,145.892386018724
"C7",1,388,2806.86590178525,93.3317047150092
"C7",1,389,2988.85266337801,162.484850649266
"C7",1,390,3158.37307352523,185.189876591257
"C8",1,1,4452.87350405684,220.498025570074
"C8",1,2,2110.39612752816,197.371401070593
"C8",1,3,4268.80770902729,121.893372246121
"C8",1,4,2431.93162022664,147.252277458031
"C8",1,5,3059.8958923503,64.4777189224262
"C8",1,6,2291.70134437445,149.939592679355
"C8",1,7,4346.41901102657,71.102210812082
"C8",1,8,3304.73189475382,165.611469079241
"C8",1,9,3167.96507377889,167.717721158828
"C8",1,10,3527.62995754498,129.085637930443
"C8",1,11,5342.09816587436,158.837674200319
"C8",1,12,2707.64448102694,79.0981648511513
"C8",1,13,3535.87481586698,178.95905761167
"C8",1,14,3272.80995059533,255.112524025322
"C8",1,15,3328.23659197269,190.093713347369
"C8",1,16,4036.27569041499,246.617485020237
"C8",1,17,3352.1407366258,152.656522331002
"C8",1,18,3140.90796894131,146.356587928621
"C8",1,19,3436.71758852238,217.374480597532
"C8",1,20,2664.69008272312,185.269983503119
"C8",1,21,4606.26130262386,200.051873749372
"C8",1,22,4594.81399160053,153.236935421879
"C8",1,23,2602.60611951092,157.618483733704
"C8",1,24,1783.79056565522,172.505134022476
"C8",1,25,4663.77224359465,162.177718246607
"C8",1,26,3569.25876119326,199.572282441534
"C8",1,27,2145.07293135219,141.602590885458
"C8",1,28,2591.85164404238,113.990728150551
"C8",1,29,2427.84700495097,233.97927686039
"C8",1,30,3298.57309703603,123.10718974039
"C8",1,31,2993.49396927486,174.417213648366
"C8",1,32,4231.09625262722,66.9595074992982
"C8",1,33,4596.23187464766,127.814903817987
"C8",1,34,3882.18599316663,281.069005722498
"C8",1,35,3184.08165864952,164.57362081254
"C8",1,36,4038.25183747792,200.822055630079
"C8",1,37,2639.29064436232,187.157159116729
"C8",1,38,2712.72612425052,89.0146409601379
"C8",1,39,3218.31582436598,202.968023268851
"C8",1,40,3060.86941149627,108.91539668801
"C8",1,41,2618.51019207357,195.644519602902
"C8",1,42,3478.41031083626,99.7192874967262
"C8",1,43,2731.29245071904,158.42203979416
"C8",1,44,4050.6788125731,186.513251262239
"C8",1,45,2936.52539952371,143.695758435013
"C8",1,46,2929.30246334225,152.763732544184
"C8",1,47,3152.07258872365,188.647652674641
"C8",1,48,4221.4413804983,196.011191306895
"C8",1,49,3658.30615415173,235.894406248946
"C8",1,50,3473.15979977243,301.235938217327
"C8",1,51,3968.80906810236,154.363078508046
"C8",1,52,2386.80129164245,226.473059006879
"C8",1,53,4060.048952208,194.632955727808
"C8",1,54,3206.5654851084,163.497192993454
"C8",1,55,2117.37209337204,157.358107787737
"C8",1,56,2758.88159217936,110.169920492786
"C8",1,57,2925.76227334627,209.551697110118
"C8",1,58,4339.72836777918,211.852067783947
"C8",1,59,1701.92068611505,134.902320596821
"C8",1,60,2939.81497965893,99.9374389002457
"C8",1,61,2476.33337556759,161.514417619829
"C8",1,62,3402.19433250093,215.853168964324
"C8",1,63,3213.64166791847,247.033925477149
"C8",1,64,3991.6938981262,132.173422939407
"C8",1,65,3943.28711145485,153.990908485324
"C8",1,66,3734.5025452847,245.661628980785
"C8",1,67,4546.73354207177,139.851937665019
"C8",1,68,2388.73494070731,109.486098170255
"C8",1,69,2830.59966839829,177.439884158735
"C8",1,70,3923.44804475389,278.886390847877
"C8",1,71,2762.70210321739,122.391834506763
"C8",1,72,2263.0696174151,136.345717439529
"C8",1,73,3462.50189079816,154.805624438251
"C8",1,74,3810.83128196713,162.953899801623
"C8",1,75,2812.50040488184,140.557507059861
"C8",1,76,1180.80169777975,183.918005243311
"C8",1,77,2377.28401948916,127.195509476529
"C8",1,78,2258.39369357168,153.267426395875
"C8",1,79,2722.09191673271,193.797884777877
"C8",1,80,2906.81288605449,166.595501843861
"C8",1,81,3945.81647903481,194.490437811901
"C8",1,82,2132.7352525331,90.4677953005411
"C8",1,83,2741.74299675658,118.488335796148
"C8",1,84,2645.88744202516,152.259903461278
"C8",1,85,4271.80373045211,81.2768666940225
"C8",1,86,2081.31147805998,169.527456086832
"C8",1,87,2040.7036929425,206.076433263238
"C8",1,88,3979.66718839033,153.43702390575
"C8",1,89,3225.61052053461,77.9801711556218
"C8",1,90,2763.13066028803,147.604134930941
"C8",1,91,2658.97419206432,94.9954196217214
"C8",1,92,1261.32836417261,146.733212151962
"C8",1,93,3403.42187994175,89.9603985242103
"C8",1,94,3093.50528651905,57.8648457559256
"C8",1,95,4027.93798366249,202.588934413526
"C8",1,96,2842.92825611092,172.986557530403
"C8",1,97,3956.78713056457,101.78961445359
"C8",1,98,3389.3418388406,89.3970316072815
"C8",1,99,3755.78751191006,98.5848400784894
"C8",1,100,1853.01938942589,133.156788098645
"C8",1,101,3943.78454924117,220.07026577959
"C8",1,102,3787.24080411392,178.977087352128
"C8",1,103,4185.16389703495,112.129882117523
"C8",1,104,3158.17880242834,208.889570823091
"C8",1,105,2386.37246317667,90.4357481100453
"C8",1,106,3093.51898592524,243.870302643906
"C8",1,107,3766.05750135466,147.475899069983
"C8",1,108,3861.17636138892,231.6191912699
"C8",1,109,4197.24342579424,109.160818809442
"C8",1,110,3150.22707411715,158.478485901894
"C8",1,111,4383.9485534732,134.480218119138
"C8",1,112,2608.69000153682,177.043597802734
"C8",1,113,1190.4222407173,111.483266736486
"C8",1,114,3371.61014436428,98.7603816534376
"C8",1,115,3173.39209315876,112.514994304706
"C8",1,116,2221.97560988209,248.294407751484
"C8",1,117,3303.41475529212,172.008045565264
"C8",1,118,2272.92741137499,211.42883551189
"C8",1,119,2573.42678516135,121.886925606292
"C8",1,120,4249.44858006732,154.431980682384
"C8",1,121,906.407940212426,155.395871368597
"C8",1,122,3439.87856853019,146.216307773858
"C8",1,123,2857.35827149319,153.065570390413
"C8",1,124,2733.3823031991,174.792319126664
"C8",1,125,3297.96016673002,120.379499112097
"C8",1,126,2837.97486682437,198.514198189999
"C8",1,127,2799.54899730033,249.760160543315
"C8",1,128,2159.47099035696,156.977545542224
"C8",1,129,4399.41793646521,185.994371838552
"C8",1,130,3879.03480645524,170.52366656022
"C8",1,131,2248.56401507046,158.158016811792
"C8",1,132,2964.78417538194,182.395302892724
"C8",1,133,3694.5421190047,157.132788630504
"C8",1,134,2777.46057212397,116.528269442482
"C8",1,135,3233.6504491152,155.554492389068
"C8",1,136,3287.81070246173,220.848372444867
"C8",1,137,4422.92277164751,188.496660342733
"C8",1,138,2611.25609992227,179.768994561131
"C8",1,139,3775.23070608001,154.307827340736
"C8",1,140,2754.93406225656,187.645295305476
"C8",1,141,2992.6365425828,58.5219967025305
"C8",1,142,3162.65635231942,156.565265115415
"C8",1,143,3434.1221424438,85.1164079381117
"C8",1,144,3280.24300632047,139.727215269594
"C8",1,145,2838.93336283428,89.9854323460149
"C8",1,146,3190.46759835542,223.375407681926
"C8",1,147,3389.85089136252,125.564407003099
"C8",1,148,3513.53737503959,135.567384975405
"C8",1,149,2193.78695416021,221.765470350711
"C8",1,150,3034.34519039931,200.662512266945
"C8",1,151,4551.19501782066,142.871582160486
"C8",1,152,2773.83622989107,59.0083306882174
"C8",1,153,3239.00092617062,201.850509547321
"C8",1,154,3946.79471526351,141.332606302221
"C8",1,155,2285.05954484466,124.704315851729
"C8",1,156,2210.57864612864,133.037516752705
"C8",1,157,4077.64064159573,104.025775786809
"C8",1,158,3671.22745222508,89.0555583411448
"C8",1,159,2371.33314212916,109.387367548094
"C8",1,160,4308.29355412167,214.156926683685
"C8",1,161,3955.96606138875,107.734986323821
"C8",1,162,4512.14624613267,143.806763321968
"C8",1,163,2292.78741891063,186.221909287815
"C8",1,164,3981.28280081591,182.282894517548
"C8",1,165,3273.62121208855,62.5495151105599
"C8",1,166,1765.53751522108,233.086193864859
"C8",1,167,2565.95480242318,168.897034009705
"C8",1,168,3754.05555545029,209.984795977334
"C8",1,169,3775.37708313013,113.135387641166
"C8",1,170,2094.08334358449,137.588497977308
"C8",1,171,3209.5113684495,146.553303884118
"C8",1,172,1801.96082002844,192.606752851661
"C8",1,173,3863.97359672961,98.9455188524497
"C8",1,174,3569.32269863382,136.041104357588
"C8",1,175,4510.30550651061,191.258243966678
"C8",1,176,3003.50053581228,214.710224780636
"C8",1,177,3574.81593403471,114.736066882849
"C8",1,178,2683.3259234744,230.605697666179
"C8",1,179,2463.06502364547,153.369560923602
"C8",1,180,3935.52537203496,150.377521265687
"C8",1,181,3892.48735974718,193.662652716654
"C8",1,182,3448.0154639504,203.808178414803
"C8",1,183,3542.49689566861,122.082675142987
"C8",1,184,3437.70638013452,203.228988595126
"C8",1,185,3506.86019489773,112.55183003497
"C8",1,186,3342.00634777819,201.928420563467
"C8",1,187,2210.44295960143,133.479223247089
"C8",1,188,1699.09249284476,120.654572569817
"C8",1,189,2211.38596271366,212.950939951219
"C8",1,190,4134.91171687662,183.513903109346
"C8",1,191,2360.16281483998,99.1012571759898
"C8",1,192,3650.08482286742,203.511479571266
"C8",1,193,3798.66631932205,146.628682069037
"C8",1,194,3337.91059074742,188.42145192833
"C8",1,195,3442.8522294327,182.857290957062
"C8",1,196,3687.87081840596,111.502002911104
"C8",1,197,4387.23465678096,154.258748050702
"C8",1,198,3198.53515725911,158.827636281929
"C8",1,199,2968.38365972939,138.292765041287
"C8",1,200,2732.65798658308,60.2832998933802
"C8",1,201,3903.61691909747,134.616626518567
"C8",1,202,3277.00929455884,184.51382828634
"C8",1,203,4015.98505637504,208.30523674545
"C8",1,204,2186.60000336858,217.257651012406
"C8",1,205,2858.16422479245,195.688483287471
"C8",1,206,3011.87328174284,149.916058711301
"C8",1,207,3579.01032797819,142.712440831991
"C8",1,208,3690.51671509363,130.961968158279
"C8",1,209,3038.47826722229,206.938310818146
"C8",1,210,3370.05674610056,129.826475258032
"C8",1,211,2331.99566931432,170.175684418437
"C8",1,212,4724.60020921792,206.411650261931
"C8",1,213,3006.03458903466,177.954523112035
"C8",1,214,3126.36490766844,169.337866902577
"C8",1,215,2935.12905940044,139.007728012758
"C8",1,216,2455.17092411618,101.700986607075
"C8",1,217,3851.69236220219,146.163108708029
"C8",1,218,1837.71180564553,117.187108365096
"C8",1,219,2960.86416336661,166.971215268636
"C8",1,220,3293.63060299351,161.576227646871
"C8",1,221,2098.25603286484,143.173933121954
"C8",1,222,4001.3814516225,188.996803671835
"C8",1,223,2838.36512895773,232.731126669551
"C8",1,224,3694.71158894971,162.775477143244
"C8",1,225,1836.77315912258,187.051508223852
"C8",1,226,2991.06265884678,108.694970882949
"C8",1,227,3250.80144124658,154.99985864456
"C8",1,228,2186.98192238869,161.548651622589
"C8",1,229,3889.60577182502,182.920582717052
"C8",1,230,3404.39580826225,179.22967377961
"C8",1,231,3129.03785409349,168.697629515618
"C8",1,232,3333.72782492741,179.574597914685
"C8",1,233,3159.56716387233,115.673755323825
"C8",1,234,3702.7146823825,169.546604289807
"C8",1,235,3336.60374926363,78.6205918880471
"C8",1,236,4353.95848968846,205.501317671028
"C8",1,237,2887.58557825197,194.202360863187
"C8",1,238,3855.73787455049,157.524000819591
"C8",1,239,3305.73772989202,244.396650102356
"C8",1,240,4821.34044985697,132.588273779711
"C8",1,241,3220.71442614327,223.617550856815
"C8",1,242,3296.25714749752,195.05700597718
"C8",1,243,2935.54830919395,269.482510622661
"C8",1,244,1634.84150794516,223.451518557666
"C8",1,245,1719.60086618345,198.073249983546
"C8",1,246,3097.97248973769,189.137852004985
"C8",1,247,3269.14449425516,186.699291785831
"C8",1,248,2682.30232771489,203.175539510376
"C8",1,249,3661.76122441297,198.166207545257
"C8",1,250,4221.36946463269,220.018731127025
"C8",1,251,4484.85216641309,152.980429092888
"C8",1,252,1565.33692356541,248.503903285915
"C8",1,253,3807.38585090793,158.717463466789
"C8",1,254,3909.98498701618,94.7102949112314
"C8",1,255,3719.67603312196,223.759864742414
"C8",1,256,4045.89266193249,88.874334470688
"C8",1,257,3089.45206478568,161.916284994419
"C8",1,258,2984.03547041126,117.580505432488
"C8",1,259,3964.49589626509,225.378451025968
"C8",1,260,2692.53714966837,193.261158253718
"C8",1,261,3869.61965571493,125.864669711822
"C8",1,262,2598.73555272983,213.305134218832
"C8",1,263,2759.61644782226,170.896345495615
"C8",1,264,2675.4385605028,194.890011076028
"C8",1,265,3862.090690157,205.581873997527
"C8",1,266,3155.0837850017,134.643255157973
"C8",1,267,3603.60629843948,173.369260034331
"C8",1,268,4982.03288989712,33.6539874114789
"C8",1,269,2454.419073925,142.438858358193
"C8",1,270,4195.39223547258,202.316773785562
"C8",1,271,3667.81973593247,210.942423749517
"C8",1,272,3211.56169357332,189.727291524095
"C8",1,273,2314.08425729192,172.342839872365
"C8",1,274,5334.09881492037,197.429338595679
"C8",1,275,1956.06896345156,113.602582765672
"C8",1,276,2626.48134217826,126.278029967171
"C8",1,277,4044.43967920202,114.373274277494
"C8",1,278,2034.59804332861,177.594638270079
"C8",1,279,3530.15092439191,163.139030223542
"C8",1,280,2025.07064182362,179.695852227916
"C8",1,281,3539.86337160531,179.545078705566
"C8",1,282,4832.53412666868,218.063795965759
"C8",1,283,3348.73454705581,247.098948831144
"C8",1,284,3560.90575397162,94.5432667556682
"C8",1,285,3744.89931951351,181.73787268482
"C8",1,286,2603.07647832309,129.595359945845
"C8",1,287,2479.68624158581,230.53891268309
"C8",1,288,2801.53629219033,194.967887544015
"C8",1,289,3467.51682138602,219.580595631097
"C8",1,290,2395.8360550551,98.1852172187193
"C8",1,291,3143.18900302361,164.115041386574
"C8",1,292,3799.69340623924,240.642231761394
"C8",1,293,2788.94683777867,116.728262104018
"C8",1,294,3157.39067996533,110.240511679894
"C8",1,295,3331.05424653662,152.830003100187
"C8",1,296,1991.66786696166,126.586369923546
"C8",1,297,3075.64906478047,201.661399270884
"C8",1,298,2296.30719510704,138.893415670454
"C8",1,299,3009.36890075721,149.56746627618
"C8",1,300,3579.61345075885,92.5567284835485
"C8",1,301,3670.22676643218,177.697449984749
"C8",1,302,2532.9235041547,193.712303676348
"C8",1,303,2297.11061873302,95.8157856595853
"C8",1,304,4532.90570233756,232.479226754787
"C8",1,305,1761.15557138007,113.564658366633
"C8",1,306,2367.59911883537,182.78817970914
"C8",1,307,2956.36875650024,168.682773941951
"C8",1,308,3145.46030897354,116.278988348111
"C8",1,309,2728.17555509787,132.390534990934
"C8",1,310,2184.9908703052,207.449992897875
"C8",1,311,3129.56517879444,156.705259402788
"C8",1,312,2236.75780782172,151.877366018998
"C8",1,313,2826.55505323056,206.430841562354
"C8",1,314,3516.91269219499,179.035064581844
"C8",1,315,3972.64214527147,148.189027316584
"C8",1,316,4025.82121806862,169.528062143483
"C8",1,317,3882.52328755357,93.4031515228494
"C8",1,318,2993.41535685492,173.045010210144
"C8",1,319,1883.0109209478,269.533752983497
"C8",1,320,2028.60174794212,148.822463042601
"C8",1,321,3713.96181002057,132.088591333133
"C8",1,322,1485.19293664812,228.742951548311
"C8",1,323,3756.2528837756,201.723992485447
"C8",1,324,3215.05038443006,230.912889239379
"C8",1,325,4635.60495449417,189.620151066063
"C8",1,326,3192.01005665877,180.483535333767
"C8",1,327,1592.2844283306,194.442796401616
"C8",1,328,3818.27032345496,117.205423222692
"C8",1,329,4020.78854697965,173.456215059573
"C8",1,330,2892.32457075026,182.015594591496
"C8",1,331,2978.75620654136,253.330076425223
"C8",1,332,3502.95622692528,202.85660451577
"C8",1,333,3391.5817346095,241.83413851416
"C8",1,334,3189.23777846995,162.934165272078
"C8",1,335,3241.44063612615,117.935690692905
"C8",1,336,4687.34378172921,119.292234307182
"C8",1,337,4023.95462423146,95.5503656870165
"C8",1,338,4735.69163509139,70.1880090303843
"C8",1,339,2896.78815411949,141.142310169579
"C8",1,340,2891.24052205445,135.957521377457
"C8",1,341,2967.29893535035,230.858810469756
"C8",1,342,3740.96283603814,78.6902862696903
"C8",1,343,4537.62852654094,167.947858244391
"C8",1,344,3517.01948273786,138.601595104439
"C8",1,345,2961.54147504347,192.862971216462
"C8",1,346,3431.1894750389,198.646818907645
"C8",1,347,2948.13205985575,118.009987133688
"C8",1,348,3057.05600576435,151.50198912582
"C8",1,349,2472.97098096829,149.202303287846
"C8",1,350,3306.93462894597,107.391135928729
"C8",1,351,2885.07558635588,165.88814181988
"C8",1,352,2437.78252300107,141.76667884032
"C8",1,353,3208.72227617319,127.514951798721
"C8",1,354,3560.97990515074,109.121065753822
"C8",1,355,3081.48261567201,162.90881776543
"C8",1,356,3010.09862953266,163.941636506299
"C8",1,357,3023.36527692307,127.792993485144
"C8",1,358,3941.09430619122,239.996049816456
"C8",1,359,3743.79668864579,101.950812409663
"C8",1,360,3180.24653363601,150.534215111826
"C8",1,361,2518.64397505732,123.636107911274
"C8",1,362,3238.95013419496,202.801535534154
"C8",1,363,2248.70255273808,215.788165806564
"C8",1,364,4022.85846910465,36.9397818599746
"C8",1,365,3477.37707711865,130.988813336064
"C8",1,366,4315.94507669596,64.8286649775213
"C8",1,367,4018.45755833127,251.834546212623
"C8",1,368,3544.37914997797,166.963302359741
"C8",1,369,2851.2428276764,181.94203435922
"C8",1,370,3111.89525930429,160.833351817307
"C8",1,371,2306.71072472701,82.1551983879807
"C8",1,372,3050.32864350648,80.7679558059473
"C8",1,373,4072.44731120077,204.071032985762
"C8",1,374,3325.92191980025,178.101754045958
"C8",1,375,3321.1415096555,123.507135910442
"C8",1,376,2874.31650139457,88.5654916308145
"C8",1,377,4193.564286176,194.620216716986
"C8",1,378,3595.0722212408,114.710420395856
"C8",1,379,2562.23911671188,145.055387208572
"C8",1,380,3416.35857650444,199.416022227329
"C8",1,381,4030.69259378481,115.819515703483
"C8",1,382,3004.669787081,93.7898253081783
"C8",1,383,3230.16954410813,256.633275303669
"C8",1,384,2939.55712835956,133.86200961824
"C8",1,385,4164.28849363409,249.617149141191
"C8",1,386,3289.05623362491,136.690109252283
"C8",1,387,5172.13384487122,181.358110547866
"C8",1,388,1717.06565131538,186.159187991092
"C8",1,389,3165.55716685809,101.14148748999
"C8",1,390,3867.88711372658,123.143065373916
"C8",1,391,3006.70112379416,253.320203830045
"C8",1,392,4750.1335098354,158.816195548734
"C8",1,393,3191.65054345644,213.027442100312
"C8",1,394,2424.28197254209,78.0243366855922
"C8",1,395,2870.2090017398,206.654360524724
"C8",1,396,3030.48014459529,144.853368851396
"C8",1,397,3279.82569477534,151.200358598211
"C8",1,398,3321.06894365057,133.138498677819
"C8",1,399,4316.57443124278,156.367264083591
"C8",1,400,2685.48013732099,169.587899640403
"C8",1,401,2853.23495000483,73.3374237837176
"C8",1,402,3191.82835272112,119.919066349771
"C8",1,403,2335.21022475929,182.590620608817
"C8",1,404,3356.09883014265,153.903392694352
"C8",1,405,3411.73371186942,165.21346759857
"C8",1,406,2299.39291668389,145.054330534676
"C8",1,407,2264.44429149865,220.91223759258
"C8",1,408,3148.03174906372,160.099044279852
"C8",1,409,2690.06221272738,156.033316941237
"C8",1,410,3740.90690636117,194.505623634867
"C8",1,411,2776.75600141768,274.811548889282
"C8",1,412,3141.03424974449,187.232591628519
"C8",1,413,3531.643194543,217.981022278057
"C8",1,414,2622.04669665443,118.713988465023
"C8",1,415,3890.82291618114,163.687401242973
"C8",1,416,3429.02101767383,135.339197747059
"C8",1,417,4891.7677066219,204.734916176091
"C8",1,418,2962.37923331067,167.209813148333
"C8",1,419,1721.52761314662,192.099334610311
"C8",1,420,4078.9490543278,294.088742493875
"C8",1,421,3207.35378219143,127.104039731472
"C8",1,422,4404.06071918844,187.663432750437
"C8",1,423,2475.20442586355,108.554274447864
"C8",1,424,5179.22337635064,123.460464741516
"C8",1,425,4262.24668584252,215.346014668081
"C8",1,426,3047.6976823159,155.838581561022
"C8",1,427,4036.83883635622,177.649680842251
"C8",1,428,3141.16881499469,124.183301394161
"C8",1,429,4690.49042155138,153.49567537695
"C8",1,430,2753.13219010295,110.612147966952
"C8",1,431,3327.53723442636,189.672284341337
"C8",1,432,2425.98049309472,114.236358823974
"C8",1,433,3132.00902080677,144.035799187081
"C8",1,434,2521.76394755898,138.43260715375
"C8",1,435,4503.64840884216,167.76005933967
"C8",1,436,2957.81477629477,139.852759926929
"C8",1,437,2751.69044098417,95.243337330122
"C8",1,438,4043.69307719254,174.00495743301
"C8",1,439,1901.50392567832,198.145525061349
"E1",1,1,3173.66505579336,250.168376564471
"E1",1,2,2279.93632658898,104.706552050086
"E1",1,3,1523.00505167893,167.409127967995
"E1",1,4,3640.71426255133,232.487699501155
"E1",1,5,2614.62510995828,145.306866667546
"E1",1,6,3234.5788183335,183.801866002276
"E1",1,7,1393.5418835044,198.121000386724
"E1",1,8,3797.2161479023,149.433248610849
"E1",1,9,2512.8240602877,222.596048572579
"E1",1,10,4102.76862614914,187.184735512386
"E1",1,11,3249.50043843214,120.516295121655
"E1",1,12,3359.2486948242,218.928098247281
"E1",1,13,3422.94192214035,98.3642971931294
"E1",1,14,3120.2490142285,207.140599770946
"E1",1,15,3687.9215271104,119.891472717674
"E1",1,16,4635.32238241563,190.45377555432
"E1",1,17,3432.3639829445,182.102700663649
"E1",1,18,3103.43722420842,218.752504524668
"E1",1,19,3040.88601818676,180.871882846409
"E1",1,20,2305.13795068052,202.42803430994
"E1",1,21,3331.52650720795,124.388934605287
"E1",1,22,2143.08752467611,155.425583779172
"E1",1,23,2380.34769623628,212.893355935233
"E1",1,24,4260.78492095651,117.962777809556
"E1",1,25,2048.9789665898,108.995047156851
"E1",1,26,4798.35408616048,151.938895399426
"E1",1,27,3726.29059414629,153.919017522529
"E1",1,28,4523.73831464477,160.113938232564
"E1",1,29,3539.51705606125,275.895891118986
"E1",1,30,3059.00844207428,84.8295942047123
"E1",1,31,4467.19288822535,114.102146283261
"E1",1,32,3215.17791759439,118.829558671398
"E1",1,33,2884.39293438331,232.331855155827
"E1",1,34,2764.98110575167,222.508869627569
"E1",1,35,2790.78697608288,113.326918893288
"E1",1,36,3536.78903504822,106.595155492335
"E1",1,37,3496.06312776466,143.456238869967
"E1",1,38,3248.31400885104,60.2987987232081
"E1",1,39,1830.89736458788,184.628614937772
"E1",1,40,2362.25263227638,156.11684746817
"E1",1,41,1501.36053400061,74.1551014450793
"E1",1,42,2284.8973362469,148.104293739943
"E1",1,43,4586.67043316875,157.746162686838
"E1",1,44,4341.48357649799,201.825855440887
"E1",1,45,2656.13177466984,157.26709155569
"E1",1,46,4135.77231772978,124.355122901329
"E1",1,47,3097.18558529693,127.937862287679
"E1",1,48,3064.70021044173,227.594595174357
"E1",1,49,3989.95726579948,144.838736184787
"E1",1,50,3103.05418513628,174.915326039389
"E1",1,51,4106.51372116565,180.300306343966
"E1",1,52,3419.97969259048,182.20334598745
"E1",1,53,2462.96815482163,84.9120066517595
"E1",1,54,3504.81580789307,194.360026320474
"E1",1,55,3172.49138179746,219.381959692387
"E1",1,56,2813.02441160751,262.764255705087
"E1",1,57,3044.98989224726,94.125413036294
"E1",1,58,3207.14945522226,102.865610708581
"E1",1,59,3670.82203942691,182.039374861793
"E1",1,60,3253.3984756353,134.673632794983
"E1",1,61,3356.62204687231,222.55812554144
"E1",1,62,2243.98941376433,84.3693049223326
"E1",1,63,3059.26577016567,178.596520238871
"E1",1,64,3119.82918736312,179.331640023268
"E1",1,65,2929.80169119385,204.224889965515
"E1",1,66,2897.50844826534,205.147271050147
"E1",1,67,3207.78236347724,165.601601633946
"E1",1,68,3201.71188739505,77.2443813683944
"E1",1,69,3556.60003324245,176.506785396438
"E1",1,70,4279.35757150068,178.921097477233
"E1",1,71,3035.51075471779,67.6174940158266
"E1",1,72,3000.75976431139,216.200327758471
"E1",1,73,4783.21440253017,165.419602948458
"E1",1,74,2893.23965942349,104.180078807195
"E1",1,75,2784.15177210496,173.660992270318
"E1",1,76,3583.65258040815,207.811644664879
"E1",1,77,3096.47566267876,189.182609233199
"E1",1,78,3560.66926562081,139.732846884537
"E1",1,79,3780.07581846956,278.028118353922
"E1",1,80,5297.11416121347,150.671693879009
"E1",1,81,4122.25985818646,176.622894246156
"E1",1,82,3907.08166142578,183.874048996155
"E1",1,83,3430.08067609075,207.299427919293
"E1",1,84,2901.61053449832,202.322605864783
"E1",1,85,3237.73091662873,159.03725139973
"E1",1,86,2426.64796599263,153.395628989274
"E1",1,87,3809.52103538994,106.008443437055
"E1",1,88,3673.55174429012,180.81922758304
"E1",1,89,4163.92003977164,195.678851739882
"E1",1,90,2449.30025974803,138.952178019828
"E1",1,91,3003.91032823856,202.655114420193
"E1",1,92,2469.60182962811,163.11884561616
"E1",1,93,3042.05045213021,186.217433362993
"E1",1,94,3359.08291482975,122.895792608511
"E1",1,95,3822.7669076181,213.57366343265
"E1",1,96,3424.70706624888,95.481577357388
"E1",1,97,2735.17441069694,264.909158511449
"E1",1,98,3132.99767989301,151.073043600492
"E1",1,99,2478.99526753478,89.7660451303499
"E1",1,100,3505.38579415498,107.776586588921
"E1",1,101,3627.93990673849,59.9663855710784
"E1",1,102,2260.84121000894,149.788269833716
"E1",1,103,3773.80125388005,169.456938909805
"E1",1,104,3901.19988333325,127.811273190006
"E1",1,105,3688.92034528485,151.548794938894
"E1",1,106,3858.59184723782,94.8858176788605
"E1",1,107,2493.0255398816,210.859354530397
"E1",1,108,2530.33769575066,151.695813711849
"E1",1,109,4194.29329462389,174.270087026682
"E1",1,110,3746.2021919641,266.108709555788
"E1",1,111,2970.98484631721,208.801052573192
"E1",1,112,3648.83015917302,100.637518689283
"E1",1,113,4558.91933065433,216.235987381845
"E1",1,114,3341.09026972517,76.5480559315494
"E1",1,115,2897.2443585543,303.466376557457
"E1",1,116,2763.97683081798,233.755412446075
"E1",1,117,2336.1946439764,82.0223089953039
"E1",1,118,3353.99862198532,117.964330485746
"E1",1,119,3582.70087001999,237.60649681084
"E1",1,120,3329.05083825247,101.992504372917
"E1",1,121,3464.46329349012,279.97322456745
"E1",1,122,3086.55666210089,226.280425905018
"E1",1,123,3552.97740449593,201.798040770083
"E1",1,124,2578.99734798508,137.379412634197
"E1",1,125,3033.62146448885,243.610255112545
"E1",1,126,3170.48025140993,169.08330112091
"E1",1,127,4191.75887509934,214.11503473908
"E1",1,128,1655.4449248356,131.283028397261
"E1",1,129,4904.91914097104,200.650173908877
"E1",1,130,2674.68450263417,111.379749401184
"E1",1,131,4009.44488165429,133.199797052424
"E1",1,132,3001.09083308376,150.98531899544
"E1",1,133,2985.01081600872,220.127827410624
"E1",1,134,3102.4355623691,169.131726045317
"E1",1,135,1371.86699177436,137.353734757342
"E1",1,136,5357.49342651439,107.748337157569
"E1",1,137,3393.40161664964,123.136529410852
"E1",1,138,3702.56236623834,175.710606394313
"E1",1,139,2754.16716604961,177.916827371902
"E1",1,140,2658.11239293353,145.749551885105
"E1",1,141,4215.2950719842,126.381407613536
"E1",1,142,3792.55397677043,56.4153550974212
"E1",1,143,4038.66721488568,178.905488591026
"E1",1,144,2963.47782975501,141.372708688964
"E1",1,145,2198.61786686707,157.725676992371
"E1",1,146,2744.3462149664,153.119697848095
"E1",1,147,4447.65699271107,57.7166511123938
"E1",1,148,2022.67832822678,155.593258223264
"E1",1,149,4526.85356178316,250.162906577582
"E1",1,150,2832.11109898976,252.471139273716
"E1",1,151,2024.51528771795,84.8968213601886
"E1",1,152,2347.0605591325,161.525836562066
"E1",1,153,3462.35719427509,56.0353827023994
"E1",1,154,2985.00751565544,130.410420164674
"E1",1,155,1256.6591665991,246.882901373248
"E1",1,156,2923.92756987612,201.610118692119
"E1",1,157,4378.20300502133,142.838510774162
"E1",1,158,2943.08425622218,140.235535547199
"E1",1,159,4362.56734799936,155.906733185509
"E1",1,160,2687.4429574998,100.843904795248
"E1",1,161,3755.05567897249,165.012730444499
"E1",1,162,2939.32331573934,117.939222206315
"E1",1,163,3880.81399560283,92.2695542653759
"E1",1,164,1813.32628782245,118.787369504143
"E1",1,165,3352.72554066737,212.27445253854
"E1",1,166,4217.63876808771,107.346678350227
"E1",1,167,2566.65170798913,112.126638808474
"E1",1,168,4442.75945235823,43.7750541555504
"E1",1,169,2896.55454453063,187.100191291698
"E1",1,170,2778.49068897087,164.363698347043
"E1",1,171,2367.9365845698,140.654909710505
"E1",1,172,3626.47921818076,205.360899070833
"E1",1,173,2370.09301612009,161.02336145641
"E1",1,174,2140.29708433468,188.755420997288
"E1",1,175,3010.05647119774,138.973524338415
"E1",1,176,1892.88374843349,128.263333507198
"E1",1,177,2534.60328046235,215.13914231083
"E1",1,178,4662.34660281001,201.673372806914
"E1",1,179,3235.34151726779,205.689697713499
"E1",1,180,3842.7184160547,180.822101220281
"E1",1,181,1983.54187248299,153.888175947799
"E1",1,182,1567.89534150592,116.56463247084
"E1",1,183,3919.67334305181,258.928397216667
"E1",1,184,3273.50554616771,167.716851736052
"E1",1,185,4416.2261473242,142.801650029834
"E1",1,186,3982.66678678067,248.520497056705
"E1",1,187,1533.50431488291,244.320208761549
"E1",1,188,4102.16664566372,126.694304502713
"E1",1,189,2436.3687584044,159.870300343817
"E1",1,190,3134.40216243942,145.699986061706
"E1",1,191,3395.35688008913,207.832250924767
"E1",1,192,2688.06773713352,144.347372380753
"E1",1,193,2624.73939704788,173.632353612363
"E1",1,194,3208.81191151244,162.07260612889
"E1",1,195,3402.36218398234,159.755907379666
"E1",1,196,2002.06098397925,111.189038569685
"E1",1,197,4529.06563001971,167.202504212377
"E1",1,198,4210.21093557729,182.83096093476
"E1",1,199,2951.98756987919,161.887496720614
"E1",1,200,1930.72042204338,141.451317728971
"E1",1,201,3968.60696032745,188.257426523215
"E1",1,202,4713.43918273783,166.081132144715
"E1",1,203,2361.86074857445,201.644731799979
"E1",1,204,3321.7891968311,108.809503070074
"E1",1,205,2107.61321018074,257.358561146682
"E1",1,206,2825.07561436549,107.792295907343
"E1",1,207,3671.36263224233,135.433253530407
"E1",1,208,2112.81956014961,197.53466517439
"E1",1,209,2377.52133337487,179.484880692976
"E1",1,210,2935.26612681689,85.6796912071732
"E1",1,211,2793.06249203808,128.448905832927
"E1",1,212,3213.44890517721,196.356230601271
"E1",1,213,3112.37127872345,267.472499923758
"E1",1,214,1727.32085821419,245.645872896957
"E1",1,215,2240.18899164114,257.707899749525
"E1",1,216,3310.14377336643,217.08276330067
"E1",1,217,3551.02754769468,184.293226361093
"E1",1,218,4287.06739259074,146.094504592688
"E1",1,219,3640.23140197276,193.681385581046
"E1",1,220,3181.76653655666,129.31399213681
"E1",1,221,3654.40317179774,59.8422067954275
"E1",1,222,2376.20996558587,220.614050667092
"E1",1,223,1486.13328119133,134.191502965116
"E1",1,224,3016.95707566226,196.341080127991
"E1",1,225,2979.53852371602,73.7348485845894
"E1",1,226,2583.99297693195,15
"E1",1,227,1516.56852193301,154.331688869316
"E1",1,228,2175.58385397266,87.6414027298757
"E1",1,229,4319.18165417743,141.537763190449
"E1",1,230,2363.44006394627,176.978066965692
"E1",1,231,3183.23408136029,133.191549071259
"E1",1,232,2944.27025005966,161.511284249017
"E1",1,233,4464.8640369782,123.752846223495
"E1",1,234,3308.05333920887,105.138024055127
"E1",1,235,4720.4230701323,148.155137057445
"E1",1,236,3983.78412098597,210.644649315136
"E1",1,237,2039.34466953578,104.922058524308
"E1",1,238,3281.22993676279,203.754343033219
"E1",1,239,3543.58211577467,132.831935713282
"E1",1,240,2726.33794243706,93.7403712286002
"E1",1,241,2910.66540338075,191.74685016392
"E1",1,242,3220.72355903432,196.510151915856
"E1",1,243,1754.09426192953,218.326077142136
"E1",1,244,1595.1299314876,189.636968174674
"E1",1,245,2660.91149080299,157.852767721852
"E1",1,246,3527.23375047876,236.050835581724
"E1",1,247,4046.60091660162,138.131847552934
"E1",1,248,1380.94936378567,155.739471850575
"E1",1,249,3037.75140346429,143.484932304927
"E1",1,250,2515.49202222505,197.278524489711
"E1",1,251,2754.06697542754,141.244051064146
"E1",1,252,3943.20734107872,192.589647250525
"E1",1,253,4710.79375691606,88.2627893342339
"E1",1,254,2952.36315807398,121.042118310529
"E1",1,255,3236.41508887516,174.670094944544
"E1",1,256,1887.69110758507,169.695201787465
"E1",1,257,5265.62808306753,125.044914860111
"E1",1,258,3176.4272952364,229.577443268796
"E1",1,259,3733.02041706599,200.952931720103
"E1",1,260,3546.05331734494,164.309720980648
"E1",1,261,2255.47973504211,174.756300457993
"E1",1,262,3322.88601707765,146.624282347669
"E1",1,263,2212.71309369779,220.865853924471
"E1",1,264,3274.61405580364,178.529685234209
"E1",1,265,3431.93675732395,59.963952893298
"E1",1,266,2472.40440459884,161.58819696287
"E1",1,267,2168.77909892905,157.520956840285
"E1",1,268,3245.42659931202,109.139286238695
"E1",1,269,3275.16070669066,141.541644480696
"E1",1,270,3279.9146053683,245.798356309338
"E1",1,271,4648.68195592601,286.76735379867
"E1",1,272,2737.64401093098,214.482920720203
"E1",1,273,2778.0743906751,137.774422563899
"E1",1,274,2457.52765626292,209.623242364494
"E1",1,275,5248.42069731071,195.041268018988
"E1",1,276,2658.75033737336,247.880752912921
"E1",1,277,4200.1286906029,127.515690667838
"E1",1,278,2284.99395738823,204.347597223398
"E1",1,279,4251.33222190515,290.957093438096
"E1",1,280,3449.16753244383,54.9127964043303
"E1",1,281,2586.14451917615,203.891530650672
"E1",1,282,3430.8628915701,226.101640704657
"E1",1,283,4050.23797551497,184.439744986256
"E1",1,284,3899.58417977672,188.710727130214
"E1",1,285,3368.0759825711,122.276836570055
"E1",1,286,2886.64249968436,123.225058103776
"E1",1,287,1962.25149819082,108.743451717011
"E1",1,288,2465.45907086297,74.0368818108642
"E1",1,289,2369.13096893941,181.642029120004
"E1",1,290,3658.18287398065,165.540357818683
"E1",1,291,2879.15074362612,158.525645862133
"E1",1,292,3569.8118361769,167.853330899216
"E1",1,293,3777.65368187282,139.30909372737
"E1",1,294,3864.4373639631,248.501030676051
"E1",1,295,4578.27613473494,177.868566866062
"E1",1,296,2898.23055053169,158.963078705245
"E1",1,297,2960.18203666579,107.014732915803
"E1",1,298,2683.462094728,110.90468586656
"E1",1,299,4190.81020262409,122.519295726245
"E1",1,300,2882.12861760973,183.493808437875
"E1",1,301,3157.44204836041,205.81435010273
"E1",1,302,2745.71059475725,131.702287624132
"E1",1,303,3007.61336095973,117.967232515079
"E1",1,304,3425.94821679125,123.475411192379
"E1",1,305,2496.03253458318,105.793683896404
"E1",1,306,3907.1078381652,165.481462751415
"E1",1,307,2320.87951308204,221.222908011236
"E1",1,308,3838.90053389996,29.6796314487219
"E1",1,309,2687.83702637425,156.048185088086
"E1",1,310,2517.60112909232,225.550571683609
"E1",1,311,4066.39925697392,120.575761620998
"E1",1,312,3190.44407012085,154.607274658413
"E1",1,313,3360.89567349004,199.726222019477
"E1",1,314,4260.59045692395,178.273902400343
"E1",1,315,3779.15951259171,176.512796949493
"E1",1,316,3138.61392880426,45.6586326701747
"E1",1,317,2486.88904013453,139.445373235994
"E1",1,318,3398.09667649826,150.574155832745
"E1",1,319,2918.91390569946,213.022826156777
"E1",1,320,3822.62570513719,175.934731194763
"E1",1,321,2357.22274006342,197.897335969638
"E1",1,322,2684.15274239645,202.732171395725
"E1",1,323,5341.72414688046,87.5262496467334
"E1",1,324,4203.41061086368,187.089759019556
"E1",1,325,2400.43051552798,185.388438262515
"E1",1,326,2818.51139272182,95.5080315746435
"E1",1,327,3116.51745584646,55.635297935937
"E1",1,328,2639.45708352603,172.209125030216
"E1",1,329,3859.66397673031,182.85012985313
"E1",1,330,3387.35423072093,125.411086402017
"E1",1,331,4391.60241792953,211.231303901551
"E1",1,332,3118.97304643721,91.6013692736585
"E1",1,333,3868.32303277503,256.842912707801
"E1",1,334,3457.51762162879,190.767335329923
"E1",1,335,2139.22424108283,234.510289573796
"E1",1,336,2150.07170523296,200.813454744933
"E1",1,337,3260.02595779161,177.253284460641
"E1",1,338,1870.23189082245,179.627736688247
"E1",1,339,2500.4180499676,224.296181210912
"E1",1,340,3709.19370688431,215.752047119166
"E1",1,341,3715.33578812771,172.596292932523
"E1",1,342,2856.67206682806,262.578268082404
"E1",1,343,3238.07987244405,107.338542635947
"E1",1,344,2320.46970075556,94.8321710149988
"E1",1,345,3119.58514379781,282.948230974395
"E1",1,346,3874.86100614613,120.329312337529
"E1",1,347,4151.35930824903,239.567471905022
"E1",1,348,2255.07960431861,201.075909887823
"E1",1,349,2934.4129898713,138.536255123161
"E1",1,350,3088.08954008422,160.714802426162
"E1",1,351,3318.56122357363,139.878029928674
"E1",1,352,2252.00213968412,164.932284283428
"E1",1,353,3321.05303357112,135.205477421024
"E1",1,354,3586.04651529079,106.289736892929
"E1",1,355,4398.09505784703,194.386452599034
"E1",1,356,2339.61224576018,145.302745340309
"E1",1,357,3623.4220065145,150.694403202292
"E1",1,358,2963.22549672474,142.554175758186
"E1",1,359,1924.2758550362,177.33711912063
"E1",1,360,4675.3527196427,111.007979998742
"E1",1,361,2441.06783102244,176.573928067088
"E1",1,362,2683.40179766285,134.064817836848
"E1",1,363,2971.39773693661,148.6597567255
"E1",1,364,3425.497011172,135.317332844905
"E1",1,365,3296.45952989019,162.932723871151
"E1",1,366,2062.44291120575,182.010329387277
"E1",1,367,2650.51697493159,116.863157983809
"E1",1,368,3677.58393777243,131.450505198104
"E1",1,369,2520.04749865766,153.547754018203
"E1",1,370,3361.90131440725,80.1267340626174
"E1",1,371,3277.58756246043,153.986617343161
"E1",1,372,3900.22146790949,242.604574274605
"E1",1,373,3666.3930805619,141.899456970533
"E1",1,374,3467.43647408778,158.039863016331
"E1",1,375,3968.10578478218,104.966861364201
"E1",1,376,3445.81506484858,143.352582008346
"E1",1,377,2582.5743103546,185.873312636331
"E1",1,378,2943.42213055706,199.298964383853
"E1",1,379,2688.91447305179,167.939846628195
"E1",1,380,2634.83788288979,148.290818350465
"E1",1,381,4103.766870214,101.189652206482
"E1",1,382,3953.21808622054,159.333074285225
"E1",1,383,3467.02604479953,175.481286590017
"E1",1,384,3204.35656246705,141.068600135722
"E1",1,385,3191.38700214428,207.355857247828
"E1",1,386,2814.94532595523,171.520469318325
"E1",1,387,3566.27354854511,112.324130516418
"E1",1,388,2180.58790002199,141.745957191433
"E1",1,389,2326.05738943418,128.415417724195
"E1",1,390,3698.07582666654,96.6270842132213
"E1",1,391,2576.25218143758,103.358205847075
"E1",1,392,3777.81034894442,142.440074911481
"E1",1,393,3270.96071614267,122.837503586662
"E1",1,394,3370.28181198323,167.436010211953
"E1",1,395,3038.7396529333,64.5258329745421
"E1",1,396,2838.14762470359,91.7346510426219
"E1",1,397,4472.07422888646,228.584259294628
"E1",1,398,2908.6410507409,142.089012604374
"E1",1,399,5042.52412510635,172.915126198131
"E1",1,400,3385.80838128115,199.985371122252
"E1",1,401,3231.46332669012,156.400892583534
"E1",1,402,3630.83415003404,221.465915941075
"E1",1,403,3748.7903490947,200.87334597855
"E1",1,404,2004.4293395148,262.264716169712
"E1",1,405,3104.90401847405,204.9307555257
"E1",1,406,3345.68642194741,256.519124689265
"E1",1,407,2234.42957048906,161.605946591014
"E1",1,408,2359.22280259309,102.093996388368
"E1",1,409,2771.82081803272,213.709760045716
"E1",1,410,3603.48557902394,144.700836645368
"E1",1,411,2841.67233560579,184.114429291574
"E1",1,412,2515.625653763,247.17422917056
"E1",1,413,2080.57619350984,199.959112742651
"E1",1,414,1869.12717398231,85.0779662827951
"E1",1,415,3735.69985111604,235.485286720807
"E1",1,416,3797.58771059229,196.858910999046
"E1",1,417,2233.89420416718,154.861910004515
"E1",1,418,2414.73521178581,126.439400988371
"E1",1,419,3254.82362815891,158.111949604178
"E1",1,420,4727.04961066949,95.2683973006904
"E1",1,421,4520.2273389671,48.0061467637309
"E1",1,422,2932.59842803773,120.97678716178
"E2",1,1,3788.41622974137,130.29238328071
"E2",1,2,4509.55571970006,177.251156904796
"E2",1,3,4302.33335933518,142.660181709333
"E2",1,4,2852.39057026043,133.455973445555
"E2",1,5,3118.38605973599,156.666769691676
"E2",1,6,2845.04545088991,163.974453260422
"E2",1,7,3331.65108467128,207.04951181634
"E2",1,8,2949.99093068978,163.235333814203
"E2",1,9,4450.01693484358,153.47470655445
"E2",1,10,2940.04368845253,141.50634750696
"E2",1,11,2868.39546341559,109.644941090932
"E2",1,12,3113.15002575322,153.71483237584
"E2",1,13,3059.31477420874,92.3228740741745
"E2",1,14,3714.00013063767,233.276435754237
"E2",1,15,3600.97216942009,170.189363809351
"E2",1,16,2015.49223235723,63.9995092817482
"E2",1,17,2705.08398231612,96.3023323967775
"E2",1,18,2876.22589506158,195.101816933235
"E2",1,19,3907.76012817941,45.7317105670771
"E2",1,20,3184.58440865741,194.285800294472
"E2",1,21,3574.69227005508,175.101423504286
"E2",1,22,3141.19760014282,124.152950696996
"E2",1,23,2870.48624253617,131.042303033805
"E2",1,24,3698.4429190341,94.9886689108401
"E2",1,25,4949.95103876182,100.82714550978
"E2",1,26,3205.27274194382,141.209895014381
"E2",1,27,648.482146733062,86.6420915740529
"E2",1,28,2481.58543523544,145.232964123818
"E2",1,29,3030.13010653847,131.84268245201
"E2",1,30,2032.53004347942,167.66300145559
"E2",1,31,3437.69783309519,185.195059294895
"E2",1,32,2761.8891631065,172.923845428925
"E2",1,33,3722.71824956311,190.734874410407
"E2",1,34,3908.39217953372,168.004713710089
"E2",1,35,1839.04198837019,127.976675423698
"E2",1,36,3622.70105206197,148.303064768524
"E2",1,37,3929.60524172265,227.944017137143
"E2",1,38,2689.6373118359,239.843783876444
"E2",1,39,2505.09976465083,182.893005941068
"E2",1,40,1748.02929894622,107.863833351013
"E2",1,41,3922.65642702045,176.499393855262
"E2",1,42,4762.76408986091,220.969560150661
"E2",1,43,3112.67163953492,104.962393588496
"E2",1,44,4030.02094940229,215.749474171749
"E2",1,45,4120.80712390543,83.1218168027964
"E2",1,46,3275.97031407731,149.834319665673
"E2",1,47,3230.12888897359,227.075299045249
"E2",1,48,4739.11099192131,161.75939709563
"E2",1,49,2864.56584709958,194.067263157455
"E2",1,50,2313.79048978383,154.170420959214
"E2",1,51,4129.04246102093,120.684595942638
"E2",1,52,2751.32473199358,225.889417205882
"E2",1,53,2093.21772731945,177.528162317171
"E2",1,54,2947.87636985617,135.571809930525
"E2",1,55,2568.46927579901,97.066443111397
"E2",1,56,2454.31927656425,175.648579446069
"E2",1,57,4903.20792207376,140.264477932733
"E2",1,58,3207.64097027496,196.13466965403
"E2",1,59,3618.65928195573,209.994881008563
"E2",1,60,1618.33465467041,252.61167368015
"E2",1,61,3277.44962738298,160.327023419193
"E2",1,62,1849.88916581045,168.011056014657
"E2",1,63,3555.12660838722,140.212578544938
"E2",1,64,3743.77599544594,124.52496665847
"E2",1,65,2879.85093031317,41.8318391208456
"E2",1,66,2797.42020890088,99.7804048943665
"E2",1,67,4192.89524877526,191.858489940774
"E2",1,68,2381.48515175132,242.332816850766
"E2",1,69,3432.03583021101,90.6155260447201
"E2",1,70,3569.1304797566,197.333322854001
"E2",1,71,3754.28047933226,138.40298353496
"E2",1,72,3111.55538441104,199.559419468957
"E2",1,73,3318.98077522515,247.173381655378
"E2",1,74,2468.72030687218,112.025649205022
"E2",1,75,3905.37454079259,55.9601019946689
"E2",1,76,2757.77083723105,145.118054096404
"E2",1,77,2431.41203341327,194.545999284423
"E2",1,78,2924.66270783669,207.507454380987
"E2",1,79,2631.89532204361,184.395105868048
"E2",1,80,4009.49665079361,153.351584920476
"E2",1,81,2716.30687022548,313.37504079444
"E2",1,82,4978.04391535699,207.964027647206
"E2",1,83,3074.89103221134,140.814952634545
"E2",1,84,3895.22104651153,168.782618901461
"E2",1,85,2773.88618918678,200.284803161253
"E2",1,86,3368.81756044378,182.827144266658
"E2",1,87,4048.98942913174,158.751452304498
"E2",1,88,4235.36115152978,169.55656259572
"E2",1,89,3025.39743933088,183.956681057405
"E2",1,90,1999.51750455865,130.491078956448
"E2",1,91,2976.22311720055,147.315793861385
"E2",1,92,2993.28193745576,199.784262619369
"E2",1,93,3177.25582012154,138.902782284234
"E2",1,94,4017.00951551556,191.686745605938
"E2",1,95,2445.93367981419,104.303571757292
"E2",1,96,1975.59780869104,205.477494607912
"E2",1,97,3780.15683389578,223.451304209248
"E2",1,98,3178.84375794538,137.225411072669
"E2",1,99,3467.19581734422,80.7953457236843
"E2",1,100,2204.75516245397,175.212227205127
"E2",1,101,2671.5968781395,172.238950769107
"E2",1,102,3034.83610528808,82.2495134438249
"E2",1,103,4769.96574440395,189.873631004414
"E2",1,104,4497.85621216003,58.3135219524219
"E2",1,105,3226.86016179443,121.695278583488
"E2",1,106,3998.69744143819,242.432037187268
"E2",1,107,2774.16372650008,199.093062766864
"E2",1,108,2916.91906129865,165.351763576377
"E2",1,109,3133.10429245655,18.0484534669446
"E2",1,110,2137.03060089414,164.202380104046
"E2",1,111,3194.51244359425,106.575413712156
"E2",1,112,3374.66830781619,162.076011655951
"E2",1,113,2360.83979254683,166.360180224963
"E2",1,114,2097.36491927913,182.768107313864
"E2",1,115,5476.38850687153,144.80285728751
"E2",1,116,2842.59512539428,152.368369472648
"E2",1,117,3538.48475333945,135.627972872917
"E2",1,118,2811.9431535709,166.282927942494
"E2",1,119,4362.06876691278,127.424098909029
"E2",1,120,2918.0195252187,190.251627706913
"E2",1,121,3548.31386502869,112.214597374427
"E2",1,122,3761.95861446284,94.5051555675859
"E2",1,123,2797.55124965078,155.681360407699
"E2",1,124,2724.5876385362,137.15144862328
"E2",1,125,3999.04793591651,182.479078797037
"E2",1,126,4192.0313327434,83.5678193054721
"E2",1,127,3363.72546766487,173.065205703257
"E2",1,128,2256.81145741102,208.949946589874
"E2",1,129,3818.94853560392,115.321718019687
"E2",1,130,2639.61470114182,198.82496148655
"E2",1,131,3076.95452334363,201.354944795954
"E2",1,132,4222.52404574401,189.501287938989
"E2",1,133,1967.10042413407,105.079109332485
"E2",1,134,3759.00195777854,144.333617978254
"E2",1,135,3419.78357293215,176.217325350033
"E2",1,136,3402.64136399978,88.0526967882953
"E2",1,137,3396.67917705527,117.681825960135
"E2",1,138,2973.25296727631,184.200196870805
"E2",1,139,3314.35937450029,213.68437480071
"E2",1,140,2946.77888837867,176.353693484133
"E2",1,141,3385.96625127852,135.15710150529
"E2",1,142,2737.20359847315,128.259809084568
"E2",1,143,3435.75254762325,256.263977050847
"E2",1,144,4305.77310849124,142.994765357991
"E2",1,145,2492.72005982537,194.600879229698
"E2",1,146,2844.21388496904,103.537954760716
"E2",1,147,2777.54121645337,109.712457502957
"E2",1,148,4076.69833657788,139.97588388452
"E2",1,149,2950.14173389611,177.901503523046
"E2",1,150,3938.97272869817,203.226825230796
"E2",1,151,3158.90125050276,160.422932110485
"E2",1,152,2718.44187050719,183.559579510098
"E2",1,153,3825.04278043404,155.067243189648
"E2",1,154,2715.41965101489,177.181875256711
"E2",1,155,2842.35579566667,88.0193527784562
"E2",1,156,2844.3336239959,162.797839023844
"E2",1,157,3916.98009590316,149.67350955574
"E2",1,158,4784.04756167667,150.804837587631
"E2",1,159,2189.69234161695,128.919449621441
"E2",1,160,2552.79870264223,246.398589198194
"E2",1,161,2422.47187375558,118.011337206994
"E2",1,162,2241.35332271004,145.970576501774
"E2",1,163,3337.48860013734,118.135274046555
"E2",1,164,3310.99398709154,146.258262371165
"E2",1,165,2920.1185723546,183.61723479814
"E2",1,166,2819.22511856486,48.7156049077194
"E2",1,167,3672.32835329297,150.820412990864
"E2",1,168,1669.44992303502,145.292515986858
"E2",1,169,4180.95962743936,102.800101019378
"E2",1,170,3281.58470834463,151.859811614034
"E2",1,171,3840.24663610673,173.388187244117
"E2",1,172,3139.42363024081,172.840069881865
"E2",1,173,3220.00117036242,134.82116377684
"E2",1,174,2985.19477588899,275.68411990859
"E2",1,175,2779.86438383868,143.576130157599
"E2",1,176,3955.80944005069,79.9654128844227
"E2",1,177,3264.25254868363,132.455387488859
"E2",1,178,2286.34256419158,207.992045179195
"E2",1,179,3509.17033140228,122.37683979428
"E2",1,180,2528.85998379291,156.615225756568
"E2",1,181,1580.48059767325,140.093402506646
"E2",1,182,3110.17043626584,125.727696765117
"E2",1,183,3125.30717627072,225.961484859986
"E2",1,184,3541.56247079947,67.3242689824529
"E2",1,185,4227.49247663851,158.957746442677
"E2",1,186,3883.51092271089,151.449121594749
"E2",1,187,2624.28286281159,231.677578379192
"E2",1,188,3624.26965489709,157.037393032505
"E2",1,189,3257.19770753274,211.725772585468
"E2",1,190,3574.85651640895,171.82243433282
"E2",1,191,2907.41003345034,118.188776236357
"E2",1,192,2695.11990318452,178.998504558271
"E2",1,193,3970.37578679017,104.769984893124
"E2",1,194,3283.14613415724,100.6400116854
"E2",1,195,3706.63111330905,220.691129442535
"E2",1,196,2718.6129727469,170.568957347285
"E2",1,197,1124.14282181693,80.7714494876552
"E2",1,198,2848.77806529443,129.396345338538
"E2",1,199,3307.64390948438,190.419731530255
"E2",1,200,4707.11904250209,173.92292633502
"E2",1,201,3176.75027391867,137.773038666935
"E2",1,202,1490.62399357165,112.666036891665
"E2",1,203,2839.0556837705,146.611036591341
"E2",1,204,2458.39418790263,205.342269038135
"E2",1,205,3577.46928118964,131.659206416272
"E2",1,206,3008.52903809831,208.039227608821
"E2",1,207,3681.6923662491,192.665521078292
"E2",1,208,3876.28856849816,146.998918933934
"E2",1,209,2504.78801406787,68.960878810399
"E2",1,210,3992.62765052881,118.72828098189
"E2",1,211,2658.65720516099,192.64403984212
"E2",1,212,3062.7669681691,250.806131208701
"E2",1,213,2930.51586375695,201.562242998399
"E2",1,214,1622.7481014742,110.654452168125
"E2",1,215,2931.90346258868,171.7985824315
"E2",1,216,1645.5444578147,140.446368513793
"E2",1,217,2077.13716818929,131.857791673388
"E2",1,218,3350.27653088324,105.15290010725
"E2",1,219,3451.1931726973,121.677206330323
"E2",1,220,3712.02205450487,202.060684410198
"E2",1,221,2702.90906067734,254.034685223133
"E2",1,222,3573.00178327993,192.160175700788
"E2",1,223,4060.53107958094,101.252065912024
"E2",1,224,2855.65893502008,124.646774400755
"E2",1,225,3624.02153593274,265.443443751351
"E2",1,226,1948.49891875304,136.880644897582
"E2",1,227,2912.70315090816,120.640085161968
"E2",1,228,3193.644749503,137.055211344781
"E2",1,229,3582.65777731654,279.612151233536
"E2",1,230,2500.99109334757,177.792147678518
"E2",1,231,3006.91536462278,145.534502030135
"E2",1,232,3288.36718804818,214.448115433691
"E2",1,233,3878.02955064925,90.2463992098855
"E2",1,234,3796.47209690261,154.109642388776
"E2",1,235,3076.5003585633,195.066266673305
"E2",1,236,3418.91173947532,103.958257346438
"E2",1,237,3416.31509112039,135.730304241998
"E2",1,238,2612.90977647697,181.128563566798
"E2",1,239,4986.38927753763,90.483897267483
"E2",1,240,3356.91171254398,58.8460668440907
"E2",1,241,3560.71762423934,145.461596198863
"E2",1,242,2201.45905135663,261.791718454689
"E2",1,243,3022.82711950059,120.189374789305
"E2",1,244,3066.12250958646,90.8834126275155
"E2",1,245,3805.22562882935,153.869465080806
"E2",1,246,3568.23292522894,221.638207930599
"E2",1,247,3046.2534557682,112.942073927171
"E2",1,248,3561.60155191255,190.852503607851
"E2",1,249,3485.20395657321,145.886408741963
"E2",1,250,3982.46640818623,61.6347615450138
"E2",1,251,4051.39305617499,156.987523642005
"E2",1,252,3578.9595060203,177.105529076393
"E2",1,253,2336.66387859157,148.997021472094
"E2",1,254,2967.9412664321,166.336069239206
"E2",1,255,2925.18183610403,116.625630312573
"E2",1,256,4348.47451816451,125.221402999523
"E2",1,257,3041.33709127932,153.175303641954
"E2",1,258,2711.83149154908,226.106800774764
"E2",1,259,4682.06142257469,92.5135415312935
"E2",1,260,4377.01983428457,120.689139294743
"E2",1,261,3114.65562648568,157.822671919958
"E2",1,262,3583.02809304678,98.2338446478677
"E2",1,263,2344.49726688236,93.0705147137045
"E2",1,264,3638.80069850403,145.572859897308
"E2",1,265,2777.53694162454,135.120609112663
"E2",1,266,3091.76747759255,187.719036201387
"E2",1,267,2571.9376777828,140.538977955938
"E2",1,268,1603.71092658719,86.2699188712034
"E2",1,269,2150.71534350291,282.845053604143
"E2",1,270,3831.73844104299,135.626442861341
"E2",1,271,2187.85703247813,279.535409776772
"E2",1,272,2751.31814292214,113.248225214686
"E2",1,273,2483.12574502159,186.958106438124
"E2",1,274,3091.30895798957,127.695548882953
"E2",1,275,3645.13164932343,213.332375868011
"E2",1,276,2945.54724798904,128.748047115997
"E2",1,277,2480.3785793444,159.19098702183
"E2",1,278,3645.399642965,187.057331290967
"E2",1,279,3285.70659569609,143.2784856973
"E2",1,280,4275.50526922721,124.25799377407
"E2",1,281,3134.33046742483,149.776268236446
"E2",1,282,3955.91901886979,67.0911922051513
"E2",1,283,2913.77496778771,149.811437886198
"E2",1,284,3901.31761998567,133.903875113943
"E2",1,285,3278.17487478246,161.099479511773
"E2",1,286,2798.85921483512,79.2194595629175
"E2",1,287,3253.08625784102,191.056977248745
"E2",1,288,3380.13635398982,156.830628930025
"E2",1,289,4467.2359503094,106.260427108872
"E2",1,290,3968.11188282558,223.778623142004
"E2",1,291,2885.19569421175,153.003492446292
"E2",1,292,3172.25997006927,73.9591591094418
"E2",1,293,3773.7324030197,237.47148692757
"E2",1,294,2074.3806601943,131.090416298739
"E2",1,295,3360.51073457524,169.666375804258
"E2",1,296,3383.56065397295,241.085694667102
"E2",1,297,4082.69556791713,192.515513389828
"E2",1,298,3674.99629071493,163.048446033505
"E2",1,299,3780.45874492927,173.198126138188
"E2",1,300,3503.53036765722,134.090577955567
"E2",1,301,3862.99547982944,204.743510732242
"E2",1,302,5086.3655775143,170.458340126585
"E2",1,303,3296.84726359571,128.692771089373
"E2",1,304,3908.12905719806,133.229464740961
"E2",1,305,4065.35905368635,186.635718281838
"E2",1,306,2257.70524619109,112.639676366349
"E2",1,307,3143.6033498114,195.736019286386
"E2",1,308,2916.5629474553,201.880788287208
"E2",1,309,2592.98065441886,111.333337234873
"E2",1,310,2607.18648277068,220.150413019317
"E2",1,311,2728.48391850887,142.434500009637
"E2",1,312,2721.58496992655,232.960818830456
"E2",1,313,3889.87282656905,181.45564243837
"E2",1,314,3710.04622058023,86.0686679017328
"E2",1,315,3143.02969136236,195.81791681588
"E2",1,316,3210.20883887281,119.633635873553
"E2",1,317,4600.44531613604,137.264671072914
"E2",1,318,2199.14777254901,179.02109107559
"E2",1,319,3336.87199811833,212.228873266004
"E2",1,320,3688.44143111037,136.114959443541
"E2",1,321,3394.74413939541,166.316971071378
"E2",1,322,2866.56700973617,82.2370694990815
"E2",1,323,3543.54480582611,54.1559219058778
"E2",1,324,3056.73875379958,66.0214544120682
"E2",1,325,2741.96886525899,119.707553214913
"E2",1,326,3192.81234955385,211.196602729082
"E2",1,327,3336.1000454594,113.122099958752
"E2",1,328,3220.24957885205,111.422700260444
"E2",1,329,4086.64326250224,145.432132567085
"E2",1,330,3894.34098265277,105.25426135766
"E2",1,331,3830.75736521192,189.553268136069
"E2",1,332,2703.04184859376,170.058977957955
"E2",1,333,3872.51685519976,194.614920722559
"E2",1,334,3239.67854857162,113.34435001589
"E2",1,335,3834.36318010236,155.416178536485
"E2",1,336,3466.32041088125,160.46873262772
"E2",1,337,2867.31005896227,180.559692557456
"E2",1,338,3347.64172309819,165.955497763615
"E2",1,339,2787.60500316575,123.382981114875
"E2",1,340,2959.77236430833,196.657349047292
"E2",1,341,4474.56305133918,178.222235804405
"E2",1,342,4257.54038800171,154.070856048537
"E2",1,343,2886.28520914623,138.677322515417
"E3",1,1,3295.25719701631,141.057725101226
"E3",1,2,2746.67404369646,190.594246770172
"E3",1,3,3647.61393956019,52.3263074750058
"E3",1,4,2578.26669763566,288.212920674219
"E3",1,5,2753.63114071838,157.921109601647
"E3",1,6,2998.0754340035,149.570640336251
"E3",1,7,2653.22790197355,173.582598772071
"E3",1,8,3009.45094835747,115.357374307755
"E3",1,9,4974.76562837353,161.380380583853
"E3",1,10,3914.39631526146,181.678608905891
"E3",1,11,2628.39259923039,143.275768540684
"E3",1,12,5153.39901748774,205.983400003987
"E3",1,13,2741.26149218766,136.621396940275
"E3",1,14,3365.36554592314,189.056499834725
"E3",1,15,4144.16575223342,146.642652428811
"E3",1,16,4073.42370585868,70.765809663657
"E3",1,17,3981.64788897127,175.61656236302
"E3",1,18,2562.38987591812,165.844621522019
"E3",1,19,2189.92541402353,197.432038102996
"E3",1,20,4258.25565365894,240.726863069909
"E3",1,21,3158.06407338232,161.801146256252
"E3",1,22,3391.00253420091,221.537438868396
"E3",1,23,3543.1811372378,161.922994688492
"E3",1,24,1887.88428725628,134.395352832568
"E3",1,25,3107.61250756165,136.143671155762
"E3",1,26,3870.70269942376,208.56830375855
"E3",1,27,3601.29593900045,161.915722230136
"E3",1,28,4139.70898826482,198.343147338669
"E3",1,29,2870.83837394728,165.597979198644
"E3",1,30,3142.92806955518,112.881364580945
"E3",1,31,3229.13777085018,166.042063364928
"E3",1,32,3006.72829807574,114.368757556378
"E3",1,33,2851.61008411029,58.9941291651131
"E3",1,34,2479.91379995242,115.282862528407
"E3",1,35,3010.86514088979,86.2815650034231
"E3",1,36,2205.73414485543,99.9264228693181
"E3",1,37,2094.47760182393,123.690159716338
"E3",1,38,2796.33926538911,199.657266172576
"E3",1,39,2212.5740305971,139.188540826363
"E3",1,40,4917.61431539789,136.626184682
"E3",1,41,3460.34812321946,104.068491011685
"E3",1,42,3877.83624049326,152.542940937701
"E3",1,43,2813.58269512534,207.820347179061
"E3",1,44,2073.54444204458,198.929459374758
"E3",1,45,2841.47067157763,197.74924694097
"E3",1,46,4084.68962227461,182.699110119023
"E3",1,47,4007.20389518383,100.469762138792
"E3",1,48,2577.00055840206,173.214585090508
"E3",1,49,1726.75640152764,129.569264299312
"E3",1,50,2934.6700246423,150.733321477775
"E3",1,51,2977.93388264936,218.461522112107
"E3",1,52,3824.53565765618,164.00240199513
"E3",1,53,2732.788498646,179.603695621106
"E3",1,54,2026.28931338415,182.849538706179
"E3",1,55,3709.51936781859,186.629538799162
"E3",1,56,2637.90043187799,106.322179556408
"E3",1,57,3437.69597470899,179.209878844513
"E3",1,58,3059.64190974271,201.922183957046
"E3",1,59,2866.61484583648,111.478594580839
"E3",1,60,3430.64987274653,134.081151001213
"E3",1,61,3574.1201813179,57.3027299300852
"E3",1,62,2500.01845578596,173.766084025659
"E3",1,63,2979.29094376653,153.565603740757
"E3",1,64,4010.82068134864,103.533796113605
"E3",1,65,2998.90393128359,136.898169252149
"E3",1,66,2075.31031201302,88.4893956840497
"E3",1,67,2315.21403161255,204.415486931403
"E3",1,68,3764.17415089015,121.686698028999
"E3",1,69,2858.95892875924,186.514636912771
"E3",1,70,3342.58469912013,146.758950241513
"E3",1,71,4325.13750545945,181.866603958154
"E3",1,72,4069.20342921122,127.860786069306
"E3",1,73,3293.26611709708,204.594161027887
"E3",1,74,2983.8488437158,155.549564996347
"E3",1,75,3434.90417076401,183.084353791135
"E3",1,76,2749.17303548363,183.586511686211
"E3",1,77,3329.80705420569,197.330302574088
"E3",1,78,3980.27821456158,163.512943043621
"E3",1,79,2732.75074225111,181.406613472234
"E3",1,80,3915.76123560469,132.142181572463
"E3",1,81,3862.06481921135,51.3308726073114
"E3",1,82,3738.91971282554,206.807712962168
"E3",1,83,3689.18179044192,163.521460481356
"E3",1,84,2855.259709863,119.544856337708
"E3",1,85,3892.11688243299,114.197024024549
"E3",1,86,3582.81191409016,156.941010126165
"E3",1,87,1314.21276227981,65.9033510596994
"E3",1,88,3447.28492768327,223.449957932324
"E3",1,89,3601.89826195699,148.452628864179
"E3",1,90,3441.78909889617,164.248394612171
"E3",1,91,3148.46687710564,181.479591556874
"E3",1,92,3656.50100127549,77.1124616142495
"E3",1,93,2792.22428937035,241.607940663289
"E3",1,94,4182.71533188323,246.193728028444
"E3",1,95,3532.72084303961,81.2751443025718
"E3",1,96,2852.62890505084,96.6616059785385
"E3",1,97,3844.97927520153,175.463610339143
"E3",1,98,4196.07772918723,196.680174492941
"E3",1,99,2612.38476305019,28.0921384095703
"E3",1,100,2523.91348956515,287.598601583068
"E3",1,101,2608.61074018257,112.437601715436
"E3",1,102,1772.69961927812,147.576031352934
"E3",1,103,3025.12563818341,157.965593974495
"E3",1,104,1965.80435396867,140.075476407659
"E3",1,105,4106.67630566047,128.466222707797
"E3",1,106,3523.38991976164,162.811083868889
"E3",1,107,2939.3788552816,231.116574395048
"E3",1,108,2449.16735530658,226.853852556008
"E3",1,109,3708.49030101092,92.1415490923454
"E3",1,110,3573.97182778208,135.535813663552
"E3",1,111,3000.68494287251,247.191449122738
"E3",1,112,4373.12998936123,237.586541826162
"E3",1,113,1872.11891911682,108.980663547323
"E3",1,114,3186.90037874459,253.172636958536
"E3",1,115,3354.09857793278,110.866968013522
"E3",1,116,3654.65829496212,128.591817173634
"E3",1,117,2414.87544132619,170.061583640889
"E3",1,118,3900.12894945956,150.434571988197
"E3",1,119,2866.38525772921,66.2584497253565
"E3",1,120,3778.50511841003,98.5603289437546
"E3",1,121,2837.90298473355,200.967620006253
"E3",1,122,2376.94510754207,33.147440627564
"E3",1,123,2249.87346741879,182.337827767086
"E3",1,124,4074.92455027886,88.9248661699747
"E3",1,125,3224.17509894256,152.113961017912
"E3",1,126,2244.47409540128,158.106852460972
"E3",1,127,3103.70660526464,222.726116771075
"E3",1,128,2618.17035925567,136.400359604965
"E3",1,129,2186.94113530464,132.810424073713
"E3",1,130,3422.72700510883,202.101496293234
"E3",1,131,2740.27131232146,140.124386302739
"E3",1,132,2559.70287282569,184.543655219361
"E3",1,133,4096.50199010456,211.493468558631
"E3",1,134,3338.93852390505,122.883191305146
"E3",1,135,3502.55300880759,197.426011174941
"E3",1,136,4380.19442183877,141.53884745192
"E3",1,137,3359.81920962403,183.762314771767
"E3",1,138,2074.05719766021,138.75611893796
"E3",1,139,3531.98806401933,241.999578251959
"E3",1,140,4339.58024515952,210.288140999932
"E3",1,141,2811.66166356595,150.285455831875
"E3",1,142,5108.90451016277,28.3039799563274
"E3",1,143,3382.58153030975,224.510860641952
"E3",1,144,3388.35083842495,150.91285129179
"E3",1,145,3518.23905191239,93.2565189641053
"E3",1,146,4013.36400824207,165.921926380294
"E3",1,147,2444.34172308328,161.071835252407
"E3",1,148,4268.56882048561,137.025718640425
"E3",1,149,4356.79709970538,211.458364188452
"E3",1,150,4286.55232632582,117.995304041347
"E3",1,151,3478.19326222956,169.122902126622
"E3",1,152,1298.07937671904,97.2428951486663
"E3",1,153,3198.45208345136,178.79208894894
"E3",1,154,3660.02801892982,175.866805418839
"E3",1,155,3800.58468871291,85.9428213752253
"E3",1,156,3402.22426949431,141.581774117851
"E3",1,157,4263.75357371537,194.552478234701
"E3",1,158,3829.79886790658,220.014722732467
"E3",1,159,3200.60864702599,187.360737641572
"E3",1,160,2740.21817173067,142.490477615822
"E3",1,161,2535.36381676604,270.011923920015
"E3",1,162,4254.45332220023,136.593914886058
"E3",1,163,3411.57195028,102.143677469309
"E3",1,164,4217.15667431852,126.575014391433
"E3",1,165,1744.68020504451,227.325018935445
"E3",1,166,2698.39637014688,139.905219600407
"E3",1,167,1653.74863561311,186.278359647981
"E3",1,168,3625.49558969956,242.077911870128
"E3",1,169,3799.36255632466,143.016835192353
"E3",1,170,2593.00099564848,127.339487499613
"E3",1,171,3924.57680571858,135.504440253142
"E3",1,172,4086.71365494074,300.108044802731
"E3",1,173,4102.33408738483,121.186461237746
"E3",1,174,2585.37108767819,175.981949672644
"E3",1,175,2986.97261779261,204.051964419714
"E3",1,176,4123.31156197606,103.322888986592
"E3",1,177,3230.12379605733,181.205223084903
"E3",1,178,4435.79615810394,207.716423453619
"E3",1,179,4121.66905603849,159.058276539964
"E3",1,180,4004.83871636211,120.134113323739
"E3",1,181,2421.11078709052,150.29989582251
"E3",1,182,3799.19206915096,178.429174753863
"E3",1,183,3269.15673822155,134.765099663004
"E3",1,184,4240.18360151301,194.663728235618
"E3",1,185,2500.48291938497,147.501901715198
"E3",1,186,3251.75783329316,127.190261560137
"E3",1,187,3477.9683835167,235.03919248295
"E3",1,188,3568.3850014262,87.5219478935753
"E3",1,189,2941.01112707529,176.081162361695
"E3",1,190,4669.03803620003,146.830585922478
"E3",1,191,3553.62937663943,154.640974493851
"E3",1,192,2352.9098566952,154.913930688218
"E3",1,193,1381.2638068089,119.164197816415
"E3",1,194,3274.99870009193,128.234510129677
"E3",1,195,3796.65086163882,134.436559882789
"E3",1,196,3722.10032338948,207.195625730397
"E3",1,197,3219.58594228538,208.495441329864
"E3",1,198,2917.31321145083,198.565873908812
"E3",1,199,2957.87126898262,206.086680598049
"E3",1,200,3798.55977361175,270.044407954485
"E3",1,201,2944.7446589625,298.20931983077
"E3",1,202,4389.3400490372,137.635767912607
"E3",1,203,2802.4567710833,73.5889776180389
"E3",1,204,4658.56308848237,187.259844171679
"E3",1,205,3474.45695446043,123.438840233099
"E3",1,206,3253.82395993537,178.522834763281
"E3",1,207,2150.71910868316,102.876869032416
"E3",1,208,4036.62750340036,185.109020599006
"E3",1,209,3111.32548029234,99.0951170233262
"E3",1,210,2661.21097977433,257.063150962575
"E3",1,211,2371.64778807083,114.056890194588
"E3",1,212,3194.07458048496,216.216373152154
"E3",1,213,2853.44966311984,113.429813598156
"E3",1,214,3933.27500727673,179.914114225711
"E3",1,215,3487.82109750911,137.425086175713
"E3",1,216,2432.72419299561,193.968144643176
"E3",1,217,2844.34719045416,227.021602013788
"E3",1,218,3171.64905545375,246.852153098257
"E3",1,219,3408.5432363502,171.627784301824
"E3",1,220,2712.26557129675,104.759161108299
"E3",1,221,4144.58435563606,122.78351722667
"E3",1,222,2829.07063970581,258.784695905592
"E3",1,223,3098.02214703305,166.433786271266
"E3",1,224,3442.60924233503,138.357576546023
"E3",1,225,3345.38597428005,185.6539056506
"E3",1,226,2622.28399314869,89.0837403352734
"E3",1,227,3240.06957705225,139.030513618304
"E3",1,228,3967.4384261193,118.773595755696
"E3",1,229,2167.90906619611,33.5373346302318
"E3",1,230,2655.62041315802,183.720669013907
"E3",1,231,4229.82091645718,133.12238084203
"E3",1,232,4534.37282163878,171.25648574377
"E3",1,233,3551.38255176047,202.938691433307
"E3",1,234,1240.37922680943,157.808272207357
"E3",1,235,3645.60994878753,210.507239444665
"E3",1,236,3145.29785387434,113.914001996606
"E3",1,237,3807.52057705631,161.310127426576
"E3",1,238,3018.91712657177,109.657166717044
"E3",1,239,2317.32394411647,224.823598908562
"E3",1,240,2851.42047910653,199.593299388416
"E3",1,241,3038.97502664023,98.8276087885132
"E3",1,242,2620.42651375489,192.28052749007
"E3",1,243,3837.73102664478,181.060265224834
"E3",1,244,3184.29316730397,192.618820150555
"E3",1,245,3262.99838214428,268.061441041527
"E3",1,246,2650.6804711426,119.847625043811
"E3",1,247,3689.69489856219,173.602027786766
"E3",1,248,3117.02602733575,200.63072907251
"E3",1,249,3947.06473516192,152.462260728779
"E3",1,250,2889.69926708453,140.767849460429
"E3",1,251,2917.29650536019,177.454970090064
"E3",1,252,3103.83056554155,201.190342916272
"E3",1,253,2349.5398820682,100.718496326547
"E3",1,254,4261.11817182627,151.611891083371
"E3",1,255,4476.26051614028,146.801552928547
"E3",1,256,2781.27079090864,162.54908677961
"E3",1,257,3465.01761064261,238.749431410244
"E3",1,258,3368.7261646214,118.255600375881
"E3",1,259,3085.91670134253,153.326787490631
"E3",1,260,3453.81421801653,83.0305739344352
"E3",1,261,3438.77100505252,128.261072826477
"E3",1,262,2829.82331613725,152.166867445094
"E3",1,263,3082.52825943813,139.335992292789
"E3",1,264,3624.42936279865,130.241433159731
"E3",1,265,3558.05636218185,177.674659479185
"E3",1,266,2479.848019409,156.872628894662
"E3",1,267,4318.53358865477,125.058962643624
"E3",1,268,3282.1269320067,103.173095651131
"E3",1,269,3954.8031032184,194.850982955902
"E3",1,270,2721.78955790807,104.1453891054
"E3",1,271,2870.52329423068,202.008655688765
"E3",1,272,3321.81731416827,155.148601129485
"E3",1,273,3460.18380859614,180.377304114338
"E3",1,274,3573.04696425199,81.3200531450508
"E3",1,275,3604.70797552372,158.43695815998
"E3",1,276,2558.36584500361,169.733842568414
"E3",1,277,3809.92986886797,250.295220933464
"E3",1,278,3022.68333118796,210.92678479644
"E3",1,279,3448.96801216181,139.394400863487
"E3",1,280,1728.47633899922,267.929439506291
"E3",1,281,3257.87678436777,94.2730586701653
"E3",1,282,3214.07556582947,179.968892614056
"E3",1,283,2900.26849687711,176.715964563379
"E3",1,284,3923.26438160335,212.840790395575
"E3",1,285,2869.34838639789,185.930950321544
"E3",1,286,4245.96356701444,156.702661228083
"E3",1,287,2909.70927846981,137.951477758945
"E3",1,288,3226.23563925479,93.6110135728475
"E3",1,289,2761.42175966984,219.136601222339
"E3",1,290,3664.57862213452,158.926472057382
"E3",1,291,3719.8790710695,129.564532793795
"E3",1,292,3483.03493385891,206.206993737618
"E3",1,293,2628.57716332298,200.217548754048
"E3",1,294,2478.30971032265,173.966037343718
"E3",1,295,3210.59211892044,76.8638323393521
"E3",1,296,2708.84591669087,183.875909161027
"E3",1,297,2795.04149892014,289.032634543045
"E3",1,298,4029.20041720308,85.7183449361562
"E3",1,299,3640.1359593227,130.691159447747
"E3",1,300,4596.6398119278,216.909653251718
"E3",1,301,3668.68279760527,168.229791439808
"E3",1,302,3174.90664706604,182.409581274262
"E3",1,303,2238.01313005093,176.618635220058
"E3",1,304,3840.9678215847,141.587212476094
"E3",1,305,2575.20947553877,189.478869955248
"E3",1,306,4181.50162996806,172.063874468131
"E3",1,307,4746.66556040415,106.928278172844
"E3",1,308,2501.01880850893,73.5319249666942
"E3",1,309,2532.86943232654,158.522035046371
"E3",1,310,3838.90084266812,49.8706936835125
"E3",1,311,3113.12393166672,133.009170809188
"E3",1,312,3914.09971700577,155.16340667373
"E3",1,313,3802.68536836973,284.397260362273
"E3",1,314,3185.91095523568,32.2906915941821
"E3",1,315,2577.14558973692,209.349194289534
"E3",1,316,4142.48552397263,124.367065035943
"E3",1,317,2694.44181697046,61.924959884173
"E3",1,318,3917.02446101963,97.2525635027717
"E3",1,319,3787.09486598508,189.024729591621
"E3",1,320,1653.47219044515,149.826847180538
"E3",1,321,1760.94132873457,162.539616213662
"E3",1,322,2578.18532240525,139.992570874367
"E3",1,323,4420.15929442906,153.321900084919
"E3",1,324,2806.81655462414,85.5106978992664
"E3",1,325,3010.47706435734,204.165970846967
"E3",1,326,2854.53462126991,219.792197804954
"E3",1,327,1218.5312625001,194.529870076039
"E3",1,328,4193.66004833208,97.8838572927787
"E3",1,329,3844.40238788811,143.978537859924
"E3",1,330,3381.51073703941,189.818913260379
"E3",1,331,2241.19542059978,185.794723340632
"E3",1,332,4209.0160769259,47.7155422358476
"E3",1,333,3681.86382421622,84.2942149660646
"E3",1,334,3668.29742275757,122.179687026051
"E3",1,335,3803.76386709488,66.830966430581
"E3",1,336,3285.69965011763,202.297234997375
"E3",1,337,3694.04393424466,140.495742797078
"E3",1,338,3270.05488068364,207.250491211229
"E3",1,339,4022.24095500795,151.808558798172
"E3",1,340,3668.87632264546,225.624653967921
"E3",1,341,3698.03313572112,20.8139992989401
"E3",1,342,3736.015829489,123.310241709654
"E3",1,343,2948.91233699954,205.558170225871
"E3",1,344,3676.96826000077,175.452246309856
"E3",1,345,3995.91145660341,146.929770032641
"E3",1,346,3497.7828739537,234.817727560549
"E3",1,347,2498.3614287211,140.977208722807
"E3",1,348,2798.11879699893,290.902213061449
"E3",1,349,2718.44190551092,158.51599255866
"E3",1,350,3885.34852979228,118.739600250098
"E3",1,351,3507.07340101638,152.03755869287
"E3",1,352,2834.73129362118,195.261811269122
"E3",1,353,4065.07629976744,224.21238519694
"E3",1,354,3466.0492348711,208.711316185725
"E3",1,355,3354.95188010372,115.584479249869
"E3",1,356,3148.21679013998,63.1960570023445
"E3",1,357,1963.53497190183,188.022005189237
"E3",1,358,5270.02825724041,165.782838711879
"E3",1,359,2704.11153024198,246.476660100948
"E3",1,360,3079.81933266679,177.51735931912
"E3",1,361,2696.8756235526,230.754714848379
"E3",1,362,3725.39401085801,148.533495379387
"E3",1,363,3581.47372632712,158.16733685799
"E3",1,364,2918.32162068833,150.655700811971
"E3",1,365,2976.97074658002,237.183788909949
"E3",1,366,1871.5549626397,196.898560894667
"E3",1,367,4216.37904485594,127.063030197419
"E3",1,368,2744.74429133286,164.955424984535
"E3",1,369,2944.93076768975,117.268755139624
"E3",1,370,3663.68485149029,28.4605122312076
"E3",1,371,2773.87184283986,125.181926370337
"E3",1,372,2828.47716471472,137.232172685493
"E3",1,373,1791.59646875768,131.652664733337
"E3",1,374,2959.09265108324,202.296724920949
"E3",1,375,2178.91030802431,82.9935552619448
"E3",1,376,3800.35869142092,144.042850397755
"E3",1,377,3120.37452702109,175.622454892611
"E3",1,378,3236.323933504,166.213202868449
"E3",1,379,4449.84040585412,129.288965934617
"E3",1,380,1217.8745413934,220.748832411655
"E3",1,381,2994.74284186744,293.608459607297
"E3",1,382,3053.0154818723,161.405724889799
"E3",1,383,3787.35859129513,167.281813230706
"E3",1,384,2469.20275286076,227.986986865744
"E3",1,385,2880.6278585996,197.394499602923
"E3",1,386,2738.32085161564,187.533034483634
"E3",1,387,3433.42558049258,97.6383495982133
"E3",1,388,3181.07035215361,138.901011105385
"E3",1,389,3545.75251958269,95.0251684222454
"E3",1,390,2788.57753391267,111.509656841204
"E3",1,391,2979.15511085446,107.924682226363
"E3",1,392,3084.48861726702,204.814494788462
"E3",1,393,3021.42948314934,81.084266725209
"E3",1,394,2280.00306296048,173.389521859037
"E3",1,395,4508.4739793904,140.031955903926
"E3",1,396,4176.81194876763,173.844191234946
"E3",1,397,3096.62048575319,98.3163296457113
"E3",1,398,3237.5302281037,197.678745935783
"E3",1,399,2660.80527666531,174.463051032842
"E3",1,400,3434.24030841401,193.756803855038
"E3",1,401,2122.20185010158,121.243244824571
"E3",1,402,3579.33985149079,109.50503827854
"E3",1,403,1691.12087516552,78.1720618468669
"E3",1,404,2422.58777823116,130.13396126749
"E3",1,405,4665.93209535932,118.734617773797
"E3",1,406,3141.46686485812,165.323725777882
"E3",1,407,3006.23805233315,149.129281221289
"E3",1,408,3112.28700420154,184.623138367251
"E3",1,409,2810.27341836847,190.285952947123
"E3",1,410,3911.57292694744,160.372639191744
"E3",1,411,3021.88270312621,196.571651017154
"E3",1,412,3736.45272615705,225.851047058234
"E3",1,413,4568.54105425198,190.831319850784
"E3",1,414,4364.58608949672,209.722151971551
"E3",1,415,2849.17281791531,233.764946869343
"E3",1,416,3166.12045575826,176.974694469414
"E3",1,417,3798.88678329647,157.789600497043
"E3",1,418,2602.83360278289,186.380877699762
"E3",1,419,2465.33753725789,183.498019884859
"E4",1,1,3374.78022082783,210.691895459722
"E4",1,2,2731.52737055008,198.151090079918
"E4",1,3,2857.11301568847,131.854527909984
"E4",1,4,4598.30171748992,207.504343972227
"E4",1,5,3443.92486483446,261.845248689232
"E4",1,6,4806.13950510115,196.266955233872
"E4",1,7,2614.72302226087,182.840561818444
"E4",1,8,3965.19296781532,127.361315325878
"E4",1,9,2385.48542299079,117.435914108151
"E4",1,10,2979.13933424191,154.851928922548
"E4",1,11,4221.11208193724,198.050552546879
"E4",1,12,3713.07692528961,114.091151781535
"E4",1,13,3506.09265878817,118.91906016286
"E4",1,14,4256.7902152317,134.972400328642
"E4",1,15,4460.91004387021,125.608567885271
"E4",1,16,3445.41351407802,153.26805185794
"E4",1,17,3263.78140316972,101.210584531199
"E4",1,18,3011.8267093665,84.4914902013472
"E4",1,19,3274.0144386913,232.621787469257
"E4",1,20,2917.06140289462,189.320602657605
"E4",1,21,2153.2941881162,177.485603090371
"E4",1,22,2946.35154718684,78.9832030736061
"E4",1,23,2689.17636280383,20.0650915138833
"E4",1,24,3166.88520375931,207.610063121381
"E4",1,25,2682.63069011202,194.395706377149
"E4",1,26,2433.74154392959,187.51266671674
"E4",1,27,2888.44295614241,196.275655765172
"E4",1,28,3491.98845655255,204.487110267636
"E4",1,29,2891.39003654752,162.552822454647
"E4",1,30,2131.82681188172,80.628413962902
"E4",1,31,3755.79523775587,152.545467178288
"E4",1,32,2469.10316686903,239.672353108265
"E4",1,33,1494.49871184607,130.847398254873
"E4",1,34,3101.5677793172,106.214690460839
"E4",1,35,3021.16000742326,65.3846403449968
"E4",1,36,3194.71923234666,176.167099168392
"E4",1,37,870.136672121083,195.877467836046
"E4",1,38,2610.23875930658,204.619601484703
"E4",1,39,1089.74582772789,190.021349899517
"E4",1,40,2483.26030633363,210.258085810004
"E4",1,41,3556.24510068398,225.795218021152
"E4",1,42,4074.66001345211,136.778974673774
"E4",1,43,3393.30532350431,120.164495486285
"E4",1,44,2599.37837677157,199.211186692619
"E4",1,45,3461.3862181249,250.341819577357
"E4",1,46,3346.20281254892,164.773420205371
"E4",1,47,3420.26470696253,204.666635502142
"E4",1,48,2204.83366093389,209.557201346952
"E4",1,49,2596.78120586406,136.870637288043
"E4",1,50,3018.57335958298,167.259616897027
"E4",1,51,3510.45779208561,181.862362319721
"E4",1,52,3856.96028186298,194.980877217689
"E4",1,53,1449.86560130832,138.238035768753
"E4",1,54,3486.0639327465,99.0510658240961
"E4",1,55,2878.63330019176,193.525781854133
"E4",1,56,2762.60195692115,84.6449565309945
"E4",1,57,2823.4408812733,136.367869857108
"E4",1,58,3159.51868656323,210.645436995886
"E4",1,59,3083.60382379285,135.838978381191
"E4",1,60,3225.73243728406,169.937449368447
"E4",1,61,4301.01057572337,117.276303335561
"E4",1,62,3099.5885716214,174.318272418057
"E4",1,63,3338.49126519514,196.679976329863
"E4",1,64,2690.07247662964,217.319450763474
"E4",1,65,3979.32567080605,189.397410738866
"E4",1,66,2635.44550137984,153.84888164468
"E4",1,67,3179.38596441663,116.072403080026
"E4",1,68,2685.28675635743,146.460844707987
"E4",1,69,3858.85152145983,195.959068713635
"E4",1,70,3396.411161253,246.836041932483
"E4",1,71,4870.27777241074,172.965034987086
"E4",1,72,2734.89987722431,133.970296158798
"E4",1,73,4049.29628989144,102.517263946527
"E4",1,74,2735.986991915,143.186753801987
"E4",1,75,2570.93245772743,238.953466879318
"E4",1,76,2688.1549484095,87.0027596313078
"E4",1,77,2546.38558757417,109.704027087348
"E4",1,78,2787.09913810325,175.676450177868
"E4",1,79,3507.72064894728,15
"E4",1,80,2434.19171192593,229.263880975517
"E4",1,81,3608.70735369191,146.837300439476
"E4",1,82,2595.69327561773,148.260614180482
"E4",1,83,4055.35013460415,188.349353425286
"E4",1,84,2968.83695397592,297.679645681534
"E4",1,85,3033.69571073977,109.980702114548
"E4",1,86,4467.366627523,126.496622773959
"E4",1,87,4040.74434633472,188.065403835381
"E4",1,88,3813.07001211755,81.2238850451801
"E4",1,89,2231.23868281369,158.012825353511
"E4",1,90,4206.47667645338,171.246639285544
"E4",1,91,3767.70950282521,172.409950094953
"E4",1,92,2270.09980334703,162.697568148993
"E4",1,93,2269.52524043425,195.011286237315
"E4",1,94,4313.67887020881,141.127000558069
"E4",1,95,4232.75817704307,171.74517805945
"E4",1,96,3482.60099451786,207.222086164687
"E4",1,97,3473.10888920244,189.236707086021
"E4",1,98,4405.77242707811,170.753200142205
"E4",1,99,2060.2342123607,165.016360186283
"E4",1,100,3202.96484415183,280.715285412943
"E4",1,101,3081.89252530065,146.885438164235
"E4",1,102,3535.75752718689,147.995576680245
"E4",1,103,2863.10290629774,171.993336759918
"E4",1,104,3608.00546759996,208.598592739836
"E4",1,105,3187.94711994631,159.577281659044
"E4",1,106,2877.48356041871,162.008046860308
"E4",1,107,4513.53802239934,121.576482745472
"E4",1,108,1970.62697452149,229.62814270438
"E4",1,109,3181.45491007553,139.71303141304
"E4",1,110,2486.24589824276,175.700089325658
"E4",1,111,2808.28514708984,219.967781497429
"E4",1,112,4059.83254088697,77.5787696208919
"E4",1,113,4355.75020717794,227.722760276731
"E4",1,114,2280.08481979038,187.904572118075
"E4",1,115,3630.12448505469,147.361359198529
"E4",1,116,1576.53353875,191.965454221541
"E4",1,117,1100.41962737544,131.178960842181
"E4",1,118,2477.92913323929,159.52858470668
"E4",1,119,3329.3409825461,119.170112955649
"E4",1,120,2357.68571802867,184.05245728253
"E4",1,121,3050.84604045924,146.798132072559
"E4",1,122,1851.09006890318,148.488872067421
"E4",1,123,4307.94313641493,230.185278502339
"E4",1,124,1814.7785533333,233.955171150085
"E4",1,125,2666.97096009027,125.062751752298
"E4",1,126,2866.05521776803,203.045583103394
"E4",1,127,2478.43401502891,184.505335619461
"E4",1,128,2864.83559326607,197.023542600989
"E4",1,129,2736.79053423207,191.452026477943
"E4",1,130,2978.07123207642,130.258522116021
"E4",1,131,1961.96882564364,160.10457771426
"E4",1,132,3607.29121614176,127.189583273276
"E4",1,133,2132.7071528245,144.714364397732
"E4",1,134,2762.46941760984,134.816747904479
"E4",1,135,3965.27939754688,152.468501977795
"E4",1,136,2904.61857703781,200.047027919394
"E4",1,137,3138.85050749298,100.664107587668
"E4",1,138,3045.23288000671,181.531818186805
"E4",1,139,3062.64305847171,170.837354722161
"E4",1,140,4270.34563578436,208.064617275872
"E4",1,141,4652.852851565,82.1717844845381
"E4",1,142,2389.6250058765,187.24219632304
"E4",1,143,3459.10385874865,176.388441120544
"E4",1,144,2767.81050721054,135.559538359799
"E4",1,145,2847.62684000063,166.203060633704
"E4",1,146,2893.33049757227,141.303094011216
"E4",1,147,2251.24601062308,243.482337408816
"E4",1,148,3182.42423443067,175.220912556778
"E4",1,149,3567.88749069883,153.516937455751
"E4",1,150,3589.09840959608,156.929719727877
"E4",1,151,2524.33210281938,129.790814717177
"E4",1,152,3755.72351061362,173.463112381316
"E4",1,153,2004.61742023102,111.570843331276
"E4",1,154,2083.42743203816,169.53287592143
"E4",1,155,3932.27057496378,66.7013369509978
"E4",1,156,3723.38635054972,145.442905959457
"E4",1,157,2643.95457737818,215.265488838758
"E4",1,158,2844.03569186337,139.582559463323
"E4",1,159,3087.8913919793,193.482265493496
"E4",1,160,2309.82970253215,263.264461894038
"E4",1,161,2766.31791716209,211.331554473422
"E4",1,162,2845.64301895828,191.91659232106
"E4",1,163,2521.8861634734,198.997751761932
"E4",1,164,2785.97921052178,91.7330240433145
"E4",1,165,2490.70544701473,114.018220922033
"E4",1,166,2872.00396739461,261.924693463839
"E4",1,167,2655.22893785979,133.658559536709
"E4",1,168,3920.80608969606,217.1040067694
"E4",1,169,4487.45504943163,184.274641243139
"E4",1,170,2669.85507329198,95.121431312087
"E4",1,171,4404.91038453214,196.622821959338
"E4",1,172,3071.31165704613,133.949208130563
"E4",1,173,2001.41591181913,137.698568829103
"E4",1,174,2714.50904780816,132.229707749203
"E4",1,175,3643.04253992763,210.675510503585
"E4",1,176,2932.73631499927,198.025550239616
"E4",1,177,3865.25409312878,185.780303781578
"E4",1,178,3078.90823017795,195.188617520446
"E4",1,179,1696.01489055163,66.4709841089851
"E4",1,180,1936.90676434774,157.868876414541
"E4",1,181,4598.91159150037,130.983311951959
"E4",1,182,3969.48421342293,121.740206627434
"E4",1,183,3402.05035523517,118.715394804715
"E4",1,184,2558.91432412478,140.393387694662
"E4",1,185,3655.55906487132,119.276762471177
"E4",1,186,1981.21807160623,107.55155914137
"E4",1,187,3966.91629513637,85.099843263734
"E4",1,188,3491.9451116337,253.77224999938
"E4",1,189,2758.529911371,183.598271584143
"E4",1,190,2902.10383222651,165.095854007973
"E4",1,191,2499.94594189881,229.425805097318
"E4",1,192,3532.33272125847,108.968547664331
"E4",1,193,2523.29019662535,161.592692417431
"E4",1,194,2178.74824018753,209.731133362344
"E4",1,195,3667.17999514705,137.678673452234
"E4",1,196,3142.39607456794,95.5235252960534
"E4",1,197,3455.95088087998,130.98283625549
"E4",1,198,2157.1823678381,123.038943598193
"E4",1,199,3528.08216178122,182.887873486304
"E4",1,200,3728.88903006623,204.400591937262
"E4",1,201,3358.91531659048,160.997856617266
"E4",1,202,2280.03928125575,141.433424542161
"E4",1,203,4055.59910031063,46.9543748359323
"E4",1,204,2909.30798371939,147.978206243687
"E4",1,205,4030.63810497232,193.885844341612
"E4",1,206,4391.04020832316,111.997262979424
"E4",1,207,3369.16892791573,172.957300793566
"E4",1,208,3276.57264304426,171.048802601865
"E4",1,209,4356.22396601228,99.6135052417049
"E4",1,210,2577.75820460645,234.170465356489
"E4",1,211,3792.70172285612,186.663267393827
"E4",1,212,3483.06073324768,201.886978298957
"E4",1,213,2977.24170673605,135.653686334806
"E4",1,214,1978.15482687543,234.831224069701
"E4",1,215,3972.71241853753,131.031991409798
"E4",1,216,3765.69619618416,169.785503018072
"E4",1,217,3066.75413781864,95.243201850131
"E4",1,218,3521.6572194345,120.627194931929
"E4",1,219,2479.50097103293,153.593841729772
"E4",1,220,3421.88030917477,196.601488518791
"E4",1,221,2909.22869733338,135.483905276014
"E4",1,222,3206.54999089791,128.22310666436
"E4",1,223,3168.5899999808,158.98486759636
"E4",1,224,2551.22298574546,70.7129845523396
"E4",1,225,3462.76337385604,106.308036534088
"E4",1,226,2856.20257466174,81.4548233561967
"E4",1,227,3842.54530145583,216.302374502007
"E4",1,228,4682.96702838542,153.67099414889
"E4",1,229,3043.26300605553,162.64204791255
"E4",1,230,2957.69976534755,154.173594379102
"E4",1,231,2970.17866433813,90.770695435308
"E4",1,232,3732.93708963972,120.943366148323
"E4",1,233,3003.11405290525,196.466910482477
"E4",1,234,3421.38889708853,168.755574153279
"E4",1,235,2443.39686871653,202.77665822606
"E4",1,236,3581.89054917674,176.742501048091
"E4",1,237,3122.199446605,154.573506289277
"E4",1,238,2476.62398344474,137.512693141702
"E4",1,239,2699.35029860819,253.408939197648
"E4",1,240,3598.20440517105,144.122942153437
"E4",1,241,2335.81281833484,147.925160520858
"E4",1,242,2390.07865549435,176.659326595359
"E4",1,243,3604.54654334206,170.738768881503
"E4",1,244,2872.82896945449,88.3865562063398
"E4",1,245,1803.73752082956,150.195989098709
"E4",1,246,3877.74935164656,188.947703522648
"E4",1,247,2880.27414905532,98.0742572323583
"E4",1,248,2447.85648413669,219.364770429495
"E4",1,249,4357.40000101788,107.200588736483
"E4",1,250,1703.17913902817,65.9171242992804
"E4",1,251,2474.52612255644,93.3842649503735
"E4",1,252,3681.98797934911,220.472536650563
"E4",1,253,1502.06381477188,210.48257586739
"E4",1,254,3953.1547639761,263.725917013639
"E4",1,255,3103.29942757124,154.117643074948
"E4",1,256,2951.10832376531,137.498081818739
"E4",1,257,3155.02471735764,210.601886607071
"E4",1,258,2216.58921241974,208.966624851439
"E4",1,259,2706.76430678879,72.1329674741251
"E4",1,260,2317.87057429076,151.720127411173
"E4",1,261,3112.76284619892,153.969605164306
"E4",1,262,2812.3626337448,73.8388529782762
"E4",1,263,3103.52990798153,146.844233192869
"E4",1,264,3137.29505850319,114.348561355757
"E4",1,265,2539.7195459223,171.756350104531
"E4",1,266,1173.94950377645,201.347765930487
"E4",1,267,3774.94363297149,123.765567852429
"E4",1,268,5004.15174237913,172.01132024353
"E4",1,269,3545.08972358727,145.59729175988
"E4",1,270,3207.61091970613,146.570640845695
"E4",1,271,4371.6035902837,243.663852756604
"E4",1,272,3509.63453409603,137.345238451744
"E4",1,273,2308.35335608754,170.071633976907
"E4",1,274,3735.91244907481,137.803690360119
"E4",1,275,3638.8071303966,177.724809857503
"E4",1,276,2261.02912331076,280.7462371849
"E4",1,277,1790.32508818307,116.726482637613
"E4",1,278,3209.06230057377,108.840987515494
"E4",1,279,2668.91832929181,142.588783587035
"E4",1,280,3485.07236081982,117.50384397861
"E4",1,281,3249.7312210879,148.149908628113
"E4",1,282,4505.08752720821,86.2394709814382
"E4",1,283,4422.18058442131,163.585608281416
"E4",1,284,3616.10755434644,62.6297014623565
"E4",1,285,2699.91652042483,118.969701840159
"E4",1,286,2121.08506550517,147.977759871214
"E4",1,287,2800.90821605757,102.221687622156
"E4",1,288,2286.33785617527,174.598656473936
"E4",1,289,3834.15684931746,106.717632147275
"E4",1,290,2706.65258597545,155.215763521031
"E4",1,291,3398.90015276151,173.585432980321
"E4",1,292,3660.53725910096,117.828780758414
"E4",1,293,4008.21387630539,119.321668081713
"E4",1,294,3957.57155608144,210.134997160822
"E4",1,295,3105.03866656986,133.372973029413
"E4",1,296,3310.87476334848,212.490314255584
"E4",1,297,2830.6392721389,110.987060041276
"E4",1,298,3279.37506687155,90.5437679098523
"E4",1,299,1979.6522043311,190.910287735065
"E4",1,300,2107.37961745196,162.869194360091
"E4",1,301,3571.81174986969,164.021231286892
"E4",1,302,3245.35684732891,94.670189813738
"E4",1,303,3344.01707392595,229.519299808803
"E4",1,304,2330.83638955713,161.146694627943
"E4",1,305,3414.64609149934,161.717102003351
"E4",1,306,4982.94921958338,119.027457704975
"E4",1,307,4183.90138252793,35.1252447833931
"E4",1,308,2800.67684979882,120.718339124948
"E4",1,309,2498.98009998902,133.421601236258
"E4",1,310,4317.8402819291,177.495296351118
"E4",1,311,3370.67095012228,132.230861226542
"E4",1,312,2788.70455817805,219.488645491857
"E4",1,313,1945.1033057599,156.689777194267
"E4",1,314,2849.65847802956,179.725292328351
"E4",1,315,2399.49608955519,185.721554914435
"E4",1,316,1997.54984747059,173.543870589795
"E4",1,317,3691.3650376893,171.198329464218
"E4",1,318,3759.09380311952,213.219659782842
"E4",1,319,3591.86989584823,174.784217604435
"E4",1,320,3376.29868742422,136.451992411792
"E4",1,321,2537.04356586153,274.460628045649
"E4",1,322,3502.84924169432,211.482308240501
"E4",1,323,3777.80125790757,149.163872030807
"E4",1,324,3348.31858599042,180.818604821896
"E4",1,325,4795.97298939486,223.213546385102
"E4",1,326,2683.25378030244,147.246158212901
"E4",1,327,3688.37500843559,215.92226343363
"E4",1,328,1893.191276004,195.888713383973
"E4",1,329,5219.3307679585,121.818800107441
"E4",1,330,2592.26764341784,75.5965899559118
"E4",1,331,2244.34984247492,213.535485622138
"E4",1,332,2496.80505516967,295.962123901876
"E4",1,333,3384.79695396326,235.399081888374
"E4",1,334,2427.08066198983,167.662299706651
"E4",1,335,2800.41111112122,180.422637614174
"E4",1,336,3380.2869939344,302.307955345906
"E4",1,337,3017.19165054141,251.061468578558
"E4",1,338,3243.9848917544,183.078648975333
"E4",1,339,2503.71393634834,169.324685687531
"E4",1,340,2801.90099430225,214.803531896016
"E4",1,341,2834.48524552436,223.602079229616
"E4",1,342,4426.81197271918,164.991397546535
"E4",1,343,2940.87203132747,98.9965003399712
"E4",1,344,2713.93542447291,146.785006793541
"E4",1,345,3714.63263507899,15
"E4",1,346,3828.76209130356,138.00745562024
"E4",1,347,3225.86285714895,129.132668495468
"E4",1,348,3919.35033544709,160.820828692958
"E4",1,349,2664.82731313635,64.7784176622601
"E4",1,350,4215.55431479797,76.1298472172741
"E4",1,351,2586.87712685202,207.253352373126
"E4",1,352,3776.60620827855,141.050287881312
"E4",1,353,2667.76575700006,189.449677588108
"E4",1,354,4183.75364666905,200.902943245256
"E4",1,355,3184.92003550274,257.359601685514
"E4",1,356,2413.87642562622,128.902311500839
"E4",1,357,2870.19083631018,166.251245899956
"E4",1,358,3407.98607042539,305.973690065537
"E4",1,359,3219.47228901168,183.189078507583
"E4",1,360,1943.24033320236,240.93349819405
"E4",1,361,4177.74458200794,212.789285469943
"E4",1,362,3125.36903128998,119.870911935967
"E4",1,363,1894.00457514086,187.408405546768
"E4",1,364,3678.52331886686,83.6903966193745
"E4",1,365,2841.31050626902,246.071862034099
"E5",1,1,3415.63068115061,145.025481541499
"E5",1,2,4486.81342822319,136.034764310642
"E5",1,3,3403.54312425479,116.463630046039
"E5",1,4,4224.35982815121,162.746418984611
"E5",1,5,2540.69350180892,114.274948179928
"E5",1,6,3683.47597833047,183.615422831778
"E5",1,7,2364.84489857223,156.269854874412
"E5",1,8,3373.55824375143,51.2245812114695
"E5",1,9,3003.67823924314,15
"E5",1,10,2930.31098349705,69.8453347720395
"E5",1,11,3958.37608527412,99.3014901404097
"E5",1,12,3189.14320073966,132.048263376282
"E5",1,13,2720.61603505323,179.000353066466
"E5",1,14,4698.61845901087,95.3548881068142
"E5",1,15,4777.87093873867,56.7570431611586
"E5",1,16,2488.09088159679,174.999386132751
"E5",1,17,3952.56793346528,169.566496961945
"E5",1,18,3773.85881109578,121.474679630123
"E5",1,19,3461.67911786526,171.397825691408
"E5",1,20,3504.93941471482,142.622172506762
"E5",1,21,4079.3605685634,240.953378207413
"E5",1,22,4336.46285879502,150.67926928183
"E5",1,23,2133.2222025658,104.155140688423
"E5",1,24,3097.91920414036,202.323919482969
"E5",1,25,3164.67717363955,203.930204480319
"E5",1,26,4601.70933358411,204.025967363265
"E5",1,27,3725.6309445773,198.963530160407
"E5",1,28,2472.23392112119,90.8567134736585
"E5",1,29,3653.15077411488,177.802897649979
"E5",1,30,1885.0575436042,99.6519869671752
"E5",1,31,3629.31460082393,159.95350388467
"E5",1,32,3622.51548606154,160.856346355682
"E5",1,33,4558.86292459511,159.494849964413
"E5",1,34,3191.73329833209,122.685011163916
"E5",1,35,3676.32049737327,126.110646899076
"E5",1,36,3404.76163321386,123.486450849051
"E5",1,37,2695.10815096611,220.052029031693
"E5",1,38,2804.31873310482,89.496502992464
"E5",1,39,2352.60684356609,73.9367515126594
"E5",1,40,3635.07854133778,193.272245837972
"E5",1,41,3391.43923226454,138.459664112598
"E5",1,42,2618.60906439442,143.548064058683
"E5",1,43,2371.23299672215,238.165473284606
"E5",1,44,2553.72217360018,30.2063232672976
"E5",1,45,2883.52510390805,112.87651576694
"E5",1,46,1430.74860169289,157.418924215956
"E5",1,47,3219.85381246077,191.947727304824
"E5",1,48,3878.75331091951,211.457116972016
"E5",1,49,3224.65886653879,229.04911896017
"E5",1,50,4043.40018328854,172.681999927912
"E5",1,51,2950.74206112418,188.243696234465
"E5",1,52,3309.59545235035,188.392059486322
"E5",1,53,2725.09041700078,224.151412088215
"E5",1,54,1903.9274462179,167.38763992692
"E5",1,55,3439.07715519383,186.226958360395
"E5",1,56,3588.1327901955,160.980672514727
"E5",1,57,3479.79882141913,189.270220230881
"E5",1,58,2177.95821274422,209.251848356777
"E5",1,59,2738.02392564381,159.815383152699
"E5",1,60,2413.82633878787,130.931131165014
"E5",1,61,2623.34719898075,105.842885217371
"E5",1,62,3029.04134984648,97.0773669549555
"E5",1,63,2684.39461496615,103.788646749533
"E5",1,64,3770.56157339963,158.737528816883
"E5",1,65,2962.90431251833,96.8747546533377
"E5",1,66,2664.21193857226,16.6720433445044
"E5",1,67,2668.69740725144,242.179947354265
"E5",1,68,3786.36035274981,214.131371799813
"E5",1,69,2647.34593388421,160.362642414406
"E5",1,70,3282.57388479511,176.279013973464
"E5",1,71,3409.31655357026,164.100478542013
"E5",1,72,2455.66208681305,175.027796039751
"E5",1,73,4179.7535632855,149.79752242763
"E5",1,74,2862.38512691063,195.085528696263
"E5",1,75,3644.03995688724,193.469253814091
"E5",1,76,1822.02544198056,260.870474343339
"E5",1,77,2594.26089543292,196.827938856728
"E5",1,78,4278.88338012426,277.347901241169
"E5",1,79,2538.37673615,202.17500457489
"E5",1,80,4280.71941262098,245.885419739645
"E5",1,81,3345.43833659942,183.538479167568
"E5",1,82,2840.11894890295,165.221875293804
"E5",1,83,3188.287461233,180.180987173706
"E5",1,84,2377.04384123244,234.762193104232
"E5",1,85,2825.87108501355,187.564518303435
"E5",1,86,3934.16584165541,201.781621970707
"E5",1,87,2406.50080894135,56.3649675207402
"E5",1,88,3576.5768008747,145.363586591958
"E5",1,89,2859.27235374039,178.84177778319
"E5",1,90,3212.88943215379,144.76695321408
"E5",1,91,2490.23628081208,175.099084557308
"E5",1,92,3812.3153057151,211.891870229587
"E5",1,93,3981.43300853884,198.481498540245
"E5",1,94,3290.21536269618,162.246704750998
"E5",1,95,3456.82325126852,199.410076649214
"E5",1,96,2266.67185412034,163.294983842262
"E5",1,97,4314.40978247251,231.370696400633
"E5",1,98,3281.57377341574,104.412789124479
"E5",1,99,3957.31424771282,266.951159000318
"E5",1,100,4546.44239585319,82.5877788464097
"E5",1,101,2285.430997619,127.734468051811
"E5",1,102,2353.90058882127,183.002083706069
"E5",1,103,3794.10885829978,261.271607684012
"E5",1,104,3882.12297429009,146.572687444441
"E5",1,105,2292.29172160444,187.72063766054
"E5",1,106,3113.7962526425,130.04250329136
"E5",1,107,3727.90212998145,220.082106267288
"E5",1,108,3471.1457590052,89.4828175048313
"E5",1,109,2934.07746895989,187.384873129897
"E5",1,110,2431.6859128834,231.645510325362
"E5",1,111,4580.56319931789,210.968744486025
"E5",1,112,1365.56459951276,207.896310552212
"E5",1,113,2287.1711247565,171.496416255237
"E5",1,114,3731.83570480645,112.797868969916
"E5",1,115,4240.7993317293,228.560204635897
"E5",1,116,3739.35790875826,121.233540795367
"E5",1,117,3748.75136825504,203.441899340432
"E5",1,118,2904.72651680109,122.987598933477
"E5",1,119,3285.5743359525,154.055763452004
"E5",1,120,4563.03405055859,125.662023584623
"E5",1,121,4279.00057486106,73.6750749670146
"E5",1,122,4102.47963212148,173.20826915614
"E5",1,123,2918.00224529274,212.078417157512
"E5",1,124,1596.91198974309,180.843271741563
"E5",1,125,2058.27142579163,177.459091287954
"E5",1,126,4719.21136176706,125.457537077847
"E5",1,127,2882.68556505269,244.22514829919
"E5",1,128,3065.18677033519,120.218183354283
"E5",1,129,3247.16005631446,221.024473120726
"E5",1,130,2337.37045315242,241.946210292447
"E5",1,131,3097.06758428812,209.330244900656
"E5",1,132,2885.37225244056,80.3082463406823
"E5",1,133,3771.88211110468,157.822622726183
"E5",1,134,3212.54895595215,157.798789570793
"E5",1,135,2274.73484649793,226.006511655347
"E5",1,136,2884.58795333528,127.57000124033
"E5",1,137,2375.34248333883,176.710999118356
"E5",1,138,3884.2187266604,158.836604859861
"E5",1,139,3106.84443281581,159.612447657794
"E5",1,140,3873.93222236493,171.390129160317
"E5",1,141,3328.95960813111,166.097239977182
"E5",1,142,2963.53918573653,202.247643280679
"E5",1,143,1596.68029671947,134.442961195894
"E5",1,144,3749.56241492894,258.252307795694
"E5",1,145,3236.97812075342,221.415637322259
"E5",1,146,3063.0196593948,160.512618717361
"E5",1,147,3010.12814857285,110.767370456475
"E5",1,148,3247.08012002312,158.631663313021
"E5",1,149,3777.17249922934,161.836636008551
"E5",1,150,3439.36325445805,184.660849381311
"E5",1,151,2144.42675505076,157.085102790351
"E5",1,152,3499.09474104868,96.7703992955428
"E5",1,153,3800.56912143223,241.881299024664
"E5",1,154,3547.86535552879,127.177842217071
"E5",1,155,3902.65565183453,112.784196959203
"E5",1,156,1828.75036103971,61.3247105830875
"E5",1,157,3117.6960621254,87.8007628591295
"E5",1,158,3691.76517378365,102.067794918867
"E5",1,159,3256.78419874653,153.143981046278
"E5",1,160,3319.78418046677,232.748247297884
"E5",1,161,3657.78458078283,151.050504053309
"E5",1,162,3907.67171318453,176.529585806797
"E5",1,163,2524.09301115448,156.938533733473
"E5",1,164,2679.67115490394,252.228666874692
"E5",1,165,2756.07645835576,167.64159574869
"E5",1,166,3753.98751205572,187.172866769732
"E5",1,167,3154.83190880296,167.148746909856
"E5",1,168,3730.21108826936,108.684870926406
"E5",1,169,3070.46088203049,165.659112969921
"E5",1,170,2575.46120417365,138.127365385714
"E5",1,171,4474.28740577929,227.802464048204
"E5",1,172,4671.41913872978,122.245055579057
"E5",1,173,3190.88166455788,165.27893503676
"E5",1,174,2243.49328349417,194.386315845277
"E5",1,175,4388.31202981658,176.0319555226
"E5",1,176,3139.89642400157,133.670937704279
"E5",1,177,3557.45243195937,141.094797771671
"E5",1,178,2097.08786437366,218.267260749897
"E5",1,179,4498.91938213106,136.530505978033
"E5",1,180,4466.79611291555,183.201318775419
"E5",1,181,3327.35382327769,209.205310806672
"E5",1,182,2752.41988708072,177.364115083187
"E5",1,183,1543.34690656601,78.7007784656889
"E5",1,184,2914.46085612525,201.070358125179
"E5",1,185,3751.10176549439,241.181836474408
"E5",1,186,3776.54275087502,178.455906215244
"E5",1,187,2738.4520517757,172.363596824198
"E5",1,188,4427.49421670922,187.154392864385
"E5",1,189,3616.19593558843,99.8293989594784
"E5",1,190,3227.7133592046,151.185981405251
"E5",1,191,3051.96323381089,136.062491024812
"E5",1,192,2777.29074542219,252.992639056391
"E5",1,193,2895.3481769266,230.333233474895
"E5",1,194,3385.13785782243,202.667457857399
"E5",1,195,3162.12727303069,135.442768202695
"E5",1,196,4350.79073084389,187.41902098229
"E5",1,197,3179.06643248139,79.2551153313453
"E5",1,198,2652.26407705616,208.45982952633
"E5",1,199,1762.73698038493,188.596726882294
"E5",1,200,4088.77453942835,184.888588256134
"E5",1,201,2982.67892290544,152.215818487786
"E5",1,202,2146.4282200849,208.585369497981
"E5",1,203,2540.4254939135,243.850787946063
"E5",1,204,5107.24100662699,77.3654516058842
"E5",1,205,2235.99857516913,172.896058491456
"E5",1,206,3419.15274496464,188.907922911681
"E5",1,207,1817.9987780483,105.217584736059
"E5",1,208,3019.23305445197,210.156933142091
"E5",1,209,3440.55451967059,240.186017877901
"E5",1,210,3018.4090059245,234.896302356404
"E5",1,211,3206.01472859075,179.467219830839
"E5",1,212,3023.50308822592,245.820611004295
"E5",1,213,3888.33354158323,180.205831715786
"E5",1,214,3142.42500803379,146.877159767171
"E5",1,215,4408.97459309576,148.656792809219
"E5",1,216,3754.7973715271,197.22788738597
"E5",1,217,3126.02609148916,213.15575658418
"E5",1,218,4027.11976840658,107.351613869329
"E5",1,219,3227.86788353457,181.64492152506
"E5",1,220,3445.69508610518,136.057886158444
"E5",1,221,3000.81803861421,174.810380560107
"E5",1,222,941.663584923541,113.830009980655
"E5",1,223,2830.50129286186,121.631573771475
"E5",1,224,2083.60322735927,162.502977012969
"E5",1,225,3214.95870513879,86.2664692702367
"E5",1,226,3300.17132444312,128.046835587654
"E5",1,227,3505.965590563,15
"E5",1,228,3401.77845512427,155.052996977295
"E5",1,229,4856.65907866985,252.746428740233
"E5",1,230,3217.12343886696,109.046416199916
"E5",1,231,3719.99335798418,166.89250609866
"E5",1,232,3250.87691442,119.73921472213
"E5",1,233,4573.90134791021,183.809674644404
"E5",1,234,3751.339449549,181.991548860632
"E5",1,235,4037.97240152666,179.524383350541
"E5",1,236,1684.33379854104,170.702824721568
"E5",1,237,3598.39230064142,206.846985416296
"E5",1,238,2596.16416693166,81.7401784533476
"E5",1,239,3889.90124397236,147.077705700928
"E5",1,240,3089.65326159662,155.316791059255
"E5",1,241,3712.73747282745,86.964728177073
"E5",1,242,3528.57675231723,172.355362463876
"E5",1,243,1718.98866957152,183.432348161162
"E5",1,244,2492.70097990596,145.203172222821
"E5",1,245,2802.99462774644,138.933922318847
"E5",1,246,3811.86496237032,245.458141353976
"E5",1,247,2922.51902990739,211.135778895618
"E5",1,248,3056.19764056827,74.624800004854
"E5",1,249,3450.01105658008,144.331286966193
"E5",1,250,3137.72214201919,146.582374168138
"E5",1,251,2354.30277139251,171.156603964041
"E5",1,252,4542.77371539008,159.497513558416
"E5",1,253,2689.05411154347,176.139185917835
"E5",1,254,3161.47563998062,158.154647857253
"E5",1,255,2860.77552238826,205.224216351579
"E5",1,256,2658.28507154742,215.5693896428
"E5",1,257,2769.36143021617,48.9245916666385
"E5",1,258,3039.29618586533,239.663966635061
"E5",1,259,2324.6062687244,120.809988744529
"E5",1,260,4599.58685111714,48.9452663207083
"E5",1,261,3002.16113524649,224.721175346085
"E5",1,262,2154.99860082205,154.557525034753
"E5",1,263,3956.96437774539,229.584954992263
"E5",1,264,3101.57824536188,142.208749959566
"E5",1,265,2733.40055112217,210.532552668276
"E5",1,266,2767.7854928189,72.2398367098091
"E5",1,267,3109.72079669706,187.850034994601
"E5",1,268,1957.31985851282,100.441131123934
"E5",1,269,3114.65553759743,207.83105956429
"E5",1,270,4634.27333894525,151.322174579192
"E5",1,271,1556.88453210338,188.763141043011
"E5",1,272,3687.67615458887,164.442222034073
"E5",1,273,3441.43302205153,97.1089663597636
"E5",1,274,5158.96438903406,169.384097136081
"E5",1,275,2779.7285781913,169.118581598003
"E5",1,276,2845.93938638496,107.970969591946
"E5",1,277,3019.51559565215,139.640953881002
"E5",1,278,3116.32217395469,163.900293770741
"E5",1,279,2635.45137315246,300.055183834058
"E5",1,280,3287.96013523395,151.997772483754
"E5",1,281,4700.80253494778,77.190188982602
"E5",1,282,3459.10952812192,163.212489075919
"E5",1,283,3870.23168692381,148.228942088005
"E5",1,284,3193.81702861584,135.827619362603
"E5",1,285,4195.14992934469,195.825621654638
"E5",1,286,3042.16124125523,177.378305338369
"E5",1,287,3218.31352144258,171.6829349283
"E5",1,288,2500.34580530463,197.278073948361
"E5",1,289,3106.75765471941,133.89141978869
"E5",1,290,2873.05823346987,171.893956199182
"E5",1,291,3314.64893966022,247.448472348499
"E5",1,292,3667.5350384937,183.347204054791
"E5",1,293,3943.88237882466,58.3899354507334
"E5",1,294,3361.55209233803,198.268950701056
"E5",1,295,4589.2250407873,63.6582429797392
"E5",1,296,3298.32847164773,66.9501940049407
"E5",1,297,2953.21980903488,135.879654896467
"E5",1,298,3759.53898268239,217.664233596018
"E5",1,299,2777.8168650166,152.004592584053
"E5",1,300,3330.24372732293,164.947549323003
"E5",1,301,3009.05452784644,128.223232253777
"E5",1,302,2324.51473886323,121.70659768739
"E5",1,303,3498.58043287803,226.094440707274
"E5",1,304,2832.48349087561,127.192479861474
"E5",1,305,2908.1434956395,148.938510575896
"E5",1,306,2818.07918199473,96.8777542089727
"E5",1,307,3344.37496645315,164.107871854375
"E5",1,308,1724.58173745278,152.480526606151
"E5",1,309,1410.56870102679,211.134973098661
"E5",1,310,3795.39150942317,96.1988607458958
"E5",1,311,4238.15771326735,121.356992872797
"E5",1,312,3472.93051833689,210.08471949137
"E5",1,313,3395.71665282378,110.191645097146
"E5",1,314,3882.69163202035,179.520161672294
"E5",1,315,2417.42618521181,211.877174343374
"E5",1,316,2508.32646543838,199.615530028851
"E5",1,317,3154.99339578639,52.2395140389933
"E5",1,318,4446.91951955192,228.20449239078
"E5",1,319,3593.40131296822,91.1836624325363
"E5",1,320,3842.33689386629,214.217620120394
"E5",1,321,4901.36028408211,209.455062577438
"E5",1,322,2206.93848930396,78.3395520635692
"E5",1,323,3133.38257585453,143.225855564806
"E5",1,324,1749.49018087128,199.23039102897
"E5",1,325,2756.85150848685,80.5054829029805
"E5",1,326,2547.60776208177,147.679704781079
"E5",1,327,3775.97197512206,105.220116999805
"E5",1,328,2738.10461204386,252.829584497329
"E5",1,329,2875.97463503378,188.921733593402
"E5",1,330,3118.4487736933,234.440343259547
"E5",1,331,3957.73261006093,125.71082429327
"E5",1,332,4451.33423445315,286.330913517488
"E5",1,333,2926.10394371391,122.108130714736
"E5",1,334,3566.58862843205,202.698925827184
"E5",1,335,2277.94116736021,132.427096777758
"E5",1,336,2057.43426700498,77.4879925705128
"E5",1,337,3657.82125808569,230.749644030248
"E5",1,338,1589.59209715299,143.537027706136
"E5",1,339,3748.44401505695,121.606256584299
"E5",1,340,3667.74194058842,155.420445564138
"E5",1,341,3452.27427775249,128.760581326472
"E5",1,342,3161.795985073,186.511000579027
"E5",1,343,3346.01403376286,242.824455981533
"E5",1,344,2597.26414186223,97.7394939830153
"E5",1,345,2461.54566189871,79.1659702920608
"E5",1,346,3754.83774227471,168.1986844116
"E5",1,347,3183.10804729868,182.74931742038
"E5",1,348,1003.96301675202,140.336496987292
"E5",1,349,1991.67789572671,118.904862039346
"E5",1,350,3885.6575975367,178.56928400828
"E5",1,351,3196.13003117568,199.052031317112
"E5",1,352,4373.93161414095,125.645207360321
"E5",1,353,2736.11685058487,108.446025618087
"E5",1,354,4474.19721365289,189.689306960254
"E5",1,355,3161.12484568966,125.90805151446
"E5",1,356,2132.35199701097,168.778219813723
"E5",1,357,2912.86066901859,180.024555548649
"E5",1,358,2747.2118749086,184.672961397477
"E5",1,359,1857.73481265784,137.059581182867
"E5",1,360,3125.00757370414,154.462366848731
"E5",1,361,4305.79870871358,130.410664157
"E5",1,362,3518.87912469753,88.7360644186588
"E5",1,363,2965.71962879524,131.752433603686
"E5",1,364,2867.38400046929,206.308981198688
"E5",1,365,4082.77161576096,172.212244198477
"E5",1,366,3639.77020538756,146.593712119792
"E5",1,367,2582.89072898089,155.370825407379
"E5",1,368,3749.64799736009,225.241185473465
"E5",1,369,3701.33773070259,243.078267871666
"E5",1,370,2688.81357176749,169.33696854062
"E5",1,371,3080.817905013,146.605014981829
"E5",1,372,3761.61741738222,233.922084140301
"E5",1,373,1998.38307480449,135.673704084574
"E5",1,374,3328.17999384053,167.108941759565
"E5",1,375,2277.7135998382,125.698022061067
"E5",1,376,2287.2631772976,109.4411676756
"E5",1,377,3715.83313322377,103.986278567391
"E5",1,378,2903.38008383426,194.713006504394
"E5",1,379,3519.16295493048,184.489668980643
"E5",1,380,3933.52632577253,118.263725716055
"E5",1,381,4097.40125063676,125.260230389433
"E5",1,382,2120.22825281913,188.829281703177
"E5",1,383,2686.71746291628,145.167483594547
"E5",1,384,2613.67823360239,144.776542797667
"E5",1,385,2965.30447779026,192.669634509902
"E5",1,386,4248.01371885713,162.896523208826
"E5",1,387,3096.03386208743,191.55784759826
"E5",1,388,1848.68280549753,88.3367340032703
"E5",1,389,2588.79792609702,174.82073645929
"E5",1,390,3574.18892247238,178.180672401673
"E5",1,391,2411.59008635771,191.083370895218
"E5",1,392,2591.60405981836,145.743665254127
"E5",1,393,4351.49306158274,256.432125211737
"E5",1,394,2483.74254195875,234.738105114775
"E5",1,395,2578.96496760659,142.170854982976
"E5",1,396,3474.19506313069,128.578282028609
"E5",1,397,3914.53692126863,216.896876112989
"E5",1,398,3020.86172746627,138.325402844083
"E5",1,399,3233.69160513082,174.123134995647
"E5",1,400,4178.43505018875,131.620180351102
"E5",1,401,2833.30256530996,148.760755323311
"E5",1,402,2744.09548891425,143.655570748409
"E5",1,403,3454.91072051236,214.827011232239
"E5",1,404,4240.02384497481,80.6757826175469
"E5",1,405,2555.47052944142,98.0148827937732
"E5",1,406,4170.2996862684,177.192331340189
"E5",1,407,3046.33015113263,205.928574073903
"E5",1,408,2976.92007006191,160.550479568157
"E6",1,1,4499.73899992108,100.520272032735
"E6",1,2,3575.32610187478,223.461283280662
"E6",1,3,2597.32147556126,204.401890484449
"E6",1,4,3192.45697104749,221.750888372737
"E6",1,5,2046.21711371164,177.794955626926
"E6",1,6,2647.67824375618,44.7114844697701
"E6",1,7,1579.86948398002,86.3087329793098
"E6",1,8,1744.23542925423,208.24381209239
"E6",1,9,3930.08048469907,136.599343648998
"E6",1,10,1995.90142446725,222.946063455245
"E6",1,11,2816.29133173986,159.081472832118
"E6",1,12,3812.60666548614,100.744589388919
"E6",1,13,3398.83497570239,156.97278134647
"E6",1,14,3703.10401743571,119.836066234458
"E6",1,15,3039.45588601003,171.228726356085
"E6",1,16,3175.52224331411,94.8575750337312
"E6",1,17,2165.38517621517,185.585995954009
"E6",1,18,3146.80835548454,157.462779099689
"E6",1,19,3797.50399068801,206.759144985439
"E6",1,20,3200.72189444126,270.831323164105
"E6",1,21,4552.92478741367,145.571719840081
"E6",1,22,2991.60165158741,200.175578366844
"E6",1,23,3697.37081671161,185.275213316005
"E6",1,24,2409.38887250544,59.2415843370097
"E6",1,25,2537.41196868799,85.8365257764303
"E6",1,26,1977.83455351305,132.349330582289
"E6",1,27,3918.43043012359,143.213261375814
"E6",1,28,1992.76997682173,180.439889859629
"E6",1,29,2349.79468676261,164.627516698281
"E6",1,30,2942.2801950775,157.197326050428
"E6",1,31,962.498307325534,192.804138862559
"E6",1,32,2999.86894665366,196.056305639538
"E6",1,33,1921.75567162669,132.403981703068
"E6",1,34,4414.04796261351,109.618322474411
"E6",1,35,3174.96407572453,142.538502452571
"E6",1,36,3275.30372024669,127.3201550717
"E6",1,37,4177.5379363514,112.219113292467
"E6",1,38,2703.29971109912,152.13086818263
"E6",1,39,3670.40297124511,145.592451508156
"E6",1,40,3252.60255145567,171.793268020481
"E6",1,41,3515.44660355325,180.522401070882
"E6",1,42,1771.84270482148,248.518248042327
"E6",1,43,3974.2112747603,255.819725587123
"E6",1,44,3886.86175580048,200.814621478504
"E6",1,45,4800.55783947168,217.652820262197
"E6",1,46,3075.77434645667,119.085310315192
"E6",1,47,3420.91867919929,63.6022258623837
"E6",1,48,3215.83746684442,226.355401848437
"E6",1,49,4475.04421470638,122.608668699028
"E6",1,50,2111.30066541544,154.038854761148
"E6",1,51,2571.78139676158,115.781396348863
"E6",1,52,3138.71035015444,188.595844091074
"E6",1,53,1778.61341876154,143.356520959638
"E6",1,54,3109.45561265408,161.399045430281
"E6",1,55,3331.54022775188,147.812924523325
"E6",1,56,3897.11124844849,94.2343697025496
"E6",1,57,4129.96814723811,128.682718076756
"E6",1,58,1929.36267383834,284.973584263155
"E6",1,59,4403.88854499149,172.201422102209
"E6",1,60,2843.60946890437,127.319691822197
"E6",1,61,4038.84291914265,146.257831429103
"E6",1,62,2666.073616163,170.130755222232
"E6",1,63,3663.69950252348,174.346319018971
"E6",1,64,3026.5708526687,198.042114015185
"E6",1,65,3442.32590699169,95.5206140935199
"E6",1,66,2760.15426182634,207.302569674858
"E6",1,67,2999.84154110347,145.901341615052
"E6",1,68,4076.95013489429,153.802574418553
"E6",1,69,3110.01422670183,149.395974983177
"E6",1,70,2887.1871844766,137.579208158385
"E6",1,71,2979.05444065739,184.801590062351
"E6",1,72,3379.17335677167,149.966328025653
"E6",1,73,2434.34995471375,208.787473250554
"E6",1,74,4045.35673018802,136.332122092883
"E6",1,75,2930.05302168204,166.587772191008
"E6",1,76,2895.50224167867,160.734790254245
"E6",1,77,3002.76669092239,177.643929052033
"E6",1,78,2347.64375960884,173.133604013088
"E6",1,79,3765.96182072176,192.44817235481
"E6",1,80,2483.79160172494,192.41862095359
"E6",1,81,4001.57162646611,148.381249828155
"E6",1,82,2317.08319028803,26.7089599144932
"E6",1,83,1786.06023598249,175.626802783377
"E6",1,84,3026.10824862172,202.430300181042
"E6",1,85,2928.99229672011,210.793912438654
"E6",1,86,3126.85386227708,178.701136893085
"E6",1,87,3056.47121317879,157.127796814828
"E6",1,88,1988.55433473016,162.179832482678
"E6",1,89,4610.2194903005,132.536977049249
"E6",1,90,2764.01600807385,74.687063473871
"E6",1,91,3864.04520564662,93.7918529976034
"E6",1,92,3784.93943730374,181.695474333883
"E6",1,93,2443.72542661795,164.005293620479
"E6",1,94,3090.81670937993,202.584683320688
"E6",1,95,3705.42519599017,142.815517969675
"E6",1,96,3402.12735846164,165.983869836897
"E6",1,97,2402.30716147352,135.327359488207
"E6",1,98,2226.82953949261,97.1090423687225
"E6",1,99,3576.23013040868,256.51018456294
"E6",1,100,3235.43512339996,139.588425515571
"E6",1,101,3777.11515227292,176.300925584487
"E6",1,102,3894.8869231083,177.848703916354
"E6",1,103,2964.21554202212,223.733545986583
"E6",1,104,3609.54957897319,140.422513920947
"E6",1,105,3450.10083441296,148.82938582698
"E6",1,106,2189.29309485883,143.064584258303
"E6",1,107,3994.66950995965,207.019043978997
"E6",1,108,2668.24793521078,129.716603481049
"E6",1,109,4062.17867448482,116.512073770752
"E6",1,110,1857.0619997412,141.617501441135
"E6",1,111,3341.22511473343,187.266826210561
"E6",1,112,3955.5731928003,165.627147071703
"E6",1,113,2537.14557944282,212.100467060584
"E6",1,114,2166.93379023828,163.012156735028
"E6",1,115,2788.13286682839,114.127588594554
"E6",1,116,4506.20659044432,215.089066074624
"E6",1,117,2935.56825715664,205.871107199093
"E6",1,118,3499.55480411678,99.8539518949316
"E6",1,119,2077.8910047612,175.135937556623
"E6",1,120,3699.14394868378,140.177575863
"E6",1,121,3559.49197811469,288.133493731195
"E6",1,122,3604.15837646183,97.6992163352371
"E6",1,123,2621.4279574025,15
"E6",1,124,2212.79237250899,169.25516632791
"E6",1,125,3407.01584829474,176.848382831026
"E6",1,126,3708.78771507226,173.347094752798
"E6",1,127,3717.38887532948,99.6282168267879
"E6",1,128,3756.18519577754,128.248504309723
"E6",1,129,4312.77786328688,163.533124028901
"E6",1,130,3889.41439336592,121.487739611434
"E6",1,131,2885.78456276676,166.478839919722
"E6",1,132,2831.58022962439,114.184474909441
"E6",1,133,1683.45425602778,153.751275446382
"E6",1,134,2756.91934372527,162.103609688479
"E6",1,135,3769.00031678383,116.045605417587
"E6",1,136,3125.74294346387,186.926888386883
"E6",1,137,3768.40362374488,106.386750186977
"E6",1,138,3952.0982277649,230.169677485399
"E6",1,139,3890.89729861328,281.027048964436
"E6",1,140,4758.46432214997,239.741092415887
"E6",1,141,3819.65616059758,236.078940034564
"E6",1,142,2809.12842771888,112.905685707189
"E6",1,143,2704.27755524661,150.304275207939
"E6",1,144,4389.90379827789,54.7040941297305
"E6",1,145,3191.44412610021,196.399367485468
"E6",1,146,4022.84611498537,103.565208979113
"E6",1,147,2976.94826170106,159.772971460837
"E6",1,148,2693.25539087656,163.892206665838
"E6",1,149,3807.54586462588,214.452993503991
"E6",1,150,1853.73158061808,258.667627196108
"E6",1,151,3163.28547107351,201.639476371174
"E6",1,152,1705.74285747371,168.538283155126
"E6",1,153,4016.02308192367,132.71025451167
"E6",1,154,2772.85215320282,158.864251249376
"E6",1,155,2865.37015356981,274.992572369737
"E6",1,156,3787.40854861727,126.366969293392
"E6",1,157,2096.64216878593,162.464850773864
"E6",1,158,2108.04814322992,138.923078820372
"E6",1,159,3280.02538799637,91.27491573698
"E6",1,160,2876.68928833742,290.653393010064
"E6",1,161,3712.22258434571,96.7485288183587
"E6",1,162,3464.22802228567,211.867952538798
"E6",1,163,3545.88347443548,168.522490364715
"E6",1,164,2122.93021526065,136.650761298506
"E6",1,165,4475.86013844866,156.621410433691
"E6",1,166,1686.44901425389,140.185956339597
"E6",1,167,3751.23306703747,194.687875254624
"E6",1,168,2340.16470273415,163.926400384207
"E6",1,169,2261.60798665261,94.8276107086593
"E6",1,170,3471.01054839538,138.008171617616
"E6",1,171,3060.87127753544,151.371175643583
"E6",1,172,2647.32442474883,185.256546732532
"E6",1,173,2280.99509014069,192.285788766855
"E6",1,174,3438.58403027917,231.692445003718
"E6",1,175,3774.03051891687,155.800354393859
"E6",1,176,3313.01251901543,119.660446429833
"E6",1,177,3414.08204351425,184.993022508258
"E6",1,178,3553.36439694662,130.170477699212
"E6",1,179,3239.10731783478,265.261449514787
"E6",1,180,2871.69801784672,50.5184665285654
"E6",1,181,2616.57498434585,138.541790140615
"E6",1,182,4254.31559885017,110.329206230268
"E6",1,183,4366.36271911917,187.016608235045
"E6",1,184,3839.55067109609,77.1617401771751
"E6",1,185,2072.38503295885,156.901256143678
"E6",1,186,3554.116998451,149.968894929596
"E6",1,187,3902.69344876244,100.873027790028
"E6",1,188,2919.74287822673,129.280692910242
"E6",1,189,1742.8481512247,212.172300258836
"E6",1,190,4032.32400250647,140.518660920214
"E6",1,191,2971.09620827426,153.051369494607
"E6",1,192,3355.2347085364,162.520792977321
"E6",1,193,3459.19891721659,97.6635454970735
"E6",1,194,2625.01778984777,183.769782209954
"E6",1,195,3979.76938974573,143.715098794126
"E6",1,196,5009.85110455162,261.208523253189
"E6",1,197,4314.29659081922,144.441312424389
"E6",1,198,3551.2858789252,235.948414052907
"E6",1,199,1777.08555306979,197.821739591356
"E6",1,200,1451.75824773452,158.739277580266
"E6",1,201,3482.79981306686,116.1171767098
"E6",1,202,3264.09538614536,235.027913417302
"E6",1,203,2917.63414645455,115.628214108756
"E6",1,204,3462.48764817663,222.66324262266
"E6",1,205,3471.79216267019,160.923836662876
"E6",1,206,3247.85536022191,88.8844858461413
"E6",1,207,3517.51262187065,153.812246563641
"E6",1,208,4704.08266573484,291.900033667212
"E6",1,209,2494.35600263106,280.618094475963
"E6",1,210,2543.3262044606,209.683174908237
"E6",1,211,2093.07950481486,150.175201227723
"E6",1,212,3019.74835681506,139.696413932585
"E6",1,213,3423.99777650046,115.837341739988
"E6",1,214,3494.12253008805,141.071539031493
"E6",1,215,3385.92489128653,196.092696805479
"E6",1,216,1101.17831205216,170.346858935211
"E6",1,217,3326.66065918019,70.2649506134809
"E6",1,218,2410.49916577581,254.426957392093
"E6",1,219,1953.15021504507,137.908365654218
"E6",1,220,3782.48653537681,220.955487622792
"E6",1,221,3876.16410571437,173.033400408851
"E6",1,222,3540.65536899921,130.20135480113
"E6",1,223,3340.37719227328,144.407489296522
"E6",1,224,2670.06877225418,248.296741818645
"E6",1,225,4039.79500265245,166.10505158808
"E6",1,226,5342.59387406856,215.394690902246
"E6",1,227,3620.49650250257,199.565031943692
"E6",1,228,2686.35123877113,106.240806584916
"E6",1,229,3611.25954003673,131.625604167351
"E6",1,230,2813.10263756399,148.736073589398
"E6",1,231,2754.89992412637,105.028290297484
"E6",1,232,2977.19797771944,120.330140895686
"E6",1,233,2584.03117314868,247.070714698386
"E6",1,234,3495.07989061621,178.674554779693
"E6",1,235,3953.39732167114,173.123053833927
"E6",1,236,3437.51926769612,233.609044863743
"E6",1,237,3687.52248053712,221.539133338409
"E6",1,238,3215.73976602521,142.737374076941
"E6",1,239,3181.89018958398,144.722333303782
"E6",1,240,3786.4641808762,75.5865329973614
"E6",1,241,2327.25820928995,79.2273176657925
"E6",1,242,4201.62088193363,215.212392696676
"E6",1,243,2816.57210172324,172.824072002175
"E6",1,244,2787.68185526413,171.572370941841
"E6",1,245,3270.78476768378,99.5853028562878
"E6",1,246,2759.41815654376,119.732404333685
"E6",1,247,2758.94287568021,154.009420302297
"E6",1,248,2704.59436731517,151.873951668078
"E6",1,249,3447.64409546147,200.821230553497
"E6",1,250,4288.83556918157,215.848410314163
"E6",1,251,2777.53456667932,230.693635076674
"E6",1,252,1864.33928358936,145.853009442222
"E6",1,253,2900.62436683992,181.576645509414
"E6",1,254,3525.70547832065,185.655472476183
"E6",1,255,2805.04057810643,144.106263708765
"E6",1,256,2683.60831427571,204.595192117469
"E6",1,257,4250.86775354993,172.943111786627
"E6",1,258,2906.70766005025,210.028408957418
"E6",1,259,3495.35046376203,191.794645558511
"E6",1,260,2872.62534123363,195.477544221054
"E6",1,261,4306.71623636328,69.6143093941232
"E6",1,262,3254.59755142105,183.322734951697
"E6",1,263,3313.95246522246,142.594061734989
"E6",1,264,2163.22987080153,119.898250740746
"E6",1,265,2643.81611196437,240.452233423926
"E6",1,266,4471.94079433782,96.8236059416943
"E6",1,267,3913.23276670118,226.13235818671
"E6",1,268,4249.78882647196,164.545578956983
"E6",1,269,3226.67186460527,64.2784953645727
"E6",1,270,2747.16668217296,176.825561222824
"E6",1,271,2982.83483296101,47.3275456678091
"E6",1,272,4091.25955190031,189.322874418427
"E6",1,273,3741.36738755272,221.695966777832
"E6",1,274,2633.75379781106,156.38232286401
"E6",1,275,3541.20627687608,181.158189444215
"E6",1,276,3441.28212357356,243.85192580909
"E6",1,277,3176.48379161796,119.145759666856
"E6",1,278,3090.97819477375,173.109947873235
"E6",1,279,3314.6280366389,228.52936636756
"E6",1,280,4031.24628915207,190.803694058275
"E6",1,281,4050.44503462067,169.343535350886
"E6",1,282,3156.0643244545,117.317285261386
"E6",1,283,3875.54928169764,97.7728501588895
"E6",1,284,2679.37343595273,127.261945567156
"E6",1,285,2030.08088209474,204.689848805292
"E6",1,286,2735.54611015477,185.552266518633
"E6",1,287,2054.81276731362,217.828559023262
"E6",1,288,4023.2985981145,122.876251830595
"E6",1,289,3755.26220000406,112.482959132023
"E6",1,290,3009.81544494053,197.399764117562
"E6",1,291,4039.27821169907,190.396896840939
"E6",1,292,3509.17671510992,109.418995339955
"E6",1,293,3715.86894893293,186.803849912751
"E6",1,294,3848.45911009211,82.2225975827254
"E6",1,295,2842.80281053642,145.967178785812
"E6",1,296,3776.17498575623,92.5249343280788
"E6",1,297,3319.56311524319,103.271439757716
"E6",1,298,2790.44589133221,121.416236747226
"E6",1,299,4121.16453677604,161.254945324711
"E6",1,300,4880.97255499758,229.712522022369
"E6",1,301,4322.48665959987,179.170799362752
"E6",1,302,2453.78363971232,118.011364393841
"E6",1,303,3082.94741584548,134.113945516787
"E6",1,304,3590.96121348704,226.51815425284
"E6",1,305,4867.7273037857,90.0773745999463
"E6",1,306,2230.19439659951,150.925738269801
"E6",1,307,3598.48975228781,46.7573149441435
"E6",1,308,3834.46884855967,153.653891047597
"E6",1,309,4086.01511440585,198.188772990519
"E6",1,310,4910.84474899881,141.366359070479
"E6",1,311,3156.75236136215,155.277153283759
"E6",1,312,2573.34786301168,148.563273140557
"E6",1,313,2868.92121377372,179.696873919373
"E6",1,314,2993.23942045554,166.416324341658
"E6",1,315,2121.27422109559,183.039149467236
"E6",1,316,2014.09264171576,161.586589564177
"E6",1,317,2715.63812306438,223.467528388101
"E6",1,318,2797.12431801509,143.344658224642
"E6",1,319,2431.67318247487,214.640752191606
"E6",1,320,3441.44306868626,172.870905160486
"E6",1,321,2197.96823925144,142.353305963909
"E6",1,322,2417.68359817857,257.363781230224
"E6",1,323,2795.29032073667,201.178308114675
"E6",1,324,4479.43857261729,224.546278711301
"E6",1,325,3237.63578639493,118.116938356077
"E6",1,326,3964.72246691674,175.132212676628
"E6",1,327,2449.2088002724,190.714739356473
"E6",1,328,3353.53983652112,165.964954718276
"E6",1,329,1838.47756862101,180.992787883585
"E6",1,330,4582.17883703199,108.202590798599
"E6",1,331,3659.58329736624,169.447157760352
"E6",1,332,1788.44316279495,190.949942843365
"E6",1,333,4366.87532723422,141.086529619601
"E6",1,334,4300.71062644341,173.679043769953
"E6",1,335,3225.09739033576,118.990099169483
"E6",1,336,2269.0376532003,72.9851409102804
"E6",1,337,3363.41282005482,113.301388778601
"E6",1,338,3231.7719112634,128.800988787173
"E6",1,339,4717.67126736512,174.208382307847
"E6",1,340,3271.75868017994,118.502468993792
"E6",1,341,2024.0429163219,250.312194347045
"E6",1,342,3496.87521488365,156.940940769561
"E6",1,343,3771.57281962278,214.290538241923
"E6",1,344,3817.61558961542,170.643178372036
"E6",1,345,4046.34438886526,182.628779457992
"E6",1,346,3051.952751019,151.58679117721
"E6",1,347,3566.93188295322,202.36445476068
"E6",1,348,3700.11132081231,80.644379187941
"E6",1,349,2591.82294395263,146.641261418183
"E6",1,350,2770.80683169958,182.289646769713
"E6",1,351,2220.82435977435,169.349707922656
"E6",1,352,2967.79027902688,143.200926510717
"E6",1,353,3737.75836064281,122.081120610031
"E6",1,354,2720.29164900789,55.1401811559013
"E6",1,355,2391.68641486975,173.106235114643
"E6",1,356,2955.51600054776,118.723664181859
"E6",1,357,3786.32066071624,105.588351881409
"E6",1,358,2635.59906452356,250.685586749733
"E6",1,359,3967.57617939596,118.720566147046
"E6",1,360,2831.60537384635,146.127393522714
"E6",1,361,3931.23943741104,120.672458905497
"E6",1,362,2018.05069983333,235.81809944224
"E6",1,363,2184.61334943084,179.248836071568
"E6",1,364,2765.46706112469,128.751892804144
"E6",1,365,2554.21685183625,209.976770678755
"E6",1,366,3929.50875684876,165.174456028946
"E6",1,367,3664.35932847186,105.239994608018
"E6",1,368,4239.08425430709,143.788039630714
"E6",1,369,2084.54722251616,190.660669849826
"E6",1,370,3679.39450706663,196.135526480653
"E6",1,371,3481.05115453388,177.916488609393
"E6",1,372,3477.64090054447,183.304656045546
"E6",1,373,3673.82832369214,209.763024209501
"E6",1,374,2067.0452115425,185.597198475751
"E6",1,375,3630.05960825574,180.110720952455
"E6",1,376,3059.39151049162,173.28357930347
"E6",1,377,3320.25012819581,100.432415442458
"E6",1,378,2917.90679725807,135.963948970295
"E6",1,379,3742.61917069501,165.262309577483
"E6",1,380,3920.30302458913,132.073685636595
"E6",1,381,3045.68948344117,206.313135633116
"E6",1,382,3392.12093891435,198.202965018595
"E6",1,383,4428.92833288117,218.481426143791
"E6",1,384,1607.22701488416,214.67927815423
"E6",1,385,3265.83847973341,117.472523741792
"E6",1,386,4527.9447304316,110.537826642764
"E6",1,387,2900.60507521381,86.8339168190231
"E6",1,388,2587.93512516155,180.176257341298
"E6",1,389,3356.22642617634,97.4473962869758
"E6",1,390,2567.28291625068,70.7730911418405
"E6",1,391,1966.47951931223,257.529282729218
"E6",1,392,2824.60207447663,159.420464489008
"E6",1,393,1460.50010028897,275.996859079191
"E6",1,394,2506.56601938757,167.354899005799
"E6",1,395,3477.80206478589,170.157436354666
"E6",1,396,3756.91920206505,99.5572500914077
"E6",1,397,3197.74326561836,214.198127353743
"E6",1,398,3135.01757191827,174.550471755674
"E6",1,399,3131.74968525628,207.129779873936
"E6",1,400,3600.13761675985,184.8822968983
"E6",1,401,2048.85507778097,221.641911151745
"E6",1,402,2951.79057191905,172.292784786906
"E6",1,403,3837.95383125898,102.460381306895
"E6",1,404,2780.56972368644,166.511705471635
"E6",1,405,2372.47312039063,113.677727602279
"E6",1,406,3324.58281930883,156.537930853292
"E6",1,407,3535.25037989128,126.114382750012
"E6",1,408,3418.8799773693,34.1998744852657
"E6",1,409,3667.43997718322,108.914603703903
"E6",1,410,2423.89432384502,247.400890405806
"E6",1,411,3853.31507921644,182.36654289371
"E6",1,412,3716.94717835894,143.490873900631
"E6",1,413,3408.30482972542,132.720934998138
"E6",1,414,3576.64412605372,169.484525211947
"E6",1,415,2098.12912419983,107.263208888475
"E6",1,416,4670.70557432687,159.776977067618
"E6",1,417,2726.68535892569,170.308070444912
"E6",1,418,4071.99171978783,182.569718635391
"E6",1,419,4117.84802808871,198.194434917805
"E6",1,420,2171.64120592679,141.876735382918
"E6",1,421,2851.53441583383,168.364213961363
"E6",1,422,3177.78275931871,185.070179930723
"E6",1,423,2517.72626736185,153.783661384725
"E6",1,424,3466.7849783268,140.813951409057
"E6",1,425,3104.46306344831,158.872566186705
"E6",1,426,2784.42707575406,116.155554575765
"E6",1,427,2626.8383559241,169.939480567202
"E6",1,428,3862.59594503232,213.604478224092
"E6",1,429,3455.02926872965,160.204388537454
"E6",1,430,2267.12029747773,161.783674553468
"E6",1,431,4447.60950343109,119.380285068297
"E6",1,432,4045.74298715384,157.426767207445
"E6",1,433,3190.95728429138,125.533103834649
"E6",1,434,4675.88031044437,175.940163687941
"E6",1,435,2342.04468293613,217.88079036751
"E6",1,436,1970.57850901433,145.315937915891
"E6",1,437,1319.56994641996,133.581986452838
"E6",1,438,2715.53305667805,149.095161689798
"E6",1,439,2767.65116116035,218.070433029553
"E6",1,440,3879.89105681581,156.458091866827
"E6",1,441,4146.02197296988,43.934155191162
"E6",1,442,3319.66585128845,136.937363884675
"E6",1,443,3016.46307205203,191.990739916092
"E6",1,444,2809.78138067838,182.739136300349
"E6",1,445,3880.20788387153,127.487132621699
"E6",1,446,2647.23093585446,60.2992686310235
"E6",1,447,3076.95171739397,150.104437182638
"E6",1,448,2786.84841015816,218.197619403001
"E6",1,449,2812.02562619482,231.216388529405
"E7",1,1,2905.87028303493,156.321956460599
"E7",1,2,3133.53885933807,78.4535827801815
"E7",1,3,4122.24051887154,212.621271987565
"E7",1,4,2039.50459194282,167.994223604727
"E7",1,5,2724.90883653572,150.536845581489
"E7",1,6,3080.58765234234,207.259695035467
"E7",1,7,2300.81842003237,157.330697465949
"E7",1,8,2174.05289957102,108.563313350355
"E7",1,9,2777.9003357866,213.495672212533
"E7",1,10,2758.55450921659,186.693917556707
"E7",1,11,3158.30823928731,108.630667824614
"E7",1,12,2941.09497411041,188.210959118163
"E7",1,13,3336.73054074005,186.852993045114
"E7",1,14,4289.17548717098,162.045317619223
"E7",1,15,4523.1215236047,198.128095575823
"E7",1,16,2539.01394224415,277.767638660144
"E7",1,17,2644.93270103943,208.393205502587
"E7",1,18,3159.87609079592,274.486184483017
"E7",1,19,4365.44539274796,241.013286211431
"E7",1,20,3667.06818425073,134.90459020873
"E7",1,21,3187.77991319393,167.146811616902
"E7",1,22,2571.92060669474,118.838210366402
"E7",1,23,4437.2742114032,172.320192563419
"E7",1,24,2517.8642909201,151.640032994006
"E7",1,25,2866.4751601336,181.868952886513
"E7",1,26,2279.72968299569,146.651446920271
"E7",1,27,3248.40616106117,137.61225820816
"E7",1,28,4760.29661740008,140.053355818292
"E7",1,29,4102.47853224302,190.362053331143
"E7",1,30,3363.50347245024,110.083101001382
"E7",1,31,3284.97779716469,115.363663401702
"E7",1,32,2145.88139248381,97.7868810154964
"E7",1,33,3353.33749334984,72.563410478214
"E7",1,34,4164.8168631069,200.913217762369
"E7",1,35,3540.10151122147,213.045005591471
"E7",1,36,3014.85227264836,167.475050395165
"E7",1,37,3756.43059730557,155.111733665197
"E7",1,38,3117.66004605836,195.312182349131
"E7",1,39,3184.52699366746,132.368909831847
"E7",1,40,3607.08359403677,197.942802374549
"E7",1,41,2360.09080316791,186.29297908104
"E7",1,42,3357.58259709948,64.6340160112991
"E7",1,43,2073.31621082283,179.557652892787
"E7",1,44,5141.58163012093,129.77698063917
"E7",1,45,3296.29863498821,117.268119798369
"E7",1,46,2155.10007862512,198.157680044185
"E7",1,47,2310.60989615697,185.048961936725
"E7",1,48,3753.08827981487,217.539798176969
"E7",1,49,1742.30986878567,245.310339749929
"E7",1,50,2512.44184297216,187.478268185421
"E7",1,51,2737.25926985222,105.516892574573
"E7",1,52,2538.38799136858,194.994962412705
"E7",1,53,3989.22941842858,160.452774766715
"E7",1,54,2783.82827539627,113.21240905867
"E7",1,55,2466.46508830146,155.619633692968
"E7",1,56,3724.56785242069,129.000821711052
"E7",1,57,4152.11829344455,113.41108689154
"E7",1,58,4362.51591722149,106.640635587465
"E7",1,59,3450.05011601258,156.535234107918
"E7",1,60,3905.34723251634,82.6392307428153
"E7",1,61,3962.2667310024,59.8841969311735
"E7",1,62,2489.05237998636,209.619660258857
"E7",1,63,2717.39101729239,156.756341646443
"E7",1,64,3023.1088212024,169.698810929275
"E7",1,65,3260.47305301819,250.769381592887
"E7",1,66,2830.2517284487,105.963547087433
"E7",1,67,3988.44748468086,261.750142496839
"E7",1,68,2380.86872377454,183.026044330668
"E7",1,69,2196.84360886247,158.437295338292
"E7",1,70,4031.93147576778,226.026363521195
"E7",1,71,3808.02611900294,151.562879902812
"E7",1,72,2543.0139917534,109.441839777583
"E7",1,73,3355.32074927621,116.098273045396
"E7",1,74,2977.92805463916,141.916287362648
"E7",1,75,3817.83495537731,80.5421508762417
"E7",1,76,2726.90579590138,125.094612120135
"E7",1,77,2421.26357833113,177.660708515988
"E7",1,78,4436.36040234446,105.991241446946
"E7",1,79,3525.97416918649,189.228030131121
"E7",1,80,3300.5388564278,157.459866931384
"E7",1,81,4354.48559572047,135.44926853962
"E7",1,82,2864.39864222385,99.9367341826143
"E7",1,83,3699.33428527945,146.234153198996
"E7",1,84,2582.77069330067,146.040759770671
"E7",1,85,2849.51507929784,215.586738709039
"E7",1,86,4257.6183774658,145.579072676171
"E7",1,87,2598.69599337169,201.5320326575
"E7",1,88,3630.38391000111,264.812446244813
"E7",1,89,2493.9455102941,107.80930537975
"E7",1,90,3927.11536370945,144.28777771985
"E7",1,91,3604.12120633539,198.892826274011
"E7",1,92,1889.74710354787,224.923953991522
"E7",1,93,1968.19084669572,168.784557782029
"E7",1,94,3782.41973212988,81.916182491589
"E7",1,95,2478.80589188919,139.711359824627
"E7",1,96,3925.72788274944,119.014614085569
"E7",1,97,1586.96846604292,145.757970259395
"E7",1,98,5125.67772122458,169.526326463382
"E7",1,99,3072.85767639043,141.145833048288
"E7",1,100,3747.05111014776,295.209685375901
"E7",1,101,2332.9812885441,167.418527024431
"E7",1,102,4267.36203428151,119.079133427315
"E7",1,103,3583.30242633289,156.39370626087
"E7",1,104,2886.21742143583,122.666244520451
"E7",1,105,856.100611828465,211.367841688544
"E7",1,106,2628.26636832196,170.627802685056
"E7",1,107,3006.63359288016,100.020669265594
"E7",1,108,2501.62811507086,172.445900661262
"E7",1,109,3552.72761234477,147.814839333592
"E7",1,110,1421.80141022695,138.410962375144
"E7",1,111,3300.25054671694,192.181893972148
"E7",1,112,2633.73019742392,182.980556509132
"E7",1,113,3198.14064015075,194.791867794421
"E7",1,114,2599.19948595427,141.143050680682
"E7",1,115,3429.64155584022,184.668113609838
"E7",1,116,4197.85220652383,165.168357538844
"E7",1,117,3846.67417121762,32.4166156977126
"E7",1,118,2224.73659201748,157.388199347847
"E7",1,119,3278.39282584648,136.595171174319
"E7",1,120,3416.39726929901,155.753847341779
"E7",1,121,3286.51772463334,170.548902697215
"E7",1,122,4202.49118207772,107.336768190927
"E7",1,123,2660.39499638291,111.228733252687
"E7",1,124,2910.8751559731,188.526311043086
"E7",1,125,2896.41701316929,136.38677948846
"E7",1,126,3343.00242292797,120.952036979908
"E7",1,127,2657.43553409347,167.49181712478
"E7",1,128,2887.48393558156,150.394686781034
"E7",1,129,4710.99082855429,142.216288759661
"E7",1,130,4404.10945044941,129.200230547705
"E7",1,131,3635.45637825435,172.44348967816
"E7",1,132,2940.51999295207,196.989954349327
"E7",1,133,3083.78605445418,185.381377571469
"E7",1,134,2501.52501452366,128.285271019129
"E7",1,135,2596.09658672354,75.3764448349694
"E7",1,136,4070.61843035645,117.972463083866
"E7",1,137,3802.55593567901,100.791191837294
"E7",1,138,1734.58685161424,187.67517644364
"E7",1,139,3497.91291365556,197.365770728314
"E7",1,140,4792.36939461669,207.180169431921
"E7",1,141,2957.52970308139,160.895323673622
"E7",1,142,3317.56960228097,69.4755442201328
"E7",1,143,3583.46538564104,294.353330063255
"E7",1,144,3137.37692737596,108.400771555958
"E7",1,145,2602.80258535858,160.737972072592
"E7",1,146,2620.93548542132,134.027542278871
"E7",1,147,3456.10202852141,130.328436899272
"E7",1,148,2384.84987410269,242.275738597424
"E7",1,149,4130.77030922844,238.244210507839
"E7",1,150,3617.72121782298,65.9319352120804
"E7",1,151,3728.01861900769,92.341103365088
"E7",1,152,3370.33862984071,95.5619852310151
"E7",1,153,3756.98214033129,157.288226270306
"E7",1,154,4993.52593317412,173.187162102996
"E7",1,155,3488.56440116871,186.431993115813
"E7",1,156,2902.35427638759,154.339400074112
"E7",1,157,2772.14432242302,189.214010805178
"E7",1,158,4601.08514376491,92.3679787702869
"E7",1,159,3039.08306050231,57.894048212015
"E7",1,160,3447.9299272248,118.161595915904
"E7",1,161,2720.1118221413,96.2788200112708
"E7",1,162,2477.65465530927,183.55658672809
"E7",1,163,2771.63385183685,64.3455141733328
"E7",1,164,3457.12714696209,143.51281701135
"E7",1,165,1772.06782809071,113.519921204712
"E7",1,166,2691.09908674559,166.729525310762
"E7",1,167,3348.58295935477,164.152911995759
"E7",1,168,2554.84293467848,109.943861324722
"E7",1,169,3666.87611806368,172.762409340844
"E7",1,170,3119.62075928972,149.372656027695
"E7",1,171,2409.59912659655,210.086854416676
"E7",1,172,3751.48781913987,185.948657897999
"E7",1,173,3352.38005504963,141.143305237843
"E7",1,174,3302.72939524499,172.166746754469
"E7",1,175,4200.09667255336,149.377211397783
"E7",1,176,2121.5056354934,135.767456656079
"E7",1,177,973.135646470209,22.3114998902012
"E7",1,178,4589.53240406339,228.958279572124
"E7",1,179,3433.04871139677,146.54573453805
"E7",1,180,3296.59640149635,231.171838083048
"E7",1,181,3066.91134032674,246.247154169033
"E7",1,182,3850.42449899462,96.5152210595771
"E7",1,183,4023.95351043003,192.360458273587
"E7",1,184,2099.21053184843,143.657719300398
"E7",1,185,2533.18246999705,230.985274730257
"E7",1,186,4595.66432499576,147.417641563752
"E7",1,187,2362.96497353722,171.848566765635
"E7",1,188,2801.65135130164,161.960209185037
"E7",1,189,3934.13757684494,191.592973133317
"E7",1,190,2745.63242963135,47.2072637886542
"E7",1,191,4427.62889526972,161.611540044526
"E7",1,192,2851.61517078106,164.509598560596
"E7",1,193,2729.13017713561,242.056838711488
"E7",1,194,3725.02943711948,168.969162835262
"E7",1,195,1851.21270701851,149.636986324143
"E7",1,196,3175.32337265083,174.91878889985
"E7",1,197,2867.53941198731,148.632506720308
"E7",1,198,3985.5762651692,158.888676921217
"E7",1,199,2395.38628699759,147.952180222481
"E7",1,200,2815.01352627844,122.317878816353
"E7",1,201,3472.37487168489,195.401427795076
"E7",1,202,3232.00187063011,114.149707637806
"E7",1,203,2729.94257657515,118.036441387928
"E7",1,204,2162.05080280954,142.049654913175
"E7",1,205,2814.87108755402,179.817494913679
"E7",1,206,3828.08288617279,172.193061009743
"E7",1,207,4748.7247026914,159.230818475162
"E7",1,208,3320.99702372302,144.036683029618
"E7",1,209,2014.96984289382,135.015777773166
"E7",1,210,2139.24293542186,201.092894756136
"E7",1,211,2927.78307700323,131.075836790979
"E7",1,212,3190.17615100371,122.468161042289
"E7",1,213,2884.16591895847,132.067727480366
"E7",1,214,3150.20415915878,134.862561037957
"E7",1,215,4839.94534681874,139.098027222258
"E7",1,216,2354.78105710999,185.58030208615
"E7",1,217,2548.57796350702,199.544912700882
"E7",1,218,3802.10414410936,118.528136551127
"E7",1,219,3514.32734970972,123.178759637859
"E7",1,220,3401.0517018736,154.117301830106
"E7",1,221,5021.78286710719,176.303961225652
"E7",1,222,2890.35162757836,164.227810315749
"E7",1,223,2730.57913712268,164.635213936332
"E7",1,224,4294.17688643515,154.339120774969
"E7",1,225,2095.94027690294,48.1684659549287
"E7",1,226,2717.26359529533,219.536055896106
"E7",1,227,3822.61871055401,213.794977417738
"E7",1,228,3202.70143122631,126.572747522831
"E7",1,229,3651.82246026524,187.052669193782
"E7",1,230,3751.49857235869,238.587050665313
"E7",1,231,3580.3394983136,169.492579166293
"E7",1,232,3721.14319709559,183.099863585331
"E7",1,233,2699.92845805309,179.299248618211
"E7",1,234,3022.02748494195,121.523568749429
"E7",1,235,3540.98815743848,211.739507252369
"E7",1,236,3817.45494372315,112.688087342348
"E7",1,237,5655.79659921336,202.259769357367
"E7",1,238,3617.78363055692,196.309806090206
"E7",1,239,2694.20043636578,138.838064800926
"E7",1,240,3307.88002593436,239.022495846118
"E7",1,241,2221.91056047985,146.321314524149
"E7",1,242,3758.15829181744,189.971487234913
"E7",1,243,3460.57880069978,124.272135508617
"E7",1,244,3540.8688202225,151.742946530161
"E7",1,245,4009.94191335714,126.250906141411
"E7",1,246,3440.99010273148,160.849224262648
"E7",1,247,2868.16709031425,97.7588290908849
"E7",1,248,4039.51646425601,125.696554565255
"E7",1,249,3088.7151658749,161.485694318984
"E7",1,250,2239.18605857787,93.5735327689602
"E7",1,251,3409.08985730897,215.429675426334
"E7",1,252,2649.47730502448,201.656686918454
"E7",1,253,3795.52394448782,83.7255972757572
"E7",1,254,4462.16054780985,163.269678135487
"E7",1,255,2489.63861479251,151.450519093547
"E7",1,256,2772.3383785904,38.7964338152934
"E7",1,257,2392.41443140259,172.813618276449
"E7",1,258,2192.1496570432,107.613257313565
"E7",1,259,2718.20031392559,66.5666579322735
"E7",1,260,1590.33216501469,147.992737079991
"E7",1,261,3375.79854667604,140.506818232821
"E7",1,262,3463.10688764081,97.5858511411216
"E7",1,263,3204.91088308548,175.194011201936
"E7",1,264,3497.6335054412,157.255322504155
"E7",1,265,3683.60543669782,188.939132130943
"E7",1,266,2657.82215861689,183.903374076562
"E7",1,267,3699.10098021004,134.33991194688
"E7",1,268,3537.46106296396,89.232843123741
"E7",1,269,3068.09467951222,212.200220744485
"E7",1,270,4010.72103445438,104.274963007617
"E7",1,271,3907.51316053159,131.55025367331
"E7",1,272,2375.61550156072,107.940429715529
"E7",1,273,3689.88629586863,227.779212479148
"E7",1,274,1225.47902992729,86.3619679408379
"E7",1,275,2507.53522705285,212.44788977062
"E7",1,276,2367.8294079597,225.650772370344
"E7",1,277,3878.76284189494,180.511809991509
"E7",1,278,4057.54768722185,179.895535251719
"E7",1,279,3176.89109617375,114.529991925269
"E7",1,280,2528.182214807,137.322881620104
"E7",1,281,3821.38808754406,198.316288852284
"E7",1,282,3175.4125791877,152.462339697116
"E7",1,283,2074.53687297639,243.933632624191
"E7",1,284,3936.06137072037,260.028980061427
"E7",1,285,3897.62285435772,176.139597611753
"E7",1,286,3393.07483828976,137.71436010012
"E7",1,287,4161.48608084304,172.73315824567
"E7",1,288,4364.26661015686,196.355071930057
"E7",1,289,4741.91928893737,234.666724033641
"E7",1,290,3989.55389625978,137.171106408479
"E7",1,291,4354.62627596962,151.35620367206
"E7",1,292,2968.15040438714,176.962440585372
"E7",1,293,4344.82460936373,170.879115599667
"E7",1,294,2458.04243922407,126.158247055588
"E7",1,295,4556.71056497381,166.247812643355
"E7",1,296,2916.27337891388,145.83982211185
"E7",1,297,2252.9296337896,223.956029179555
"E7",1,298,2527.5380313778,157.405782011961
"E7",1,299,3101.42952138574,87.1233581137367
"E7",1,300,1823.83664497945,257.272440545462
"E7",1,301,3740.11245776706,91.2744104613045
"E7",1,302,4131.34047603862,97.1189881879156
"E7",1,303,1973.61637606894,174.583123741121
"E7",1,304,4551.34296845578,149.600096605306
"E7",1,305,4358.11296208187,110.008094498204
"E7",1,306,2942.23476239579,159.0864533191
"E7",1,307,3535.76838459196,145.328638632377
"E7",1,308,2520.9553109972,74.7740705943318
"E7",1,309,2820.61289855673,173.575928883199
"E7",1,310,3422.00607033047,225.007243996657
"E7",1,311,3911.14479292928,199.531734027
"E7",1,312,2683.32256587198,205.458708166426
"E7",1,313,3017.42624334808,187.432995870957
"E7",1,314,3642.81418411713,170.292411621063
"E7",1,315,3432.80808729977,152.523927626861
"E7",1,316,3068.40510367467,97.1903924280684
"E7",1,317,2801.75800896802,111.491740462063
"E7",1,318,2528.97951802527,164.725297020876
"E7",1,319,2476.16447642909,70.7342175892399
"E7",1,320,3651.21073718927,160.841838386711
"E7",1,321,3446.30483663875,132.830452963914
"E7",1,322,2487.5226110917,245.237491028293
"E7",1,323,4235.03693960724,222.260663452433
"E7",1,324,1160.74695641548,138.794622308965
"E7",1,325,2889.0230032335,182.26913607258
"E7",1,326,3322.61951163163,79.1441739492663
"E7",1,327,1515.23651087367,95.352264276129
"E7",1,328,4177.39832518586,197.849060075666
"E7",1,329,2793.28939846808,166.612249711472
"E7",1,330,4052.92160203666,111.567834618472
"E7",1,331,2833.73582840655,181.932950488408
"E7",1,332,2035.96814403397,176.55979378277
"E7",1,333,3707.57287467118,158.921738448638
"E7",1,334,2973.18504890383,182.164340984218
"E7",1,335,3139.11290315757,118.989517635992
"E7",1,336,2979.33270398718,133.175148164998
"E7",1,337,3100.34012333448,126.571242150515
"E7",1,338,2720.69823725406,143.502185815041
"E7",1,339,2850.94640390279,179.143457464405
"E7",1,340,2908.38721443471,172.738203830703
"E7",1,341,3960.18598713888,45.1482433509293
"E7",1,342,2186.2304847626,158.404532718253
"E7",1,343,3734.06934052575,178.182871613915
"E7",1,344,3140.16770172415,189.12241830391
"E7",1,345,3778.36422223339,256.226334284207
"E7",1,346,3198.02838295015,179.592030493915
"E7",1,347,1723.00880151717,64.6018753131575
"E7",1,348,1988.31651029706,154.225944973313
"E7",1,349,2462.79063401333,78.4667880105121
"E7",1,350,3186.14554500391,249.737633690301
"E7",1,351,3242.20535687689,258.035087894115
"E7",1,352,2925.3309690384,198.754089883096
"E7",1,353,2912.32242009029,113.725192185154
"E7",1,354,3357.90580482863,126.770880004376
"E7",1,355,2232.08437662463,217.099512080879
"E7",1,356,2782.43850300592,103.248797581384
"E7",1,357,2300.38446341946,175.039052136441
"E7",1,358,4239.07408184773,167.340454468999
"E7",1,359,1653.38023178581,227.258800062719
"E7",1,360,1699.85282130901,119.406492531903
"E7",1,361,1952.52012209388,135.264490316495
"E7",1,362,3136.38639482392,202.6966064567
"E7",1,363,3178.61927616194,111.933016797419
"E7",1,364,2827.86299820442,151.454676145813
"E7",1,365,2772.16562181902,170.107901051036
"E7",1,366,3654.20479006567,111.707459005266
"E7",1,367,2220.40688460512,100.835409098609
"E7",1,368,3145.19179890714,227.048456280645
"E7",1,369,3094.33462380571,151.950976227248
"E7",1,370,2672.66948612221,155.519580893609
"E7",1,371,3358.13960720271,249.393432113595
"E7",1,372,3797.75325362232,129.890635073426
"E7",1,373,2816.41216678769,223.985494503112
"E7",1,374,2663.0605685976,84.565583145332
"E7",1,375,4654.01994504242,168.134332958179
"E7",1,376,3079.47913548888,114.529761876032
"E7",1,377,1110.40984218247,92.7952172366123
"E7",1,378,3618.25176011359,172.761093784536
"E7",1,379,3824.42563284607,216.913025005611
"E7",1,380,3080.76182162459,174.469904470702
"E7",1,381,4227.2552459869,120.184732993308
"E7",1,382,2787.50999848136,107.351142574471
"E7",1,383,3279.96641957293,82.1252177322457
"E7",1,384,2454.98467413376,182.585786640771
"E7",1,385,2983.69950889058,144.328767340804
"E7",1,386,2519.83278523735,177.847964374855
"E7",1,387,1950.00851674944,243.713910064295
"E7",1,388,3165.00979170694,199.42923045113
"E7",1,389,1966.91452126235,40.9951297032302
"E7",1,390,3112.16745129357,117.024378311416
"E7",1,391,4059.66645007893,176.511975063711
"E7",1,392,2851.296846446,161.285182167957
"E7",1,393,1556.87337670872,150.202317772369
"E7",1,394,3020.86961202376,88.2095379754016
"E7",1,395,2970.76602036867,222.563926775547
"E8",1,1,916.485018569862,164.729075170168
"E8",1,2,3365.57518159824,260.010484195071
"E8",1,3,4428.90229256561,49.1953186144317
"E8",1,4,3266.25186411019,105.339699798245
"E8",1,5,3599.06798025336,205.229358147071
"E8",1,6,3559.41623483618,174.786596977728
"E8",1,7,2515.48706563752,137.415663990539
"E8",1,8,3418.17083855315,99.0522893892599
"E8",1,9,3876.05600337516,164.276262472558
"E8",1,10,2544.28058003069,151.30760867616
"E8",1,11,4663.62726578955,78.7748686645704
"E8",1,12,3325.188793318,116.34577939391
"E8",1,13,2567.76637062853,180.007348000409
"E8",1,14,3501.99040380149,107.862076597872
"E8",1,15,4073.15606916618,184.380271274401
"E8",1,16,3178.3366994492,193.214466281576
"E8",1,17,3269.0526631509,152.867770165911
"E8",1,18,3126.72678468396,162.372744222896
"E8",1,19,3437.30147807336,171.218037663018
"E8",1,20,2591.40402445224,186.244252736958
"E8",1,21,3070.23206018213,86.0166536686048
"E8",1,22,2648.0739153038,106.989524849533
"E8",1,23,3202.86295931855,115.211749783556
"E8",1,24,2298.51846939525,207.41966317363
"E8",1,25,3135.18064137072,296.630065562519
"E8",1,26,3959.31408305195,197.72317371464
"E8",1,27,3519.50905543912,199.406828013676
"E8",1,28,3090.96980559338,55.6797510213285
"E8",1,29,5184.32086204295,102.439073068494
"E8",1,30,3426.32591965349,133.297592616137
"E8",1,31,1761.71069040312,161.214133689887
"E8",1,32,3605.89067790453,135.542864375128
"E8",1,33,4144.61578617519,203.679676032253
"E8",1,34,4255.7818739972,168.063640545718
"E8",1,35,3569.50515932283,60.7170846990532
"E8",1,36,3908.31827542548,147.896031672858
"E8",1,37,3794.08580624892,106.44535870764
"E8",1,38,4170.11818550948,153.558683163461
"E8",1,39,1828.38737414483,225.684824265583
"E8",1,40,2589.83456710412,117.893665368504
"E8",1,41,2622.15186487815,213.449000535018
"E8",1,42,2975.5004793363,113.306712466008
"E8",1,43,3033.97571081261,127.907218952001
"E8",1,44,2897.66846250382,171.365442516104
"E8",1,45,3213.02818752396,156.119858982686
"E8",1,46,2626.54233617522,284.372918572452
"E8",1,47,4698.03596726805,75.3030482116888
"E8",1,48,3431.33650864196,165.730923368555
"E8",1,49,3043.72523564639,234.115946647691
"E8",1,50,2788.05767034272,155.285793740736
"E8",1,51,3322.79138302927,159.629248931522
"E8",1,52,2952.50506177774,203.69132246594
"E8",1,53,3278.73869239036,141.440346434299
"E8",1,54,3339.30137521461,179.957208860333
"E8",1,55,2857.33887134925,247.196541803241
"E8",1,56,4107.66635547385,175.603292610152
"E8",1,57,4975.93963736451,165.369761991962
"E8",1,58,2164.84930004321,100.883946150733
"E8",1,59,3527.1386423471,145.258737506617
"E8",1,60,2810.06775685793,120.601094475019
"E8",1,61,3875.81952795964,122.892478919137
"E8",1,62,2698.81020725182,180.611142454266
"E8",1,63,3453.72280081954,207.735091278979
"E8",1,64,2581.44032984414,100.024533199687
"E8",1,65,2977.72269950704,119.695154871288
"E8",1,66,1942.58318687852,64.2252260610395
"E8",1,67,2947.86925885812,153.363134451511
"E8",1,68,4758.5201338383,218.640741540375
"E8",1,69,3439.21598502474,160.461893948742
"E8",1,70,2849.24779048741,174.788966379679
"E8",1,71,5109.60098737546,122.758006707532
"E8",1,72,3902.62161492869,88.9099720809262
"E8",1,73,3162.2837069056,166.837577901606
"E8",1,74,2470.48695683073,90.4490037358347
"E8",1,75,2142.46189052393,106.129852470849
"E8",1,76,3673.95241569896,176.164317773656
"E8",1,77,2926.73255136087,175.956912544346
"E8",1,78,4916.67522959187,163.427741520187
"E8",1,79,3207.18181366141,201.901416830249
"E8",1,80,3045.69241153312,149.599339619667
"E8",1,81,2786.24605893301,172.350890414633
"E8",1,82,2281.08737228322,116.633810203902
"E8",1,83,3217.24734801867,99.8549385548125
"E8",1,84,1800.64655189965,167.280685326393
"E8",1,85,2968.08779519703,107.30479186194
"E8",1,86,2018.6834530311,195.616882752111
"E8",1,87,2703.00355907058,67.9068222851845
"E8",1,88,4434.45177858691,206.417505575055
"E8",1,89,3120.43981778974,132.097157172044
"E8",1,90,2477.34588103255,222.521196397206
"E8",1,91,2133.63778872283,129.876672989966
"E8",1,92,2311.6613581127,158.184009152564
"E8",1,93,3852.46409231303,105.556075675328
"E8",1,94,4673.09405439296,145.239859149831
"E8",1,95,3027.17916276168,255.849842949074
"E8",1,96,3032.52467467513,259.008946497755
"E8",1,97,2850.18216951871,101.205635137648
"E8",1,98,4679.76779923144,161.470354704791
"E8",1,99,1857.73439717803,193.101681491487
"E8",1,100,3848.36352242907,243.700884966482
"E8",1,101,2317.45024785062,165.47592414864
"E8",1,102,4035.59431777364,236.829264445979
"E8",1,103,3656.40569086105,189.396916579127
"E8",1,104,3711.02572410355,131.627738363297
"E8",1,105,2345.83372854746,172.70204063963
"E8",1,106,2654.49973681982,105.696755493812
"E8",1,107,1428.95241182896,169.605150085957
"E8",1,108,2569.98291752821,173.605605187937
"E8",1,109,2242.83376068311,163.202076732796
"E8",1,110,3070.96012759061,236.771882965666
"E8",1,111,3055.96521990039,120.206297709001
"E8",1,112,2618.07629550196,261.449288799825
"E8",1,113,2726.28785459444,197.136785804172
"E8",1,114,1886.21517600263,165.416501267193
"E8",1,115,3756.14198745112,110.653440992959
"E8",1,116,3410.97364798978,65.9222891577516
"E8",1,117,3646.88095950351,98.7302070236376
"E8",1,118,3925.67533492245,167.514364084529
"E8",1,119,2975.04507161738,129.865483227985
"E8",1,120,4585.97798270882,100.834734636906
"E8",1,121,2512.83141377276,232.168138884221
"E8",1,122,3273.78033098261,111.794517078387
"E8",1,123,4047.83051011546,115.035412962461
"E8",1,124,3578.84448435878,125.045407108821
"E8",1,125,2629.72925354509,204.704877318731
"E8",1,126,2553.22981720744,141.612794717702
"E8",1,127,3999.94541828458,221.179163358663
"E8",1,128,2917.43717186789,175.859512312642
"E8",1,129,2794.80925277381,216.338777040858
"E8",1,130,2531.76544717438,139.285970402872
"E8",1,131,3451.06911438754,105.12757829515
"E8",1,132,4343.28958815755,56.9785735642458
"E8",1,133,4323.42055952302,131.471151196276
"E8",1,134,3998.63244016562,82.6048351403469
"E8",1,135,2034.03275872531,174.806627827204
"E8",1,136,4283.7184186723,137.94385321765
"E8",1,137,3819.26213634547,142.86198378747
"E8",1,138,4455.21898798693,103.901860776346
"E8",1,139,2395.35026156841,144.419402356457
"E8",1,140,2381.68093306383,72.1520885280944
"E8",1,141,3026.11020602592,217.901281040447
"E8",1,142,2965.30470122276,117.860394225101
"E8",1,143,3638.72396369999,120.506694330013
"E8",1,144,2971.02601731479,167.77557144014
"E8",1,145,3048.33988002482,143.133647095624
"E8",1,146,2398.347726274,148.906703426202
"E8",1,147,3717.61242986808,218.738796068168
"E8",1,148,4265.4494176876,67.9510787707741
"E8",1,149,3084.20490548447,156.694447410955
"E8",1,150,2939.07136781015,133.97354425293
"E8",1,151,3600.6941735077,182.781895766422
"E8",1,152,2745.30448225596,174.778439291926
"E8",1,153,2973.82735709804,57.8241830976716
"E8",1,154,2321.69450251483,87.3641970810888
"E8",1,155,2837.96736874506,137.487922674627
"E8",1,156,4385.5588422468,249.218410981388
"E8",1,157,2869.54986280437,115.887586328985
"E8",1,158,3846.58019226132,156.070915502506
"E8",1,159,2098.10874645165,202.687517410417
"E8",1,160,4076.10705119501,297.044930603094
"E8",1,161,2681.65209040569,273.543412998428
"E8",1,162,1749.42138938644,236.290335263109
"E8",1,163,3143.52153639426,168.196840811711
"E8",1,164,2427.84152516505,109.763513082675
"E8",1,165,3331.93898286491,149.789156397831
"E8",1,166,3172.12886860538,212.559105189742
"E8",1,167,5023.62415407838,221.886299010263
"E8",1,168,3628.70849348266,150.815534802658
"E8",1,169,4160.59617225512,118.906143510744
"E8",1,170,4168.88626671998,134.062845903036
"E8",1,171,3278.91723949991,109.307453612455
"E8",1,172,3147.81277103625,306.352508168871
"E8",1,173,1938.44345643037,204.402055673925
"E8",1,174,3686.40381588868,109.126484699088
"E8",1,175,3965.32271629407,105.671928934684
"E8",1,176,2551.44355607058,216.645404327161
"E8",1,177,2422.20391836928,140.146040644295
"E8",1,178,3891.76642708188,169.460562138679
"E8",1,179,3812.23482937335,66.486238228338
"E8",1,180,2771.52415165647,143.548371621573
"E8",1,181,2675.40872557231,202.948847299407
"E8",1,182,2834.45141543831,226.161587145516
"E8",1,183,4298.4311079182,160.345410348738
"E8",1,184,3223.10480674709,69.4738221539618
"E8",1,185,3578.73183524158,156.238189465622
"E8",1,186,3367.7293944412,172.763840202656
"E8",1,187,4376.22293502813,126.454161595924
"E8",1,188,1945.39427355978,122.683016213092
"E8",1,189,3504.31635693068,123.883529887738
"E8",1,190,3340.96250515937,256.919005237088
"E8",1,191,3907.09795131636,236.707418474767
"E8",1,192,3466.96102904182,143.809423016694
"E8",1,193,2271.74685323875,56.2160413909938
"E8",1,194,2395.48736230657,117.872383399128
"E8",1,195,2886.1455768128,128.240312381527
"E8",1,196,2864.03294564391,107.83571540322
"E8",1,197,3944.15413748952,198.506273010838
"E8",1,198,3945.92556054707,141.819855846556
"E8",1,199,2945.81119069827,182.368191979918
"E8",1,200,2513.83023807848,157.00359793358
"E8",1,201,4266.50237859155,78.5575948549933
"E8",1,202,4425.31565530645,176.416286814698
"E8",1,203,3241.51966374569,151.426915539757
"E8",1,204,2713.49006405289,111.309645287907
"E8",1,205,2709.19863401153,116.551874701739
"E8",1,206,3474.30989337257,164.527433994109
"E8",1,207,3601.59737593695,50.0512491473986
"E8",1,208,5207.49638515544,93.7478898181092
"E8",1,209,3308.00054429819,154.495100717697
"E8",1,210,3582.57175001916,132.842064502854
"E8",1,211,2296.22841816229,126.76106617678
"E8",1,212,3522.83152869538,208.242590070629
"E8",1,213,3106.49257174604,156.579184123704
"E8",1,214,4230.80967317308,184.902007911393
"E8",1,215,2902.39146972656,77.7137284451216
"E8",1,216,2033.14771618522,203.624623422988
"E8",1,217,2939.53502134944,146.597302972088
"E8",1,218,2548.80433259697,134.540414573203
"E8",1,219,3626.88285166483,135.182010661432
"E8",1,220,3273.09633752298,191.363119451997
"E8",1,221,3346.30320939217,78.0455860472456
"E8",1,222,4273.42934207619,43.5287562572171
"E8",1,223,3721.23306815256,71.8358136439105
"E8",1,224,2776.74676024635,218.925047563939
"E8",1,225,3162.81309047945,172.097588762583
"E8",1,226,2999.82809578884,208.672171009454
"E8",1,227,4308.92599848304,182.724025057965
"E8",1,228,4351.70406287786,275.730989513799
"E8",1,229,2455.31877369261,196.849694001482
"E8",1,230,2150.70742633564,160.465373753494
"E8",1,231,4301.64608462979,157.185440857859
"E8",1,232,3110.75424659785,165.293348075726
"E8",1,233,1964.79942205761,228.749777110068
"E8",1,234,3390.23279645182,249.589712905581
"E8",1,235,2543.38461392846,237.399810237557
"E8",1,236,2613.85758937866,160.831256040992
"E8",1,237,3320.89163395565,69.2431654738858
"E8",1,238,2081.75580882539,82.6068148074149
"E8",1,239,3460.99049850132,109.620959806263
"E8",1,240,2570.55578388592,146.677194139564
"E8",1,241,3492.06415217251,118.690180309848
"E8",1,242,4292.45691459226,96.9061423414457
"E8",1,243,2807.98264591608,149.916124689782
"E8",1,244,3991.17340831143,110.262409996136
"E8",1,245,2505.7707955696,139.57473481151
"E8",1,246,2505.24459047013,280.673104740855
"E8",1,247,3214.64741200384,88.115592878038
"E8",1,248,2917.80477245317,103.92609876811
"E8",1,249,2248.71894332692,255.61330898062
"E8",1,250,2518.8959426698,134.713079657642
"E8",1,251,4478.21587599357,130.087619948998
"E8",1,252,2875.56940931249,143.8516389922
"E8",1,253,1662.53694262534,65.5115461033914
"E8",1,254,3471.85931166839,267.79485363776
"E8",1,255,2535.49967024436,129.673254044108
"E8",1,256,2010.48706133344,161.169479142951
"E8",1,257,3170.41821116935,135.751872439824
"E8",1,258,1550.24605798748,201.180788639673
"E8",1,259,1383.76146202722,158.876382659925
"E8",1,260,2236.8859610758,224.861429715364
"E8",1,261,4068.69166696557,305.871991812729
"E8",1,262,2454.92115814753,104.285827252524
"E8",1,263,2973.43218765926,162.247777510626
"E8",1,264,3305.07422885329,135.425016775326
"E8",1,265,2630.8286254315,154.802444892315
"E8",1,266,3303.58744681852,149.690458777714
"E8",1,267,1771.08559217457,245.156233607231
"E8",1,268,3269.36386603182,253.601345817421
"E8",1,269,2770.00869212202,195.71642834829
"E8",1,270,3674.39992525113,178.132183121285
"E8",1,271,2702.74797336121,120.931637247566
"E8",1,272,3052.70212291534,188.404521502257
"E8",1,273,3858.1553758387,148.226761451991
"E8",1,274,2293.79338968237,117.94715880444
"E8",1,275,2779.96091583071,108.465480695301
"E8",1,276,2774.82658255611,195.833606822986
"E8",1,277,1900.54664767343,145.82492648365
"E8",1,278,3754.72864409799,103.226815197454
"E8",1,279,2044.0780974098,128.359169493396
"E8",1,280,3992.36902940282,227.55806227992
"E8",1,281,2230.01058850078,61.6076757732764
"E8",1,282,4690.9422456989,194.506365906946
"E8",1,283,3909.02719669022,218.87027214239
"E8",1,284,3619.43282787343,218.005651282187
"E8",1,285,3762.70286155966,191.778757041485
"E8",1,286,4073.91183524607,80.1924007941593
"E8",1,287,2798.87575942914,151.844955817827
"E8",1,288,2321.87038865005,87.8379893670997
"E8",1,289,2590.16762311501,128.437614822423
"E8",1,290,636.443093196819,167.918917206926
"E8",1,291,2525.61337806862,177.848084928037
"E8",1,292,2790.40960576807,219.032768409926
"E8",1,293,3016.98161684943,164.750994607296
"E8",1,294,3368.26707126009,157.231506521796
"E8",1,295,2950.85106745253,152.266345679352
"E8",1,296,2598.40600657056,157.766701142516
"E8",1,297,3474.28995379831,108.452722148406
"E8",1,298,4028.23535506794,49.6449646581443
"E8",1,299,4087.07625384768,82.6212791635532
"E8",1,300,3539.64033760256,203.504212842891
"E8",1,301,4190.26840068875,254.272821565278
"E8",1,302,2807.33187994651,128.31820299347
"E8",1,303,3986.91983414495,137.326628258298
"E8",1,304,2937.2818360729,148.365555515872
"E8",1,305,3102.36963834494,195.724410622067
"E8",1,306,2831.00141549811,111.561644437603
"E8",1,307,2390.3551406968,119.850123522833
"E8",1,308,3243.29157606101,143.230166515861
"E8",1,309,3888.07898585854,194.730780799456
"E8",1,310,2624.04667771868,225.864480303706
"E8",1,311,3859.78233251835,159.382450818446
"E8",1,312,2751.8159671117,184.414640635885
"E8",1,313,2317.14607697461,98.1171370931307
"E8",1,314,3100.31015407737,121.727550768337
"E8",1,315,2395.03496586778,87.6668180703139
"E8",1,316,2911.6328996495,102.360350324938
"E8",1,317,2029.39241216022,86.6834333069511
"E8",1,318,2552.03807018861,210.132417294672
"E8",1,319,3742.53117442317,136.585582865382
"E8",1,320,3119.5445125866,178.378160240056
"E8",1,321,3030.45402003229,181.554072975398
"E8",1,322,3533.15982070038,95.4028652395597
"E8",1,323,3729.53439175227,173.134886224903
"E8",1,324,3585.03734755489,218.771857560979
"E8",1,325,1807.19639694447,149.665061244339
"E8",1,326,3566.739763452,155.905634783435
"E8",1,327,2935.38815892766,158.016297996351
"E8",1,328,3810.22228465609,140.974992018619
"E8",1,329,3136.56568925281,148.91525530583
"E8",1,330,2861.52685629828,177.499184898226
"E8",1,331,2994.45094809075,171.542800142026
"E8",1,332,4983.7537176258,125.451676342156
"E8",1,333,3538.73109603498,137.839458287832
"E8",1,334,4583.75464855667,303.875991910532
"E8",1,335,2737.03021898269,66.8312644661903
"E8",1,336,2121.52822469538,207.660175934828
"E8",1,337,2625.05682277896,215.536123759284
"E8",1,338,3224.41306555582,78.3305991531544
"E8",1,339,3082.50636578715,140.238875304941
"E8",1,340,3847.35840444982,96.4925423715581
"E8",1,341,2517.25276779223,109.439250719026
"E8",1,342,2814.5981536735,174.652715393024
"E8",1,343,2543.98393439816,190.871493369919
"E8",1,344,4262.07220183359,142.057942593054
"E8",1,345,3070.27527931522,160.196179099141
"E8",1,346,2634.74462672218,155.134728240874
"E8",1,347,4113.81211725941,180.218191756237
"E8",1,348,3049.55989745166,49.7109988116489
"E8",1,349,4266.26839253335,263.848559058595
"E8",1,350,2266.77599632047,144.30535846302
"E8",1,351,4297.57475676003,140.301133798321
"E8",1,352,3232.02770501048,257.122658826902
"E8",1,353,2622.10096473306,127.585318384236
"E8",1,354,2199.89577798156,181.182898878803
"E8",1,355,5111.74736863394,146.430205974085
"E8",1,356,2476.13540705249,154.200696744071
"E8",1,357,2679.86573925735,119.36721620757
"E8",1,358,2635.2214602705,192.150836816835
"E8",1,359,3945.78787606029,235.7107603391
"E8",1,360,3434.83916777111,186.265685232829
"E8",1,361,2608.81210343211,106.115082147388
"E8",1,362,3133.66316765045,103.925751720091
"E8",1,363,4106.94912531671,210.288602019467
"E8",1,364,2966.4078945305,146.937037795397
"E8",1,365,3852.39925669648,163.579007938503
"E8",1,366,2573.51715330076,161.004259234535
"E8",1,367,3758.47571881923,157.98475559239
"E8",1,368,3439.77338175942,174.452460600467
"E8",1,369,4187.66891398364,212.498157004674
"E8",1,370,4298.75711290853,81.8148370714562
"E8",1,371,3059.48599865795,105.416568027324
"E8",1,372,2951.5448151915,155.188186921491
"E8",1,373,3904.53792317955,140.421145893144
"E8",1,374,3803.96287272052,254.346380167285
"E8",1,375,2360.50473579826,135.792789975927
"E8",1,376,3679.26908386538,120.976232111607
"E8",1,377,2953.1020348649,116.857912981497
"E8",1,378,2533.01318538543,101.221169629015
"E8",1,379,3865.23368903352,222.156673975013
"E8",1,380,1281.92417299383,162.862242640193
"E8",1,381,2787.43145041078,193.729805410918
"E8",1,382,3608.12569058585,122.375192713986
"E8",1,383,3959.94353616848,149.077074600387
"E8",1,384,2606.58442965021,177.242458108872
"E8",1,385,2949.65558492228,188.592990810765
"E8",1,386,3615.39906877552,174.63730804685
"E8",1,387,4027.10590664785,150.722331514837
"E8",1,388,2724.20815042892,164.864514115546
"E8",1,389,3134.34142260972,135.092795094408
"E8",1,390,3504.21544889785,196.723229677644
"E8",1,391,2337.33656461609,211.111580201576
"E8",1,392,3443.87633761689,57.8667941873755
"E9",1,1,3483.52495906728,87.3984273865134
"E9",1,2,3033.88142352078,90.8801107440491
"E9",1,3,3293.79413475538,141.329260592755
"E9",1,4,3415.86780380758,232.41746723535
"E9",1,5,2753.21359099083,103.397200569668
"E9",1,6,4185.79336184488,173.338652842703
"E9",1,7,3479.17499469773,121.389303929002
"E9",1,8,3229.59602451908,67.4978906203751
"E9",1,9,3552.09228641492,121.561247523245
"E9",1,10,2257.03450514732,132.392293791223
"E9",1,11,3394.11911363978,159.865945956982
"E9",1,12,3839.24687243696,170.845196655813
"E9",1,13,2400.67440523563,190.957715393941
"E9",1,14,2497.07221334553,138.858573720466
"E9",1,15,2582.69375790718,231.717470241391
"E9",1,16,4160.84806351938,179.42111175061
"E9",1,17,3005.81389168984,119.912864011623
"E9",1,18,4591.01519722256,159.632165887962
"E9",1,19,2380.02190586008,151.447384046867
"E9",1,20,2363.24147318922,220.224253098454
"E9",1,21,2322.74145840917,122.437595176352
"E9",1,22,2749.13458684301,173.832138422051
"E9",1,23,2789.13813832589,146.381248743195
"E9",1,24,3798.53861751368,176.679120504195
"E9",1,25,3019.89952136142,223.938390416195
"E9",1,26,3213.96625692525,201.220135757783
"E9",1,27,3331.90328372579,247.685381300844
"E9",1,28,2946.90813673492,99.3262676748977
"E9",1,29,3009.03312286391,83.1468833232949
"E9",1,30,4805.69161579272,173.031343211763
"E9",1,31,2959.74869718763,165.440016005685
"E9",1,32,4645.34207555691,226.630365489778
"E9",1,33,3308.66805449939,109.302339325704
"E9",1,34,2357.39509267078,165.217905818152
"E9",1,35,1490.12130836062,185.049413793108
"E9",1,36,3090.42401502871,138.434251143483
"E9",1,37,3461.22783988611,80.1544199108658
"E9",1,38,3921.15080809967,130.718188744916
"E9",1,39,3533.68498929501,181.561024281747
"E9",1,40,2882.3469940636,210.642695195536
"E9",1,41,2173.60659016222,112.65748852894
"E9",1,42,3587.72735035254,191.625016708724
"E9",1,43,3919.93675533739,174.238758524991
"E9",1,44,1649.48885924404,203.063685562618
"E9",1,45,2704.98806615809,156.011074420144
"E9",1,46,2728.83978995862,293.747232776515
"E9",1,47,3384.91713409131,165.545356920014
"E9",1,48,3217.67082120842,219.634225005581
"E9",1,49,3461.98094407673,109.382629937655
"E9",1,50,4432.89892811503,193.99343697302
"E9",1,51,3431.05045327274,147.896869218324
"E9",1,52,4619.96444376086,169.071607867025
"E9",1,53,2824.62925288359,143.294579640027
"E9",1,54,3741.36389600683,123.41505359144
"E9",1,55,4127.81176505147,167.820791519019
"E9",1,56,4490.03608255254,111.689384980546
"E9",1,57,3644.27634472802,124.641513932708
"E9",1,58,3495.39164293991,167.492836200894
"E9",1,59,2128.7535816703,168.426988793645
"E9",1,60,3442.23976005929,87.0625771348948
"E9",1,61,4698.54675032921,94.0553024817297
"E9",1,62,2889.29786667588,86.7859267629552
"E9",1,63,2057.83192344099,219.029516910732
"E9",1,64,3898.88117499355,87.1436774826106
"E9",1,65,2928.84061395844,194.115491100557
"E9",1,66,1712.72117274055,170.984596552241
"E9",1,67,2615.63000825635,239.125534409311
"E9",1,68,1333.75275845669,153.499091995356
"E9",1,69,2825.89359312199,85.7864323425475
"E9",1,70,3042.66814695628,184.543772787235
"E9",1,71,3011.5068482777,247.869983127541
"E9",1,72,4004.91493167005,157.915706741776
"E9",1,73,3713.97812478723,182.036703815451
"E9",1,74,4406.94505670733,126.250755448498
"E9",1,75,4472.80875551967,70.9917156253822
"E9",1,76,2980.13414516587,49.3550895896855
"E9",1,77,3673.29281733301,204.608267104526
"E9",1,78,3692.90700764558,228.56824898724
"E9",1,79,3216.99201763595,133.938686692175
"E9",1,80,2587.35834820343,147.404466929174
"E9",1,81,3979.12358201132,140.623511122542
"E9",1,82,2412.81279605472,184.460176788742
"E9",1,83,3459.17514854197,263.76402122516
"E9",1,84,3206.08493970688,243.901015060602
"E9",1,85,3469.87343946778,244.363119073008
"E9",1,86,2766.95891177541,153.636562366656
"E9",1,87,3621.27961086121,237.896738896564
"E9",1,88,3558.99758605345,113.160164110034
"E9",1,89,3245.01512645223,132.62126931712
"E9",1,90,2718.38306447582,128.487516039866
"E9",1,91,3286.1112913538,162.863415241577
"E9",1,92,2811.73595993483,231.903778020371
"E9",1,93,2202.61236575901,134.084292465063
"E9",1,94,2502.94106953734,207.553539423697
"E9",1,95,2503.91060718357,204.50784147565
"E9",1,96,2281.77642126026,119.102922075707
"E9",1,97,2950.16922153226,72.3269350452613
"E9",1,98,3356.37046898597,173.911121118316
"E9",1,99,2405.93349567262,79.8731133237336
"E9",1,100,4124.20032321941,143.955023365946
"E9",1,101,1525.72809405383,98.694292556606
"E9",1,102,2523.89289015153,121.167121062269
"E9",1,103,3833.44806221001,164.388817765527
"E9",1,104,4082.34662315845,137.464476980113
"E9",1,105,3467.51106139201,175.805566526809
"E9",1,106,3047.18755643473,280.303408867059
"E9",1,107,4180.89245774465,225.406344832894
"E9",1,108,2422.24132267645,108.110435230324
"E9",1,109,2981.60628521207,211.998365398905
"E9",1,110,2078.3938314229,155.412404590505
"E9",1,111,3463.87414911073,156.346137034389
"E9",1,112,2945.58410824471,183.017350324446
"E9",1,113,3679.58035777983,142.241154311826
"E9",1,114,3862.92820713434,140.660790426797
"E9",1,115,4059.47659392686,129.666978066984
"E9",1,116,3236.85609804258,167.980956668528
"E9",1,117,3085.69254279453,108.936454138582
"E9",1,118,3526.04594390453,198.028388464556
"E9",1,119,4050.80434895549,196.058682322202
"E9",1,120,3827.95129729859,160.225630615229
"E9",1,121,2959.04444154059,186.053127066994
"E9",1,122,2008.06332126539,155.824168119213
"E9",1,123,3258.27549622573,192.287674304502
"E9",1,124,4192.9926848019,232.677559481725
"E9",1,125,4080.76028289754,78.4513233060274
"E9",1,126,2791.88487303192,147.151711736328
"E9",1,127,2189.4018503662,182.389838253058
"E9",1,128,4700.89665779428,111.177685227805
"E9",1,129,4002.92543365081,133.235421265378
"E9",1,130,2596.93056217611,148.01857601961
"E9",1,131,3112.39681153099,215.66053539385
"E9",1,132,3046.48023742495,162.95751116325
"E9",1,133,3351.8364006876,74.4450303906953
"E9",1,134,3873.48241458687,192.756687756356
"E9",1,135,2625.40765907489,161.24390705481
"E9",1,136,3162.78177456208,148.790527847911
"E9",1,137,2725.97150013565,164.292356904545
"E9",1,138,3924.4563524242,163.898591797864
"E9",1,139,4469.31901768711,195.635685710131
"E9",1,140,2734.69888564799,67.012379972514
"E9",1,141,2868.15910917708,144.142119605736
"E9",1,142,3581.89292312975,46.7650397780022
"E9",1,143,4359.30576076153,154.655994683601
"E9",1,144,3628.81592863763,162.169541368806
"E9",1,145,3360.55540890509,157.245383123703
"E9",1,146,2346.2917753172,178.068540643727
"E9",1,147,1101.0443271153,128.72008980327
"E9",1,148,2090.2534706726,166.529304863055
"E9",1,149,1717.5307231893,153.936452005827
"E9",1,150,3491.99073339913,236.393479462318
"E9",1,151,3201.05826897501,149.989872717893
"E9",1,152,3171.21996994819,111.764598529043
"E9",1,153,3792.01576675746,82.1988134325832
"E9",1,154,3084.66116711713,168.492000084919
"E9",1,155,4210.87691211252,162.315611885418
"E9",1,156,2718.79894196042,188.465928666536
"E9",1,157,3226.89165260046,163.138788746563
"E9",1,158,3113.10576863257,68.4119949127855
"E9",1,159,2074.86301113566,151.797723181973
"E9",1,160,4176.94633961786,235.268259437965
"E9",1,161,1934.56190417954,157.74599207864
"E9",1,162,4777.70509964878,160.470025530078
"E9",1,163,2852.37665034076,212.263137662755
"E9",1,164,3150.25682072998,135.866711172453
"E9",1,165,3368.63635405419,222.573780113424
"E9",1,166,2749.74754086873,174.553399602276
"E9",1,167,4364.71519907174,129.321890444581
"E9",1,168,2963.10191637469,132.857845350789
"E9",1,169,3640.50299019432,170.364619116187
"E9",1,170,2905.86390208364,142.375860955257
"E9",1,171,2112.59690007764,141.958724143936
"E9",1,172,1972.97589175421,139.33247150182
"E9",1,173,1796.61553436249,203.398810496013
"E9",1,174,3977.32026948891,141.396504810573
"E9",1,175,2900.31208888719,148.565168787463
"E9",1,176,3362.93178940893,81.9275831534758
"E9",1,177,2951.32891797336,136.612706594981
"E9",1,178,3222.44008222294,168.334347632647
"E9",1,179,4151.32809571683,209.076452744923
"E9",1,180,3818.73089198813,199.441376615612
"E9",1,181,4206.50133637972,207.672958561813
"E9",1,182,3680.03572104744,114.262783262257
"E9",1,183,3879.65145343693,146.325152782024
"E9",1,184,2297.29642318461,280.919608472055
"E9",1,185,2517.93296719137,135.457051355896
"E9",1,186,2522.38408626816,140.502472733732
"E9",1,187,2245.7614074753,184.898229215139
"E9",1,188,2745.95731275313,188.989953262323
"E9",1,189,3167.11548431803,124.456177623008
"E9",1,190,2982.7330155237,98.2393515157705
"E9",1,191,4017.36958706048,126.313908984897
"E9",1,192,3558.94541543434,162.364966108441
"E9",1,193,2617.70662468821,94.1480833737551
"E9",1,194,2826.70004020428,160.537015781367
"E9",1,195,4045.15090191684,204.176232258895
"E9",1,196,1952.972554039,194.302437453327
"E9",1,197,2930.43551604944,160.123950846061
"E9",1,198,2904.04250294116,62.6268210218291
"E9",1,199,2735.5610677282,221.572285740426
"E9",1,200,3207.73775283387,204.22853846713
"E9",1,201,1983.06614584461,134.24542841113
"E9",1,202,2295.7664930355,224.313959530031
"E9",1,203,3978.24457200335,179.906634089515
"E9",1,204,4180.64932534594,170.335586723835
"E9",1,205,2207.72853919725,156.305748845862
"E9",1,206,2671.38073919074,215.481627464398
"E9",1,207,3581.24914957846,149.865522893353
"E9",1,208,3657.77997388894,183.266879511015
"E9",1,209,2093.3255008022,134.187696120371
"E9",1,210,3768.97563352909,193.765687274064
"E9",1,211,4469.02107345401,159.383776020071
"E9",1,212,2978.019879852,141.676930776894
"E9",1,213,2576.49196813083,74.0118744920211
"E9",1,214,3453.37475687276,81.001230171101
"E9",1,215,4301.24478719378,145.130104429955
"E9",1,216,3731.71832391316,106.825341651729
"E9",1,217,2587.77527794673,202.189913132713
"E9",1,218,2845.4514792687,175.539052063341
"E9",1,219,2728.04884271068,128.65956898844
"E9",1,220,2675.62844536819,138.968636646813
"E9",1,221,3174.00736237766,171.3508907669
"E9",1,222,3416.66800045543,139.849946060948
"E9",1,223,2803.47591126155,184.991854158679
"E9",1,224,2671.44011657228,161.829796590576
"E9",1,225,2636.81417967377,182.025386396361
"E9",1,226,2477.1362963876,156.580749873234
"E9",1,227,2878.60052881303,220.292786989982
"E9",1,228,2947.18274335771,234.106944362175
"E9",1,229,3865.91484222112,165.387536979737
"E9",1,230,3518.7207344161,136.792989507963
"E9",1,231,5137.37293188015,172.492487011696
"E9",1,232,2945.45378526737,82.5894693798108
"E9",1,233,2921.69941877008,189.145345100683
"E9",1,234,2385.07122821987,140.582105669249
"E9",1,235,3335.30412729226,155.085375208416
"E9",1,236,3342.20522570644,193.319524572425
"E9",1,237,2655.47704904687,196.324372968752
"E9",1,238,2262.45400804262,165.122268652834
"E9",1,239,4268.88376303399,156.464565096243
"E9",1,240,5977.51296983348,68.431876028855
"E9",1,241,3058.66246344674,228.47121138362
"E9",1,242,3215.49135003836,189.071875041384
"E9",1,243,3350.96272606286,277.726700574753
"E9",1,244,3348.29632070221,146.007241884718
"E9",1,245,3669.78537710128,203.217550183188
"E9",1,246,2903.72337422763,146.374014559273
"E9",1,247,1429.08235184532,122.141246132007
"E9",1,248,3997.69454129655,143.89745172625
"E9",1,249,3373.24753755694,195.63302385358
"E9",1,250,3350.35470751938,128.644717295313
"E9",1,251,2372.44841569007,198.322435586024
"E9",1,252,3206.71750580199,186.287501599989
"E9",1,253,3170.48644075041,224.207243006115
"E9",1,254,3341.67448843153,77.7567204925816
"E9",1,255,3317.40868616555,235.478657208169
"E9",1,256,2567.44487007691,44.1298526591224
"E9",1,257,3589.98234181397,183.05076896505
"E9",1,258,3279.23261795375,169.892633799724
"E9",1,259,3039.91176577207,174.610851389554
"E9",1,260,2945.54436746623,113.527473783629
"E9",1,261,4192.10435450359,215.942960268046
"E9",1,262,2861.63438977188,169.199317418219
"E9",1,263,3309.86956108353,133.696677557037
"E9",1,264,3546.97625750977,106.67327396484
"E9",1,265,3814.71935630094,168.95890644029
"E9",1,266,3743.25833867694,154.623205294453
"E9",1,267,2848.27472447499,223.684497887403
"E9",1,268,2901.51588203042,112.866305442604
"E9",1,269,3949.46476795388,204.573890675714
"E9",1,270,3064.80082107816,178.460039541089
"E9",1,271,3829.62088521302,105.677906449783
"E9",1,272,1732.9779680318,162.043781701513
"E9",1,273,3524.76102151312,158.684491628153
"E9",1,274,3155.24860921347,241.730869221382
"E9",1,275,3386.11064870825,175.1960054863
"E9",1,276,2669.73637174414,134.402827303477
"E9",1,277,1469.5998372718,209.525259258077
"E9",1,278,3768.2921503053,152.972060322372
"E9",1,279,1885.02073730421,78.076188699793
"E9",1,280,2530.73726549428,193.589834184731
"E9",1,281,3014.99468431526,180.797489787054
"E9",1,282,3172.8583798768,226.970610473892
"E9",1,283,3067.1859071549,148.282666758481
"E9",1,284,3207.68408879906,167.215854032057
"E9",1,285,3908.25152546709,112.228327307846
"E9",1,286,3037.8250721334,175.902204868215
"E9",1,287,3562.64886051219,144.005282164862
"E9",1,288,1363.77849342985,109.77090384828
"E9",1,289,3287.68773564166,157.799304440501
"E9",1,290,3159.54887311135,125.38192932501
"E9",1,291,3568.27058507041,93.0758884268516
"E9",1,292,2780.6336511421,121.401940576604
"E9",1,293,4023.11754117328,121.667588242781
"E9",1,294,3340.18303095152,227.417740379831
"E9",1,295,3016.5136218884,177.977482777283
"E9",1,296,2760.84803014948,177.982920628101
"E9",1,297,3912.1441478905,165.099977333047
"E9",1,298,1853.98658365554,131.788027874004
"E9",1,299,2438.32902591121,76.8083614453882
"E9",1,300,2055.73957223169,247.039214140829
"E9",1,301,4250.79263373367,247.363641824109
"E9",1,302,3847.1746047265,176.110779845402
"E9",1,303,1875.59347544515,145.192838521173
"E9",1,304,2953.42329598134,157.33527140536
"E9",1,305,3857.94376149734,218.014938631829
"E9",1,306,3957.69934518212,112.627757872667
"E9",1,307,4383.88378554387,176.40301682275
"E9",1,308,3154.29558031833,178.706047054082
"E9",1,309,3768.22367111048,25.9853943134782
"E9",1,310,3235.39580988233,135.621210744596
"E9",1,311,3493.51619520359,141.190179066904
"E9",1,312,2621.26185364711,125.345212761991
"E9",1,313,3009.99355218172,86.67819750119
"E9",1,314,3290.27778643853,183.396291021702
"E9",1,315,4679.81871546677,122.084189035665
"E9",1,316,3158.76899762759,236.979645923042
"E9",1,317,3824.33414640866,211.665813430132
"E9",1,318,3506.67747435635,278.40827458791
"E9",1,319,2300.38323192369,170.900656359736
"E9",1,320,1980.39303116348,141.667614739349
"E9",1,321,3936.33134333092,147.192632116593
"E9",1,322,4013.90286804907,180.848875656641
"E9",1,323,1845.45930987942,219.542939253772
"E9",1,324,3627.90193850721,178.995425782488
"E9",1,325,4186.10258159412,104.525070477251
"E9",1,326,2086.09378623197,144.210318336835
"E9",1,327,2838.86685232607,188.259618354417
"E9",1,328,4452.06342314419,222.75210196419
"E9",1,329,3585.78271684771,62.480514199136
"E9",1,330,2519.09666461384,113.8689923563
"E9",1,331,2731.85740186558,143.911729457555
"E9",1,332,2427.03964609017,148.713058034543
"E9",1,333,2848.6540752059,156.280574742874
"E9",1,334,3818.47798555141,211.167654057942
"E9",1,335,2522.79900539875,270.866510416996
"E9",1,336,2930.59412015683,151.95840225643
"E9",1,337,3924.42472493071,111.223348221191
"E9",1,338,2558.61824583011,173.012816598586
"E9",1,339,2575.24995476792,141.919408387363
"E9",1,340,4002.90581336571,165.131817794218
"E9",1,341,3070.67493490229,150.905377436093
"E9",1,342,2748.14846055121,122.064211794974
"E9",1,343,3561.28326852094,122.844205265406
"E9",1,344,3662.00011568343,74.674506152553
"E9",1,345,2208.43936378762,136.291622434882
"E9",1,346,4406.31070031868,167.299317992333
"E9",1,347,2441.81253102891,160.812311588784
"E9",1,348,3278.96303527729,186.845606830763
"E9",1,349,3535.79085146659,204.911777695187
"E9",1,350,4439.46695583419,227.488547922594
"E9",1,351,3543.95302503203,222.718097315165
"E9",1,352,4126.35806894327,178.924061730568
"E9",1,353,3235.29226263306,167.880861385018
"E9",1,354,3269.86458928368,134.175975811243
"E9",1,355,2314.2978396438,134.032080868971
"E9",1,356,4971.62357921912,160.739812177563
"E9",1,357,3407.62113027312,124.091054716207
"E9",1,358,4423.13177119626,148.851300446602
"E9",1,359,3374.23902852028,119.499176995187
"E9",1,360,2499.26176737993,170.109972130614
"E9",1,361,3996.85793303828,174.096859726399
"E9",1,362,3871.24747821804,109.698740990531
"E9",1,363,2748.79987436081,62.2678325660533
"E9",1,364,2799.52682024929,15
"E9",1,365,4150.34625977271,264.534887034354
"E9",1,366,2639.98344209706,116.527154773069
"E9",1,367,2781.39060345615,183.35625597399
"E9",1,368,1926.97758642674,194.037211940552
"E9",1,369,3693.9054285348,138.503325851153
"E9",1,370,3378.91816526366,136.721703660173
"E9",1,371,2642.98975032794,134.181629883499
"E9",1,372,2796.63358305222,81.8961012286743
"E9",1,373,3295.07494646089,115.845419970712
"E9",1,374,2998.55559805474,106.677346795985
"E9",1,375,2618.10259586887,134.957148423366
"E9",1,376,4662.17678026697,138.912069668494
"E9",1,377,3279.56040984425,158.654706548136
"E9",1,378,3848.75338817192,148.767345865702
"E10",1,1,2467.69187989447,163.40376067547
"E10",1,2,2419.7593533249,221.904145357757
"E10",1,3,2836.26859767503,123.816543871424
"E10",1,4,3917.03575847432,134.898896476498
"E10",1,5,2970.00098702951,105.00329912307
"E10",1,6,3759.12388147652,197.762742300037
"E10",1,7,2269.85976931045,119.41515626009
"E10",1,8,3270.89364049124,189.027173554718
"E10",1,9,3316.34330624159,111.692075388782
"E10",1,10,3296.53898916226,108.91182166991
"E10",1,11,2531.30748463341,155.74048246739
"E10",1,12,3225.7313112839,98.2619129194269
"E10",1,13,3770.25621923493,233.149804281481
"E10",1,14,3187.73472525105,174.378332164066
"E10",1,15,3509.4055602689,143.597466447069
"E10",1,16,3724.44606573494,89.7952122861226
"E10",1,17,4202.8740538188,40.9953130264099
"E10",1,18,3154.49687524859,234.446175146809
"E10",1,19,2221.19952655907,250.213207800501
"E10",1,20,3835.85172081313,201.953335913931
"E10",1,21,4247.54252637138,111.78992821118
"E10",1,22,3201.99707328267,230.679997658265
"E10",1,23,2495.52755165827,200.693842409408
"E10",1,24,2176.76252877178,93.9134794010173
"E10",1,25,2589.39584526279,249.451447287817
"E10",1,26,3299.36048839202,74.2231159237897
"E10",1,27,3323.72840057373,64.3043501616417
"E10",1,28,3384.99388612374,186.600604019966
"E10",1,29,3059.39277133978,103.954272643271
"E10",1,30,2731.82544804976,53.9545526384021
"E10",1,31,2198.45236766998,94.0736930771465
"E10",1,32,3877.08647289912,306.523532376079
"E10",1,33,3467.19917075729,185.371025160385
"E10",1,34,2111.04012798371,92.7964591785305
"E10",1,35,3301.48647330186,137.16102771123
"E10",1,36,3161.48598650275,181.053712025133
"E10",1,37,3937.32593591637,144.179572595345
"E10",1,38,2112.53987690384,177.973420430656
"E10",1,39,1967.41350422181,147.039434883688
"E10",1,40,3117.45151955245,203.179580844197
"E10",1,41,3842.55726369531,200.97645384932
"E10",1,42,3153.96211173725,206.900269772437
"E10",1,43,2232.72142599082,150.711181226221
"E10",1,44,3767.929004514,80.7402585911669
"E10",1,45,5651.63043830683,254.094023557924
"E10",1,46,2266.87327888987,136.141928615125
"E10",1,47,3619.4153793966,135.933719752991
"E10",1,48,3465.88296408821,283.176438812522
"E10",1,49,2145.82238146641,208.357355921132
"E10",1,50,4379.85399460145,155.049722551381
"E10",1,51,2893.48160125857,195.245160729343
"E10",1,52,1912.52069608073,177.401669460305
"E10",1,53,2623.1103085714,167.822048307229
"E10",1,54,2428.3537443718,136.607450376354
"E10",1,55,4081.33253878502,222.83202629472
"E10",1,56,1756.44650322276,194.691837898167
"E10",1,57,3671.86144557545,150.973424900772
"E10",1,58,4112.6184033423,198.569914120585
"E10",1,59,4365.7753750091,159.417946454764
"E10",1,60,2323.61885314238,170.006362570029
"E10",1,61,4569.02979759962,233.209327639717
"E10",1,62,4347.77001398738,178.269011395005
"E10",1,63,4058.4682236349,178.742862512002
"E10",1,64,3762.56318228718,200.182632204184
"E10",1,65,1967.57222502069,135.239110933489
"E10",1,66,2930.1969900124,105.145250580173
"E10",1,67,3381.20313860274,220.088178467249
"E10",1,68,4340.39819896448,224.343161586735
"E10",1,69,3208.18280647991,198.87427615168
"E10",1,70,3383.35810909412,214.525010339891
"E10",1,71,2802.44571530775,230.392497506864
"E10",1,72,3820.3375371749,133.673719917628
"E10",1,73,3538.16145573589,228.589645083578
"E10",1,74,2926.99726278472,167.602953297601
"E10",1,75,3018.24483567614,42.8140879946914
"E10",1,76,5251.30930022293,185.35945708136
"E10",1,77,3201.3556774241,177.325130070409
"E10",1,78,2627.05127956128,15
"E10",1,79,3132.14668753984,108.650200756609
"E10",1,80,2848.12263572063,106.033500230747
"E10",1,81,2961.41506573026,142.702781769291
"E10",1,82,2672.90970147624,145.150085284058
"E10",1,83,1979.95116544184,181.407662061033
"E10",1,84,4367.16082020862,182.751876756165
"E10",1,85,4032.88459575789,61.345231069795
"E10",1,86,3780.65195185781,154.870552684119
"E10",1,87,3580.42466774722,129.094417810764
"E10",1,88,2885.27722512822,173.59743159617
"E10",1,89,2803.63406155221,151.147407828005
"E10",1,90,2131.08868141833,105.332045941421
"E10",1,91,4499.7422466568,129.357576336381
"E10",1,92,4445.63886083175,189.503014039402
"E10",1,93,2559.92292774754,135.710188035809
"E10",1,94,3401.79194906522,147.712975521587
"E10",1,95,2554.27222751748,88.6171463555145
"E10",1,96,2061.66457861114,157.903679649137
"E10",1,97,3187.2026172958,174.914968297023
"E10",1,98,2686.75007907424,94.7534221106082
"E10",1,99,3319.91823034623,264.634674030815
"E10",1,100,3001.83976549564,260.375654989471
"E10",1,101,3708.9147589768,175.862511939665
"E10",1,102,3403.69389037203,201.592577206435
"E10",1,103,4168.23216536546,80.7988879327958
"E10",1,104,2537.17568424085,158.085815812752
"E10",1,105,2584.62400013287,178.838947712036
"E10",1,106,3141.869524548,127.090269059037
"E10",1,107,4125.18960400016,40.7589399992833
"E10",1,108,2461.04959890397,151.088273615843
"E10",1,109,3551.86814358367,144.345953647653
"E10",1,110,2431.42314655947,147.691662765938
"E10",1,111,3914.78005065394,161.472356061676
"E10",1,112,2746.0557809185,192.018027178678
"E10",1,113,3171.87551386179,179.376725499393
"E10",1,114,4717.59213735189,218.263609032707
"E10",1,115,3373.15981715178,164.394288356659
"E10",1,116,2284.46904362705,179.698416806611
"E10",1,117,3694.85330309669,148.900678700695
"E10",1,118,3092.8727871515,170.333722685295
"E10",1,119,3076.18083536154,76.6849023340962
"E10",1,120,2378.32610703713,104.382013705903
"E10",1,121,1702.37213730561,142.942998510969
"E10",1,122,2076.17323110791,196.850221445965
"E10",1,123,3745.66861057767,100.56150573627
"E10",1,124,3581.30179109647,126.370063231123
"E10",1,125,2852.56794501519,238.795608449035
"E10",1,126,2257.87358487016,189.200573879431
"E10",1,127,2996.90042997497,101.954927360981
"E10",1,128,2349.76286032993,177.831293852576
"E10",1,129,2950.54467211139,185.582359177772
"E10",1,130,1131.42907089106,185.097473440928
"E10",1,131,4367.65630818631,210.654900112331
"E10",1,132,3328.80556510994,187.454487242868
"E10",1,133,4499.44671134793,68.8073455353101
"E10",1,134,3594.53790304457,142.528168264161
"E10",1,135,2659.32089143979,186.63451478842
"E10",1,136,2699.66978941476,171.780526541953
"E10",1,137,3566.14211834982,139.143179661566
"E10",1,138,3597.51555979039,170.642937062206
"E10",1,139,3981.41462434957,183.425681702812
"E10",1,140,1663.78982401257,247.483135954852
"E10",1,141,3922.619107596,185.195139842628
"E10",1,142,2462.47106011616,115.250852171945
"E10",1,143,2060.51250933387,227.469725940862
"E10",1,144,3866.01919325421,171.983303389833
"E10",1,145,3386.12509750154,134.819357086117
"E10",1,146,3186.98587888248,205.328873598286
"E10",1,147,3330.53916261842,206.152647462931
"E10",1,148,1580.73042688468,203.142356044432
"E10",1,149,2950.39366072672,185.126411496681
"E10",1,150,3318.22410919883,59.6975309713822
"E10",1,151,4084.55266756335,207.607277749435
"E10",1,152,2486.96248203911,184.261810912969
"E10",1,153,3237.80315815469,80.7352461768907
"E10",1,154,2367.65833332459,137.432648116076
"E10",1,155,3026.76778577973,213.358934219967
"E10",1,156,3887.54998435161,79.4799695101307
"E10",1,157,4333.48658038852,160.075475256453
"E10",1,158,1609.28270729347,142.396738621312
"E10",1,159,2786.60333512154,227.180031370795
"E10",1,160,4599.53279652482,252.95071132068
"E10",1,161,2520.37269390425,183.829429097405
"E10",1,162,3447.72030917745,199.303889180336
"E10",1,163,2649.33371203071,94.0776676027476
"E10",1,164,2305.00753796463,157.707086959142
"E10",1,165,3170.37638420183,163.895792726957
"E10",1,166,3107.98201853028,121.708280484035
"E10",1,167,4147.57739853636,115.811562284504
"E10",1,168,2551.51946040086,164.127352228772
"E10",1,169,3723.85021985107,245.259745699523
"E10",1,170,2397.90784732833,218.996204943727
"E10",1,171,2894.14318471211,217.233624358391
"E10",1,172,3175.87872903057,112.134029681624
"E10",1,173,2193.72629567014,161.980628647346
"E10",1,174,3397.0187967317,74.0931607400318
"E10",1,175,4299.66398140134,152.604980655098
"E10",1,176,2971.83825462194,106.682496745773
"E10",1,177,4032.32245023846,213.812759869418
"E10",1,178,3379.03504163477,173.228436106043
"E10",1,179,2516.72070693679,78.0626024048306
"E10",1,180,4398.80197205752,40.8916083636418
"E10",1,181,3007.92796032145,227.775956068181
"E10",1,182,2954.02286903331,165.29837125961
"E10",1,183,3754.53232710219,178.389086232648
"E10",1,184,3277.90280876906,114.857365398327
"E10",1,185,3192.17930913092,178.210325841632
"E10",1,186,3935.30680489209,164.70271043016
"E10",1,187,3626.02867082262,117.559913526821
"E10",1,188,4323.31603380906,157.275105524798
"E10",1,189,3090.04915299423,161.905733598505
"E10",1,190,3676.02001595397,160.056569667393
"E10",1,191,3274.35220672934,179.077271423545
"E10",1,192,3398.42449995891,152.128454310057
"E10",1,193,2942.34882041067,45.2190636494405
"E10",1,194,4627.57531181796,152.769258016009
"E10",1,195,2445.47466169668,216.544221578294
"E10",1,196,3071.92634037017,107.268946710041
"E10",1,197,2356.40502660736,134.267510634934
"E10",1,198,2418.75580282828,137.756792319851
"E10",1,199,2375.64398078997,128.921683597736
"E10",1,200,2747.15544631047,97.2412321945623
"E10",1,201,2885.26712126174,150.478942638734
"E10",1,202,2508.31787821654,191.637132921907
"E10",1,203,2639.32854184103,190.71994981778
"E10",1,204,2985.89035368758,238.723268582865
"E10",1,205,2468.6331249326,141.55033944481
"E10",1,206,4339.46985370211,129.833567706171
"E10",1,207,3484.91112702168,159.102572744547
"E10",1,208,2717.17896455754,137.334705860758
"E10",1,209,2934.67051288963,154.963484203148
"E10",1,210,2368.81814378076,91.283848442569
"E10",1,211,4706.04624937128,190.419238738499
"E10",1,212,3168.4865971798,175.50446614558
"E10",1,213,3742.76264542545,118.478000080876
"E10",1,214,2982.09696853211,110.540610406839
"E10",1,215,4424.77813792906,173.303619326766
"E10",1,216,3174.73892791622,132.426289772875
"E10",1,217,2758.27391068697,96.0113184865378
"E10",1,218,2987.6417402408,141.586987942583
"E10",1,219,3308.19911245048,136.143580089178
"E10",1,220,3062.28324839146,210.830711591801
"E10",1,221,3668.48654284354,133.219646686236
"E10",1,222,4136.01908118975,153.639821017634
"E10",1,223,2267.20061192917,93.157502018783
"E10",1,224,3303.41434669958,206.215535689479
"E10",1,225,3016.38574311194,168.448382685722
"E10",1,226,2743.15945003544,68.4639917548088
"E10",1,227,3078.59288702836,138.777236728858
"E10",1,228,3456.09888730111,224.308554953428
"E10",1,229,3297.95898650838,205.500594362594
"E10",1,230,3094.65412004844,183.563994330388
"E10",1,231,2067.62302993032,183.93295930449
"E10",1,232,3603.79556471839,163.278650553465
"E10",1,233,3635.67237379499,170.928649057211
"E10",1,234,3577.80950376284,103.572953885927
"E10",1,235,3523.43276539797,234.901090452365
"E10",1,236,2860.73740909996,196.84316182573
"E10",1,237,3614.42786491029,127.587750311962
"E10",1,238,5373.04199411792,144.34732778121
"E10",1,239,2888.23892955436,166.35217237831
"E10",1,240,3688.21102208547,131.113512643493
"E10",1,241,3099.24796394305,60.5967482039735
"E10",1,242,3023.51682508975,142.489415358191
"E10",1,243,3451.61898055472,176.284921688903
"E10",1,244,3954.57472232262,128.337803207276
"E10",1,245,3212.1266777421,101.90927016883
"E10",1,246,2402.31503339449,177.054298090485
"E10",1,247,2512.08544520079,234.645236178483
"E10",1,248,3091.11310073734,68.5978250014056
"E10",1,249,2065.85749435969,134.041462754835
"E10",1,250,4487.96546053204,52.1030265112246
"E10",1,251,4569.15585058647,180.891153857717
"E10",1,252,3684.24408168963,52.4093653063644
"E10",1,253,2812.83099345882,185.295352056513
"E10",1,254,2345.98352726074,181.274604633858
"E10",1,255,4477.94374911384,154.605778843827
"E10",1,256,3376.62504655785,208.259944495747
"E10",1,257,3161.28218921876,220.014163709465
"E10",1,258,3109.50274403733,190.009943180375
"E10",1,259,2305.44846970216,204.194635662997
"E10",1,260,2494.5868963474,119.181284455258
"E10",1,261,2444.55260379385,214.909707066847
"E10",1,262,2278.91523344917,110.315854073866
"E10",1,263,3506.03371272391,207.178719420066
"E10",1,264,3798.42818613415,155.613204905869
"E10",1,265,2188.24079879438,234.261068335172
"E10",1,266,2471.83737326148,188.917418313948
"E10",1,267,2658.72714332667,161.275076371129
"E10",1,268,2711.88215284918,181.961967895575
"E10",1,269,3245.55428716671,218.965781882342
"E10",1,270,2625.65853869872,95.81688312592
"E10",1,271,3596.06357419347,247.436118238203
"E10",1,272,2683.89179063238,142.883592918579
"E10",1,273,3102.92218349338,182.4285611581
"E10",1,274,3780.06647644919,68.6832218102883
"E10",1,275,3783.92617772852,146.5584593424
"E10",1,276,2637.18316314423,145.725940883784
"E10",1,277,3491.37920752154,211.158298512705
"E10",1,278,2014.13007842313,136.034561508372
"E10",1,279,3395.79319041237,208.95316942277
"E10",1,280,3174.08838166996,201.816830373589
"E10",1,281,3444.47924394526,106.725502900288
"E10",1,282,3170.58833894526,249.680960411634
"E10",1,283,1597.35264241393,82.9792474461109
"E10",1,284,3516.25734353606,79.7708651753982
"E10",1,285,2260.34913723178,283.256299645058
"E10",1,286,3078.83138945851,105.487779278485
"E10",1,287,2720.7914411928,141.386234741198
"E10",1,288,3385.56269145622,130.416424088701
"E10",1,289,3740.17995409607,146.593009504885
"E10",1,290,2699.6817669663,144.878785513451
"E10",1,291,2850.69245845495,197.781170638354
"E10",1,292,2318.40128976011,161.686113688952
"E10",1,293,1814.79428941137,159.384514077283
"E10",1,294,2304.06096945124,155.189947234045
"E10",1,295,2820.69036477656,160.01695144215
"E10",1,296,2891.70585381393,154.49260207262
"E10",1,297,3798.43748332166,192.884971032786
"E10",1,298,2927.16202526805,155.744844713148
"E10",1,299,2489.30422226991,194.91996546066
"E10",1,300,2924.1341143156,158.472904135405
"E10",1,301,3102.69046749411,201.490407505369
"E10",1,302,3405.80683282489,195.45023421722
"E10",1,303,3855.05005583259,111.974358357246
"E10",1,304,3933.70058654699,102.894023295075
"E10",1,305,3717.96658049631,83.4088992605971
"E10",1,306,1530.35259914709,101.4627323012
"E10",1,307,2192.54616576497,15
"E10",1,308,3151.68520153212,243.915132073909
"E10",1,309,2616.92688892857,210.887009363225
"E10",1,310,2372.19053297485,117.625514381569
"E10",1,311,2664.74466156144,133.640371470805
"E10",1,312,3656.63556423896,253.55194099146
"E10",1,313,3562.30408808398,80.5392681822159
"E10",1,314,4078.28486061511,158.901312125416
"E10",1,315,3189.34071700933,90.9110758604478
"E10",1,316,2220.20654952722,181.735128707342
"E10",1,317,4385.94927780311,236.887483814398
"E10",1,318,2630.97993971951,195.926935883213
"E10",1,319,3306.58677058194,182.421029228029
"E10",1,320,3185.547903397,118.834481294904
"E10",1,321,3453.41709927066,230.790218630377
"E10",1,322,2367.46199859596,167.468515722064
"E10",1,323,2071.11834309004,219.456151842352
"E10",1,324,3631.40319210333,192.653764369533
"E10",1,325,2881.60881413336,141.246555481524
"E10",1,326,1794.82616137205,184.127828274953
"E10",1,327,2238.31705653224,160.811998456254
"E10",1,328,3585.40050353655,191.126809975976
"E10",1,329,3169.9348483793,56.8871251802803
"E10",1,330,2514.89476334612,139.772793778509
"E10",1,331,3661.28977651411,92.3915082002211
"E10",1,332,3355.14484554459,178.699908674726
"E10",1,333,3213.58447839211,106.07423223906
"E10",1,334,4206.95646257503,101.092757930632
"E10",1,335,2726.39803858326,137.123829336364
"E10",1,336,3318.32033775309,125.923801016366
"E10",1,337,4346.68748627188,134.235668455117
"E10",1,338,3058.31310180018,174.920701488143
"E10",1,339,4695.92005074313,156.880755270679
"E10",1,340,3349.71581469636,171.778482110528
"E10",1,341,3397.2247536819,99.5511845565482
"E10",1,342,4359.09214549725,176.189089921297
"E10",1,343,3226.42522533181,124.759134006031
"E10",1,344,2409.18224005865,154.584854453704
"E10",1,345,1968.03118327776,107.415933426917
"E10",1,346,2835.67866796882,175.991015348234
"E10",1,347,2595.09850868449,186.271393109778
"E10",1,348,2662.98210059859,165.905751811687
"E10",1,349,4068.28994738423,165.425858009214
"E10",1,350,3990.23211577692,218.061676966488
"E10",1,351,3467.95467610294,187.204816575116
"E10",1,352,3433.24328340504,203.733299961707
"E10",1,353,2156.11147856618,141.295479901382
"E10",1,354,4366.44362778245,148.455516826359
"E10",1,355,3293.97231741514,197.021226528203
"E10",1,356,2324.52657696271,167.891644138351
"E10",1,357,4241.82029297347,179.277904213238
"E10",1,358,4399.46720637515,264.837696316188
"E10",1,359,4173.86592761372,208.378041657916
"E10",1,360,3546.80377347248,193.90746763607
"E10",1,361,2445.39930106954,272.351266093194
"E10",1,362,2162.6618888578,115.30901363574
"E10",1,363,4363.58597473684,200.151597636523
"E10",1,364,3494.46125911369,132.254378495651
"E10",1,365,2936.5739620816,177.391875781101
"E10",1,366,2677.1111750549,86.3957599044669
"E10",1,367,3963.58435254077,104.90555751594
"E10",1,368,2510.75471564248,213.216986173805
"E10",1,369,3973.27920464456,86.9487486817148
"E10",1,370,4013.72312016512,95.9817731279226
"E10",1,371,3043.24881667234,179.064961903021
"E10",1,372,3564.23700218339,132.792800128525
"E11",1,1,2748.4713474862,180.533351920889
"E11",1,2,3345.46137143958,138.03368390953
"E11",1,3,2114.99111458765,127.701130639841
"E11",1,4,3391.44008497064,83.6081062023484
"E11",1,5,2788.55535130982,221.371402185206
"E11",1,6,2303.64110311557,56.78507738775
"E11",1,7,3043.42585846449,147.747679184602
"E11",1,8,3721.23841101511,142.133804510734
"E11",1,9,4161.75069447015,178.871683186881
"E11",1,10,3076.0305486733,117.288791951738
"E11",1,11,4236.03920787647,140.125655432475
"E11",1,12,4040.01253268878,220.20933074647
"E11",1,13,2866.21024953649,125.372093314195
"E11",1,14,2183.86081833591,66.7857867827413
"E11",1,15,2280.84678281044,234.446864844064
"E11",1,16,4044.46988635148,182.066351268492
"E11",1,17,3669.23440051101,131.917424587957
"E11",1,18,2685.68926443435,112.322445925453
"E11",1,19,1882.85431706916,35.2678734960236
"E11",1,20,2566.62761423493,207.396692686614
"E11",1,21,3486.25005090159,133.855964837057
"E11",1,22,3312.33280087094,53.8068954020085
"E11",1,23,2513.45330522782,172.585724604093
"E11",1,24,3542.38213189144,186.434946331521
"E11",1,25,2458.6106844184,162.316028796841
"E11",1,26,3585.01779767569,178.38163990319
"E11",1,27,2544.22418390338,157.835755299991
"E11",1,28,3082.75868065307,215.920396625891
"E11",1,29,4393.15611029657,178.635297581535
"E11",1,30,2924.37659264886,199.85860254822
"E11",1,31,2725.77656059973,137.80942509145
"E11",1,32,4110.85404357648,130.346275635174
"E11",1,33,2270.12502635326,209.340802393129
"E11",1,34,3299.09544461934,169.641131654769
"E11",1,35,4930.01421025957,150.340586002289
"E11",1,36,3834.62332355399,179.952530818848
"E11",1,37,2646.77591915022,131.22819132522
"E11",1,38,3668.23089159502,229.904049299322
"E11",1,39,4086.66907772221,94.0560246395853
"E11",1,40,3014.4727599017,166.282579694959
"E11",1,41,3401.1317979242,172.870920854033
"E11",1,42,2350.42232911076,202.603605802384
"E11",1,43,3987.92581671015,205.73181898112
"E11",1,44,4116.34354350918,152.638080483464
"E11",1,45,2114.16038484651,102.800747430093
"E11",1,46,2268.24594840044,179.705777066905
"E11",1,47,2945.55625393422,203.669379595689
"E11",1,48,2467.81983743767,176.234896388153
"E11",1,49,2694.19832392058,121.074606910739
"E11",1,50,2207.58245577045,162.809751367004
"E11",1,51,2552.47755534572,79.4443963270301
"E11",1,52,4401.11783103827,160.460784251467
"E11",1,53,1684.09360458441,156.567072331631
"E11",1,54,1466.42687965393,196.90494636152
"E11",1,55,3464.7883000634,127.096012106217
"E11",1,56,3633.87088391508,37.7142338496271
"E11",1,57,2250.56978097086,174.654237076483
"E11",1,58,4161.39415787164,111.262880337628
"E11",1,59,2948.61208786712,183.16504877362
"E11",1,60,1816.14334249701,120.545042252153
"E11",1,61,2670.16705593208,106.644031807321
"E11",1,62,2023.87464996016,147.625597757969
"E11",1,63,1904.79832448003,78.4711510621919
"E11",1,64,3328.06829409491,125.652452752971
"E11",1,65,3774.40596615422,155.631291224864
"E11",1,66,2183.44403988753,122.315770659043
"E11",1,67,3216.75548336685,175.033431658438
"E11",1,68,3105.07166166425,151.596682420682
"E11",1,69,4282.08478702737,131.665366614456
"E11",1,70,2420.55036913973,214.894842921862
"E11",1,71,2369.94313287248,137.008979930476
"E11",1,72,2169.06752298599,148.623788599512
"E11",1,73,3625.79074444053,182.472376895773
"E11",1,74,3544.29746767953,216.605315483746
"E11",1,75,2710.29065293945,77.3174096177688
"E11",1,76,2714.49576667312,104.929355174726
"E11",1,77,2347.82793534532,114.042195111665
"E11",1,78,3403.82655167031,175.264465279894
"E11",1,79,4371.29545569556,154.163884412665
"E11",1,80,2862.31362219099,216.833539610595
"E11",1,81,3916.2222183943,100.192165301731
"E11",1,82,2906.90421917644,154.864290488899
"E11",1,83,3570.41014043537,175.562275553141
"E11",1,84,4461.42556396426,58.2875158229975
"E11",1,85,2855.72663693629,127.987809868318
"E11",1,86,4059.92210260716,251.336544578554
"E11",1,87,2239.31311838842,146.689721247634
"E11",1,88,3673.29429206695,138.710909162152
"E11",1,89,2715.20387886329,209.428238692653
"E11",1,90,3049.26013781779,200.503725942076
"E11",1,91,3183.4172881953,199.127875007097
"E11",1,92,3392.95509506343,168.806799427664
"E11",1,93,3880.95034996023,145.011481159629
"E11",1,94,2688.34078966677,190.449799961674
"E11",1,95,3572.7857482748,179.733008694609
"E11",1,96,4162.32747335558,188.122358079587
"E11",1,97,3255.53059246621,225.823588944415
"E11",1,98,1823.00316619752,135.146520166292
"E11",1,99,1954.48580524853,74.8719454019364
"E11",1,100,2206.88385502014,50.2547861415055
"E11",1,101,3456.09659894459,233.895991239538
"E11",1,102,1656.69806830912,144.244812286729
"E11",1,103,3814.97355052919,115.918559759655
"E11",1,104,3403.20108683521,104.653440766916
"E11",1,105,4099.13617863125,113.46625547803
"E11",1,106,3646.85776693223,153.009565477676
"E11",1,107,3146.3102554796,134.686947220708
"E11",1,108,2643.09872502023,108.732639953973
"E11",1,109,3132.61941009092,149.406585570095
"E11",1,110,1572.38259035173,191.333402370533
"E11",1,111,4255.69901813818,81.1684854567796
"E11",1,112,3575.52418519946,284.318885243166
"E11",1,113,4268.12497436516,156.097756828959
"E11",1,114,4555.06811998924,203.493112761112
"E11",1,115,2409.31989134968,161.042925458314
"E11",1,116,3959.75049756399,209.936994692075
"E11",1,117,4413.82351471814,214.100316861211
"E11",1,118,2996.30003439565,258.596598856117
"E11",1,119,2877.16373761634,117.832297755271
"E11",1,120,4211.62808364531,266.483426884597
"E11",1,121,3763.38417246548,160.102051916579
"E11",1,122,3255.92290311274,142.269778660428
"E11",1,123,2955.73180087193,15
"E11",1,124,2848.00137889408,60.8112787983003
"E11",1,125,2428.71261762412,145.65710426261
"E11",1,126,3721.44763798018,186.29713132047
"E11",1,127,3101.96001958014,131.372294177826
"E11",1,128,2455.47414999989,143.78418611664
"E11",1,129,3955.12975196648,109.358378158606
"E11",1,130,3063.82601663114,249.392650199945
"E11",1,131,2582.13453324016,106.182839489163
"E11",1,132,3085.09504685056,183.591541151778
"E11",1,133,3942.45271250444,169.116065783458
"E11",1,134,3449.78930626786,163.812761831508
"E11",1,135,2701.45382708902,179.397465423495
"E11",1,136,3580.96408940047,138.340692677891
"E11",1,137,3647.30623300972,173.684253794772
"E11",1,138,3347.59069268688,231.934421118865
"E11",1,139,3767.69074501742,147.179622943458
"E11",1,140,3452.01895324596,223.011619617775
"E11",1,141,3118.10603499771,136.910104070712
"E11",1,142,2546.65516171343,153.358680106503
"E11",1,143,2963.44016296262,161.723517108963
"E11",1,144,3277.39485323316,140.241507031058
"E11",1,145,2378.89175282469,144.550042280842
"E11",1,146,4392.65479307337,175.379939636624
"E11",1,147,3562.22723302222,65.8021295682187
"E11",1,148,1563.67933312041,251.324203814843
"E11",1,149,2694.89057321224,151.101749833172
"E11",1,150,2861.14983536695,178.207270387483
"E11",1,151,3217.1341946217,179.364909881119
"E11",1,152,3843.85976931296,201.445942552561
"E11",1,153,1133.56691229432,89.8550973793877
"E11",1,154,3226.30946885053,164.173302933483
"E11",1,155,3446.39132945814,190.297776583736
"E11",1,156,2741.33314164443,185.052470585902
"E11",1,157,2883.9189509875,165.048156663516
"E11",1,158,4597.67104810207,104.95681399065
"E11",1,159,2552.89755929347,145.895113290521
"E11",1,160,2878.04353723926,39.4360526582353
"E11",1,161,2628.47039432333,159.896224731854
"E11",1,162,1766.17677589119,185.40123158925
"E11",1,163,1419.57359451093,133.671591887562
"E11",1,164,2298.3912498347,232.101842695321
"E11",1,165,4895.63367124507,125.628619194425
"E11",1,166,2855.44574091818,158.940615579223
"E11",1,167,3065.6045887328,220.697836390936
"E11",1,168,3676.13467263293,165.008565588203
"E11",1,169,3901.03329324092,50.1830880664638
"E11",1,170,3518.53721114601,160.975719280272
"E11",1,171,2261.07953085795,167.742830832197
"E11",1,172,3112.28608513614,138.459478829016
"E11",1,173,4591.08697724971,170.61972460865
"E11",1,174,3370.87494480321,212.925306232035
"E11",1,175,4478.63006874451,165.332804232403
"E11",1,176,3221.90070527987,112.352594555786
"E11",1,177,2656.3643760553,230.115667236675
"E11",1,178,3272.71473323189,258.957303954867
"E11",1,179,3239.68029003383,205.073288885405
"E11",1,180,3457.16626124477,187.165245699023
"E11",1,181,4605.87859989256,148.479950409713
"E11",1,182,2160.50787529307,97.508959542855
"E11",1,183,4286.92976399401,167.092135733039
"E11",1,184,3117.46159147652,98.3955402845594
"E11",1,185,4053.24822513951,191.282073624207
"E11",1,186,3580.29283486628,207.64916686093
"E11",1,187,2537.34675237972,202.224757754424
"E11",1,188,2769.75856400446,193.425480995674
"E11",1,189,3591.07173678188,167.822881599313
"E11",1,190,4420.76556619849,190.177060666012
"E11",1,191,2524.36127091295,240.717599096493
"E11",1,192,3942.84326043225,162.440770090291
"E11",1,193,3770.68422933055,248.980271826244
"E11",1,194,3663.67220240377,147.350437150862
"E11",1,195,3750.0191465339,246.304813087605
"E11",1,196,3376.49301602701,167.861326791471
"E11",1,197,4068.43975360806,196.826451888116
"E11",1,198,3642.36819826738,137.822334458426
"E11",1,199,3856.45626753921,110.564675499112
"E11",1,200,2273.34137666852,139.066446429222
"E11",1,201,2799.50352885083,177.51313421646
"E11",1,202,2435.96442158976,133.514550813273
"E11",1,203,3749.40370920313,228.781756087624
"E11",1,204,3136.12376064105,212.849351555241
"E11",1,205,4352.78324843681,190.35581104901
"E11",1,206,2731.78954004263,138.518935908244
"E11",1,207,3416.1548425595,176.962179000328
"E11",1,208,2899.46144722594,149.972531896144
"E11",1,209,3640.69799230935,242.799680319739
"E11",1,210,3394.15378388216,125.210334753858
"E11",1,211,2572.96149571929,170.490848457761
"E11",1,212,3840.91977819545,127.934619446582
"E11",1,213,2609.35107121016,184.40657141439
"E11",1,214,3807.00897512944,305.997052170481
"E11",1,215,3935.62869769771,172.703957095444
"E11",1,216,4048.32632734118,169.636712686476
"E11",1,217,3343.31418258619,181.769581083559
"E11",1,218,4028.31504566113,155.264038320317
"E11",1,219,2866.87649036582,239.181688818476
"E11",1,220,3336.26131210893,155.461965327975
"E11",1,221,4015.92375879165,152.736849127384
"E11",1,222,3025.79641962091,182.802538343592
"E11",1,223,3888.8385991113,163.177116890951
"E11",1,224,4582.97212642705,140.703288028274
"E11",1,225,3011.96530778775,110.719159490677
"E11",1,226,3228.8565475675,215.287014607409
"E11",1,227,3909.93049141657,186.795417182431
"E11",1,228,2894.93632112898,123.506673433509
"E11",1,229,3181.58005434261,184.440679821232
"E11",1,230,3334.5966648378,123.943315111313
"E11",1,231,3739.90347366802,189.973509080715
"E11",1,232,3216.84111777136,142.683988126125
"E11",1,233,3113.7854965527,146.031875851215
"E11",1,234,1876.9054812173,176.275907898263
"E11",1,235,2796.54649041177,114.051874330708
"E11",1,236,3943.24204778078,215.574152321002
"E11",1,237,3396.25993808594,182.323502706886
"E11",1,238,3352.13452950367,138.216895731804
"E11",1,239,3142.31797846388,256.118316424717
"E11",1,240,1410.09336330906,110.989182344343
"E11",1,241,2789.84075593568,253.395114134238
"E11",1,242,2818.4914695961,197.73870420434
"E11",1,243,3343.89226630164,132.445008731033
"E11",1,244,4260.46634117928,158.062362399117
"E11",1,245,1798.23537482695,130.773547570836
"E11",1,246,3658.38863335747,224.463384352093
"E11",1,247,2622.19513743889,175.052669410822
"E11",1,248,2811.12550923223,187.693741489685
"E11",1,249,3838.65011555704,263.181345912644
"E11",1,250,3278.92432330371,41.9616365050363
"E11",1,251,2805.91895531406,125.334473279922
"E11",1,252,2278.53662430082,192.354608066295
"E11",1,253,3844.14115966884,103.163119528758
"E11",1,254,2544.83990080392,257.091209180107
"E11",1,255,3071.68302768634,188.470771406474
"E11",1,256,3189.07183729427,235.063797319692
"E11",1,257,3893.6768547555,178.207886817811
"E11",1,258,2686.68837868321,106.497655808157
"E11",1,259,2736.14998359983,182.959072105945
"E11",1,260,4150.95489914007,98.5094533575229
"E11",1,261,2207.84030441127,229.549695569738
"E11",1,262,4316.21073338358,225.791067757645
"E11",1,263,2487.99669716254,241.084008335429
"E11",1,264,3797.12497593915,186.879368198654
"E11",1,265,2935.39877591459,191.67671038361
"E11",1,266,3236.35005302151,97.5231853353486
"E11",1,267,3434.31454448335,173.223588348485
"E11",1,268,4200.00089834853,217.983927959382
"E11",1,269,3455.10182961136,88.7382102733464
"E11",1,270,3582.76284798699,184.411222103052
"E11",1,271,3988.6709187494,65.8228247654387
"E11",1,272,3577.31819458496,236.130233165052
"E11",1,273,4145.57385934985,123.535424323158
"E11",1,274,3139.01157886248,187.431196271902
"E11",1,275,2301.83152731977,120.807886855558
"E11",1,276,3386.34861543642,159.578445798065
"E11",1,277,4438.04737837259,77.7790708848103
"E11",1,278,3510.03337825001,30.2610368230627
"E11",1,279,3096.98627544931,206.895130564837
"E11",1,280,3699.52588408163,183.443490078985
"E11",1,281,2640.72523184168,217.937085824172
"E11",1,282,2223.10311145356,210.311348808538
"E11",1,283,3772.05919325246,142.962377021518
"E11",1,284,3496.51152993065,130.15629219499
"E11",1,285,2932.39415263086,204.046905072578
"E11",1,286,2738.48324394172,213.189541488033
"E11",1,287,3640.00360587479,184.923877612798
"E11",1,288,3003.25933734874,164.281753499047
"E11",1,289,2313.15437942818,130.78203319799
"E11",1,290,2157.02130667731,205.195451591476
"E11",1,291,3691.55878137736,200.806736279672
"E11",1,292,2158.34766471354,185.107280773074
"E11",1,293,3085.7716480378,288.626494922999
"E11",1,294,4092.46725560322,95.2103471650138
"E11",1,295,2380.78059303278,134.849604364497
"E11",1,296,4537.91370551654,172.167714018076
"E11",1,297,3375.92952399187,100.850895812538
"E11",1,298,3076.64580310847,128.395857862201
"E11",1,299,3360.46236306395,93.8167827129345
"E11",1,300,3120.68800235436,244.722051025122
"E11",1,301,3681.38046208847,130.269989188954
"E11",1,302,3144.39544527872,180.934440888967
"E11",1,303,4088.17665666045,263.058624161338
"E11",1,304,3198.32077036375,185.717221508797
"E11",1,305,2525.41805469725,126.430030655176
"E11",1,306,3513.60435685144,194.789302211442
"E11",1,307,4222.34413122556,161.454631392186
"E11",1,308,3642.29305645823,135.519417100518
"E11",1,309,4147.10067327423,67.3395675346138
"E11",1,310,2605.52767489106,260.252075456112
"E11",1,311,3283.2923648666,126.071103927736
"E11",1,312,3609.43232493,156.180132529851
"E11",1,313,3819.3682649445,151.800025632901
"E11",1,314,3701.15089196787,129.092029586139
"E11",1,315,3382.15598876869,219.365826141115
"E11",1,316,2708.26061131447,173.050543445794
"E11",1,317,3135.77129945055,95.9743935863561
"E11",1,318,3319.68744831724,167.325723406229
"E11",1,319,3807.82823590893,310.722559655877
"E11",1,320,1704.44752955165,167.403488617321
"E11",1,321,2345.59353685145,192.103036753135
"E11",1,322,3761.25718765013,214.541662285297
"E11",1,323,2768.11721235682,131.869679471132
"E11",1,324,2397.82181826342,213.226711609837
"E11",1,325,2337.38985640675,258.126794924724
"E11",1,326,2431.29325350529,172.314203976707
"E11",1,327,2459.38900422538,220.299802885995
"E11",1,328,2159.80991261255,148.330554829237
"E11",1,329,3238.92084006884,202.111832974874
"E11",1,330,2846.21906607,81.8305036579316
"E11",1,331,2337.79141885862,115.183510974399
"E11",1,332,2914.64152132527,181.306601921763
"E11",1,333,3413.28770787421,189.233997266087
"E11",1,334,2302.06122997575,232.182227235946
"E11",1,335,2655.73380793369,180.916321954082
"E11",1,336,2805.05145672586,233.605902523799
"E11",1,337,2628.68331523233,247.141713566199
"E11",1,338,2276.33882114698,231.980686884978
"E11",1,339,3556.91748338214,218.486002672103
"E11",1,340,3962.93961766033,197.968585525642
"E11",1,341,2279.59330782726,65.8669318316563
"E11",1,342,2770.26814366582,152.223702485955
"E11",1,343,2770.95307429764,119.858657787854
"E11",1,344,3534.6781916802,254.625223863346
"E11",1,345,3035.00768332152,177.60062818673
"E11",1,346,2975.4973446849,144.873350599789
"E11",1,347,1588.90905755699,132.383008283645
"E11",1,348,2781.58453520619,137.481037242531
"E11",1,349,2204.83974992115,206.615700893124
"E11",1,350,3414.99822340843,123.057873720288
"E11",1,351,3169.7421372429,241.451514860542
"E11",1,352,2751.15675875943,89.9718127405289
"E11",1,353,3796.03785241299,162.719213056334
"E11",1,354,1206.4892652054,44.3863186609716
"E11",1,355,2874.26349769637,175.400972828999
"E11",1,356,3696.63329937969,86.8575785127673
"E11",1,357,3137.21543854523,124.781608384819
"E11",1,358,3538.27369124192,61.7940064305785
"E11",1,359,3892.01898037604,192.181991102975
"E11",1,360,3731.40893828913,142.292353564679
"E11",1,361,3634.71618246044,170.801403301273
"E11",1,362,3672.03716645434,119.584874394842
"E11",1,363,1695.1469058802,101.418309469293
"E11",1,364,3264.23152920634,85.7089504307459
"E11",1,365,3413.08030292408,121.095127045383
"E11",1,366,3148.16787440263,146.083002105597
"E11",1,367,1809.48728582262,35.8231803471314
"E11",1,368,2475.03818449355,105.350908897502
"E11",1,369,2583.3289853272,83.9218536234516
"E11",1,370,3930.34579695402,137.29089474674
"E11",1,371,3051.75482506631,69.4152798568251
"E11",1,372,3793.62238379184,145.868621510858
"E11",1,373,3341.74191595321,242.123332156458
"E11",1,374,2521.01766622642,142.98054427721
"E11",1,375,2992.49396328041,186.3132198831
"E11",1,376,3419.81903403338,158.27367005212
"E11",1,377,2499.15225893499,150.887276337188
"E11",1,378,3547.1816212457,72.8788053594544
"E11",1,379,4004.42427631079,223.866578230929
"E11",1,380,4289.28660504959,253.835002660941
"E11",1,381,4700.91814419302,208.117968796398
"E12",1,1,2531.88437931056,256.237599640212
"E12",1,2,2730.0124156017,172.739206551775
"E12",1,3,2726.52502803139,136.498831779057
"E12",1,4,2963.6319278869,74.4145518083244
"E12",1,5,3537.59552769535,103.654307681018
"E12",1,6,3412.23568835532,218.187370394013
"E12",1,7,3596.07366092709,133.544217310359
"E12",1,8,3439.38001896726,114.317433910569
"E12",1,9,1918.53870738228,122.142547383972
"E12",1,10,3001.78508048364,98.4919177561816
"E12",1,11,3113.66648705445,179.356455603593
"E12",1,12,3703.85068044014,289.59078670312
"E12",1,13,3594.87898095926,38.9009068559286
"E12",1,14,2559.60016411936,219.374999409858
"E12",1,15,2311.43635714784,142.865613809575
"E12",1,16,2961.59807605766,177.955638913095
"E12",1,17,4176.74031153565,116.443186714378
"E12",1,18,3269.39971838081,265.119113165236
"E12",1,19,2929.26658102492,178.80782082476
"E12",1,20,4963.66683341679,120.270541198216
"E12",1,21,2492.98285273611,222.34815625501
"E12",1,22,3379.23000414407,167.387975098745
"E12",1,23,3150.434578525,150.484201664227
"E12",1,24,2569.09088208769,70.9836252502258
"E12",1,25,2793.6690872628,182.353112364773
"E12",1,26,4093.68207982024,179.398135482076
"E12",1,27,3524.02246519901,206.837386489498
"E12",1,28,4068.2441952287,118.886920735011
"E12",1,29,3241.01491257947,197.006945634932
"E12",1,30,4537.38919044579,87.2094523744745
"E12",1,31,2943.72071902156,171.11854779317
"E12",1,32,3373.88089296661,150.358442446397
"E12",1,33,3695.64125285934,240.165668291137
"E12",1,34,2601.66055579399,117.924493600661
"E12",1,35,2602.28187864671,356.070503294787
"E12",1,36,4488.90116689221,196.551382359943
"E12",1,37,4078.27534916743,227.240064593958
"E12",1,38,4584.55369712254,127.618657273127
"E12",1,39,3836.98260284011,135.368422475649
"E12",1,40,3233.3848759735,143.367145909581
"E12",1,41,3312.71158984485,257.10689025228
"E12",1,42,2941.72464258942,134.198870275417
"E12",1,43,2918.77233800096,42.3218165044715
"E12",1,44,3584.34423913907,136.298003851792
"E12",1,45,2694.05210334108,110.503874453684
"E12",1,46,3274.25128572763,244.201527644427
"E12",1,47,4919.14342092581,212.030650890795
"E12",1,48,2295.91137099021,155.820483281359
"E12",1,49,3565.26495332189,174.377154240573
"E12",1,50,3131.22393734612,33.9381900029078
"E12",1,51,4068.61162878008,132.89688739051
"E12",1,52,2767.24996165994,189.784827423025
"E12",1,53,2399.08272897317,135.643404985739
"E12",1,54,2638.15869428924,194.972925085367
"E12",1,55,3733.04253547043,143.855455143485
"E12",1,56,4477.39018366411,162.64598461002
"E12",1,57,2843.31610513358,77.5960687955958
"E12",1,58,2864.64893677759,114.804498031342
"E12",1,59,3098.85965508799,198.21845038762
"E12",1,60,3057.13522164942,203.924673437519
"E12",1,61,2213.31505177174,188.882821465557
"E12",1,62,3461.82631800223,143.522038132978
"E12",1,63,3004.07722978868,197.752919959432
"E12",1,64,2121.02585072591,231.073336077333
"E12",1,65,3989.42118242643,150.289635159757
"E12",1,66,3264.57313435074,166.206875057884
"E12",1,67,2975.58767761823,128.801527053253
"E12",1,68,4322.4426470421,172.02428927285
"E12",1,69,3476.82959535049,119.962468717553
"E12",1,70,2237.00778574818,153.04245788183
"E12",1,71,3813.37670537999,172.184482510572
"E12",1,72,3566.1469767401,91.636102398897
"E12",1,73,3960.93543368892,130.622270785017
"E12",1,74,1602.62386376591,267.066909864805
"E12",1,75,2582.95144506601,103.535889475683
"E12",1,76,2495.75601221807,231.768654638029
"E12",1,77,3307.51536980141,140.885770470179
"E12",1,78,3383.71532338405,164.111718827766
"E12",1,79,2588.6734877591,81.0061720867404
"E12",1,80,3042.64424509024,226.889138160503
"E12",1,81,3484.55242137398,145.777387594956
"E12",1,82,3224.61889641887,246.232286865482
"E12",1,83,3598.92174396099,254.039099730176
"E12",1,84,3798.26206476335,153.59281204536
"E12",1,85,3167.64122855579,52.2306420584746
"E12",1,86,3116.12016520145,212.096580163583
"E12",1,87,2918.33920077093,221.861171278981
"E12",1,88,2803.84118512161,271.608845179232
"E12",1,89,3769.70120033505,278.82225925375
"E12",1,90,3179.91809813867,191.50319014816
"E12",1,91,3044.40485539867,194.208787164811
"E12",1,92,2908.90510163903,289.060198599769
"E12",1,93,4676.21605988827,125.043422263642
"E12",1,94,1938.6690464278,181.600140597548
"E12",1,95,2986.46149708864,129.001481575592
"E12",1,96,2614.1803054074,180.499850163821
"E12",1,97,3670.33765083369,55.7330789342491
"E12",1,98,3126.60434151093,199.126940200126
"E12",1,99,2403.55267350261,195.293422540704
"E12",1,100,3589.59788762681,199.441589238521
"E12",1,101,2704.20465712726,275.687022445692
"E12",1,102,3215.44431263256,198.245470564933
"E12",1,103,4351.76932552355,184.456653829076
"E12",1,104,2618.4792622619,198.113995066227
"E12",1,105,2532.62709538599,180.313227058648
"E12",1,106,3038.70822377867,214.277182210272
"E12",1,107,4252.41916272422,172.921546271387
"E12",1,108,3324.36706141994,159.675580145389
"E12",1,109,1871.00194803168,195.919648862588
"E12",1,110,2344.1645862814,59.1685683374522
"E12",1,111,4568.36429985634,129.349721733738
"E12",1,112,2330.21087688409,193.671570347884
"E12",1,113,1946.24714332982,247.908524092945
"E12",1,114,2220.09076081996,85.2217961871607
"E12",1,115,2771.3075094041,221.316458155607
"E12",1,116,3143.93110097739,207.329643786266
"E12",1,117,3060.60440321471,233.0543907774
"E12",1,118,3168.36411236366,203.221749617697
"E12",1,119,3713.9756504442,100.3811787193
"E12",1,120,2888.62806360405,192.209459785846
"E12",1,121,3373.45772556649,158.341990849526
"E12",1,122,3874.51257997411,144.682459934732
"E12",1,123,2678.58696468641,119.540590357264
"E12",1,124,2969.25071254572,209.192530322793
"E12",1,125,3948.95141794049,153.794847662728
"E12",1,126,1839.50118332019,164.463812318914
"E12",1,127,3377.64603915144,94.9831210001909
"E12",1,128,3793.69754251526,143.454090343314
"E12",1,129,3935.75811566715,270.368600866879
"E12",1,130,3178.57989424703,47.335793261537
"E12",1,131,2841.74475314285,259.666478705925
"E12",1,132,3301.89082745509,126.873714608241
"E12",1,133,3069.56272020402,175.34375474125
"E12",1,134,2982.64252909493,115.134250866664
"E12",1,135,4560.26713286421,158.439313301573
"E12",1,136,2966.90433137778,102.452446408928
"E12",1,137,2144.78684157808,121.494871407815
"E12",1,138,1930.18544909539,61.6761640382948
"E12",1,139,2332.39574877556,250.578978843937
"E12",1,140,1925.14962140048,199.88793227302
"E12",1,141,2911.96602819437,128.548049935898
"E12",1,142,2974.87238190259,147.659470640013
"E12",1,143,4153.41320845264,195.798370101783
"E12",1,144,3131.82583287072,65.49152057945
"E12",1,145,3338.82643696557,192.627311681395
"E12",1,146,3428.77236993884,179.597427064189
"E12",1,147,4068.11962580877,215.339377180182
"E12",1,148,3613.00537799687,115.676205112496
"E12",1,149,4083.64587857178,169.728952371223
"E12",1,150,2568.26497824963,191.495737003841
"E12",1,151,5170.10452364465,218.941529899181
"E12",1,152,3533.21094193526,137.707813936618
"E12",1,153,3561.86230265836,228.968982158469
"E12",1,154,3164.95583274958,219.851387761387
"E12",1,155,3160.01079063378,171.477434813184
"E12",1,156,2554.82985112893,74.0363472936286
"E12",1,157,4078.29600819971,83.9969845819915
"E12",1,158,2285.92605309133,114.090068418607
"E12",1,159,2020.6404772351,178.629069959266
"E12",1,160,3984.93647856781,189.3762056203
"E12",1,161,4411.50576559243,164.285668589106
"E12",1,162,3599.23071944146,214.597133690665
"E12",1,163,4483.20292929198,195.720417475636
"E12",1,164,3283.05495141489,212.695096113416
"E12",1,165,3224.79115589791,201.360127093867
"E12",1,166,2705.49798187171,141.68554202267
"E12",1,167,2716.17625072333,174.453516472726
"E12",1,168,2484.83810832128,135.440529439501
"E12",1,169,5203.60707683072,107.330327439362
"E12",1,170,3719.35156710108,209.112726975157
"E12",1,171,2938.40584016769,118.03926595253
"E12",1,172,3106.01072715736,186.658474510609
"E12",1,173,3715.73433920231,175.680184826419
"E12",1,174,3629.08309569445,116.711878809737
"E12",1,175,3806.70722398214,195.076918868832
"E12",1,176,1821.76205794275,157.796379788104
"E12",1,177,2254.39175413781,162.442373591043
"E12",1,178,3926.56529674752,125.825217390993
"E12",1,179,2325.32089740567,153.342551959095
"E12",1,180,1970.1705136762,179.836888367848
"E12",1,181,4057.81969705165,186.273455346712
"E12",1,182,3766.94463049206,126.225374446559
"E12",1,183,3040.25378858568,123.146126519674
"E12",1,184,2951.35950822093,213.669189951167
"E12",1,185,1885.49398158763,142.93071933517
"E12",1,186,3379.69561944477,167.564350218601
"E12",1,187,3337.16595150572,125.295681820919
"E12",1,188,3086.48424754893,114.30862750086
"E12",1,189,3296.79701604682,181.581161636517
"E12",1,190,3166.16250397754,136.696860176638
"E12",1,191,4361.32067814462,163.607356277171
"E12",1,192,2574.70900359577,209.672518226954
"E12",1,193,2688.4677451405,182.728759995672
"E12",1,194,2656.40634560065,147.22443132451
"E12",1,195,2928.81956961258,137.26506783239
"E12",1,196,2901.36517189866,210.2043988463
"E12",1,197,4397.62941188822,238.087509868433
"E12",1,198,2033.66143681673,179.791244077038
"E12",1,199,2855.7881256021,65.0808116953971
"E12",1,200,1313.08090044039,247.142093280223
"E12",1,201,3996.68968537605,105.262796256361
"E12",1,202,3281.75788959245,168.787476198722
"E12",1,203,2756.5555405953,263.097804842476
"E12",1,204,3468.92918059736,159.858428025999
"E12",1,205,2707.7004847863,197.354337698506
"E12",1,206,3283.74922656711,83.2992646325192
"E12",1,207,2409.46868748398,186.528067466722
"E12",1,208,4142.6378970562,153.677170878017
"E12",1,209,2946.57183507866,40.8877302174787
"E12",1,210,3074.92597249641,172.431189972371
"E12",1,211,3612.36418701417,88.5592493364795
"E12",1,212,2253.61459364382,152.372662479703
"E12",1,213,2378.48989726508,205.50621203969
"E12",1,214,4682.74862482105,218.148611013397
"E12",1,215,3842.13773829772,156.297257236106
"E12",1,216,2375.59112325577,153.274018766018
"E12",1,217,2972.23649214619,132.431189898149
"E12",1,218,3743.12079370709,125.75384649688
"E12",1,219,2795.95339817082,116.005641100527
"E12",1,220,3297.33737470541,115.746312851587
"E12",1,221,3110.68687118212,72.7112934165672
"E12",1,222,3648.54477827726,141.726839816154
"E12",1,223,4630.94536856597,159.095890595566
"E12",1,224,3172.27777110464,189.742173427305
"E12",1,225,4815.3733432051,164.378141132819
"E12",1,226,1411.5623556585,210.923030798685
"E12",1,227,3233.60627195139,75.6864264946474
"E12",1,228,2700.74823702963,179.594241959336
"E12",1,229,1079.39311802127,142.161270171307
"E12",1,230,3246.22136309694,128.993880172108
"E12",1,231,3572.97040465295,163.843697139873
"E12",1,232,3433.11989319511,144.136587640687
"E12",1,233,3876.67142947761,160.563698064705
"E12",1,234,3367.89538691014,169.812903477002
"E12",1,235,2822.50048827741,138.622902940974
"E12",1,236,3555.30340079644,112.419218660063
"E12",1,237,2300.41589093645,186.776776374715
"E12",1,238,2675.72029763784,189.760586213376
"E12",1,239,2413.29482330736,175.865653282624
"E12",1,240,3149.74440792485,185.721039103033
"E12",1,241,3624.29633326877,172.506520043643
"E12",1,242,1284.20985466866,106.659355886435
"E12",1,243,2736.99035390178,182.837807784606
"E12",1,244,2739.42213597438,240.325562134889
"E12",1,245,1320.00728849859,166.825629816365
"E12",1,246,3738.49180396999,111.40028706227
"E12",1,247,3546.47383184467,106.090795172664
"E12",1,248,3658.62401761337,118.399145271964
"E12",1,249,3501.8117682044,199.430220167756
"E12",1,250,3318.58599331809,138.262648557306
"E12",1,251,2881.3910048484,135.687861393685
"E12",1,252,4536.48113068055,202.900404667522
"E12",1,253,2480.93681312634,147.623514053367
"E12",1,254,2831.14864809866,194.267971382782
"E12",1,255,4119.27052203756,118.296601269369
"E12",1,256,3968.1115152883,135.610180652207
"E12",1,257,3451.337916033,252.937706287149
"E12",1,258,3532.11750178851,95.3277561564269
"E12",1,259,2211.92730754705,205.379313917113
"E12",1,260,3614.33074010679,152.73207404886
"E12",1,261,3345.9926755191,183.526930073291
"E12",1,262,2933.90759750565,246.219754099724
"E12",1,263,2903.84056648055,171.519131052043
"E12",1,264,3799.50805560773,146.447995960401
"E12",1,265,2517.70263707615,119.014942026766
"E12",1,266,3379.52893099401,136.27490826364
"E12",1,267,2216.85751095932,167.53791997042
"E12",1,268,1473.43689936157,154.985050865198
"E12",1,269,3489.39443632297,92.0616787489627
"E12",1,270,3630.45216362579,187.163636996118
"E12",1,271,3088.2066155491,160.418668114051
"E12",1,272,3795.44029320057,159.381450054336
"E12",1,273,3456.66744772334,224.788800645293
"E12",1,274,3273.34682104014,134.44154137299
"E12",1,275,2883.4311476391,197.967276318262
"E12",1,276,2710.6426964228,196.206184757321
"E12",1,277,3868.96375010354,206.002075796993
"E12",1,278,2073.68449528629,204.074255885383
"E12",1,279,2783.43486317085,134.723675432996
"E12",1,280,1928.21003802353,170.86812692589
"E12",1,281,3133.25600797245,171.1387809366
"E12",1,282,3731.65884317433,211.278026750209
"E12",1,283,3471.63585746212,148.70161150288
"E12",1,284,2610.36188276762,118.47421335862
"E12",1,285,3456.47240601601,207.462919766382
"E12",1,286,3733.13891027086,189.643963144929
"E12",1,287,2994.30179662886,170.414359424466
"E12",1,288,3815.49900441002,124.859094618773
"E12",1,289,2944.26923569772,187.545654384429
"E12",1,290,2591.1081160458,124.858650549879
"E12",1,291,3442.38814412033,222.768880783653
"E12",1,292,2241.98854374446,228.825211674629
"E12",1,293,2702.72684885118,206.337937869687
"E12",1,294,2229.17208665144,177.77764042799
"E12",1,295,740.01255337002,163.209649115613
"E12",1,296,3306.15001892475,128.708200427221
"E12",1,297,2173.6840094474,127.637527072803
"E12",1,298,2654.18851047882,155.557247839785
"E12",1,299,3149.0050093981,248.9831912755
"E12",1,300,3585.42849139998,227.619646682743
"E12",1,301,3802.34135664689,236.167033014057
"E12",1,302,3304.84521144876,167.405958429825
"E12",1,303,2982.53959256073,152.478511275858
"E12",1,304,2905.77024280157,151.840736804638
"E12",1,305,3119.96337101563,136.422715774322
"E12",1,306,2737.24814646966,223.777737312406
"E12",1,307,3368.26475504593,139.45652835912
"E12",1,308,3029.46570406331,164.883849029579
"E12",1,309,4150.961295548,180.352708256533
"E12",1,310,2498.59377919534,180.173728919096
"E12",1,311,1913.2559623729,174.676312117908
"E12",1,312,4827.41605144889,124.933236013253
"E12",1,313,2261.62026384268,161.744158412547
"E12",1,314,3308.8660335611,109.947357394575
"E12",1,315,2773.63987256716,143.102631208218
"E12",1,316,4355.63625664095,249.566018117442
"E12",1,317,4104.50054455152,148.522715756869
"E12",1,318,2537.49190262367,116.0116019267
"E12",1,319,2236.72151457863,151.934712068426
"E12",1,320,2208.87488866114,106.836867394672
"E12",1,321,4004.6367361763,207.97806542935
"E12",1,322,1884.75913293656,174.782558639858
"E12",1,323,4063.26855169329,106.11407325443
"E12",1,324,2952.56264813492,171.42197836528
"E12",1,325,2690.21343562954,148.544699499209
"E12",1,326,3300.33464370788,185.417454050706
"E12",1,327,1874.49273979653,172.371231067256
"E12",1,328,2547.80484468326,63.8008800401078
"E12",1,329,3252.30956178256,67.2986400908005
"E12",1,330,2908.96338569329,169.604803382824
"E12",1,331,3447.46830332012,183.955678737763
"E12",1,332,3990.70363441252,64.4059776147942
"E12",1,333,4041.05778418953,115.049252400347
"E12",1,334,2986.66658237792,137.01065994038
"E12",1,335,3763.64534030221,216.444491328862
"E12",1,336,3305.66517394462,256.381057383338
"E12",1,337,3620.89632907723,42.5922202300872
"E12",1,338,3443.23129980346,145.829978461831
"E12",1,339,2743.89023771317,236.400002984061
"E12",1,340,3977.83424892126,175.273029097445
"E12",1,341,2303.28530725607,162.294247523083
"E12",1,342,2722.69821193607,220.25627111109
"E12",1,343,3370.66442609244,165.956095755165
"E12",1,344,4109.38874820088,179.904424203426
"E12",1,345,3217.87408076309,90.6680244576122
"E12",1,346,2972.06306896871,175.458566934014
"E12",1,347,2101.39397015512,232.522380934353
"E12",1,348,3564.70521103326,235.245648887798
"E12",1,349,3479.62680125844,142.798413240401
"E12",1,350,2679.16141089995,127.087852076597
"E12",1,351,1809.55758996768,174.372953139536
"E12",1,352,2682.32440391643,180.622483897739
"E12",1,353,1524.80667631193,166.488060401792
"E12",1,354,4108.90364227251,181.006201060493
"E12",1,355,1916.50626821203,172.046400163638
"E12",1,356,2854.42918768572,161.761734612376
"E12",1,357,4242.55301679622,193.638273069019
"E12",1,358,3986.27442178353,190.851763589818
"E12",1,359,2963.03830605164,189.470012115945
"E12",1,360,2901.03707927076,158.582068463173
"E12",1,361,3623.06025417008,185.287243771252
"E12",1,362,4580.057449661,141.9631750576
"E12",1,363,3787.08614317551,157.030104842029
"E12",1,364,3109.75668961223,167.921402726604
"E12",1,365,2312.28903801321,182.763435980275
"E12",1,366,3856.24336793886,191.605956292812
"E12",1,367,4172.21608162883,202.743443090506
"E12",1,368,3137.77617082638,140.24430783621
"E12",1,369,2401.38176956581,119.12019756651
"E12",1,370,2201.72028712829,158.413600818706
"E12",1,371,1733.6028180242,178.78406658291
"E12",1,372,2592.31691590451,114.235668758647
"E12",1,373,2685.5674478845,223.011841782737
"E12",1,374,2851.59451897408,109.027531318439
"E12",1,375,2544.42547872915,189.903523735581
"E12",1,376,2518.63815098252,81.0669796536985
"E12",1,377,2495.73887527586,105.214486708527
"E12",1,378,4051.64234795489,246.268235741331
"E12",1,379,3442.31418788864,143.637919692828
"E12",1,380,2211.87805671197,138.109650661787
"E12",1,381,3935.59961313919,114.451870084457
"E12",1,382,3315.45034804124,167.760349673896
"E12",1,383,3498.83374538076,138.327540841282
"E12",1,384,3338.08602515334,188.949813697961
"E12",1,385,3743.36405439915,119.347008885479
"E12",1,386,2962.02021346889,128.730396434114
"E12",1,387,3032.17049856261,75.9993562044347
"E12",1,388,3878.56719522251,71.0249491877753
"E12",1,389,4343.40671429217,118.36261897093
"E12",1,390,3193.46025394089,194.327672026585
"E12",1,391,3075.24160453478,204.664091063631
"E12",1,392,3678.3535368644,163.48428410939
"E12",1,393,4175.89105145177,151.538799526472
"E12",1,394,4138.27463988281,239.596301898884
"E12",1,395,3158.54335791105,137.4381487858
"E12",1,396,2082.89712675467,206.844398914706
"E12",1,397,5409.36091068555,165.039605367095
"E12",1,398,3664.51576536938,182.959582778722
"E12",1,399,3376.14878147194,177.003331191607
"E12",1,400,3811.13974045529,243.719692010448
"E12",1,401,3719.62559609916,188.015085994785
"E12",1,402,4454.5549816088,188.734665080267
"E12",1,403,2446.61067969447,187.588892259424
"E12",1,404,2894.83291477499,151.257924582004
"F1",1,1,3511.56263169701,183.663933864985
"F1",1,2,3764.24176228556,193.479693972521
"F1",1,3,3861.62534897958,173.133464917272
"F1",1,4,3279.77376221592,135.525613564701
"F1",1,5,3055.79956784192,74.5110668849935
"F1",1,6,3304.03272071096,145.460084411661
"F1",1,7,2895.16914188023,218.72387790292
"F1",1,8,1663.98291807317,224.773566331811
"F1",1,9,3283.07224025168,206.584181239952
"F1",1,10,2489.47383027304,199.091334659016
"F1",1,11,4355.83296291384,166.026719534201
"F1",1,12,4346.33170410391,236.09154380849
"F1",1,13,3866.57858570053,113.853605376195
"F1",1,14,2988.60326858179,209.410453003874
"F1",1,15,2677.69357340979,93.1760061158061
"F1",1,16,3160.78237929759,277.902822812149
"F1",1,17,2774.86953834398,129.541326604335
"F1",1,18,2901.49247888469,122.757707652287
"F1",1,19,3517.89681852605,193.970889083646
"F1",1,20,4457.67323956643,238.955670525009
"F1",1,21,2921.58049561801,97.3225069045183
"F1",1,22,1999.91149980821,203.626399231488
"F1",1,23,2995.95212351171,205.445124734861
"F1",1,24,3055.11478806177,146.251728576659
"F1",1,25,2659.72969351547,167.634336071585
"F1",1,26,4122.69623952434,200.558441968279
"F1",1,27,3598.05761744969,101.05268350255
"F1",1,28,2016.21892993993,61.0537643581661
"F1",1,29,4099.90874681084,167.444282559199
"F1",1,30,2411.43568525297,153.206647168221
"F1",1,31,2755.32828774749,183.657547686703
"F1",1,32,4322.30251073165,96.3715561891115
"F1",1,33,3136.4191755584,60.2296636794326
"F1",1,34,2609.43265416326,143.346228781714
"F1",1,35,1763.45942229528,154.378195532423
"F1",1,36,3171.57719985141,183.394824110396
"F1",1,37,2440.32282861801,112.266303259694
"F1",1,38,3478.30436846091,131.820332032297
"F1",1,39,2892.90131791765,136.084796479958
"F1",1,40,3003.95677783112,259.282888924945
"F1",1,41,3202.00835329706,207.320988998191
"F1",1,42,2170.97220066264,223.306518407432
"F1",1,43,3382.9839707231,123.657120784687
"F1",1,44,3260.27193639334,194.668925396447
"F1",1,45,2607.68917021913,104.25517772384
"F1",1,46,3155.99578036581,172.993962750572
"F1",1,47,3426.82199949552,175.428874457955
"F1",1,48,2942.01728730606,227.496565832687
"F1",1,49,1979.2854842632,244.243838440113
"F1",1,50,4346.7284365257,147.040913948215
"F1",1,51,2616.15264232751,226.472134337361
"F1",1,52,3985.13002820333,187.382684131325
"F1",1,53,4557.89481707998,203.036506930513
"F1",1,54,2577.83977772276,126.947664426559
"F1",1,55,3487.01113093756,190.512804979948
"F1",1,56,4097.7083953377,88.4903002344293
"F1",1,57,4223.38887950255,82.8232263448728
"F1",1,58,2862.60254249823,218.18027392962
"F1",1,59,3856.08172583792,187.448936556034
"F1",1,60,2417.15429165183,162.59995634707
"F1",1,61,1740.37589456519,200.231659647453
"F1",1,62,2854.54273275262,180.177571838338
"F1",1,63,2303.95138110066,158.135920791929
"F1",1,64,2614.141823702,227.285523322831
"F1",1,65,3079.66505227972,172.179292329316
"F1",1,66,3198.989616633,213.140093841969
"F1",1,67,4389.00726439882,219.78613136155
"F1",1,68,1823.26705003665,106.172601754457
"F1",1,69,2934.44732989762,180.972481328188
"F1",1,70,3020.83995753151,184.072382465433
"F1",1,71,4461.97273262811,167.776847671301
"F1",1,72,3191.44564661828,79.8921673885045
"F1",1,73,4081.31768081471,95.0360560123157
"F1",1,74,4103.21992696169,246.520067732793
"F1",1,75,4068.75402073277,206.476019991031
"F1",1,76,4393.53369829041,130.61732373423
"F1",1,77,2531.48594992715,66.4470833584174
"F1",1,78,2575.10161290594,78.733936043834
"F1",1,79,3091.80576998375,80.6416898127215
"F1",1,80,2156.3711152791,122.68781286802
"F1",1,81,3277.67191061229,183.669163465248
"F1",1,82,3270.5302273518,194.019710691933
"F1",1,83,4374.99027792638,168.490464996586
"F1",1,84,2023.98085546199,49.6059297990561
"F1",1,85,4387.87968185808,209.744688397284
"F1",1,86,3456.31338371657,78.5065264461214
"F1",1,87,4008.75931170554,98.4948261611301
"F1",1,88,4360.40925829724,234.655343798942
"F1",1,89,3781.60435207495,120.188745910588
"F1",1,90,3299.7707441282,114.342420112455
"F1",1,91,3368.85041582688,218.881916210816
"F1",1,92,2814.5157960946,227.602908500686
"F1",1,93,3177.70949645849,166.867296978262
"F1",1,94,3933.41519264687,220.717232019877
"F1",1,95,3395.54725629954,222.652547510067
"F1",1,96,3218.86535186074,187.551598428892
"F1",1,97,2501.00626241832,179.003887005192
"F1",1,98,3333.00029480815,192.629497288855
"F1",1,99,1878.58026550256,250.427060575216
"F1",1,100,2315.66548042325,182.846558275868
"F1",1,101,2870.04993883145,256.925980653463
"F1",1,102,2817.708524678,103.713851346522
"F1",1,103,2321.04526031991,95.4084417263954
"F1",1,104,4480.68448160344,276.2157377802
"F1",1,105,4128.01127319864,135.250086492129
"F1",1,106,2482.68467690453,148.549273571973
"F1",1,107,3488.09427500443,173.955670553135
"F1",1,108,4630.40131295642,164.910870886682
"F1",1,109,3335.75789056495,171.52850537119
"F1",1,110,3629.65022825947,267.261891069463
"F1",1,111,3904.57483035784,133.146807144133
"F1",1,112,4367.1117333303,119.497466325493
"F1",1,113,3130.66309676489,123.693063447531
"F1",1,114,3878.90221414777,219.829796024027
"F1",1,115,2802.30512927151,263.850016372869
"F1",1,116,3812.6067357735,180.865284051577
"F1",1,117,2511.37064820418,92.0823018920253
"F1",1,118,2782.29959774896,110.233865453061
"F1",1,119,4504.90224048522,186.471626769645
"F1",1,120,3812.14295467439,145.25613861647
"F1",1,121,2042.03130696364,99.6652398794086
"F1",1,122,2754.79317828,199.096982198788
"F1",1,123,3062.19322617491,81.4813523836
"F1",1,124,2666.97434104535,202.313844144071
"F1",1,125,2791.61386136112,97.2150987465567
"F1",1,126,2601.65224699817,279.789773080657
"F1",1,127,2833.40931131466,201.798188284644
"F1",1,128,2957.75245045436,185.860757402165
"F1",1,129,3755.84650831098,140.982351717957
"F1",1,130,2740.29890327855,198.729167406198
"F1",1,131,1685.36748056884,136.71501389207
"F1",1,132,3452.01566738384,161.917416034163
"F1",1,133,2826.26209581948,56.2267502390337
"F1",1,134,3697.21857872649,154.18289219664
"F1",1,135,2317.85133235297,245.717236752163
"F1",1,136,2916.38730457591,220.190819885327
"F1",1,137,3890.51854808011,143.363668948586
"F1",1,138,3159.55306610665,230.905863014713
"F1",1,139,2040.45850314376,237.390632979166
"F1",1,140,4205.05557871879,216.333173870105
"F1",1,141,3137.17028089733,255.723213099119
"F1",1,142,3165.22105812214,214.787884862508
"F1",1,143,2294.6295411303,83.6708099746726
"F1",1,144,2411.15844772688,264.104468936264
"F1",1,145,2364.64807724695,162.378002192826
"F1",1,146,3842.56627199904,153.388269205244
"F1",1,147,3674.5496649545,164.6684449134
"F1",1,148,3187.44633670713,138.062360653916
"F1",1,149,1764.3640918783,106.990440496356
"F1",1,150,2757.87246150816,15
"F1",1,151,3847.69795011387,90.3076146306185
"F1",1,152,3476.27397624112,210.72547452781
"F1",1,153,3914.39443852116,94.1008791314403
"F1",1,154,3767.43896677095,185.49124188727
"F1",1,155,2387.89158908269,161.87460964796
"F1",1,156,1387.09784481419,204.215020663692
"F1",1,157,1761.20409206566,161.994451595426
"F1",1,158,3326.33905300112,139.566552451568
"F1",1,159,3652.48962238253,139.377491092202
"F1",1,160,3765.64879397253,141.467304770823
"F1",1,161,3005.06675751975,79.5590714810786
"F1",1,162,2340.61536083519,101.086206495645
"F1",1,163,2774.7919436001,104.504031607231
"F1",1,164,5711.79447097497,208.895829936526
"F1",1,165,1730.74348482885,229.374953848785
"F1",1,166,3466.35715295086,142.270375627875
"F1",1,167,3267.82799688242,134.820014651281
"F1",1,168,3185.46716746966,189.293345397989
"F1",1,169,3919.3632147715,182.89535752376
"F1",1,170,3552.47733512499,235.248472951193
"F1",1,171,2994.74025107425,123.528560190589
"F1",1,172,3185.68106441278,115.069178833554
"F1",1,173,3801.51671315631,130.5382407577
"F1",1,174,2052.95672044437,148.767728659775
"F1",1,175,3442.4984060933,189.105429278075
"F1",1,176,1900.69443872032,185.511361360498
"F1",1,177,3741.26722309736,97.0041155678305
"F1",1,178,2769.8869161915,152.990980602852
"F1",1,179,3684.25339897462,118.300577758818
"F1",1,180,3111.91485026316,127.125148679431
"F1",1,181,4029.86631041406,176.694714931698
"F1",1,182,4923.18700416155,128.475423353522
"F1",1,183,2112.01731300938,91.8353780880919
"F1",1,184,3073.86921178134,96.1270674808664
"F1",1,185,5337.84190301633,179.067981541358
"F1",1,186,2843.73979101757,73.9853314991126
"F1",1,187,2846.34078623129,179.345369575178
"F1",1,188,2974.62831721289,51.1614315341687
"F1",1,189,4261.70298470884,209.576548306628
"F1",1,190,2378.04969878737,124.868800608304
"F1",1,191,2618.13531015932,152.28667145522
"F1",1,192,2637.66765543709,198.668047533343
"F1",1,193,3532.68954093671,129.979125549335
"F1",1,194,2299.93598926494,260.673202746001
"F1",1,195,4002.01216715227,133.797425962206
"F1",1,196,2747.79764267266,94.1154345956099
"F1",1,197,2390.55386848335,182.271064836848
"F1",1,198,2352.65095388112,104.398358499806
"F1",1,199,2366.598170691,152.017447963245
"F1",1,200,1529.04762004171,35.8316350923659
"F1",1,201,3500.7855159024,155.67325652735
"F1",1,202,3136.71649391752,80.59618499642
"F1",1,203,3787.14351467103,97.0802219155255
"F1",1,204,2933.6832095353,102.577021424139
"F1",1,205,2627.64860316458,213.905474553868
"F1",1,206,3670.26441759721,162.400640167188
"F1",1,207,3581.08114567448,206.97032010487
"F1",1,208,2816.71745379555,183.84815191535
"F1",1,209,1889.83067064238,138.053567907164
"F1",1,210,2058.36498341005,238.385365647802
"F1",1,211,2996.90595551359,168.281313630217
"F1",1,212,4619.43059693622,58.3702696992794
"F1",1,213,3339.26305613952,191.271959770499
"F1",1,214,1782.18767599484,214.107441931829
"F1",1,215,2679.42176705806,100.388394825929
"F1",1,216,2175.587894512,106.199149573071
"F1",1,217,3557.46744504003,101.661025391539
"F1",1,218,2316.00075689785,177.129451478896
"F1",1,219,4053.28236604909,148.149157629781
"F1",1,220,3446.01092767764,90.4008758963216
"F1",1,221,6442.11140521467,112.447507114846
"F1",1,222,2769.90767970755,69.5738103294011
"F1",1,223,3026.42624068133,238.523238871753
"F1",1,224,3801.69774519404,143.7248998627
"F1",1,225,3476.16768671474,130.430756829854
"F1",1,226,2614.05986565476,169.095773501309
"F1",1,227,3660.53250074541,161.734432257768
"F1",1,228,3030.73159180659,168.835186612118
"F1",1,229,2946.56084784105,99.8649814752924
"F1",1,230,2235.87479106399,159.612809042689
"F1",1,231,2672.35074512574,221.395627462247
"F1",1,232,4640.4764782748,129.558084655114
"F1",1,233,2538.35920253665,148.6251775288
"F1",1,234,3153.06083545255,116.842882461812
"F1",1,235,2259.24242757623,161.007244771636
"F1",1,236,2642.72623051128,161.763625414406
"F1",1,237,4386.97325422822,142.510483881209
"F1",1,238,3861.85043556067,132.363441274674
"F1",1,239,3286.07056899699,219.747193320736
"F1",1,240,3140.98074087021,156.054516323627
"F1",1,241,2137.53270957284,186.74914670552
"F1",1,242,3534.48422808291,235.533134904996
"F1",1,243,4387.3661110873,124.52173705367
"F1",1,244,3292.28822224411,188.597172136901
"F1",1,245,2913.46792066105,134.336719310799
"F1",1,246,2549.13462432912,115.599737131705
"F1",1,247,3425.75578510579,132.511641048045
"F1",1,248,3311.5730133904,166.966056828549
"F1",1,249,2433.36604185383,172.708314523773
"F1",1,250,4840.60731875279,278.055633590471
"F1",1,251,2617.82958131357,190.325186618813
"F1",1,252,2725.65804078726,161.626132301215
"F1",1,253,2316.95694624997,130.373912486393
"F1",1,254,2616.23297057058,142.703707553672
"F1",1,255,3385.20364693652,74.8888967442851
"F1",1,256,3211.4995609702,174.275362081932
"F1",1,257,1887.24946185839,193.78118968119
"F1",1,258,4201.69241650071,204.824504402188
"F1",1,259,3257.20007547198,134.066998112001
"F1",1,260,2781.57657319767,151.35492516701
"F1",1,261,3077.93150888296,113.84585479731
"F1",1,262,3825.88165876023,200.059277554254
"F1",1,263,2834.26133313862,95.213998062907
"F1",1,264,3443.05042946084,165.260464191372
"F1",1,265,3499.69056588209,116.774192926003
"F1",1,266,3659.17484820806,136.118295386279
"F1",1,267,3441.50337093748,192.810842974417
"F1",1,268,3410.67829612304,128.265784044737
"F1",1,269,4060.82171018694,126.752005760275
"F1",1,270,3544.76228568873,135.091140862595
"F1",1,271,3281.15729997286,156.174287329672
"F1",1,272,3835.26925488648,188.967137224961
"F1",1,273,3315.27971967746,194.582306307865
"F1",1,274,2657.21078828884,211.929420918569
"F1",1,275,3481.76100163233,172.091754324553
"F1",1,276,3764.37635337565,196.648432422951
"F1",1,277,2796.3567076405,203.33736695228
"F1",1,278,3490.92969178519,96.5673524452544
"F1",1,279,1737.22164843537,126.658165619887
"F1",1,280,3822.26531290118,101.949288048902
"F1",1,281,3608.15765153685,152.314566346503
"F1",1,282,3360.94986443916,154.411020350439
"F1",1,283,2845.05369950935,134.943854117767
"F1",1,284,2019.51774870624,105.378981872878
"F1",1,285,3801.93903511069,81.8364287687321
"F1",1,286,2619.29859934492,101.530402164369
"F1",1,287,4386.1199257793,160.168623967176
"F1",1,288,3113.88540344401,233.055474799742
"F1",1,289,2886.5060856535,200.547787296151
"F1",1,290,3253.48578110609,217.655352063152
"F1",1,291,1730.64030742667,77.4006094316359
"F1",1,292,2445.89560969417,150.227019436718
"F1",1,293,3786.08551930964,181.641487871228
"F1",1,294,3909.97765477042,175.653071490879
"F1",1,295,3376.20948988738,123.657220464884
"F1",1,296,3765.51975223472,98.4051361758049
"F1",1,297,3373.02353600487,202.308058147514
"F1",1,298,3086.61802597696,210.122068686925
"F1",1,299,3065.7377001382,55.133429708009
"F1",1,300,2776.60286087257,164.250121607689
"F1",1,301,3398.9422764419,103.336994862415
"F1",1,302,3383.28223885127,222.819936189001
"F1",1,303,1957.27088141076,192.803303002612
"F1",1,304,2185.3849140158,131.259090362456
"F1",1,305,3467.26943664021,215.305421753701
"F1",1,306,3204.02285149557,230.235294741555
"F1",1,307,4495.19453582377,158.71591285227
"F1",1,308,3035.11381707959,218.494921287407
"F1",1,309,2442.37150299348,156.324295267745
"F1",1,310,3920.35990334562,180.676062606472
"F1",1,311,4404.67615575345,111.071638905736
"F1",1,312,4606.21021360443,139.902228596776
"F1",1,313,3830.41035193585,149.370047494704
"F1",1,314,2414.33749806896,143.841757822518
"F1",1,315,2484.91285178121,227.452664702693
"F1",1,316,2302.71476158127,134.950844944525
"F1",1,317,3653.66676127208,199.38802703797
"F1",1,318,3055.49585920846,196.952646113485
"F1",1,319,4454.38300389522,112.493850235231
"F1",1,320,2402.86202194959,138.291151636074
"F1",1,321,3582.68725983533,133.086661968568
"F1",1,322,3837.72895162117,200.652842113741
"F1",1,323,3813.14622906716,139.198124735715
"F1",1,324,3268.53478819105,123.627118648724
"F1",1,325,1951.70272595349,142.626059241136
"F1",1,326,2467.0772019292,239.873517190271
"F1",1,327,3920.48263513695,138.372189996822
"F1",1,328,2596.81307891784,205.187880387999
"F1",1,329,4032.47325709092,134.301118163205
"F1",1,330,2199.8630318213,150.907148473015
"F1",1,331,2946.21132758844,95.0587381565638
"F1",1,332,3784.53952138998,239.332327565349
"F1",1,333,3582.6931069932,97.9133019919535
"F1",1,334,3385.23435487234,222.784129139
"F1",1,335,2844.33210565455,157.058189611901
"F1",1,336,2779.25312024357,146.982265557637
"F1",1,337,3415.315389003,154.550615502459
"F1",1,338,2630.06142659598,166.993899123861
"F1",1,339,3513.88697464787,136.228775055663
"F1",1,340,2297.50103201547,160.276054309749
"F1",1,341,3819.48548389655,202.357602677375
"F1",1,342,3640.21743547563,126.785059440106
"F1",1,343,3475.67791625472,203.711610475247
"F1",1,344,2775.49676399735,265.905544860757
"F1",1,345,4170.39788610928,111.52361177578
"F1",1,346,4119.91244280155,188.155083801826
"F1",1,347,3695.90080890837,97.560571023441
"F1",1,348,3199.53282955233,156.37636822686
"F1",1,349,4825.96425070765,183.91707302832
"F1",1,350,2768.24962190079,115.371464784063
"F1",1,351,2900.80882986721,68.114700985206
"F1",1,352,1736.27563064444,136.764160816181
"F1",1,353,3828.50254762456,70.7250766482863
"F1",1,354,3471.84843592256,75.8330401292841
"F1",1,355,2935.08579381697,149.883587671751
"F1",1,356,3478.61579216529,107.565296646661
"F1",1,357,3683.03076939079,131.318218121812
"F1",1,358,3496.45909723339,177.785522092074
"F1",1,359,2740.14638190981,196.390347668264
"F1",1,360,2753.8341105387,195.960191554442
"F1",1,361,3400.88094213976,121.949121866992
"F1",1,362,2074.08107314253,238.817435254115
"F1",1,363,2285.49107335951,198.142101168798
"F1",1,364,3556.55853036014,142.646831478877
"F1",1,365,2440.99119946478,169.951764319161
"F2",1,1,1097.2194407878,209.780716348118
"F2",1,2,3683.59474045916,166.608953110599
"F2",1,3,3807.1994200872,233.176624454524
"F2",1,4,3864.03326032896,167.748183967337
"F2",1,5,2951.71585579379,111.081949513366
"F2",1,6,3270.55144062152,128.062970697551
"F2",1,7,3118.06709493197,236.444732477953
"F2",1,8,3096.08394317626,162.03753939981
"F2",1,9,4215.76240330368,119.545600011081
"F2",1,10,4248.70159851716,247.135657413562
"F2",1,11,4090.12588112392,129.446886066015
"F2",1,12,2274.40349852123,157.237530054033
"F2",1,13,2137.28047249892,163.720784760347
"F2",1,14,3043.52734794428,164.604077902676
"F2",1,15,3120.70804228898,147.277901269324
"F2",1,16,4396.18583435244,173.520990364721
"F2",1,17,3351.01776858168,194.101200748976
"F2",1,18,3790.08470717395,112.986468925606
"F2",1,19,4218.49119504181,162.569303299194
"F2",1,20,2023.01744279947,206.203367040197
"F2",1,21,3344.38783089398,172.422268872861
"F2",1,22,3461.25283833324,136.997121626605
"F2",1,23,3484.75961991442,122.627615124099
"F2",1,24,2898.24165456542,244.279632308586
"F2",1,25,3025.06910840518,181.374812365855
"F2",1,26,2396.93821083188,149.065860886731
"F2",1,27,3524.38807775445,102.432004063769
"F2",1,28,3501.78076622605,105.292477472047
"F2",1,29,2660.2405931195,212.020226892802
"F2",1,30,3794.53858009132,207.665589413521
"F2",1,31,2952.36390999031,103.795367284419
"F2",1,32,3548.7457291947,169.833920464849
"F2",1,33,3479.57450597276,179.11308855493
"F2",1,34,4049.68495042964,226.511207041482
"F2",1,35,3268.83856372561,152.718565929371
"F2",1,36,2727.76081439939,179.719580488172
"F2",1,37,2751.99481211883,227.763658918295
"F2",1,38,4228.56992291065,143.082263490105
"F2",1,39,3711.68946383572,200.933983268248
"F2",1,40,2591.37282840932,268.081699132303
"F2",1,41,4243.29231382798,156.087350059023
"F2",1,42,3191.09046563843,164.808216367683
"F2",1,43,2527.95887397622,119.928346666348
"F2",1,44,2384.10095455439,155.442470680851
"F2",1,45,4371.2604446109,159.179003153026
"F2",1,46,4783.68703554,159.740829555184
"F2",1,47,1929.02457583856,120.998126246905
"F2",1,48,3478.51535012011,117.708823583743
"F2",1,49,3952.05136288911,227.9435733886
"F2",1,50,3439.7461459717,66.9887664199522
"F2",1,51,3817.45708016265,148.317920424239
"F2",1,52,3886.88165602334,119.791515630256
"F2",1,53,4114.80270817342,45.5476392395661
"F2",1,54,2535.31154509141,187.0133977056
"F2",1,55,4336.05858721449,187.955372921846
"F2",1,56,3740.08755770763,201.11866363799
"F2",1,57,2846.76046519821,204.933690031609
"F2",1,58,4034.73438587536,205.212096895408
"F2",1,59,2821.88427336481,206.16112332025
"F2",1,60,2668.63397848661,213.610463866924
"F2",1,61,3216.80939475787,144.806905551917
"F2",1,62,3035.48961410037,98.5077490851344
"F2",1,63,4562.66878119621,211.352644826145
"F2",1,64,3942.31499773153,169.495059970872
"F2",1,65,4472.56150387798,121.375509992595
"F2",1,66,4184.72836711292,175.434516454626
"F2",1,67,2727.5454528099,178.653002882951
"F2",1,68,2932.56149291095,159.190127098553
"F2",1,69,2177.79039827363,253.299516337479
"F2",1,70,3491.18304455279,179.854149652162
"F2",1,71,3503.8404190814,116.047107896051
"F2",1,72,3892.72924974526,193.879506495608
"F2",1,73,2469.79041239556,141.294699870214
"F2",1,74,2305.40996306955,104.590493258538
"F2",1,75,2851.72088853494,113.225243707857
"F2",1,76,3257.30483310829,165.320877682917
"F2",1,77,3677.83093724003,87.069497034019
"F2",1,78,3095.57791438366,133.063910062561
"F2",1,79,3460.07612685579,170.738771778805
"F2",1,80,4007.56591061526,132.544626282117
"F2",1,81,1114.51819486747,273.808971606495
"F2",1,82,3373.07260513937,191.466047213793
"F2",1,83,2567.06439822056,103.155245667716
"F2",1,84,3879.90241590419,116.501133162684
"F2",1,85,2278.00994811233,181.502458739853
"F2",1,86,2614.51611900945,156.511746177265
"F2",1,87,2968.26422204762,186.294483616875
"F2",1,88,3244.17361274126,139.45837939801
"F2",1,89,1671.43723618506,15
"F2",1,90,4454.4615273012,117.104474044849
"F2",1,91,4025.43428163793,79.754376080123
"F2",1,92,2160.64781472839,160.024113774508
"F2",1,93,3169.76165845414,225.949327066349
"F2",1,94,2802.37919764862,136.47069264934
"F2",1,95,4978.30393264917,152.106407201333
"F2",1,96,5045.6936588139,114.559031514441
"F2",1,97,3838.71153232286,186.638901636183
"F2",1,98,4264.40211856349,161.657114124125
"F2",1,99,3398.47669951904,166.892750310752
"F2",1,100,2254.1802160971,141.94962326479
"F2",1,101,4476.36449496384,118.816863412127
"F2",1,102,2961.73594523633,258.559136172367
"F2",1,103,2995.00099610885,200.694588034897
"F2",1,104,1474.94022575008,124.354577570268
"F2",1,105,3886.23282232603,118.939101243171
"F2",1,106,4163.22566404957,233.266772235088
"F2",1,107,3756.17240538521,201.787244756634
"F2",1,108,2913.52636790209,104.766382500067
"F2",1,109,2319.08878237482,122.571576814833
"F2",1,110,2399.11384359115,122.148569921226
"F2",1,111,3630.94459191253,174.525353261385
"F2",1,112,4100.14597067733,163.264631044205
"F2",1,113,2792.80446670801,126.142659928851
"F2",1,114,2817.12116422322,170.767154549358
"F2",1,115,4523.59318274591,98.3131872308229
"F2",1,116,3502.72094467009,182.022585513622
"F2",1,117,2153.38481977856,190.557862150656
"F2",1,118,3203.64695960801,202.630825932168
"F2",1,119,2796.91347939742,190.764112872674
"F2",1,120,3213.6220157239,177.501825237875
"F2",1,121,2476.41460557337,194.608788808066
"F2",1,122,1980.16202393413,101.003237994586
"F2",1,123,3110.17463999274,165.201710457925
"F2",1,124,3333.36437991729,255.039078579215
"F2",1,125,3558.80440389543,180.010881974821
"F2",1,126,3397.98360414215,95.2582698271433
"F2",1,127,3607.57428393673,140.712221902749
"F2",1,128,1717.54042602047,229.099869022966
"F2",1,129,2972.53881736924,137.076640133298
"F2",1,130,4704.00868914299,221.887200274552
"F2",1,131,4215.59376033293,139.530850353048
"F2",1,132,2197.12812007068,185.615701125752
"F2",1,133,3396.20872599706,165.164056342123
"F2",1,134,2627.87198092384,141.537891555309
"F2",1,135,3843.80092510072,122.154753674516
"F2",1,136,2373.627333533,128.69460206686
"F2",1,137,3992.16556183078,140.981901683905
"F2",1,138,3196.62673170712,119.288898821662
"F2",1,139,2118.91094972553,198.239629066765
"F2",1,140,2509.83430252981,157.594192117415
"F2",1,141,2944.05075867363,223.444244949316
"F2",1,142,2634.211679555,168.237891646642
"F2",1,143,4360.00896048026,101.222894412177
"F2",1,144,3717.64625575584,170.753005973465
"F2",1,145,2730.03139178853,146.062289229342
"F2",1,146,3661.5960968632,190.110330375914
"F2",1,147,2758.34754369644,233.067272506205
"F2",1,148,2949.99399703756,116.260028315059
"F2",1,149,2800.09980803576,129.32695839344
"F2",1,150,1505.81138090629,115.235516746951
"F2",1,151,2775.10831786699,209.10780351757
"F2",1,152,2474.78937291176,188.502699780798
"F2",1,153,3680.46638415179,265.656286204653
"F2",1,154,4331.87176613025,211.844636691259
"F2",1,155,3269.80711439015,193.368231504439
"F2",1,156,2850.28889856656,168.496849645445
"F2",1,157,1961.08045147601,239.99567577377
"F2",1,158,3720.83539637702,229.748132538141
"F2",1,159,2523.05424724481,156.414111203628
"F2",1,160,4079.79645067049,51.0939297275422
"F2",1,161,4183.79827037087,90.8309068888625
"F2",1,162,4241.17764641626,105.522989366801
"F2",1,163,3311.42625115095,150.286786700831
"F2",1,164,4290.55310395324,205.963199684784
"F2",1,165,2641.10086005789,168.245122949265
"F2",1,166,3227.38885784482,86.1586023365677
"F2",1,167,2122.58381177795,170.738566742076
"F2",1,168,3394.75901631669,198.618387171509
"F2",1,169,3845.62586438966,148.702909399595
"F2",1,170,3918.35728284111,178.914917691218
"F2",1,171,2936.88630793848,186.040545546422
"F2",1,172,1421.93210548247,117.446721191028
"F2",1,173,3160.30470249849,156.047439336413
"F2",1,174,3288.91298221688,99.0979824749294
"F2",1,175,2016.91232299035,163.460570001851
"F2",1,176,2797.4821606514,156.50865236612
"F2",1,177,4119.3734681477,153.232463648341
"F2",1,178,4496.75478483168,219.991428366475
"F2",1,179,3184.43846286728,267.081817679203
"F2",1,180,3580.51799006568,156.658841748908
"F2",1,181,3033.02144614639,172.623618918798
"F2",1,182,4385.9989945385,220.616115897526
"F2",1,183,2149.25480805109,110.079051681638
"F2",1,184,2310.17264636175,132.953047748604
"F2",1,185,3522.58612075958,128.495465106488
"F2",1,186,4017.65553456192,129.126694910797
"F2",1,187,3236.56482174717,200.931456499417
"F2",1,188,4315.296937359,138.029510537018
"F2",1,189,3286.60998455769,91.341963897271
"F2",1,190,3211.06184943809,132.862994732957
"F2",1,191,3289.55816069134,251.433321352278
"F2",1,192,2311.8205451703,194.142188273192
"F2",1,193,3743.56288873743,82.3483032295728
"F2",1,194,2799.33657010194,153.826626087409
"F2",1,195,3851.20898249006,144.720499649471
"F2",1,196,4202.53053292991,186.985047230007
"F2",1,197,3789.04959476395,149.753522873854
"F2",1,198,3492.25074458135,106.363155365059
"F2",1,199,3143.22773910156,176.987608694168
"F2",1,200,2388.81214225753,246.410140987966
"F2",1,201,2883.03166048046,169.717156817835
"F2",1,202,4366.58565785871,212.603454522003
"F2",1,203,3064.48570181362,171.000814415502
"F2",1,204,3096.44067243202,125.982589412832
"F2",1,205,4133.59770998067,104.940537168122
"F2",1,206,4216.90879614234,68.1963697039319
"F2",1,207,2670.05237535901,197.5995252522
"F2",1,208,2059.58890159719,260.834812797098
"F2",1,209,3696.39691509377,181.058723819324
"F2",1,210,3778.72783020138,204.826848358167
"F2",1,211,2872.83275340632,262.471115201071
"F2",1,212,2977.13345941663,185.689694174311
"F2",1,213,3299.13092564002,146.539163688368
"F2",1,214,2003.82778556094,266.363375709094
"F2",1,215,2310.96866706974,80.6069598752547
"F2",1,216,2769.7440544282,198.550546842154
"F2",1,217,4343.91698385214,134.258179516277
"F2",1,218,2188.28566771555,125.701478622398
"F2",1,219,3426.70386214872,134.727528642479
"F2",1,220,3205.69185899824,136.347407103412
"F2",1,221,4775.008084368,148.499655347052
"F2",1,222,3434.9772868359,182.883319542345
"F2",1,223,2984.37995899416,151.870267692631
"F2",1,224,1874.45560061176,135.461975565515
"F2",1,225,2835.55186598288,178.264498684348
"F2",1,226,2838.59580967026,27.8980076266847
"F2",1,227,3074.50342124952,103.233366794172
"F2",1,228,2736.77132345837,180.199052679097
"F2",1,229,3065.70361128885,134.602948844643
"F2",1,230,4682.69244042713,165.385823351363
"F2",1,231,3596.15110029066,135.964378602437
"F2",1,232,3196.29916572435,175.927203959926
"F2",1,233,2039.9403448724,239.936237426275
"F2",1,234,3751.33713356314,109.066623789212
"F2",1,235,3251.28838951161,114.785801121352
"F2",1,236,3462.30394306655,91.8987795004227
"F2",1,237,3620.85130562556,111.175327864912
"F2",1,238,3899.61146582015,204.811518835069
"F2",1,239,3224.40468802314,195.352831134951
"F2",1,240,2877.70521570172,158.391019874334
"F2",1,241,3391.23496010219,205.792831607346
"F2",1,242,2561.60361941945,126.829197496762
"F2",1,243,1696.80736826323,135.670362473409
"F2",1,244,4156.19635030946,118.260067991673
"F2",1,245,3224.98336698189,127.667166690917
"F2",1,246,2987.73449812141,207.303440857365
"F2",1,247,4127.8141053081,199.671824837409
"F2",1,248,5211.46757208537,141.679974815906
"F2",1,249,2208.23270997872,163.079787393846
"F2",1,250,2416.33016885806,262.9744544961
"F2",1,251,2860.35138048562,130.231617180939
"F2",1,252,3332.60150502017,182.855966384567
"F2",1,253,3570.52344945511,205.464593294212
"F2",1,254,2274.86754178847,116.632827959324
"F2",1,255,3060.43454494037,158.603693751976
"F2",1,256,3623.93287342026,185.727412058112
"F2",1,257,3411.08964205645,83.7344221461719
"F2",1,258,2266.54173234762,184.98411352685
"F2",1,259,3650.33960240189,230.94649203846
"F2",1,260,3597.36209816089,118.563244627769
"F2",1,261,2482.51970230873,168.430932434126
"F2",1,262,2907.09348279318,181.091892649539
"F2",1,263,3323.23713569085,240.049825323455
"F2",1,264,3589.79034615995,192.901894297431
"F2",1,265,3087.80422938715,218.551250699982
"F2",1,266,2897.34162301178,198.842389490913
"F2",1,267,3380.03789377598,236.399591389795
"F2",1,268,3410.76241517128,129.827561376187
"F2",1,269,2374.24147029882,286.318595525437
"F2",1,270,2820.33780597915,220.404476644726
"F2",1,271,3295.42580037469,142.087012060088
"F2",1,272,3271.6596070824,198.212338799478
"F2",1,273,2363.54148037563,191.560065755575
"F2",1,274,3170.56000600953,139.124587799585
"F2",1,275,3507.77628659943,195.459816918523
"F2",1,276,2230.66889281995,116.023925178874
"F2",1,277,2866.73885263412,186.823067181589
"F2",1,278,1302.01240157193,140.736339460428
"F2",1,279,4102.36761252961,198.628060547601
"F2",1,280,4026.7820940166,188.284281066238
"F2",1,281,3264.90196172863,121.146632494176
"F2",1,282,744.2112900448,95.3343180879572
"F2",1,283,3384.14602516964,98.9941187243418
"F2",1,284,3365.70006649528,200.352645119742
"F2",1,285,4129.88808479053,152.159822280537
"F2",1,286,2232.29844831619,209.104729439747
"F2",1,287,2360.82312989867,138.936211109719
"F2",1,288,3842.4245053061,209.266741887007
"F2",1,289,3849.59056153654,156.892371721486
"F2",1,290,3739.34643219381,173.75147464757
"F2",1,291,703.367530898947,115.741465173352
"F2",1,292,3005.2453523611,96.1772549514639
"F2",1,293,1834.63608333585,255.314489543477
"F2",1,294,4421.93516395502,220.994661255185
"F2",1,295,3273.40121332824,226.041520663511
"F2",1,296,2896.65768319371,106.25429189339
"F2",1,297,2743.18528414393,124.582520013757
"F2",1,298,3128.69380168889,75.6948874083922
"F2",1,299,4350.26896809114,225.362234238165
"F2",1,300,2996.88352275437,163.794517496994
"F2",1,301,3534.84906381003,123.830668351126
"F2",1,302,3357.12612565971,203.638067070547
"F2",1,303,3460.84627498622,123.728894850071
"F2",1,304,2773.58158495151,183.377495097082
"F2",1,305,3335.56188829712,106.73717368707
"F2",1,306,3505.17904889745,166.601972543485
"F2",1,307,3334.13386416683,234.788230916994
"F2",1,308,1942.49452038333,84.6505082706158
"F2",1,309,2408.48938430992,195.778360839116
"F2",1,310,2003.94928851367,259.104325557357
"F2",1,311,3521.60881413237,217.357597621047
"F2",1,312,2784.52762687203,202.673767650351
"F2",1,313,3986.96386370849,118.102014494833
"F2",1,314,3444.65262299185,124.570702795321
"F2",1,315,2554.4501640411,214.472856107572
"F2",1,316,2983.55621903422,218.711890399671
"F2",1,317,3653.88025021773,127.264393151129
"F2",1,318,2005.10983038282,139.468004909368
"F2",1,319,2981.46320184796,194.092598568724
"F2",1,320,3484.86231719743,121.707752955757
"F2",1,321,3945.92908984211,271.68952173153
"F2",1,322,2343.66296494223,133.558833387222
"F2",1,323,3216.35021703603,134.373662233716
"F2",1,324,3589.93909245957,129.33737135821
"F2",1,325,2866.73763413396,140.019974055676
"F2",1,326,1757.86863164041,217.96797471918
"F2",1,327,4143.03247457544,262.637352669588
"F2",1,328,3412.74376818061,163.8916432633
"F2",1,329,3758.18845393659,70.3759540306428
"F2",1,330,2208.82593249773,202.396909388483
"F2",1,331,3139.13656147407,235.646073443824
"F2",1,332,2653.99696500661,219.857367660056
"F2",1,333,4414.75710247445,103.242935324396
"F2",1,334,2021.89544352004,113.636018178062
"F2",1,335,2010.60379232011,142.520012001899
"F2",1,336,3540.07850623804,125.66671263592
"F2",1,337,3244.37619224641,102.229648521358
"F2",1,338,2213.96581195162,130.053562260384
"F2",1,339,3544.86861431831,121.203886287186
"F2",1,340,3129.54806438175,46.8206667851842
"F2",1,341,4336.50527372407,129.368413424644
"F2",1,342,3705.74885888237,203.788427795591
"F2",1,343,2637.25998663729,160.993231362623
"F2",1,344,3420.63863356811,81.947574790614
"F2",1,345,3347.186444933,218.196379857605
"F2",1,346,2658.44422848838,63.5237397552642
"F2",1,347,3509.82946010023,124.380817097894
"F2",1,348,3513.44450293733,205.801612391983
"F3",1,1,2320.42665404785,107.507410811261
"F3",1,2,2947.47810845415,114.465002926851
"F3",1,3,3164.05137487619,63.9167507168977
"F3",1,4,3076.68346847122,120.453543581293
"F3",1,5,2823.29704358842,160.047801359286
"F3",1,6,3545.03576831643,174.840699675513
"F3",1,7,4221.52541298641,208.53256133508
"F3",1,8,2019.21438035358,77.244049513348
"F3",1,9,4064.04863086681,167.856579011705
"F3",1,10,2849.30251680294,97.7104585697064
"F3",1,11,3736.26574451442,97.4783847908859
"F3",1,12,2459.59382281699,160.081704251646
"F3",1,13,3115.93906187213,133.118808611947
"F3",1,14,4014.84703714158,228.664936254308
"F3",1,15,1359.07721461109,213.216147842254
"F3",1,16,3080.31744940075,210.387698772044
"F3",1,17,3546.5025417227,161.889392054843
"F3",1,18,2174.8298240359,221.022703541708
"F3",1,19,3070.55931762983,119.133181381746
"F3",1,20,3244.65397280626,100.693417225923
"F3",1,21,2660.10425487998,134.52431488828
"F3",1,22,2709.88574224826,171.778107004227
"F3",1,23,2925.14215336044,111.752541477118
"F3",1,24,3236.300764349,190.040932563351
"F3",1,25,3478.52832500696,154.16875114097
"F3",1,26,3167.28861344072,161.196194363699
"F3",1,27,3855.23395822844,153.268003735172
"F3",1,28,3111.4828730828,221.217893362672
"F3",1,29,3872.44937246427,81.8777020296647
"F3",1,30,4071.29054555605,175.660034061977
"F3",1,31,4229.55856306854,99.085115990302
"F3",1,32,3252.13021779113,164.297221368667
"F3",1,33,3246.68944266968,135.878296312298
"F3",1,34,3387.22296698628,113.453957273793
"F3",1,35,3814.89582967791,86.3833695689196
"F3",1,36,4544.39871250343,94.9019503830136
"F3",1,37,3001.0983202939,233.99876894135
"F3",1,38,4480.56915434165,197.47402413222
"F3",1,39,3379.94000490631,179.699518521207
"F3",1,40,2518.18013581503,245.326789713906
"F3",1,41,2193.01682313557,186.802500312555
"F3",1,42,3988.52708349498,119.359354798044
"F3",1,43,4201.14933751487,226.881237608594
"F3",1,44,3946.55589343139,266.157362145973
"F3",1,45,4349.01583116429,126.131336797871
"F3",1,46,3426.26987417289,123.682149943865
"F3",1,47,3701.577095428,216.818985622837
"F3",1,48,3314.10982206319,144.406503258736
"F3",1,49,5826.53456482282,160.548839435019
"F3",1,50,2422.0099352279,218.183703819657
"F3",1,51,2368.46043786768,171.192407295853
"F3",1,52,2276.76857222037,154.104898556525
"F3",1,53,3470.88222344358,222.21373554452
"F3",1,54,1615.34687975661,124.763881243116
"F3",1,55,3512.94323122963,153.474901255567
"F3",1,56,4011.86246764986,166.435903605721
"F3",1,57,4308.66983023622,144.305968629497
"F3",1,58,3298.55498027365,128.118820517706
"F3",1,59,3035.11690943579,161.748243057888
"F3",1,60,3625.61550946205,77.1492022800873
"F3",1,61,2983.93032590209,121.101449736528
"F3",1,62,3465.69487431345,81.9265151957663
"F3",1,63,3511.27377556487,226.902585944982
"F3",1,64,2680.93382424052,197.648012073461
"F3",1,65,3437.94774037225,120.38910683482
"F3",1,66,3408.09352622777,217.149393112807
"F3",1,67,4830.10935704413,252.835671908105
"F3",1,68,3701.4955276315,209.590861868349
"F3",1,69,3895.43904993528,220.810589284117
"F3",1,70,3372.02069511824,150.159481723163
"F3",1,71,3812.71405513067,134.805619035394
"F3",1,72,1939.70593308511,276.316784885081
"F3",1,73,2598.74508162547,134.945252111155
"F3",1,74,3560.31842401824,243.045749710902
"F3",1,75,3859.55298167768,210.038299797443
"F3",1,76,3591.04358782614,154.875147621024
"F3",1,77,3809.60344038159,103.42929207383
"F3",1,78,3641.32548224218,22.9168277547639
"F3",1,79,4585.16840491527,190.855574261629
"F3",1,80,1662.12103061096,123.951938767965
"F3",1,81,3121.72441356232,181.978401382741
"F3",1,82,4027.10632276044,70.7968648870635
"F3",1,83,3042.75364924138,220.374398509335
"F3",1,84,2158.23636097912,224.212643278653
"F3",1,85,3966.30483085391,81.8108978051385
"F3",1,86,2433.52139062274,114.522292820625
"F3",1,87,4450.04443651564,100.132637955853
"F3",1,88,3533.94209725835,269.999678868219
"F3",1,89,2524.53272895118,94.942951694877
"F3",1,90,2963.31481542406,157.349861719739
"F3",1,91,3790.27997570952,198.389829956344
"F3",1,92,3706.65667876851,143.302057380129
"F3",1,93,2699.38704526688,240.426254142581
"F3",1,94,4212.72031507521,161.133181691504
"F3",1,95,2574.6723986167,93.0223885188217
"F3",1,96,3088.74670436958,229.867186879091
"F3",1,97,3477.39333070025,214.16846520566
"F3",1,98,2434.81646883793,148.304166748929
"F3",1,99,3560.36463847149,130.156844072437
"F3",1,100,1435.43473665262,128.308184094459
"F3",1,101,3183.51238634074,142.790194836007
"F3",1,102,3136.6045280852,173.083774283986
"F3",1,103,3613.91365317465,191.915099289683
"F3",1,104,3815.75096365263,173.068361070831
"F3",1,105,3434.66881742449,119.373761287315
"F3",1,106,2840.32387999568,144.990979657381
"F3",1,107,2510.15733329736,105.65193508459
"F3",1,108,3186.82604615592,146.586977445534
"F3",1,109,2945.17107986368,160.328752455858
"F3",1,110,4746.45661898354,174.286258909277
"F3",1,111,3769.70528127729,167.828341827234
"F3",1,112,3124.87186991008,232.752119941817
"F3",1,113,3347.84226262638,223.780157300656
"F3",1,114,2900.58293250233,147.561005346489
"F3",1,115,4059.01328948371,102.220874399043
"F3",1,116,3006.07005076863,61.5488718265876
"F3",1,117,2950.10525554284,167.685648656215
"F3",1,118,3768.74659986928,83.7342743448001
"F3",1,119,3400.0419406099,257.88314930115
"F3",1,120,3055.22720339693,182.506363611055
"F3",1,121,3681.42324462097,75.5406081077682
"F3",1,122,3384.59573350167,171.823504931587
"F3",1,123,2837.3345680659,296.754917040733
"F3",1,124,3690.85144948271,145.246338211661
"F3",1,125,2063.72654779808,196.676102816815
"F3",1,126,3400.89768037732,179.958905805152
"F3",1,127,4237.4266741771,227.936753027444
"F3",1,128,3193.58628709639,119.313397333595
"F3",1,129,3001.07859194085,211.125870757837
"F3",1,130,3687.58164405774,138.693479946607
"F3",1,131,3763.79283663812,197.357396222128
"F3",1,132,2612.7403122205,248.666263643948
"F3",1,133,3718.80436378069,238.870309565694
"F3",1,134,2456.24259774741,184.400169326308
"F3",1,135,2356.50493150349,130.628888249344
"F3",1,136,2740.81003090705,120.859613952648
"F3",1,137,3997.63671984054,149.597347571353
"F3",1,138,2561.74585764989,202.684547335675
"F3",1,139,2312.37626279517,115.219918370441
"F3",1,140,4312.87136736826,96.353838965275
"F3",1,141,3491.55657273647,211.480222484005
"F3",1,142,3103.78144509544,183.147199987098
"F3",1,143,3142.38538341703,115.784455427022
"F3",1,144,4271.1733585335,180.306861722087
"F3",1,145,2804.29025850566,254.045198036615
"F3",1,146,3343.32242805453,182.002650177762
"F3",1,147,2476.20451790653,184.116001899524
"F3",1,148,2988.95925226513,47.9324945473028
"F3",1,149,4544.49048359012,116.581549819059
"F3",1,150,4338.47600158016,166.506140093148
"F3",1,151,2681.99482940421,166.850621401797
"F3",1,152,4316.03249689037,160.029432900648
"F3",1,153,3371.13383588761,124.334589698125
"F3",1,154,2752.47500489599,193.790253391038
"F3",1,155,2846.59928697524,274.120155578956
"F3",1,156,2221.29226858382,196.327812495434
"F3",1,157,3001.4626163025,187.294612981154
"F3",1,158,2463.334456828,241.061426689725
"F3",1,159,2913.3296573916,177.35850429334
"F3",1,160,2880.67514736389,120.155345623649
"F3",1,161,4467.98799421913,223.346470020486
"F3",1,162,2949.57476695802,100.71785872389
"F3",1,163,2513.68327170266,154.006073859541
"F3",1,164,2694.4245693047,182.979890469459
"F3",1,165,3587.17356420564,115.517289706702
"F3",1,166,3112.75901833666,83.5112666228338
"F3",1,167,2938.67356111685,217.19411401435
"F3",1,168,2238.62843820554,101.337937367515
"F3",1,169,3362.63936934555,158.397762134301
"F3",1,170,3117.0698501032,163.714327633911
"F3",1,171,3312.00129083405,67.6818421679938
"F3",1,172,3175.27510778062,108.315490176633
"F3",1,173,3098.6384139568,119.30232156373
"F3",1,174,4031.94227739632,113.965527924419
"F3",1,175,3473.33814455076,174.518205947016
"F3",1,176,3428.08173743147,104.672060477587
"F3",1,177,3903.7763272219,175.372923239367
"F3",1,178,3859.99152904501,230.107055517368
"F3",1,179,3121.80732841477,101.673565405602
"F3",1,180,2377.77992084114,76.0025211288082
"F3",1,181,2728.07474285331,152.084044465501
"F3",1,182,2426.82352855449,166.346009886702
"F3",1,183,1771.72879944573,193.296028269829
"F3",1,184,2389.66379481006,157.11667654941
"F3",1,185,4710.13978221972,25.4315641508374
"F3",1,186,3067.07256346108,73.1465488831032
"F3",1,187,3191.8440204981,145.977379728307
"F3",1,188,2662.16725322411,203.951097728232
"F3",1,189,2132.7029887013,199.280424178988
"F3",1,190,3086.25892217033,94.3852538920808
"F3",1,191,3373.49443318278,129.609118211926
"F3",1,192,3355.5668925543,162.418320682508
"F3",1,193,3709.79875436953,148.182283466324
"F3",1,194,3126.69477047544,222.710660136435
"F3",1,195,2822.45952524025,146.202330369035
"F3",1,196,3725.00710342039,132.362834743822
"F3",1,197,3403.80105758646,160.918281942368
"F3",1,198,2528.57838459987,111.58341971528
"F3",1,199,2941.29301543011,15.3838490459081
"F3",1,200,2664.57196048963,159.276260680459
"F3",1,201,3225.47483543211,157.412102092995
"F3",1,202,2457.75205334328,137.403381868096
"F3",1,203,3350.27997114669,172.508073991145
"F3",1,204,2970.06552068489,98.7698421826731
"F3",1,205,3843.81344112056,152.562732969767
"F3",1,206,2623.29137820425,172.63262249356
"F3",1,207,2175.35342723023,132.913965111779
"F3",1,208,2226.42620487361,129.179841520863
"F3",1,209,3598.33001209238,158.66216069893
"F3",1,210,2593.91854198005,175.155040668268
"F3",1,211,2857.21030080544,178.951396137586
"F3",1,212,3677.9095613865,200.766347978
"F3",1,213,2863.60441553139,156.907363670541
"F3",1,214,2898.25818724873,83.0054854255119
"F3",1,215,3612.21031288172,197.244315137739
"F3",1,216,3268.50482595491,220.361380552452
"F3",1,217,3011.21325388155,153.53650466742
"F3",1,218,4132.81005194092,212.451986505487
"F3",1,219,3784.41219989341,246.322076078656
"F3",1,220,3501.73216524646,235.751672405104
"F3",1,221,2923.41286652263,124.883996140899
"F3",1,222,2864.52965216127,92.7512281162125
"F3",1,223,3495.32232602745,158.468911070361
"F3",1,224,2629.37542826057,185.578630195345
"F3",1,225,3157.40187863928,136.991837380364
"F3",1,226,3249.98925019448,121.797320714938
"F3",1,227,2900.80443146862,59.8784093420172
"F3",1,228,3919.27047945445,201.593528376086
"F3",1,229,2174.76160326571,134.313518036886
"F3",1,230,1273.12729016988,137.667290556573
"F3",1,231,2915.67831799836,117.498316860098
"F3",1,232,4379.4141796937,143.816900262155
"F3",1,233,2720.10857424176,209.521301588498
"F3",1,234,3745.01616051355,129.947114184348
"F3",1,235,4465.92294159367,189.121763887382
"F3",1,236,2953.56287359926,200.498915808023
"F3",1,237,3783.75776890155,171.172771076706
"F3",1,238,3763.63658839708,140.427626680237
"F3",1,239,3995.87038364957,215.825522638183
"F3",1,240,4198.70812885179,136.197320156617
"F3",1,241,4273.00932159491,113.220525747283
"F3",1,242,4214.38644648287,185.469477686278
"F3",1,243,2553.84695626554,136.781264385348
"F3",1,244,2810.50384333666,268.317517836096
"F3",1,245,3081.25013204591,143.38696518968
"F3",1,246,4060.66963554119,144.446021436975
"F3",1,247,3940.12829184272,124.066833466404
"F3",1,248,2706.92131873312,158.132009225893
"F3",1,249,3226.41794847048,90.4246848687627
"F3",1,250,1948.45883651689,92.920567539969
"F3",1,251,3481.66153901878,90.4494288073506
"F3",1,252,3165.18182296298,143.159329048201
"F3",1,253,3768.98162238775,88.3821639414605
"F3",1,254,3100.65508102589,250.920955990492
"F3",1,255,4498.27973072899,42.1498888321185
"F3",1,256,3462.3280934239,126.924434141119
"F3",1,257,3497.11346437399,96.248566968075
"F3",1,258,2907.90886329036,176.538467076862
"F3",1,259,4504.03769625648,148.901822224503
"F3",1,260,3425.83604683397,186.670008986288
"F3",1,261,2750.57164000543,173.287848893511
"F3",1,262,2697.35263663351,210.693887813126
"F3",1,263,2253.92157705269,149.754245321407
"F3",1,264,4287.84806848771,108.52400564765
"F3",1,265,2311.79552456928,186.559437501474
"F3",1,266,3852.84912995159,121.254295877704
"F3",1,267,4062.48780368279,150.068981435364
"F3",1,268,3324.11299659513,160.57035196194
"F3",1,269,4044.63787072669,218.294315002983
"F3",1,270,2989.03519614316,238.177465868316
"F3",1,271,2699.77336652118,152.755787796003
"F3",1,272,3453.24896370146,92.9885713609819
"F3",1,273,3161.53890240817,99.7243224586923
"F3",1,274,2468.63388451292,136.444206272591
"F3",1,275,3368.67715472021,171.401421574161
"F3",1,276,3775.84641943928,196.334207647368
"F3",1,277,3550.54739471352,80.9329867322244
"F3",1,278,3839.51230393171,152.244278414108
"F3",1,279,2542.2514144089,115.09706612111
"F3",1,280,2498.46353388076,134.715245517576
"F3",1,281,2028.46243910613,88.9742722921806
"F3",1,282,3375.41904115046,141.10964452929
"F3",1,283,4682.23539135485,187.148647168729
"F3",1,284,2982.276764119,170.293109381449
"F3",1,285,4730.08744933002,178.564414363418
"F3",1,286,3337.00876668657,128.450508854516
"F3",1,287,2252.95616526147,129.249992885146
"F3",1,288,4271.34331320848,155.409352142978
"F3",1,289,3209.5559960152,169.024027145567
"F3",1,290,2917.66239737459,204.631995704597
"F3",1,291,3253.1689437928,185.633297976909
"F3",1,292,1591.42583302139,211.246125022418
"F3",1,293,3381.12010654621,180.87942834712
"F3",1,294,3150.72010655786,138.203899170704
"F3",1,295,2344.14928593784,143.078313668571
"F3",1,296,3883.75166164563,241.805679207258
"F3",1,297,2696.05175727412,148.602554426196
"F3",1,298,2592.50588260665,179.398877756395
"F3",1,299,4305.87773924033,80.5666216300205
"F3",1,300,2658.5978716516,150.780900520756
"F3",1,301,4432.49440685749,68.3010688867576
"F3",1,302,2394.82761943033,166.160485400441
"F3",1,303,3791.0361166352,86.0811137880139
"F3",1,304,3477.53286250038,187.741228485934
"F3",1,305,1346.59104095575,128.477982134374
"F3",1,306,2362.1229828184,182.743268726107
"F3",1,307,3374.41281416955,85.0451544897501
"F3",1,308,1782.14438650425,173.069517926439
"F3",1,309,3742.65009631824,89.8912758081068
"F3",1,310,3163.02290918041,180.949336356098
"F3",1,311,4130.42232464555,179.077038918649
"F3",1,312,2746.34529657067,180.015362446395
"F3",1,313,3412.19112882521,145.46716923983
"F3",1,314,3871.0252306116,253.08119155591
"F3",1,315,3691.96081546494,204.684195713431
"F3",1,316,3269.26084646061,181.92156190721
"F3",1,317,2522.16517810035,161.300465464703
"F3",1,318,2663.69968300458,156.551991275768
"F3",1,319,2852.32533977644,203.391997877911
"F3",1,320,4130.32861870973,91.5865631197824
"F3",1,321,3851.56550784512,154.338595840009
"F3",1,322,3487.41496320408,182.69864687087
"F3",1,323,3165.45306209729,149.39971799696
"F3",1,324,2482.35872650797,147.597723181677
"F3",1,325,2381.99733473153,87.589671213841
"F3",1,326,2763.65600066988,212.037930211804
"F3",1,327,3674.39935315002,15
"F3",1,328,2272.10309698258,155.293385093819
"F3",1,329,3061.85440318215,226.371088964327
"F3",1,330,3046.29597356295,138.177488770384
"F3",1,331,3438.36788678492,124.825976615605
"F3",1,332,2216.48967382203,156.320701448815
"F3",1,333,2145.49711736938,164.896988159828
"F3",1,334,3779.36208534975,69.6422725476393
"F3",1,335,3663.03040539114,155.852790474528
"F3",1,336,3115.74844816332,326.910542132239
"F3",1,337,3158.16251539699,201.210979490155
"F3",1,338,3362.39622684081,133.64920978629
"F3",1,339,3235.95903260981,216.394624934705
"F3",1,340,3331.28027839667,186.629552987778
"F3",1,341,2179.16545908432,158.76943870935
"F3",1,342,2579.62028465902,120.239624328439
"F3",1,343,2473.62275828539,103.244425124574
"F3",1,344,3451.54219278644,189.005060935136
"F3",1,345,2760.74772188578,185.902128689842
"F3",1,346,3036.88170655035,170.384270964611
"F3",1,347,4517.1265492378,135.829656635803
"F3",1,348,3623.61051187226,140.719664052903
"F3",1,349,3829.90031669327,136.763171356855
"F3",1,350,3011.43621687613,221.436109386518
"F3",1,351,3714.58629926911,156.627162696128
"F3",1,352,4397.82300474007,173.292360845795
"F3",1,353,3263.25440573747,202.026573732536
"F3",1,354,2357.73767734422,110.090820912965
"F3",1,355,3418.18499858769,238.794531035216
"F3",1,356,3003.63239548622,140.043040116734
"F3",1,357,2965.38487596831,184.082770855703
"F3",1,358,1147.63631690605,136.578831784912
"F3",1,359,2028.95288405404,228.34537576266
"F3",1,360,2473.46263285556,113.239991038035
"F3",1,361,1969.71714329575,194.815647806879
"F3",1,362,3479.1686967139,121.260490729501
"F3",1,363,3298.93852766021,192.244864224491
"F3",1,364,2086.89511068666,169.18825057885
"F3",1,365,2827.62172862133,142.492114778436
"F3",1,366,4180.56950994705,187.690083863925
"F3",1,367,2920.10978163673,250.146800412745
"F3",1,368,2715.36354573585,145.048644587112
"F3",1,369,2559.12949487092,121.52065712793
"F3",1,370,3119.73518934201,110.694254322133
"F3",1,371,2072.69499878462,106.559188390303
"F3",1,372,2584.86712290712,170.93449141966
"F3",1,373,2738.15720624932,122.035803361762
"F3",1,374,3730.68747642763,83.8072985355923
"F3",1,375,4108.53315337851,203.400140150703
"F3",1,376,4381.15908878075,151.230928463212
"F3",1,377,2413.28314221856,151.165509953149
"F3",1,378,2364.77457439454,177.878016848859
"F3",1,379,4875.68890739603,182.122568801853
"F3",1,380,2583.22978297112,161.5155667058
"F3",1,381,2401.9142302487,196.5819053612
"F3",1,382,3123.0511083797,246.870179038638
"F3",1,383,5201.05421214804,201.976054891426
"F3",1,384,3192.79011964232,160.077567927545
"F4",1,1,3457.08583074809,94.744333408157
"F4",1,2,2527.92524048411,88.5192123843419
"F4",1,3,3920.63429883543,121.14805618715
"F4",1,4,3964.13960040636,227.760186616321
"F4",1,5,2778.32360397323,94.9707155513924
"F4",1,6,3215.31876997115,174.319777972063
"F4",1,7,3221.25787393319,135.560799408231
"F4",1,8,3570.13178646785,231.06044647067
"F4",1,9,3202.72220386238,182.876088364343
"F4",1,10,2902.51072924541,124.552331907983
"F4",1,11,2428.03452436398,145.690602072528
"F4",1,12,3605.72163965712,59.8062203422197
"F4",1,13,4208.84623366326,205.069756834154
"F4",1,14,3137.12248680348,260.123999243491
"F4",1,15,4100.39864543115,170.902783625294
"F4",1,16,3361.79985919713,50.6297383352235
"F4",1,17,1330.33180615342,81.6241941195119
"F4",1,18,3963.37524664516,181.800481146614
"F4",1,19,2389.51189669065,146.038284995842
"F4",1,20,2297.10213994738,116.05942729721
"F4",1,21,3040.32055131485,198.849524141082
"F4",1,22,3151.31034263361,243.428452093013
"F4",1,23,3674.55996472172,115.133489515261
"F4",1,24,2789.19226371863,172.814105974655
"F4",1,25,3618.86255852462,267.174909057582
"F4",1,26,4050.59334010214,211.626460005146
"F4",1,27,2622.44664080223,139.890053278892
"F4",1,28,1457.14986431782,234.46214189424
"F4",1,29,2459.78534587254,90.6190020466283
"F4",1,30,3386.55125336112,230.679169715524
"F4",1,31,2772.50585032217,100.436297910484
"F4",1,32,3084.47590145333,190.99957754731
"F4",1,33,3287.56738230561,178.341655509614
"F4",1,34,2516.41546025671,116.607571789032
"F4",1,35,2963.87403869166,113.600905986932
"F4",1,36,3407.5607351158,142.676867189783
"F4",1,37,3643.31115548117,111.654974986582
"F4",1,38,3707.19530099689,202.405295401263
"F4",1,39,3358.16784059652,163.349406647273
"F4",1,40,2780.26821156386,186.797904919168
"F4",1,41,1391.99384773251,166.532213807919
"F4",1,42,3975.11886379246,206.975710088099
"F4",1,43,5384.66415823196,128.039427760453
"F4",1,44,2705.39445395823,77.1798264099709
"F4",1,45,4004.82387251398,100.421701238731
"F4",1,46,2589.71717519793,96.6690119919988
"F4",1,47,1559.34692125818,123.879657138293
"F4",1,48,2471.65018502426,166.67318202705
"F4",1,49,3160.4760066121,187.372593742041
"F4",1,50,2679.81032771216,144.566678717576
"F4",1,51,1839.12642108785,55.5506662141464
"F4",1,52,2347.9761209432,116.417754437392
"F4",1,53,3936.27808075295,141.202721556233
"F4",1,54,3758.11785414793,128.145895921719
"F4",1,55,4078.03449966537,95.9278365039309
"F4",1,56,3913.03836353066,143.115562140834
"F4",1,57,2077.69480151309,211.601713045696
"F4",1,58,3616.23113406342,202.237820325297
"F4",1,59,4391.65891796469,122.360003493074
"F4",1,60,2591.50790081682,154.347536975458
"F4",1,61,4075.58729060435,144.863281217005
"F4",1,62,3446.68777790041,203.581599653615
"F4",1,63,2633.37346229328,163.092227164048
"F4",1,64,3223.32997789678,198.955069166291
"F4",1,65,2971.38835662556,104.586589013087
"F4",1,66,3218.67473218198,190.077982611021
"F4",1,67,2767.12233370667,141.004044923256
"F4",1,68,4364.37514633213,128.871842944017
"F4",1,69,4117.65634982839,84.0891657381603
"F4",1,70,3474.0270410385,223.731202036944
"F4",1,71,4569.31571377817,262.182388102328
"F4",1,72,4518.54380603092,171.534994226641
"F4",1,73,2578.51566050932,215.562150857427
"F4",1,74,4083.94692890019,141.808007067853
"F4",1,75,3843.79921223995,163.84536242308
"F4",1,76,3067.69856335905,201.648366155822
"F4",1,77,3206.30183627087,157.195714428873
"F4",1,78,2944.14271776399,118.188557217524
"F4",1,79,4358.17399231684,212.957310630516
"F4",1,80,2181.09204907191,149.947747367101
"F4",1,81,3035.37362905197,119.538264207941
"F4",1,82,4214.82032185608,218.676356088334
"F4",1,83,3545.83885594045,183.615181438845
"F4",1,84,4604.53072526023,171.543123461108
"F4",1,85,3057.15776531588,78.8241916161056
"F4",1,86,3580.11667699745,125.474046767161
"F4",1,87,3552.53927823624,135.483178668673
"F4",1,88,2617.36696826662,33.5634784209453
"F4",1,89,2743.98729460174,15
"F4",1,90,2390.36074702317,168.916824331705
"F4",1,91,2425.6686041513,133.341935710904
"F4",1,92,4841.2759936938,226.399641378049
"F4",1,93,4258.81669963314,174.52930039047
"F4",1,94,1882.33882425212,131.339708779148
"F4",1,95,2111.958707865,115.409843869562
"F4",1,96,2128.576675556,179.643609187443
"F4",1,97,2743.22613365738,137.34983538045
"F4",1,98,2801.02595511503,76.8578421002538
"F4",1,99,3214.86770112364,154.366318085763
"F4",1,100,3279.14325432333,182.711259715687
"F4",1,101,2977.74923731117,174.140890761301
"F4",1,102,3417.49660735778,174.055956582026
"F4",1,103,1921.37590798139,175.262238063913
"F4",1,104,3185.19876232222,161.534512572517
"F4",1,105,3540.03964403957,149.615839987172
"F4",1,106,3369.65177886197,154.469150059909
"F4",1,107,3753.40683198768,205.28965721552
"F4",1,108,4246.88231872694,152.477067485728
"F4",1,109,3911.62838847051,89.2601222422983
"F4",1,110,3683.36652518689,85.149675125163
"F4",1,111,1513.17104697054,138.790889855157
"F4",1,112,3106.12190919853,240.32261782233
"F4",1,113,2988.46537340621,128.39376667389
"F4",1,114,3312.33286272284,146.050118980459
"F4",1,115,2391.88878335128,172.522834091009
"F4",1,116,3066.68639789185,241.010773700226
"F4",1,117,3382.32500843545,161.562366499671
"F4",1,118,2951.65977590154,153.559985987256
"F4",1,119,2898.4938040957,149.89253360914
"F4",1,120,3536.87401648713,177.804307088341
"F4",1,121,3100.58185875524,198.232015693468
"F4",1,122,3251.13643825268,88.9973423579646
"F4",1,123,2753.12579395321,180.372335290144
"F4",1,124,3187.91559027286,174.905540391847
"F4",1,125,3944.05152158561,116.791190292525
"F4",1,126,4229.86815331661,115.018901555734
"F4",1,127,2041.4471406291,272.257920461495
"F4",1,128,4078.95820893204,164.663479348176
"F4",1,129,2467.19726340476,115.703063330353
"F4",1,130,1944.64542818759,195.706716983399
"F4",1,131,3231.72663149614,206.136088734498
"F4",1,132,4420.86365859243,189.348117369205
"F4",1,133,2698.54233287355,136.541294174557
"F4",1,134,3252.31923503758,137.951478308469
"F4",1,135,3110.07557399774,101.352665384531
"F4",1,136,2191.72368573282,140.780574071269
"F4",1,137,2056.87587861486,94.1881257879786
"F4",1,138,2769.11313417722,264.392380702991
"F4",1,139,4204.24287136081,85.4637127797556
"F4",1,140,3352.91937525447,139.95869632813
"F4",1,141,4201.76778397295,213.625023245257
"F4",1,142,3769.09075584362,185.415885114961
"F4",1,143,4359.48454048741,60.4019523089867
"F4",1,144,3798.24485237185,104.531798192163
"F4",1,145,4132.40798551478,49.6846760971504
"F4",1,146,2255.54681985545,268.39025058158
"F4",1,147,2261.08300385884,204.47588550174
"F4",1,148,2760.49713137624,147.112007794999
"F4",1,149,2517.57565451682,163.560477943459
"F4",1,150,2914.46441119737,183.564002393452
"F4",1,151,2738.1021550997,139.008542974317
"F4",1,152,3041.68646159519,211.150074778936
"F4",1,153,3817.65766890402,91.0845984909368
"F4",1,154,4281.55077380579,138.874054549653
"F4",1,155,2919.80194165781,198.036087456778
"F4",1,156,4149.45914436613,110.361420539471
"F4",1,157,3650.46770182137,220.028309467291
"F4",1,158,2969.42780725524,184.691628642199
"F4",1,159,1925.67050885473,151.999644471882
"F4",1,160,3397.25429470067,144.444127239813
"F4",1,161,3414.85674483926,208.634722644091
"F4",1,162,1095.3908435987,219.581156122425
"F4",1,163,2571.90233850126,129.042107158013
"F4",1,164,3041.39647313351,124.933068935186
"F4",1,165,2917.41227161636,150.10954376784
"F4",1,166,2468.727430786,195.281060977875
"F4",1,167,2094.32255017583,215.061227275561
"F4",1,168,3003.80937884673,210.903029724697
"F4",1,169,2847.98380113053,210.302461357297
"F4",1,170,2363.78668327794,123.111448896802
"F4",1,171,2656.89366071588,211.426410704355
"F4",1,172,3992.49607820987,138.706026656092
"F4",1,173,2826.57782529543,119.537463963289
"F4",1,174,3921.95217677312,130.837338473091
"F4",1,175,2665.42605140125,49.1860617291336
"F4",1,176,3597.8419625357,212.998868189758
"F4",1,177,3819.27519682605,137.944283894281
"F4",1,178,2144.49657959226,144.869375062523
"F4",1,179,3125.21465325069,151.074186980128
"F4",1,180,2568.87194859515,251.346597093515
"F4",1,181,4125.99020525994,190.408703937962
"F4",1,182,3023.39193502606,97.5606732180456
"F4",1,183,3769.14073476985,88.6746089182039
"F4",1,184,2835.26124382325,157.563474178289
"F4",1,185,3419.43623548829,239.11244448646
"F4",1,186,3553.29102970761,194.571914967124
"F4",1,187,3048.26056430746,172.686132868108
"F4",1,188,3091.89847845325,186.747809831343
"F4",1,189,3371.26253599784,178.091180864365
"F4",1,190,2859.7048775271,65.451698243811
"F4",1,191,2517.9462724229,89.6841183879301
"F4",1,192,4017.6280217778,139.903589103029
"F4",1,193,3832.19669482562,163.83975441276
"F4",1,194,3500.58618851031,189.776429815725
"F4",1,195,3745.56374610243,159.168003740761
"F4",1,196,2948.11123907384,208.619089705759
"F4",1,197,2902.3773354812,152.038571753228
"F4",1,198,2846.67703291506,138.716990441238
"F4",1,199,2764.95315577954,166.254377529524
"F4",1,200,2801.58423575074,115.618975520614
"F4",1,201,3153.4086428288,66.3410575812393
"F4",1,202,3713.66843521196,182.365567694706
"F4",1,203,2120.13542490389,230.310955639073
"F4",1,204,3564.45960547022,175.328750167158
"F4",1,205,3920.45056288594,186.204477580402
"F4",1,206,2658.73291997001,176.125794778629
"F4",1,207,3496.76815128683,178.600266030769
"F4",1,208,1584.19409352118,131.713512978108
"F4",1,209,4007.54402083926,131.924641719733
"F4",1,210,2849.24114300326,93.1973426069316
"F4",1,211,2587.351909458,113.735066028034
"F4",1,212,4219.6011608626,177.810300256123
"F4",1,213,4376.52585425866,173.172301064598
"F4",1,214,3967.77546254112,133.295551739567
"F4",1,215,3475.28348430186,204.607472636903
"F4",1,216,2558.78418685643,118.243720585404
"F4",1,217,2571.72546174583,186.829322114191
"F4",1,218,2679.08009180995,162.446286797657
"F4",1,219,3853.85649915321,138.781297013245
"F4",1,220,2510.24844103807,84.6709508685765
"F4",1,221,3478.13872769785,182.185476691076
"F4",1,222,4573.49693449961,200.744100516869
"F4",1,223,3563.57306461532,202.578186894148
"F4",1,224,3140.46577731019,153.437469553286
"F4",1,225,3015.78458268963,159.530129362091
"F4",1,226,3575.57411071931,161.556872673689
"F4",1,227,2562.15379502801,88.5244116129507
"F4",1,228,2588.8163888781,128.629477860077
"F4",1,229,2347.96514872998,139.003627885232
"F4",1,230,3972.71786802607,124.540327561447
"F4",1,231,2404.96001549131,176.970998388551
"F4",1,232,2941.94980022782,37.2341297578986
"F4",1,233,3438.20284516954,124.03053734599
"F4",1,234,3680.95061730304,157.996225970724
"F4",1,235,3459.45315479528,140.917806226155
"F4",1,236,3279.45617815024,217.773815796831
"F4",1,237,2005.73895760311,142.782098732906
"F4",1,238,3001.23772614571,234.169370836795
"F4",1,239,3023.37330628658,164.414493673018
"F4",1,240,3793.9028146932,197.014171966152
"F4",1,241,2751.47425616881,106.734276130845
"F4",1,242,3204.94230335624,197.507994393462
"F4",1,243,3773.8879563407,196.780046780725
"F4",1,244,2889.37980637976,144.532754705844
"F4",1,245,2413.49168044481,150.325026392128
"F4",1,246,1755.00433479996,225.31382922118
"F4",1,247,2566.60277702828,73.7352865367589
"F4",1,248,3314.47558985432,205.814197814656
"F4",1,249,3443.67783960173,98.164240828772
"F4",1,250,3128.7776471878,104.794387128164
"F4",1,251,3793.27498744875,155.107199621146
"F4",1,252,3668.60906196163,145.160869287203
"F4",1,253,1909.90968385635,208.940395369137
"F4",1,254,2903.99308731473,190.465755340122
"F4",1,255,2077.2413118377,237.442441961948
"F4",1,256,3847.75320416323,140.00791991193
"F4",1,257,1458.50169690157,216.208763175652
"F4",1,258,2871.72114281138,199.190717703441
"F4",1,259,3546.59183031326,282.626786131392
"F4",1,260,2480.28573547658,99.7279750138568
"F4",1,261,3201.50630395262,123.232714336692
"F4",1,262,1589.87271536944,209.777805710997
"F4",1,263,3440.82591185126,104.359983307947
"F4",1,264,3418.97731636371,101.161185242464
"F4",1,265,2320.69616745649,232.45186063666
"F4",1,266,3951.54360170028,125.068328609558
"F4",1,267,2925.49145871938,120.813977195993
"F4",1,268,3742.16094232407,107.401402829105
"F4",1,269,3374.23004190435,87.6669601526303
"F4",1,270,3856.65566242735,223.559675405578
"F4",1,271,3203.45658370427,130.578304831874
"F4",1,272,3374.33357835914,169.548734595971
"F4",1,273,3050.55085560792,257.87001972974
"F4",1,274,2326.5976148018,135.237501596029
"F4",1,275,3010.79801666571,140.39845311515
"F4",1,276,2154.0519008341,181.041348573874
"F4",1,277,3496.95719962379,189.469544984746
"F4",1,278,3648.5555482813,174.089561272484
"F4",1,279,4395.83439980042,151.462210530067
"F4",1,280,2700.26053691158,226.96667892354
"F4",1,281,3045.22854573069,209.197734646709
"F4",1,282,2199.24409575599,192.952970302563
"F4",1,283,3317.75132516338,149.99175472982
"F4",1,284,3007.70800445178,180.427404159197
"F4",1,285,3285.14831719865,150.45348909898
"F4",1,286,5144.98701552609,158.428849990854
"F4",1,287,3860.41051398225,141.924987709361
"F4",1,288,2557.64488822392,214.549010563269
"F4",1,289,2975.86830557594,142.545835676638
"F4",1,290,3427.62159029377,150.209830840487
"F4",1,291,3181.71695133806,215.872572949747
"F4",1,292,3871.42603140665,111.176580688642
"F4",1,293,2639.50029930317,176.405996253231
"F4",1,294,2397.59916743172,173.340422789822
"F4",1,295,3312.26142429035,171.367627546264
"F4",1,296,3444.58070140113,216.665226446815
"F4",1,297,2264.88130117914,204.134458742905
"F4",1,298,4976.64191090337,120.861182674924
"F4",1,299,2738.39504963315,92.3995810384487
"F4",1,300,4111.09058607361,180.395774030911
"F4",1,301,3409.84318849099,154.508060651701
"F4",1,302,3047.13391663557,63.39384801997
"F4",1,303,3966.33011484251,165.50428694209
"F4",1,304,5423.39662782592,131.103162371784
"F4",1,305,3309.84201573304,188.338241332627
"F4",1,306,3657.35570455158,201.270292439355
"F4",1,307,2448.20825571997,106.876426490503
"F4",1,308,3582.68943126242,205.636146076157
"F4",1,309,2905.38846573954,158.920440157168
"F4",1,310,4567.31035898303,119.347953098027
"F4",1,311,1701.31629593876,154.963541616236
"F4",1,312,1302.64949798005,93.5998352131638
"F4",1,313,3666.14562387308,82.1857739741263
"F4",1,314,2903.23736226443,176.597669902775
"F4",1,315,3399.37614860974,86.6540497870924
"F4",1,316,4140.78320986099,130.524997559224
"F4",1,317,3580.75047266828,149.753203995438
"F4",1,318,2705.64869586826,203.572898608206
"F4",1,319,2062.60403102622,256.2443795093
"F4",1,320,4181.38193080958,160.103070296384
"F4",1,321,1608.74982843941,79.824667772675
"F4",1,322,3569.07290065776,157.546159169213
"F4",1,323,3512.56023070846,221.078213541644
"F4",1,324,2141.55744831131,157.008712119274
"F4",1,325,2485.09742948074,210.944326486146
"F4",1,326,2523.11796473907,224.31500501765
"F4",1,327,2659.78899975205,221.692709345113
"F4",1,328,3769.71593003638,161.013326173696
"F4",1,329,3684.37119800119,141.241602572693
"F4",1,330,3314.32814083588,144.426367365317
"F4",1,331,2895.62252078131,121.481542251152
"F4",1,332,4118.99147525042,166.638041479362
"F4",1,333,4364.15413326929,49.9953494887309
"F4",1,334,3079.30349444232,173.341859395192
"F4",1,335,3771.72159051594,220.773338779126
"F4",1,336,4052.25487335077,165.838126150264
"F4",1,337,2303.01632152794,207.157626523003
"F4",1,338,4011.52715866413,260.345794800298
"F4",1,339,3816.6200886557,96.3536650736032
"F4",1,340,3525.12332733644,25.6613919876065
"F4",1,341,3159.02314551292,186.770472639439
"F4",1,342,3807.01121231331,174.723998513205
"F4",1,343,3258.14355996925,44.9824990730188
"F4",1,344,2168.86863894704,196.153862226913
"F4",1,345,4041.8084109531,155.057611005916
"F4",1,346,2995.31089876791,121.235804728599
"F4",1,347,2281.17739721158,97.1492182955415
"F4",1,348,4594.0091467807,128.419643070079
"F4",1,349,2658.02142525836,133.020318671293
"F4",1,350,2254.51879176347,190.125092899395
"F4",1,351,3303.18510940617,135.270279060494
"F4",1,352,2430.17785757228,152.343918773865
"F4",1,353,2084.75954513588,202.204982254567
"F4",1,354,4049.37206221251,249.316042605985
"F4",1,355,1910.70050115126,134.375446230617
"F4",1,356,3079.49007215842,95.5571985088736
"F4",1,357,3865.26312261203,174.785979124126
"F4",1,358,1632.74158142898,226.477473283508
"F4",1,359,3677.02967744483,143.136975511037
"F4",1,360,2991.50998094817,80.1337236586835
"F4",1,361,3035.60320353514,162.435939343708
"F4",1,362,2337.19718467924,151.365872973698
"F4",1,363,2721.86872854214,170.886241564004
"F4",1,364,2608.56040193973,68.6905764854081
"F4",1,365,3064.8866625067,161.758792625681
"F4",1,366,2529.12372054772,188.000699498086
"F4",1,367,3298.687759232,129.07345094873
"F4",1,368,2235.77716262617,160.791737701511
"F4",1,369,1874.54882546134,196.959586923243
"F4",1,370,3501.61732727635,147.733175263519
"F4",1,371,3253.20480735064,128.521116600996
"F4",1,372,2515.09726278086,85.0524078064376
"F4",1,373,4078.22554375518,158.175359129386
"F4",1,374,3810.21756125673,140.570494636624
"F4",1,375,3594.78688712523,109.433081426061
"F4",1,376,3994.54916067741,259.141509295292
"F4",1,377,4274.46738523107,52.9389958609494
"F4",1,378,2767.97172423193,45.5777091888226
"F4",1,379,3311.015809199,157.873825413351
"F4",1,380,3234.28631185841,206.497206087836
"F4",1,381,2896.30627822769,246.16675616868
"F4",1,382,3078.73603387498,166.950323325301
"F4",1,383,2537.34836517369,87.4166134527546
"F4",1,384,2983.52283254695,100.440031037876
"F4",1,385,2763.06143881037,154.989892169813
"F4",1,386,3803.9378825056,181.249623513773
"F4",1,387,972.07127773324,249.300592303968
"F4",1,388,3671.00499487814,125.613312041662
"F4",1,389,2260.06197184789,231.432997688349
"F4",1,390,2862.12365235569,138.982393892091
"F4",1,391,2913.18804824941,152.383311597466
"F4",1,392,4997.25491511001,98.260800135822
"F4",1,393,2587.46789126802,165.48690169717
"F4",1,394,2652.65353590963,203.995702052653
"F4",1,395,3636.77409396407,162.553825356746
"F4",1,396,3233.48925251326,234.120484558298
"F4",1,397,1887.92232902764,71.2202753793437
"F4",1,398,2488.1325628924,82.3628386144292
"F4",1,399,1608.01275726508,131.630172664559
"F4",1,400,3458.1085783883,115.39702576977
"F4",1,401,4060.90580523115,70.2832147636232
"F4",1,402,2890.96436246586,109.443659985728
"F4",1,403,2502.57544437603,59.5084211295576
"F4",1,404,2103.8781198352,183.034740350874
"F4",1,405,4115.29469944165,152.139523384482
"F4",1,406,2690.42979715278,186.410045140196
"F4",1,407,2955.52227990556,138.834450810739
"F4",1,408,2089.06733799122,193.719596518673
"F4",1,409,3070.7414398379,114.500826367296
"F4",1,410,1578.71484517486,172.361662221486
"F4",1,411,3574.0998425415,145.30886165717
"F4",1,412,2043.98142578979,110.676959432596
"F4",1,413,2864.97367673638,107.913055924503
"F4",1,414,3990.38612688176,123.742223888767
"F5",1,1,3533.24720537291,175.881933243995
"F5",1,2,2903.65776756257,68.8381740244017
"F5",1,3,2521.44344264095,82.7593723598256
"F5",1,4,2164.736586804,155.132838420886
"F5",1,5,3338.44098663352,158.144103104248
"F5",1,6,1866.95598499927,116.334852220852
"F5",1,7,3205.89079211769,232.477427825903
"F5",1,8,3972.13723033478,155.123306682023
"F5",1,9,3699.33755786788,162.941673872205
"F5",1,10,4258.97067532219,170.724890261028
"F5",1,11,3127.00552937108,115.063236446544
"F5",1,12,2618.17951821921,164.689729347146
"F5",1,13,3033.31795471263,192.653819285799
"F5",1,14,3467.85166560577,191.506265835436
"F5",1,15,4109.06669580581,202.083489439432
"F5",1,16,3513.7592111394,265.305865483854
"F5",1,17,2528.75205653191,106.599004614325
"F5",1,18,3566.84782051071,110.682046783423
"F5",1,19,2787.67320471802,114.36246885231
"F5",1,20,2030.59572778297,155.414875002506
"F5",1,21,2362.27338596806,95.6859627831895
"F5",1,22,4063.61744912833,171.439203683277
"F5",1,23,3339.17938076438,162.69197218586
"F5",1,24,2665.41389748471,83.9606851523408
"F5",1,25,3390.79171348833,250.828436460429
"F5",1,26,3183.10124345976,122.440075663731
"F5",1,27,4069.03119254356,140.508242678661
"F5",1,28,3654.94218709052,253.694817069403
"F5",1,29,5208.38116529471,136.680630176914
"F5",1,30,1814.55396136937,225.21459328054
"F5",1,31,2985.57442998175,196.945167505845
"F5",1,32,3242.21587793855,94.055463049979
"F5",1,33,3133.73837226159,198.213510572096
"F5",1,34,2823.96598753006,95.5601795057566
"F5",1,35,3300.47836611402,152.73011313326
"F5",1,36,3804.68518873921,145.397963238924
"F5",1,37,2750.42309439612,162.748120498049
"F5",1,38,2390.81293404481,167.887208692246
"F5",1,39,2908.20848298374,192.073426566534
"F5",1,40,3226.30827091105,207.336380019184
"F5",1,41,2322.43294803635,163.328416087841
"F5",1,42,3219.58035403539,51.9780845905779
"F5",1,43,4362.56272271808,191.422835716318
"F5",1,44,4717.267261632,146.436440190633
"F5",1,45,2180.1127869528,188.772725078163
"F5",1,46,3666.58254567932,168.527112475211
"F5",1,47,4291.44829977925,132.147307068443
"F5",1,48,2807.99770354965,101.907276378698
"F5",1,49,2948.65648373981,237.638700709049
"F5",1,50,3410.12299377346,214.039047287985
"F5",1,51,3538.16547302578,175.717076752317
"F5",1,52,2006.01258053971,176.814238348872
"F5",1,53,4481.31012348392,122.381537762693
"F5",1,54,3576.1424618537,118.095509518812
"F5",1,55,3142.7927042419,114.102740654305
"F5",1,56,3079.49070640019,210.059736477147
"F5",1,57,2551.07905280638,242.191123597682
"F5",1,58,3516.01143298041,181.336971400822
"F5",1,59,3297.54588300952,179.292143624453
"F5",1,60,4678.57371764374,195.002676628577
"F5",1,61,3150.67525790423,144.5405920764
"F5",1,62,3110.44437668291,108.978199410096
"F5",1,63,3555.46844353777,151.247859721377
"F5",1,64,2154.96227882658,196.599250382169
"F5",1,65,5313.53246843927,159.693783941328
"F5",1,66,2876.24228762953,84.2106035536619
"F5",1,67,2793.40429218121,182.088863950463
"F5",1,68,1588.22705545515,165.906601244947
"F5",1,69,2947.03739411195,156.332454053256
"F5",1,70,2664.75753670788,216.816704368339
"F5",1,71,3064.95744668888,142.933680682972
"F5",1,72,4345.6040477933,93.119173868476
"F5",1,73,1648.26998460542,162.27533425839
"F5",1,74,3509.15685892913,186.304667110583
"F5",1,75,3489.99721224261,140.359749648198
"F5",1,76,2515.50755456639,217.026121096046
"F5",1,77,2820.03677487875,139.259165509383
"F5",1,78,4009.25297736645,91.8108199171845
"F5",1,79,2780.86242947479,180.388018614782
"F5",1,80,1995.36170939549,43.7030147974376
"F5",1,81,2689.90639593581,147.659019619449
"F5",1,82,3883.33786683671,59.7639993601338
"F5",1,83,1980.92366187267,133.34918169845
"F5",1,84,2649.54128506081,128.965391468299
"F5",1,85,3649.4029704902,211.228362512798
"F5",1,86,3548.62935055606,94.5752601371236
"F5",1,87,4181.90163326829,291.362793855805
"F5",1,88,3435.28148544337,61.6973142791682
"F5",1,89,2772.92164009747,149.217427139272
"F5",1,90,2903.51613881607,180.3643672815
"F5",1,91,2499.33026646048,86.1412221477138
"F5",1,92,1799.67858033908,136.820754646885
"F5",1,93,3040.46026655864,174.123178625801
"F5",1,94,2833.99221453343,234.904069316003
"F5",1,95,2631.56019206561,244.257511869157
"F5",1,96,3171.02745452313,179.727744309665
"F5",1,97,3147.32852962322,202.666782082906
"F5",1,98,4451.75952502999,163.826140275877
"F5",1,99,4257.19108134702,138.908944697072
"F5",1,100,2898.14075996084,248.03308358605
"F5",1,101,3233.9835221583,169.387159204044
"F5",1,102,3435.70882510359,162.68635131274
"F5",1,103,3190.89291675747,183.035381988573
"F5",1,104,4045.34827015317,114.262254392602
"F5",1,105,3070.02835574572,241.311150558557
"F5",1,106,4437.90608441707,169.062028068447
"F5",1,107,3052.085321142,28.0328590248653
"F5",1,108,1746.10496743231,167.111789976749
"F5",1,109,2629.81262210207,206.019104425243
"F5",1,110,4200.81999330791,142.669510088757
"F5",1,111,2795.25408021074,226.450102616622
"F5",1,112,3719.02151540747,138.868280462043
"F5",1,113,2222.88312108635,153.127112148591
"F5",1,114,3861.57877543972,138.998172066814
"F5",1,115,2185.38894441003,147.675188506379
"F5",1,116,3870.09963886836,222.310143556993
"F5",1,117,4587.04803501311,138.128603986068
"F5",1,118,3218.62629566433,80.3869309100817
"F5",1,119,3918.4103732777,199.99372395045
"F5",1,120,3704.20667321704,221.434410749351
"F5",1,121,2593.78284755013,183.640576904874
"F5",1,122,2288.65957219688,120.515121903307
"F5",1,123,4669.03126499374,163.116275423658
"F5",1,124,2943.36279554621,236.296439417017
"F5",1,125,2628.07687788156,101.972767497491
"F5",1,126,4046.5138474008,239.004830222328
"F5",1,127,3394.01166163416,214.875335954025
"F5",1,128,2512.84505741906,167.016796161347
"F5",1,129,2456.39445640519,136.442410854518
"F5",1,130,1967.75336229302,197.127994311994
"F5",1,131,3932.71707449386,98.0316309538586
"F5",1,132,2086.80796898487,116.084917270061
"F5",1,133,2189.47017758539,233.183400756378
"F5",1,134,4135.91406734711,147.159956923087
"F5",1,135,3238.45701159681,147.147981583756
"F5",1,136,2676.35002471917,119.391889706296
"F5",1,137,3414.20585087065,215.434849262977
"F5",1,138,2941.71177176397,168.878272175724
"F5",1,139,2526.29285293609,217.420238558067
"F5",1,140,3462.02492667246,252.873079973559
"F5",1,141,4287.17034868262,102.567286600089
"F5",1,142,4517.07732091969,169.792317852463
"F5",1,143,2733.19470959283,108.660543658342
"F5",1,144,3577.07735832223,179.3465010917
"F5",1,145,2740.29256590418,153.203176635528
"F5",1,146,2490.7115232984,130.076570343105
"F5",1,147,1983.93441693413,213.529273652076
"F5",1,148,3642.18699112511,148.780217996467
"F5",1,149,2736.81810432887,55.8639985094605
"F5",1,150,3033.924377205,99.205898653347
"F5",1,151,2295.17359380254,146.497487177396
"F5",1,152,3200.44176229284,136.3612107907
"F5",1,153,4425.68324238472,163.411837975986
"F5",1,154,3307.64733448792,150.046640668454
"F5",1,155,2889.17513818369,242.2027392315
"F5",1,156,3296.95379697987,74.0206627678205
"F5",1,157,3788.32328244521,137.260276477351
"F5",1,158,2986.79934291248,138.721515345731
"F5",1,159,3172.43839665786,193.302049191649
"F5",1,160,2264.90896001309,136.828940786806
"F5",1,161,5077.21817102347,264.974948905543
"F5",1,162,3825.35335836462,140.101739592319
"F5",1,163,3824.99766773238,170.690936250428
"F5",1,164,3097.13838977397,235.400391985993
"F5",1,165,2783.72175808328,193.833854776946
"F5",1,166,3754.19818316873,157.738460499396
"F5",1,167,2446.90495270398,183.512706287814
"F5",1,168,3902.06974717471,82.5225961105935
"F5",1,169,4087.0814899101,53.4984072249114
"F5",1,170,3228.91666618945,50.9612070322828
"F5",1,171,3771.39937362391,265.089423601125
"F5",1,172,3929.91157735376,153.256871056351
"F5",1,173,3360.38619445021,125.17822996146
"F5",1,174,2544.40527408348,197.216659412173
"F5",1,175,2855.55278145205,209.326922684521
"F5",1,176,2807.94837749849,146.71212981287
"F5",1,177,2264.60090090144,81.3805164391577
"F5",1,178,4270.5773023608,91.0871086117108
"F5",1,179,4196.66816480853,225.344855540595
"F5",1,180,3326.72048943049,116.687813962249
"F5",1,181,2016.97875749481,245.151435223625
"F5",1,182,2785.33864807841,197.777497039513
"F5",1,183,3117.30962600775,153.262311808518
"F5",1,184,4147.79028780137,219.08322700613
"F5",1,185,1547.42564402679,92.4228770025262
"F5",1,186,4783.57778488911,144.91904679552
"F5",1,187,3423.6320279079,219.455592399842
"F5",1,188,2910.79190915843,117.320465740687
"F5",1,189,4025.50599086524,110.451737344389
"F5",1,190,2719.22684885023,126.605572834873
"F5",1,191,3471.8443298494,237.137661833654
"F5",1,192,2919.13728344176,244.526985341794
"F5",1,193,3241.28460010162,106.859306544988
"F5",1,194,3255.44122995777,168.441499260654
"F5",1,195,1773.37105814307,208.050060038919
"F5",1,196,3687.11060095261,177.545245371382
"F5",1,197,4087.07606564107,171.641684155111
"F5",1,198,4252.97598688722,160.847322797387
"F5",1,199,4085.65197838444,137.240994885603
"F5",1,200,2735.03659970998,228.398686681189
"F5",1,201,3138.49470810773,175.608412837473
"F5",1,202,3647.28623158386,125.823444445478
"F5",1,203,3798.29670283299,79.552329715547
"F5",1,204,3748.03151773852,98.4111571508226
"F5",1,205,2931.69980440861,226.239017246616
"F5",1,206,2950.04658286237,153.697019892121
"F5",1,207,3998.48272357581,193.326295584924
"F5",1,208,2727.37106132031,109.975036176286
"F5",1,209,3524.35583277461,194.495529929272
"F5",1,210,3143.50721389674,200.413619060107
"F5",1,211,3816.48796878687,250.428851425708
"F5",1,212,3434.40433075604,76.3709577621687
"F5",1,213,2126.7943960342,130.426676930878
"F5",1,214,2524.2921865175,153.614967826292
"F5",1,215,2393.79172885947,79.6041988660258
"F5",1,216,3149.72229969816,64.212731081485
"F5",1,217,3186.22760154594,250.990681411357
"F5",1,218,3679.33063567807,179.554886489113
"F5",1,219,3055.76415465193,196.828867494611
"F5",1,220,3044.84973171926,61.3827673389215
"F5",1,221,2213.58597291961,241.631841415052
"F5",1,222,3739.56126517117,165.543446205288
"F5",1,223,4462.66596725632,268.690501206507
"F5",1,224,3654.16723483894,196.29396018126
"F5",1,225,4095.35046857036,246.444610647476
"F5",1,226,2758.2790132326,161.869007880377
"F5",1,227,2477.95229167775,126.243149720631
"F5",1,228,3369.72809546241,92.858117128906
"F5",1,229,3773.15823490937,113.73603451964
"F5",1,230,2948.88949372595,121.796475064574
"F5",1,231,3800.13108229861,283.116985012568
"F5",1,232,3417.24876202219,95.4706945631242
"F5",1,233,4121.29772250474,136.130539696934
"F5",1,234,3078.30517089985,197.579527623413
"F5",1,235,4065.44418612658,172.782498218526
"F5",1,236,2819.64085881371,154.028019292408
"F5",1,237,2465.93574687597,228.884392170876
"F5",1,238,4489.20964161753,211.50488181259
"F5",1,239,2657.40664227003,151.176547322275
"F5",1,240,3772.18665524054,181.996479879086
"F5",1,241,2905.38246440802,178.225152641107
"F5",1,242,2883.362088635,113.68711125366
"F5",1,243,2476.04273144229,138.08600582036
"F5",1,244,2384.17030989173,159.818747048227
"F5",1,245,2462.52465859258,149.562059677215
"F5",1,246,3882.25458609469,132.519821651367
"F5",1,247,3847.23152720848,110.058888718597
"F5",1,248,2924.25457665649,160.082169663431
"F5",1,249,4738.4173561649,119.815570461121
"F5",1,250,3426.39054556712,162.56318981624
"F5",1,251,3313.37170687573,138.786089286749
"F5",1,252,4564.14613573073,94.7553390684855
"F5",1,253,3405.11554246221,142.741040526956
"F5",1,254,2890.33265233214,165.067996795537
"F5",1,255,2541.04355466315,167.406836238053
"F5",1,256,3009.30221450903,157.627283538682
"F5",1,257,3605.91036973147,258.233301410502
"F5",1,258,2653.57483140099,45.0665205251491
"F5",1,259,3230.67180465846,231.919549362077
"F5",1,260,3521.72441432314,107.591074103567
"F5",1,261,4500.92669831074,162.417352532106
"F5",1,262,4209.32745285861,128.147225095312
"F5",1,263,2373.50062388839,130.812125177341
"F5",1,264,3928.89026605866,221.141890747704
"F5",1,265,4175.44566290566,144.573238764392
"F5",1,266,3544.91164975087,120.057874061733
"F5",1,267,2262.74776106035,188.877079736074
"F5",1,268,3728.55959537502,124.538138692217
"F5",1,269,3002.07366025227,93.0962557553017
"F5",1,270,4417.56006087748,187.331892618252
"F5",1,271,2419.39963456967,108.787658727338
"F5",1,272,3063.59085248857,117.726286182791
"F5",1,273,1998.20346475824,195.846906629863
"F5",1,274,3582.09282128988,171.252375856136
"F5",1,275,2105.28473011507,125.380443699669
"F5",1,276,2338.24660137997,76.6036416591088
"F5",1,277,3387.36378889092,192.781495557269
"F5",1,278,3423.44495404937,209.798131202989
"F5",1,279,3818.63316595208,116.831452079369
"F5",1,280,3200.38653889791,80.0377759414069
"F5",1,281,2988.67093393317,222.518262298976
"F5",1,282,4016.64172747141,200.274536780543
"F5",1,283,2154.8503575224,200.586331304075
"F5",1,284,1538.0588773022,87.0909665560939
"F5",1,285,3394.59082939713,180.811056413348
"F5",1,286,1792.60107250232,135.446023127182
"F5",1,287,3107.43893251895,232.187408524714
"F5",1,288,2698.20579102801,162.304977753881
"F5",1,289,3329.34946971464,200.200838211301
"F5",1,290,3148.61419952929,153.65099291795
"F5",1,291,3106.5430547434,258.01851738817
"F5",1,292,3840.18481030304,86.9075676675006
"F5",1,293,1972.95351505423,103.028420652349
"F5",1,294,2612.64657697258,106.586583970998
"F5",1,295,2823.72149880339,172.121840553918
"F5",1,296,2684.40916816784,107.080558254941
"F5",1,297,3757.11521263439,196.747754208095
"F5",1,298,3941.03280634276,145.473895552969
"F5",1,299,2538.97280605527,164.489225906673
"F5",1,300,2861.26533697872,84.3326497579572
"F5",1,301,2024.67845274969,164.912363862718
"F5",1,302,2307.89693475141,140.603832338668
"F5",1,303,3715.80996618849,152.472216596106
"F5",1,304,3774.69915126738,224.511961278564
"F5",1,305,3760.83228540213,86.7100914796672
"F5",1,306,4889.62749281603,121.240634470145
"F5",1,307,4153.69054395473,218.502958552652
"F5",1,308,3456.36619397443,186.768305845817
"F5",1,309,2366.24281846624,130.251921955745
"F5",1,310,2425.32157429621,189.665841030213
"F5",1,311,3320.58748226711,206.409219189093
"F5",1,312,3237.95031821523,140.84851574999
"F5",1,313,2994.59915617036,193.987006616812
"F5",1,314,5028.38873296507,197.642132133573
"F5",1,315,2831.1452558574,85.6037481025453
"F5",1,316,3388.46297986993,124.67843586431
"F5",1,317,2434.24184509122,210.20153442161
"F5",1,318,3173.03275997615,131.716826061914
"F5",1,319,3003.59042611442,160.37424139216
"F5",1,320,3672.19187458253,123.355165590824
"F5",1,321,3623.49986765881,165.542953768179
"F5",1,322,3470.88685610521,185.695896407125
"F5",1,323,3278.90084503627,129.297086049841
"F5",1,324,2675.8436233705,131.457621419817
"F5",1,325,3455.5179428795,153.049130401382
"F5",1,326,3401.17019661881,104.144508825257
"F5",1,327,3507.99810062563,193.536270854041
"F5",1,328,2495.05918254719,152.167547735289
"F5",1,329,3292.87631411885,189.486436003541
"F5",1,330,3320.42801231407,184.018566513066
"F5",1,331,3287.0248959228,114.533480969308
"F5",1,332,1322.01362298091,107.774865518463
"F5",1,333,4253.03818380946,155.545064644603
"F5",1,334,4907.38203572962,109.416356513741
"F5",1,335,3754.51072940444,123.99346936796
"F5",1,336,4080.05668513453,210.937133243558
"F5",1,337,4144.96001906566,214.747262846104
"F5",1,338,2721.73372412028,251.803643429093
"F5",1,339,3577.12759539848,172.556269745153
"F5",1,340,1614.4735264503,156.801454754175
"F5",1,341,3737.72572830086,149.723335223826
"F5",1,342,3614.94178873575,155.217792232252
"F5",1,343,4194.41830456279,71.4285523270883
"F5",1,344,2906.32502714346,145.062053769948
"F5",1,345,3500.91475670414,200.348730166541
"F5",1,346,4539.65468880874,141.009081872422
"F5",1,347,3983.65950363385,101.644376984196
"F5",1,348,2753.17816399388,118.42014018139
"F5",1,349,3455.77134726987,136.096130923705
"F5",1,350,3468.57189474709,93.9732735864736
"F5",1,351,2792.14341279674,169.510492964362
"F5",1,352,2830.96206286501,183.819163440194
"F5",1,353,4891.17551751382,179.871302254541
"F5",1,354,3535.79386428371,210.838533032594
"F5",1,355,2445.35197891449,181.963323526692
"F5",1,356,3794.77711462095,148.916753299726
"F5",1,357,2988.12449368248,174.366672222235
"F5",1,358,3553.23897445277,121.776912219598
"F5",1,359,3134.26854326205,100.581164723884
"F5",1,360,3156.90193757221,149.343423666932
"F5",1,361,2744.11712451144,133.845926641991
"F5",1,362,3758.58356162045,195.169170023437
"F5",1,363,2778.65716165544,113.063280114641
"F5",1,364,2126.64928587641,132.95058067153
"F5",1,365,3770.59511393973,290.568269679864
"F5",1,366,3365.05492746181,104.520044490776
"F5",1,367,2028.39187348981,186.273809373181
"F5",1,368,4730.37585903539,192.892967454017
"F5",1,369,2422.50322880314,216.137269625885
"F5",1,370,1934.30112653162,205.99896592594
"F5",1,371,2711.14289433032,135.254955408272
"F5",1,372,3680.150406247,164.322809407431
"F5",1,373,1660.96717794746,67.5799571902497
"F5",1,374,2932.41527445457,189.15952461947
"F5",1,375,2909.1617340467,113.780358116773
"F5",1,376,2898.76585289976,147.609154438319
"F5",1,377,3374.27757918799,299.458551334016
"F5",1,378,3563.84074840253,165.188518065692
"F5",1,379,3606.36491981392,235.157064977699
"F5",1,380,2760.63761763825,128.534565363827
"F5",1,381,3056.10370893659,67.121393613621
"F5",1,382,3146.14566145171,53.0467364589662
"F5",1,383,2612.45880199327,177.445744172001
"F5",1,384,2645.17911036899,207.954633040828
"F5",1,385,3343.14407796003,124.694441458954
"F5",1,386,2229.35073588489,268.264754835673
"F5",1,387,2538.20988575662,173.934735253808
"F5",1,388,2730.29598886317,151.607022140763
"F5",1,389,3546.66828860767,144.787224164583
"F5",1,390,3136.94543019689,272.297683713655
"F5",1,391,3525.04906365131,162.2898714217
"F5",1,392,2593.64235774911,98.1253366237747
"F5",1,393,4271.38179649471,121.317118609718
"F5",1,394,1500.95247794099,152.453148601533
"F5",1,395,2583.85147043185,207.314657334311
"F5",1,396,3650.12394396075,148.903262065758
"F5",1,397,2483.91128965751,188.610749476138
"F5",1,398,2686.93759883414,17.7858153629122
"F5",1,399,3991.45852032624,191.23688345444
"F5",1,400,3422.98522825975,235.855188585357
"F5",1,401,3150.62047258608,184.995107768169
"F5",1,402,4104.1654602411,66.3404788211832
"F5",1,403,3527.97963626775,90.5784992972972
"F6",1,1,3568.44601354367,90.2395273881113
"F6",1,2,2419.22504842736,159.518008196726
"F6",1,3,3364.79303560732,133.873447179408
"F6",1,4,2648.6308080186,201.945709157662
"F6",1,5,5097.7032078602,256.515633184354
"F6",1,6,3438.69868117361,135.095184610721
"F6",1,7,2783.09189570919,215.944250968335
"F6",1,8,4135.13573056338,134.52879369823
"F6",1,9,3153.32771959183,160.179723496281
"F6",1,10,2971.87084319046,186.548453093078
"F6",1,11,2894.99030756816,151.840206841699
"F6",1,12,2764.82729191788,228.175566284552
"F6",1,13,2821.55397259813,210.523870096336
"F6",1,14,2891.21905356866,210.762577866969
"F6",1,15,4755.73208425692,97.3420385199867
"F6",1,16,2772.59706977264,210.679591442931
"F6",1,17,3089.53953203429,138.352994036883
"F6",1,18,1211.70398754433,147.710585530594
"F6",1,19,3020.48511372487,192.051934076982
"F6",1,20,3867.47180069021,212.151498186374
"F6",1,21,4957.70714675939,96.3559462362329
"F6",1,22,2600.08638970234,194.828421131389
"F6",1,23,3417.38461937864,201.260773238657
"F6",1,24,3401.18732547853,144.30429032525
"F6",1,25,2768.32202926176,156.398065395126
"F6",1,26,4164.01955966623,105.066392852938
"F6",1,27,2362.90868003769,171.122322626231
"F6",1,28,1980.15484097281,32.6950244444321
"F6",1,29,2920.42234744788,137.44440353146
"F6",1,30,1948.86201190641,129.906944982496
"F6",1,31,3174.51299634139,232.94593798669
"F6",1,32,3474.56914595803,153.231989280663
"F6",1,33,2885.46075299652,229.813781571175
"F6",1,34,4248.93600202233,109.964130187719
"F6",1,35,3596.42519779091,208.408247319453
"F6",1,36,3277.10055959535,162.376326987128
"F6",1,37,4593.80036460793,205.988570745907
"F6",1,38,4587.80372409413,168.295638297807
"F6",1,39,4885.30700887878,164.916733347194
"F6",1,40,1827.59122154263,148.445131701926
"F6",1,41,3097.90337922082,101.479517793149
"F6",1,42,3884.80598426766,183.378573475
"F6",1,43,3196.41001359728,102.125422876493
"F6",1,44,3103.64790655623,192.870705710693
"F6",1,45,4257.82844432467,123.543963363175
"F6",1,46,3601.29389513446,223.354147433093
"F6",1,47,2952.25981792206,126.501061264862
"F6",1,48,3488.71086928839,211.001177040422
"F6",1,49,3630.21449821901,208.915454146552
"F6",1,50,2371.69346384676,83.1711877002954
"F6",1,51,1748.9290998601,37.8022410615622
"F6",1,52,3036.46784166893,142.796462362865
"F6",1,53,3583.88659881504,105.645756732489
"F6",1,54,4172.03408355542,177.434466543475
"F6",1,55,2968.29904544589,256.52654147469
"F6",1,56,2850.17935672059,150.859367570167
"F6",1,57,1934.63179745402,141.012553528717
"F6",1,58,2708.13716757131,250.802979547221
"F6",1,59,3770.15851413866,209.4015256252
"F6",1,60,2511.66351275338,196.70394234792
"F6",1,61,2860.12944838553,122.71058358394
"F6",1,62,3229.83582832545,122.947413025367
"F6",1,63,1553.13265124718,90.4118549111992
"F6",1,64,2512.68436219451,251.955500282852
"F6",1,65,3586.10047820517,166.150637757137
"F6",1,66,3215.19657527992,172.625766374073
"F6",1,67,2800.23853521765,168.227360704943
"F6",1,68,3200.59848912257,152.073993817344
"F6",1,69,4705.57718587186,168.160195450205
"F6",1,70,3567.71880253671,168.017386515594
"F6",1,71,4507.99161992817,112.515712389979
"F6",1,72,2673.87651667102,211.119689894381
"F6",1,73,3370.5370910984,153.000352284543
"F6",1,74,2497.4763382012,171.473507224653
"F6",1,75,4226.21060979597,170.418380286404
"F6",1,76,2813.60584080061,254.706038844944
"F6",1,77,2991.1452888446,183.41108695175
"F6",1,78,2693.87097128315,161.450207738562
"F6",1,79,3378.49407467408,88.298552119825
"F6",1,80,3305.79413665516,233.269828036233
"F6",1,81,2943.99644338781,146.992389503752
"F6",1,82,3873.94156884467,141.057633445043
"F6",1,83,3120.31249916331,151.967695318843
"F6",1,84,2383.57152910771,101.090908567781
"F6",1,85,2732.92058519609,174.286693696159
"F6",1,86,3298.472624077,125.094032082426
"F6",1,87,2772.57776270189,152.982315699452
"F6",1,88,3324.91232183547,160.596695235859
"F6",1,89,3095.29195616381,158.760620067994
"F6",1,90,2443.68123086339,63.9425513966967
"F6",1,91,2476.91042801786,183.953739506894
"F6",1,92,2407.84945994645,136.598983171327
"F6",1,93,3578.45176611463,138.588579212758
"F6",1,94,2445.66080002328,205.777735101586
"F6",1,95,3766.07682989082,117.8480909971
"F6",1,96,4214.09378574862,296.998844832866
"F6",1,97,3681.1079463917,178.825218068765
"F6",1,98,3924.1574825571,249.671434108921
"F6",1,99,4384.52616382575,159.652537178259
"F6",1,100,2719.39556486737,236.899899137018
"F6",1,101,2847.45222313219,110.182804925385
"F6",1,102,2832.5606303118,199.899098814396
"F6",1,103,3223.09242984964,205.991139839889
"F6",1,104,3898.38943939698,241.94142420613
"F6",1,105,3241.72038672071,109.106192514897
"F6",1,106,3489.66234378489,255.28983446992
"F6",1,107,3153.68251455038,129.577216025567
"F6",1,108,2166.85152517606,122.720692004568
"F6",1,109,2621.5807798681,76.5469856645729
"F6",1,110,1938.31384062821,144.554287147806
"F6",1,111,3989.19653788264,145.864226482603
"F6",1,112,2338.34016493294,161.518880119217
"F6",1,113,2586.12824880364,217.057480326083
"F6",1,114,3993.89085865012,125.461601935913
"F6",1,115,2932.38774950847,180.27619853842
"F6",1,116,3138.98760033258,227.790197006884
"F6",1,117,2869.87919882707,214.781974225522
"F6",1,118,2315.12537430736,183.527316117461
"F6",1,119,2822.92090279075,148.364568731763
"F6",1,120,3600.41767448746,158.088131094945
"F6",1,121,3643.13960252061,145.365347442698
"F6",1,122,3142.28545421072,72.9869690169111
"F6",1,123,3935.47773508106,214.217575021569
"F6",1,124,2651.48497705064,116.397997553012
"F6",1,125,2707.56121215807,252.559031059951
"F6",1,126,3273.59809411898,161.723151075055
"F6",1,127,3200.61882191514,62.347129387242
"F6",1,128,2402.88222427286,111.714526343078
"F6",1,129,3741.90911524772,135.277095284279
"F6",1,130,2094.53166916847,92.7953621855357
"F6",1,131,2872.46251756523,157.915473022461
"F6",1,132,2241.36763890681,153.762510695393
"F6",1,133,2367.12208320269,54.8187639783956
"F6",1,134,1521.45182295156,204.468101922084
"F6",1,135,3474.29642997121,220.81705358757
"F6",1,136,3901.59554652579,123.009216280968
"F6",1,137,3466.58530159759,106.569648826687
"F6",1,138,3035.82407336501,174.859618614425
"F6",1,139,3898.45399276286,146.371716680718
"F6",1,140,3815.64377077714,180.100214854429
"F6",1,141,2592.77049079673,16.449731984743
"F6",1,142,4732.84063343546,181.89587069419
"F6",1,143,3808.69661607863,219.298158954696
"F6",1,144,3480.322792174,150.505952624499
"F6",1,145,3128.90719371309,228.647961785284
"F6",1,146,3215.40123824919,219.970166987381
"F6",1,147,4199.95466713795,160.766187228874
"F6",1,148,3605.14717293232,189.770864441357
"F6",1,149,2867.80465735338,96.5280860262901
"F6",1,150,4652.11746503099,173.586392308825
"F6",1,151,2922.74392525023,113.544501692219
"F6",1,152,3528.9104757555,190.758061208893
"F6",1,153,2694.66624275948,68.6592897222299
"F6",1,154,3688.04103616461,109.231831182422
"F6",1,155,3448.10608058352,206.554367922341
"F6",1,156,3192.74016007884,140.497766072832
"F6",1,157,3314.82096419084,200.656226363598
"F6",1,158,2617.86524406733,135.947372037946
"F6",1,159,3212.83675233332,219.217460706727
"F6",1,160,2203.99283276399,230.686113911459
"F6",1,161,2782.26276519825,66.3146469534
"F6",1,162,2193.8789001756,238.591290219582
"F6",1,163,3011.55910914653,156.114477457902
"F6",1,164,2673.13067853754,150.456665429931
"F6",1,165,3464.57469709485,177.0889867331
"F6",1,166,3021.02168704925,84.4270750821717
"F6",1,167,3235.33983506802,148.507615771612
"F6",1,168,3241.33732708249,72.7975745046228
"F6",1,169,4225.16333347179,265.65306265491
"F6",1,170,4078.25946435065,208.3926903461
"F6",1,171,3542.93597195543,158.485762098283
"F6",1,172,4199.76243658343,117.011666735526
"F6",1,173,2784.70083204949,170.62707817516
"F6",1,174,2497.09705330353,215.636246580884
"F6",1,175,4120.41719026036,204.609794305956
"F6",1,176,2417.40184371993,188.656396999462
"F6",1,177,3261.24652693272,150.416575551108
"F6",1,178,2670.48929955545,120.341629178324
"F6",1,179,2449.25343397455,82.9904304810958
"F6",1,180,4481.00985059455,165.771838808351
"F6",1,181,2101.23909176046,218.279521465772
"F6",1,182,3918.32313315804,129.202121265047
"F6",1,183,1932.41326060339,184.705726669243
"F6",1,184,3515.36199825186,107.924408493914
"F6",1,185,4529.12865038757,271.507377543006
"F6",1,186,1335.05061005868,226.013268550311
"F6",1,187,4128.22703622447,195.714912451587
"F6",1,188,3755.45087257666,239.427185687575
"F6",1,189,3832.88708988323,192.056921365254
"F6",1,190,3331.34519470965,146.079643264515
"F6",1,191,3973.58202653514,150.354146698357
"F6",1,192,3217.242431185,65.8092633421581
"F6",1,193,3547.0416699476,153.604005835656
"F6",1,194,3990.40854988457,163.671502552137
"F6",1,195,2381.42215833877,220.816871664775
"F6",1,196,3243.17404915202,173.11093968034
"F6",1,197,2834.47942318415,164.615748788399
"F6",1,198,3224.20876258118,147.222529576132
"F6",1,199,3677.6454849101,214.379660361752
"F6",1,200,4080.56419032392,91.4960642556991
"F6",1,201,4263.27361599922,113.866085170295
"F6",1,202,3618.52761207285,54.4688693615263
"F6",1,203,2314.81174150827,122.72990054197
"F6",1,204,3914.60226487112,216.899204263509
"F6",1,205,4276.87227809609,175.325019991995
"F6",1,206,4411.92286836016,116.612245798286
"F6",1,207,3595.73373955585,71.5881260769125
"F6",1,208,2651.38776410471,143.801021008719
"F6",1,209,2464.30424274501,130.130430253581
"F6",1,210,4130.70090580033,182.855190681729
"F6",1,211,3560.27108905794,216.410004176949
"F6",1,212,2042.71512077763,228.516504365465
"F6",1,213,2992.33848960979,109.461334830026
"F6",1,214,2247.13815359891,166.269790989036
"F6",1,215,3955.68791089479,235.601745346898
"F6",1,216,3761.20993720864,166.299244175938
"F6",1,217,3936.97926705386,136.868797608018
"F6",1,218,5038.15320418344,93.8536718165305
"F6",1,219,4173.79130705265,174.261684600463
"F6",1,220,4709.66034090293,72.336204381866
"F6",1,221,2869.93320601434,248.381720656416
"F6",1,222,3474.32625187309,188.152410734147
"F6",1,223,2127.09068994684,201.513594542709
"F6",1,224,3109.25603091652,197.341847147587
"F6",1,225,3180.55111702785,190.275205043699
"F6",1,226,3222.33431247715,113.760901441345
"F6",1,227,3811.93950008223,219.041410285244
"F6",1,228,3910.53285566707,131.804243563583
"F6",1,229,3891.57563728517,144.421173720437
"F6",1,230,3549.62637236511,180.765112940209
"F6",1,231,3286.63177869785,196.804474256083
"F6",1,232,1973.56862842877,146.134469482585
"F6",1,233,2579.86879709547,134.765774652573
"F6",1,234,2648.62494371538,86.7831612982183
"F6",1,235,3519.22706772156,183.454036316045
"F6",1,236,2792.14797452273,217.239940666986
"F6",1,237,3638.03289730493,167.053142187093
"F6",1,238,3558.84556634639,173.044749877812
"F6",1,239,2304.92557527049,146.838837202581
"F6",1,240,2908.90542051004,134.806483555152
"F6",1,241,3785.90412865256,254.241786250644
"F6",1,242,2660.23541797353,139.996832009199
"F6",1,243,2861.81567121134,62.8423300183797
"F6",1,244,3790.33292758332,115.102297702314
"F6",1,245,2786.23936542201,129.671037985734
"F6",1,246,3536.65455142036,140.273718485674
"F6",1,247,2232.73717358617,187.084258116031
"F6",1,248,4095.57701181493,126.033444069401
"F6",1,249,3028.7938995487,142.505119840296
"F6",1,250,2944.23991196822,190.4544515583
"F6",1,251,4143.53714821994,162.308628262902
"F6",1,252,3266.34092215001,185.363067046969
"F6",1,253,2984.66907311995,173.667519391194
"F6",1,254,2360.68302261545,190.22776770914
"F6",1,255,3822.93518471176,106.438890042642
"F6",1,256,2064.94415151364,103.279059984177
"F6",1,257,3472.11561375054,118.510158124871
"F6",1,258,3025.93461354338,191.869807175018
"F6",1,259,3248.87356621782,15
"F6",1,260,2775.58195309839,181.545748823331
"F6",1,261,1234.12942587993,201.257360945127
"F6",1,262,2649.84961075931,133.403848956336
"F6",1,263,2846.51876009894,226.392782763624
"F6",1,264,3115.14532766931,153.047579496147
"F6",1,265,3914.61743050376,166.000298669601
"F6",1,266,2369.52953130011,180.102280203381
"F6",1,267,3675.75491068996,106.907209035621
"F6",1,268,3367.69144456837,119.785220332678
"F6",1,269,3441.76961296318,59.4918496291701
"F6",1,270,4236.07115932117,39.1379843931384
"F6",1,271,2254.72638370832,181.895000635732
"F6",1,272,3437.47991206131,120.519648326497
"F6",1,273,2443.69644157989,107.113060298943
"F6",1,274,1727.36714519377,140.915990131762
"F6",1,275,2412.55154503104,96.5457292161301
"F6",1,276,577.03477870901,150.661096076423
"F6",1,277,4119.50921685725,65.0390772052829
"F6",1,278,4986.45044862515,111.477239004401
"F6",1,279,3587.62803937075,147.742133459221
"F6",1,280,2720.61348440089,162.036668402639
"F6",1,281,3526.03549216562,113.142530055516
"F6",1,282,2867.63737492576,209.040747794854
"F6",1,283,2409.51998143712,210.465832670692
"F6",1,284,3669.68414785644,218.447982744286
"F6",1,285,3609.80687904651,131.843318759139
"F6",1,286,4283.44022873906,154.080217662164
"F6",1,287,3716.35314703783,216.04397036317
"F6",1,288,3676.76332471301,117.208176608986
"F6",1,289,4620.99430750739,232.569668229897
"F6",1,290,3122.55049905744,146.99135119928
"F6",1,291,3448.1347870449,137.588289046381
"F6",1,292,2701.62017226047,133.00299453474
"F6",1,293,2210.17432656104,209.846943062916
"F6",1,294,2320.91333689365,120.65081987828
"F6",1,295,2868.03467674968,205.395616462107
"F6",1,296,4193.57086191632,172.55349349476
"F6",1,297,3817.80823227748,227.65187810094
"F6",1,298,3379.70621624599,173.178668513425
"F6",1,299,3047.86416694906,115.540988167174
"F6",1,300,3615.16095455781,176.723812268123
"F6",1,301,3904.88838871933,172.3701313889
"F6",1,302,3139.88536819325,134.468915323193
"F6",1,303,4246.2251778706,199.85566312307
"F6",1,304,3428.67015861488,105.569662466115
"F6",1,305,2273.56602056666,103.351351125976
"F6",1,306,2685.89121493559,163.230117797093
"F6",1,307,4083.65588604649,146.447341036118
"F6",1,308,3262.26526450768,199.663225515956
"F6",1,309,2238.57524122241,174.483231836493
"F6",1,310,4360.14820430361,134.13222648109
"F6",1,311,4638.19961466589,208.313983660769
"F6",1,312,5215.9155232613,155.43294993774
"F6",1,313,2727.52188003545,153.360453476199
"F6",1,314,2198.97683850354,190.147499989364
"F6",1,315,3933.41370824939,128.752672756434
"F6",1,316,2901.23168281559,145.426922419109
"F6",1,317,3519.50836740743,189.018660094567
"F6",1,318,3171.35410630484,111.736474511188
"F6",1,319,3763.96554514715,125.251754265816
"F6",1,320,3378.91740194488,125.611222472965
"F6",1,321,4498.23710524231,136.29179354249
"F6",1,322,2560.21337306572,188.505835134383
"F6",1,323,2590.61129094627,137.002701806999
"F6",1,324,3362.73306986696,185.249757345889
"F6",1,325,3323.90092822324,89.8794160627454
"F6",1,326,2487.2096655459,204.71762269076
"F6",1,327,2242.17309655467,69.8606671518896
"F6",1,328,3366.85783466331,124.467216636843
"F6",1,329,2431.77181112066,239.815186372195
"F6",1,330,2986.03856962134,139.160469869138
"F6",1,331,2392.61889507887,152.703565760369
"F6",1,332,3187.11261991853,202.116400259571
"F6",1,333,1115.15745332196,134.64930154752
"F6",1,334,1824.22225035055,169.563953292855
"F6",1,335,2631.63933727786,238.343202223129
"F6",1,336,2276.42510861369,63.3656519866359
"F6",1,337,2821.17733917653,195.50296909674
"F6",1,338,2366.11485697897,210.202018451297
"F6",1,339,1348.14285723697,127.479577211739
"F6",1,340,2924.1155208738,171.179744814902
"F6",1,341,3586.22819227601,136.831963961604
"F6",1,342,3472.66652963234,140.855101932553
"F6",1,343,2228.0410323223,121.447289927234
"F6",1,344,1592.83135442788,138.551040055983
"F6",1,345,3138.30500047735,135.847939276167
"F6",1,346,3631.64851639704,112.607903512951
"F6",1,347,3043.00596847192,160.718964559373
"F6",1,348,3767.77032297513,177.97038907854
"F6",1,349,2162.91321539052,214.701125807359
"F6",1,350,3447.33978825771,163.565173582173
"F6",1,351,2523.25565431384,172.476041168489
"F6",1,352,4161.16815828507,140.019380378512
"F6",1,353,4263.58902654256,106.60043754245
"F6",1,354,2355.58840853525,100.18381075651
"F6",1,355,3271.4203251681,175.484871586819
"F6",1,356,3498.24554587589,46.7991329347768
"F6",1,357,3692.45297182127,76.639210865355
"F6",1,358,3234.31508936256,243.133168480725
"F6",1,359,2305.84559181364,202.457725037207
"F6",1,360,3127.89330219334,71.7058749046068
"F6",1,361,4007.79792332619,180.950366292908
"F6",1,362,2305.50276865226,140.290334654594
"F6",1,363,3698.59612350037,143.55269983591
"F6",1,364,3261.08447204292,94.2292886527651
"F6",1,365,3367.61015669035,199.314989206826
"F6",1,366,2569.46454459766,207.538993601449
"F6",1,367,3541.69034468216,179.947919974125
"F6",1,368,4317.2531602254,178.254116446157
"F6",1,369,4120.82206679805,183.239047116887
"F6",1,370,1689.14412151586,195.371933886923
"F6",1,371,3565.61485466085,221.686623568233
"F6",1,372,4086.73930824261,128.678308504932
"F6",1,373,3896.3605655978,230.002193541702
"F6",1,374,2851.21914253026,148.375015023375
"F6",1,375,3142.21124079491,152.494211342223
"F6",1,376,3059.57214640172,147.493931243069
"F6",1,377,4387.7215282923,202.13232035187
"F6",1,378,2022.0606713774,151.242139854814
"F6",1,379,3158.86959211602,79.9463598587309
"F6",1,380,2758.48280020385,107.905070847963
"F6",1,381,3127.78153699501,162.426801572003
"F6",1,382,3809.79480530049,151.92275815788
"F6",1,383,2698.32742670466,223.641473069825
"F6",1,384,3955.63354705438,115.256325832324
"F6",1,385,2919.15244008692,220.467053663086
"F6",1,386,3511.57937063793,132.474900484482
"F6",1,387,2819.23110797164,278.804978946745
"F6",1,388,4096.91355210048,129.444710605189
"F6",1,389,2568.66968645296,74.1451187178507
"F6",1,390,2225.12970860151,302.53351865105
"F6",1,391,3541.48079252249,151.778158156575
"F6",1,392,3115.66327703397,184.299816632759
"F6",1,393,3452.65610972266,119.771668189391
"F6",1,394,3131.09499106038,204.14787628616
"F6",1,395,3749.20287741787,199.019171481182
"F6",1,396,2816.7635811659,213.194473483861
"F6",1,397,1721.8641661095,92.0648368891307
"F6",1,398,2749.13365622158,146.259809710833
"F6",1,399,3802.87390701974,79.2589143884003
"F6",1,400,4504.57734172135,196.678217640421
"F6",1,401,4943.01877926889,89.4223446273361
"F6",1,402,3385.84784215469,90.9221850540259
"F6",1,403,3290.51688363542,249.884744202356
"F6",1,404,2195.52407268077,105.23059924539
"F6",1,405,3635.65749070146,253.26379731354
"F6",1,406,1932.48796457544,90.2450009741258
"F6",1,407,5006.38821372502,85.8600168266162
"F6",1,408,2802.06241555997,214.5234836474
"F6",1,409,4472.52303236821,176.142382042669
"F6",1,410,3693.9753224213,153.080621486235
"F6",1,411,2647.82395437038,193.095723593535
"F6",1,412,3252.76394522302,192.904955556168
"F6",1,413,3033.7368464188,107.411032188444
"F6",1,414,3760.12905508318,184.307218047186
"F6",1,415,3021.92419465152,85.1673649823837
"F6",1,416,2772.04840961098,229.199760548776
"F6",1,417,3789.37587268918,72.4849125300927
"F6",1,418,2574.80354704637,207.218308468366
"F6",1,419,3427.48366764089,203.965170213901
"F6",1,420,2583.92050318799,102.200080260877
"F6",1,421,4402.99763550769,186.291657598802
"F6",1,422,3208.6809006814,211.175122369082
"F6",1,423,3238.68381825822,214.385384871225
"F6",1,424,2606.38973014488,123.67005073165
"F6",1,425,3249.65443521299,132.022660810782
"F6",1,426,4969.99369671836,133.275415186214
"F6",1,427,3189.51302189404,141.747119902544
"F6",1,428,1860.79134469138,165.508035074085
"F6",1,429,3455.56873339558,147.137901349551
"F6",1,430,2971.28504310035,84.6445869845253
"F6",1,431,4943.09985317735,121.761957376421
"F6",1,432,2245.79104772595,209.207023614423
"F6",1,433,3417.03308732662,144.413532826606
"F6",1,434,4023.21219621911,145.328315000252
"F6",1,435,3180.89343172429,133.739932278534
"F6",1,436,3071.23062253988,206.168444133212
"F6",1,437,3128.9692270167,190.982125574934
"F6",1,438,2976.30211951685,190.667668078275
"F6",1,439,2979.0201188854,17.5360937343069
"F6",1,440,2307.36219756385,190.19759751893
"F7",1,1,2541.56346797334,231.527052562187
"F7",1,2,4280.47114230694,141.454197979924
"F7",1,3,3407.15560008709,215.484326891152
"F7",1,4,4576.10247186864,222.789546210096
"F7",1,5,2880.2641293985,184.100937968504
"F7",1,6,2082.19462193933,145.489114800235
"F7",1,7,2826.10551031239,168.087815804633
"F7",1,8,2928.69568083385,182.9990147366
"F7",1,9,2961.48436364663,90.4670674670501
"F7",1,10,2816.02134802705,188.459585188176
"F7",1,11,2900.10687056564,95.2881510311791
"F7",1,12,4349.70568194601,145.540595775465
"F7",1,13,4680.1398366595,128.941711744908
"F7",1,14,1998.41778327427,89.0546187732905
"F7",1,15,3057.3163613667,261.162806788156
"F7",1,16,3244.05779060085,248.131481129802
"F7",1,17,2969.72045846824,179.190780657321
"F7",1,18,2959.84096741065,144.630855815583
"F7",1,19,1649.31974213596,232.198671948304
"F7",1,20,3021.36252287372,90.0551103016144
"F7",1,21,4585.92501391838,154.01624801938
"F7",1,22,4515.60762354228,204.125024397519
"F7",1,23,3371.76064727321,126.996157905741
"F7",1,24,3203.79804982951,121.866064035534
"F7",1,25,2608.66993417578,167.764015149908
"F7",1,26,3199.57563399659,99.8554077398194
"F7",1,27,3821.69713312825,97.6916847019162
"F7",1,28,3096.8142760064,203.404931015412
"F7",1,29,4412.11993511602,141.156282367869
"F7",1,30,2342.88887098944,187.823839413078
"F7",1,31,4164.9224659386,44.841123130732
"F7",1,32,3448.87399095341,208.306929303898
"F7",1,33,3346.37984329115,315.209357946193
"F7",1,34,3332.1390157465,154.209175823898
"F7",1,35,4444.68632121526,137.895352366825
"F7",1,36,4257.42534612748,139.119715139812
"F7",1,37,3887.14369193737,169.546339006083
"F7",1,38,4062.7543066234,184.945191846713
"F7",1,39,4119.34742654595,122.242138338508
"F7",1,40,2984.70488674237,160.734407599469
"F7",1,41,3582.54494299975,157.335979098002
"F7",1,42,2969.56378625441,205.492768136944
"F7",1,43,3701.1531576407,198.50623766654
"F7",1,44,2645.28011858028,136.377349635007
"F7",1,45,3737.86397417263,132.731499275247
"F7",1,46,3217.99362175924,209.570994636222
"F7",1,47,4105.54152657249,189.139339932428
"F7",1,48,2512.09652673756,119.369629279418
"F7",1,49,3455.23431188567,216.971027341276
"F7",1,50,2106.73998743677,166.949790834165
"F7",1,51,3874.72121025464,133.826686264468
"F7",1,52,2836.9840523618,252.473924284924
"F7",1,53,2752.53606953957,152.430452413507
"F7",1,54,1779.49609358754,145.181150153444
"F7",1,55,2332.96473906405,109.367132501062
"F7",1,56,3508.33914357332,135.074686904439
"F7",1,57,2230.6632412284,136.184619214207
"F7",1,58,3757.69412232263,162.415382404366
"F7",1,59,2346.55353414391,124.484668982257
"F7",1,60,2529.51797446296,178.380832394304
"F7",1,61,2793.43051460206,185.92841678987
"F7",1,62,2670.296847643,197.767898116102
"F7",1,63,3915.04188459786,110.962000292877
"F7",1,64,2484.47177295657,142.562816368323
"F7",1,65,3717.07146042689,59.3779308396394
"F7",1,66,4237.30319270891,111.095856471238
"F7",1,67,3067.6585954845,152.738419126041
"F7",1,68,3075.22235107772,122.890619216414
"F7",1,69,3114.85991761238,193.766528780013
"F7",1,70,3054.7951906339,175.981116395704
"F7",1,71,3393.61046105227,264.809791036267
"F7",1,72,2796.26556995834,154.614581552623
"F7",1,73,2315.7028915505,232.161763302543
"F7",1,74,3875.48556691816,104.177016282015
"F7",1,75,3187.81283934226,140.84600821825
"F7",1,76,3333.97286738395,240.368939649324
"F7",1,77,3651.43176467829,260.321548755488
"F7",1,78,3395.8507846867,162.211833288725
"F7",1,79,3428.04924513315,139.783055522283
"F7",1,80,2716.24220004762,113.002658742578
"F7",1,81,3506.93350395924,179.685980334591
"F7",1,82,2421.6414155709,147.394899752652
"F7",1,83,3378.92118502932,98.3975679428778
"F7",1,84,4112.02826712205,181.09572641874
"F7",1,85,2754.99185698486,194.344905429689
"F7",1,86,2222.98819503799,136.93281678497
"F7",1,87,3045.76290426245,159.936262003191
"F7",1,88,2443.25168797495,208.485629370386
"F7",1,89,3481.61087839835,152.286177731561
"F7",1,90,3217.40387199168,280.501391065625
"F7",1,91,4073.36403538528,187.909478914594
"F7",1,92,3166.35111021203,101.731151151307
"F7",1,93,3537.6401066885,159.050191567845
"F7",1,94,3172.37364239007,161.432297854263
"F7",1,95,4028.65001393448,120.96060555973
"F7",1,96,2916.93430717758,208.154713387572
"F7",1,97,3414.10562162409,236.364356922779
"F7",1,98,3287.78125020003,170.032904689986
"F7",1,99,4976.57264589617,145.547658627811
"F7",1,100,3547.98346648627,92.1571802976027
"F7",1,101,4215.60415635575,148.737654036597
"F7",1,102,2238.0491549167,131.43977166124
"F7",1,103,3397.97232688221,215.898622293148
"F7",1,104,2556.14219440713,168.422417252654
"F7",1,105,3447.13524151243,195.479729906262
"F7",1,106,3665.76836444717,171.631214860447
"F7",1,107,3116.78538348965,175.500006814798
"F7",1,108,2245.20501249991,138.958918063781
"F7",1,109,3246.18323109581,183.719117212161
"F7",1,110,3157.10067533002,226.626496388177
"F7",1,111,4430.8269651671,95.5045464794676
"F7",1,112,3409.38218734964,168.255634573911
"F7",1,113,3755.9822853143,222.790315935864
"F7",1,114,1817.81234763514,224.121109027938
"F7",1,115,4962.20137057817,122.199231462373
"F7",1,116,2453.06841454717,153.792435645014
"F7",1,117,2487.41033928139,130.956281750034
"F7",1,118,4333.6998070619,138.090269849941
"F7",1,119,3238.56981237598,218.960710181773
"F7",1,120,2442.37754446077,81.7418293002554
"F7",1,121,4721.21867023246,285.762324775225
"F7",1,122,2840.45909367616,170.408723544292
"F7",1,123,1244.30457126893,141.943360914785
"F7",1,124,4124.83263899273,218.142323068117
"F7",1,125,3331.08285849107,201.989205096429
"F7",1,126,3241.72336665885,178.566823674378
"F7",1,127,2462.56290064138,146.049951302304
"F7",1,128,3356.93176399483,195.107506152236
"F7",1,129,3503.68395819425,147.134672807217
"F7",1,130,2538.91001855619,114.143221444083
"F7",1,131,3842.15270001079,141.445431681983
"F7",1,132,4190.5612004057,208.380591618997
"F7",1,133,3690.93880081113,122.64908327671
"F7",1,134,3803.76131475543,164.602294939238
"F7",1,135,4234.00962246489,182.141642603085
"F7",1,136,2433.15208421543,110.531830638095
"F7",1,137,3723.08690164305,210.835575117522
"F7",1,138,2979.4155733503,101.530542425574
"F7",1,139,1918.13198738063,185.876689937537
"F7",1,140,2901.31453447657,157.567980288952
"F7",1,141,2187.85560551677,127.057606207532
"F7",1,142,2997.57683174981,109.736193882839
"F7",1,143,2430.27072995782,81.0258780992919
"F7",1,144,2532.67149582566,111.072567052722
"F7",1,145,3318.04714095835,109.861206578645
"F7",1,146,4918.93694198489,118.85047304156
"F7",1,147,3253.96156265959,190.030994512236
"F7",1,148,4228.09351254256,276.738840176118
"F7",1,149,3784.38365887593,195.114264575535
"F7",1,150,2144.50056507787,127.001973125092
"F7",1,151,2485.53255332752,170.838614812097
"F7",1,152,4289.32842851809,158.664127463815
"F7",1,153,3475.38452966062,179.607461659113
"F7",1,154,3516.12852980952,141.415904583882
"F7",1,155,4827.47221572596,192.54321191636
"F7",1,156,2110.14107550829,186.535950634827
"F7",1,157,4105.57003121527,150.329533999193
"F7",1,158,2988.66639960263,233.01718029637
"F7",1,159,3723.78117924273,148.899341447747
"F7",1,160,4162.07371350439,141.491621856696
"F7",1,161,4326.57506645914,137.556738845469
"F7",1,162,3435.68733098268,155.522990969695
"F7",1,163,3548.20232644607,164.835593794919
"F7",1,164,2277.36534747139,63.848775536343
"F7",1,165,4670.69635525671,252.118182288643
"F7",1,166,3348.53725961205,134.474456925556
"F7",1,167,3445.84160683181,238.788459436068
"F7",1,168,3009.32615575496,149.224011145512
"F7",1,169,1604.59169074837,169.373178640165
"F7",1,170,3620.27807785443,190.140033541315
"F7",1,171,3908.66873287266,194.349033435931
"F7",1,172,2832.21909412675,158.919414079437
"F7",1,173,3711.47161607574,130.374189924234
"F7",1,174,2956.01306779266,232.212076912301
"F7",1,175,4005.6867218528,196.599833459609
"F7",1,176,2965.68391921459,181.585245318833
"F7",1,177,4156.59094119858,154.533379863642
"F7",1,178,4102.0916921097,162.69153903225
"F7",1,179,2413.76638870616,124.342454550563
"F7",1,180,4559.76190806557,197.893799657111
"F7",1,181,2838.94671818481,239.293284347933
"F7",1,182,3615.46464728696,227.759087487422
"F7",1,183,3427.36242644944,173.757535884965
"F7",1,184,4414.65826611228,194.162839207364
"F7",1,185,4462.82521565949,123.435988095515
"F7",1,186,2918.68010158654,130.887044047199
"F7",1,187,2025.50367030872,199.721099250506
"F7",1,188,3243.53830946635,179.316529313059
"F7",1,189,2987.38371569864,122.281657157044
"F7",1,190,3373.26791567063,174.439835300249
"F7",1,191,2589.51388036372,143.568660374674
"F7",1,192,3640.99503356049,152.035651237482
"F7",1,193,3556.43908751575,196.58128930032
"F7",1,194,4461.59469630352,219.92199390031
"F7",1,195,3907.8794599476,185.319821154006
"F7",1,196,3430.03814606082,130.500922935914
"F7",1,197,2245.3592864713,174.460966251062
"F7",1,198,3462.41149053129,193.160185001891
"F7",1,199,3629.83873770908,126.746238655912
"F7",1,200,3395.14582695512,191.078449441394
"F7",1,201,3262.79258291689,286.503531663078
"F7",1,202,3277.83021836029,141.448606260053
"F7",1,203,4467.42494401498,62.5235391671613
"F7",1,204,1964.78950125296,228.74899181192
"F7",1,205,3247.40631936442,133.981366046556
"F7",1,206,3685.4186994087,96.717521435703
"F7",1,207,2735.28386216996,148.630840907997
"F7",1,208,4049.84973453535,147.330787834676
"F7",1,209,3607.68785405604,160.91371078714
"F7",1,210,4649.97500659317,141.623954390261
"F7",1,211,3647.14717846581,150.96184685253
"F7",1,212,2558.23864870021,170.439631872188
"F7",1,213,3216.0393874073,131.357088974493
"F7",1,214,5025.68336190342,142.277288356579
"F7",1,215,4538.26152016634,80.7159321438076
"F7",1,216,3802.64562567927,219.560358725412
"F7",1,217,4635.31189856556,195.532112983236
"F7",1,218,3518.85249279315,228.319162500624
"F7",1,219,2574.3328577768,190.502782937658
"F7",1,220,3130.95592445429,241.307246574995
"F7",1,221,4266.68564707415,197.469367804675
"F7",1,222,2492.49796609382,221.927825219137
"F7",1,223,3895.13207077008,238.551688748659
"F7",1,224,3192.58738058783,99.8594429316532
"F7",1,225,3168.53298673372,154.656755897092
"F7",1,226,3088.49618588035,243.844605949627
"F7",1,227,3407.22438998085,194.266258991722
"F7",1,228,2361.88625835434,215.303440288586
"F7",1,229,2395.61607893066,111.347261711414
"F7",1,230,2084.38330426592,159.59982688035
"F7",1,231,2129.85832531829,180.874652533649
"F7",1,232,4602.806741771,153.55847025844
"F7",1,233,3155.81597707772,119.196868162926
"F7",1,234,4173.02251304154,165.40936914282
"F7",1,235,2972.67081525238,126.156052063189
"F7",1,236,3067.99222496872,157.544133701834
"F7",1,237,2538.54563205817,49.9124470567671
"F7",1,238,3285.90637838823,260.185953318302
"F7",1,239,3672.0130746852,212.505365833083
"F7",1,240,2552.51416499512,76.3723990314985
"F7",1,241,3065.75231984965,83.820249923992
"F7",1,242,3906.77422516734,115.272939329374
"F7",1,243,2113.47783358722,133.58057469425
"F7",1,244,3292.36104135395,251.962020014106
"F7",1,245,1395.26147422572,187.648089313327
"F7",1,246,1723.08878388598,74.6929910350374
"F7",1,247,2981.54714728158,164.835732896554
"F7",1,248,3594.61393460875,170.227192202055
"F7",1,249,4374.38893146713,61.1196343273706
"F7",1,250,3767.36399582555,182.197611755911
"F7",1,251,3129.25981285597,204.506118581141
"F7",1,252,3169.79114129189,230.515209115629
"F7",1,253,3362.75737970877,222.898997302285
"F7",1,254,2813.70222839892,99.5607909301235
"F7",1,255,4295.12743805657,169.548811920184
"F7",1,256,4070.87956732996,104.237351284823
"F7",1,257,1654.58125397455,140.135605639929
"F7",1,258,3428.74181854844,176.318507520783
"F7",1,259,3634.0550032136,159.635634241837
"F7",1,260,3163.0247744352,243.908773984201
"F7",1,261,3715.64232518896,252.724179430554
"F7",1,262,3872.4597939523,129.889931997101
"F7",1,263,3858.53116391159,133.03910001808
"F7",1,264,3713.47160511703,140.549412362916
"F7",1,265,1907.35872707846,216.86497103117
"F7",1,266,3540.7375249799,89.1861146960465
"F7",1,267,2831.70850023057,91.6405026888065
"F7",1,268,3282.71906537464,115.126113522695
"F7",1,269,3123.51412779646,48.7976284886973
"F7",1,270,3523.86325496123,213.281232147236
"F7",1,271,3092.60936752904,188.674689934567
"F7",1,272,3774.78688873162,165.279579907075
"F7",1,273,2019.73223622596,77.6262052381039
"F7",1,274,3934.49620852385,169.578531904955
"F7",1,275,2887.78329084487,139.125995678388
"F7",1,276,1942.5405174837,179.029824277787
"F7",1,277,2401.05656978763,161.891781201311
"F7",1,278,2459.87765355485,145.687062793156
"F7",1,279,3872.55825307971,169.748449605501
"F7",1,280,2607.98940792128,192.261230996998
"F7",1,281,3084.8111496963,123.929830527762
"F7",1,282,1836.5392222673,188.995479337559
"F7",1,283,3815.57543769837,168.738933186552
"F7",1,284,3222.37158164516,164.308245111583
"F7",1,285,4680.69089030003,107.796414690401
"F7",1,286,2783.10679794618,203.504516524436
"F7",1,287,3052.88806122887,122.455148300115
"F7",1,288,2818.13422034459,235.971654204735
"F7",1,289,3554.13321690493,60.6316114543432
"F7",1,290,1857.78250254968,181.304135664503
"F7",1,291,2258.00383833432,176.656882688023
"F7",1,292,2365.13320024149,155.263719584039
"F7",1,293,3429.6346111029,125.192550184413
"F7",1,294,2188.30499126077,144.726315698712
"F7",1,295,4053.15125015071,122.142781949238
"F7",1,296,3397.77070809566,127.937204761362
"F7",1,297,3302.55312953243,85.3382129160002
"F7",1,298,2078.14492316499,234.836053385035
"F7",1,299,3464.0736605084,148.775582374842
"F7",1,300,3889.17471057727,178.986814980516
"F7",1,301,2051.21972194373,267.943945633277
"F7",1,302,3805.78628614808,165.630532183021
"F7",1,303,2547.79633771274,202.353019281056
"F7",1,304,3790.57412088244,246.422159209498
"F7",1,305,4233.21386157742,126.252037071968
"F7",1,306,3193.92511429157,142.952912261211
"F7",1,307,3443.84136915014,165.663071523432
"F7",1,308,4191.49974064643,206.428716119101
"F7",1,309,2456.50302423076,167.065498618067
"F7",1,310,2818.00552292995,271.159503363221
"F7",1,311,4196.11802155898,99.9236377562882
"F7",1,312,2999.29299717559,173.120162301407
"F7",1,313,2136.37407734431,214.514665903827
"F7",1,314,3190.25957476021,202.230619393617
"F7",1,315,2605.64998197135,162.157044892634
"F7",1,316,3910.2272816926,130.749483643577
"F7",1,317,3905.67070819842,116.127201723591
"F7",1,318,3275.40918370684,145.796295004994
"F7",1,319,2876.11825260879,104.15841815874
"F7",1,320,3283.99419749644,187.998513607994
"F7",1,321,2981.07700252917,153.990967323032
"F7",1,322,2773.57001315439,71.6141896592708
"F7",1,323,4008.45464442573,218.247224705508
"F7",1,324,2774.67200892964,262.251454176595
"F7",1,325,3046.83711167568,204.238771854177
"F7",1,326,3622.85425722395,196.039783843637
"F7",1,327,2720.77077038764,228.499551255138
"F7",1,328,2637.93633127493,216.430681999393
"F7",1,329,3701.85271944403,236.786998918106
"F7",1,330,2439.45159747794,216.701115062256
"F7",1,331,3708.36298815671,246.506469521656
"F7",1,332,4919.3360835232,92.0888845791125
"F7",1,333,2300.13147642403,150.886697025746
"F7",1,334,1945.12867713513,149.678855332824
"F7",1,335,3669.98563004759,175.342758974893
"F7",1,336,3734.66520070083,173.690669874225
"F7",1,337,3409.22176421117,195.718317964153
"F7",1,338,3750.41937449643,142.445839884787
"F7",1,339,3018.83565421011,181.883569136316
"F7",1,340,3219.61227002423,208.340583829531
"F7",1,341,3053.29551864892,158.611844879887
"F8",1,1,2850.54524140398,155.670585559813
"F8",1,2,3005.2785490646,137.228776620998
"F8",1,3,2956.16113870926,191.994779677297
"F8",1,4,3041.34910406507,158.589259785736
"F8",1,5,2864.04252477454,72.5115169778846
"F8",1,6,3776.21073550163,205.302326228753
"F8",1,7,3962.88203181906,239.551716281782
"F8",1,8,2033.65022390814,203.347114867759
"F8",1,9,2758.18993829954,159.737676671015
"F8",1,10,4486.15254411019,115.722846579326
"F8",1,11,4078.79893166412,154.483846081476
"F8",1,12,3087.01917179998,132.495382278657
"F8",1,13,3285.07313376861,242.64408682967
"F8",1,14,3719.71478352241,192.451720966326
"F8",1,15,3462.67000759545,193.368588408319
"F8",1,16,2736.73706195709,169.83100367072
"F8",1,17,2049.37612848557,160.461843999619
"F8",1,18,3024.64703829095,279.172383148022
"F8",1,19,4225.67795645612,147.779422519924
"F8",1,20,4517.3657151167,211.235881334836
"F8",1,21,3685.24518210414,130.376120115768
"F8",1,22,3425.01840472605,158.22521132207
"F8",1,23,4831.26534453429,183.012064804241
"F8",1,24,4327.77466245228,96.8233591656183
"F8",1,25,3573.75455635462,142.356331654411
"F8",1,26,3998.30120916398,159.456483599721
"F8",1,27,3369.15209382507,135.152357141993
"F8",1,28,3323.69785691357,183.72882727392
"F8",1,29,3626.11541860315,179.733358365523
"F8",1,30,4423.74727821104,148.267573037947
"F8",1,31,2618.41404429434,198.837892178136
"F8",1,32,4562.63219153496,167.114151863958
"F8",1,33,4534.2523301821,159.059746794751
"F8",1,34,1518.34802271388,158.482250850724
"F8",1,35,2698.19032922563,168.130049389668
"F8",1,36,2567.7533521109,147.621117248212
"F8",1,37,2174.00692074149,237.01660940399
"F8",1,38,3112.11808505732,115.888218968627
"F8",1,39,1831.03203595951,164.634492454423
"F8",1,40,2756.22066017651,165.180710053298
"F8",1,41,3334.66402134491,248.908153382784
"F8",1,42,3802.00830297839,153.095024355048
"F8",1,43,1962.78857741998,199.601718988253
"F8",1,44,2726.16961988068,37.4361918007898
"F8",1,45,3715.56890230246,94.4991165391601
"F8",1,46,2381.89618247059,142.667350862969
"F8",1,47,3669.81854405246,126.964230604412
"F8",1,48,3662.512399288,42.4556578416411
"F8",1,49,2638.34243305911,206.750353979661
"F8",1,50,3067.88199256877,270.809280148884
"F8",1,51,2203.12533137272,58.7641204973653
"F8",1,52,3283.76846692235,138.778392382479
"F8",1,53,4036.20027578544,127.556067417673
"F8",1,54,2187.89172917609,181.420541313127
"F8",1,55,3044.39754677308,89.8872719566506
"F8",1,56,3007.13256169193,198.78422729261
"F8",1,57,1793.99070590241,183.379561142739
"F8",1,58,2244.06816007261,183.876849552782
"F8",1,59,2886.00539500573,146.850788255981
"F8",1,60,3553.37373675642,144.62435826544
"F8",1,61,2944.25063796749,163.020017586839
"F8",1,62,3010.93242415462,99.5160421123417
"F8",1,63,3261.41934406726,161.8180958751
"F8",1,64,3019.40748036975,158.481278198318
"F8",1,65,2498.31273461834,182.427101398878
"F8",1,66,2997.15853045026,91.8341114563118
"F8",1,67,2610.18505449977,238.187898009119
"F8",1,68,2995.64854592797,205.024122008181
"F8",1,69,2396.4871168007,254.340384404631
"F8",1,70,3840.66549832788,220.082466517083
"F8",1,71,2973.10975402412,105.738665822427
"F8",1,72,4028.98613477797,63.3836173140302
"F8",1,73,3258.57774868907,133.829296608369
"F8",1,74,3403.98165123178,137.320166805409
"F8",1,75,2756.55082273232,212.67416144955
"F8",1,76,3281.50002214926,72.2215960798701
"F8",1,77,4245.94893158065,117.994651491939
"F8",1,78,3333.75523373072,177.507177147922
"F8",1,79,3794.09313823041,118.017296149369
"F8",1,80,2293.68713174824,262.726300625059
"F8",1,81,3129.98566446424,107.708166610714
"F8",1,82,4439.18603149358,175.951180967327
"F8",1,83,3494.74890748214,163.836406931297
"F8",1,84,3086.1076759308,72.3654664965035
"F8",1,85,2168.19390724626,155.536293130443
"F8",1,86,2333.14088755448,175.493620092601
"F8",1,87,3780.31293959378,122.711859787625
"F8",1,88,3764.2408622741,237.256898159039
"F8",1,89,4170.7383348623,176.057923209725
"F8",1,90,3192.1122299825,87.821108127278
"F8",1,91,3218.64501824632,209.507864994595
"F8",1,92,2881.64434284204,75.186396665252
"F8",1,93,3865.30051517678,67.3062020085778
"F8",1,94,3681.55283577962,69.983416530864
"F8",1,95,3533.53795688697,194.254697998422
"F8",1,96,2833.69947427637,197.036289858472
"F8",1,97,3228.23337368892,145.913170188408
"F8",1,98,2418.96147214594,155.756809814872
"F8",1,99,4727.75288428921,184.832404337346
"F8",1,100,2994.3865855981,82.5440311178973
"F8",1,101,3161.50046561086,197.484560686806
"F8",1,102,2223.66429974173,125.749823650829
"F8",1,103,2295.79208367221,228.194352243183
"F8",1,104,3286.47906779382,203.125622628821
"F8",1,105,3790.86282238961,65.2497777276758
"F8",1,106,2718.56014384219,126.779171586206
"F8",1,107,4067.73917320007,124.394393416229
"F8",1,108,2209.44805256041,60.4303842207414
"F8",1,109,4242.43337802613,188.994489208919
"F8",1,110,2734.72589341976,121.095450480585
"F8",1,111,1949.86886348104,140.704933668176
"F8",1,112,3804.31843258133,137.080023829526
"F8",1,113,3965.53518946494,208.796471091116
"F8",1,114,3819.84710695193,136.309107521
"F8",1,115,3847.3440913684,201.697084525684
"F8",1,116,4181.25369791952,235.575668886275
"F8",1,117,4068.80603114228,266.095651759462
"F8",1,118,3928.30987884776,128.696321834902
"F8",1,119,2991.95391224708,167.429009179802
"F8",1,120,2556.88851457764,215.84112277959
"F8",1,121,3941.05103722717,119.46768882456
"F8",1,122,2324.37874562342,157.826794900477
"F8",1,123,4142.22139480435,243.689319044764
"F8",1,124,2649.68535755324,164.508541374156
"F8",1,125,3133.21975036595,115.481263482502
"F8",1,126,3513.68285665049,111.546625327745
"F8",1,127,4213.88154214808,190.855422818418
"F8",1,128,2658.25014981401,217.647426450397
"F8",1,129,3219.87228918244,37.2194294077515
"F8",1,130,2920.51904645685,208.139061451638
"F8",1,131,4300.86139466014,135.918175016469
"F8",1,132,1970.50690079461,139.575723721667
"F8",1,133,3426.97357231694,244.24302790698
"F8",1,134,2860.74528152346,240.053760492152
"F8",1,135,2499.70719658306,140.768397536229
"F8",1,136,3512.93968837562,141.489826914784
"F8",1,137,3722.14009428461,92.6553340860419
"F8",1,138,4267.95897542266,135.238502896106
"F8",1,139,3404.53856317558,164.669204304576
"F8",1,140,3270.00556781,177.61899126419
"F8",1,141,4864.01738022266,231.439969186218
"F8",1,142,2105.95663312448,185.547655812589
"F8",1,143,2809.47904023982,132.618991988628
"F8",1,144,3826.68215382416,168.870375448207
"F8",1,145,2602.54842347362,114.333331719669
"F8",1,146,4839.25567373499,123.543378835252
"F8",1,147,2059.12117916116,187.007537602851
"F8",1,148,3782.84742979022,89.1187119398103
"F8",1,149,2608.11542123172,226.571626209948
"F8",1,150,1946.72001718434,242.090698370738
"F8",1,151,3972.49987384846,152.298127081822
"F8",1,152,3477.70935968337,146.960854202081
"F8",1,153,2810.83413888022,138.812715668715
"F8",1,154,2827.29214066057,124.317658269153
"F8",1,155,4397.61527394088,172.070837704391
"F8",1,156,3398.7128843492,101.758615189558
"F8",1,157,3818.46918955805,107.638324501204
"F8",1,158,4141.43682762514,132.458962393352
"F8",1,159,3539.83864702028,160.202054588992
"F8",1,160,3293.54039255248,156.36175384534
"F8",1,161,1986.17534845045,71.5624257291866
"F8",1,162,4887.9097349896,189.919389390722
"F8",1,163,2699.39985970506,149.820536130444
"F8",1,164,2395.71604633406,105.508759693447
"F8",1,165,3993.82401296122,139.906407789209
"F8",1,166,3984.80285016005,208.344365730999
"F8",1,167,3230.41682875194,111.665648304085
"F8",1,168,3706.18064334228,169.592356504571
"F8",1,169,3973.3439585209,240.301520608924
"F8",1,170,3914.90350338536,145.750814396252
"F8",1,171,2083.36902849594,177.631008832663
"F8",1,172,3239.77882994387,139.888397611803
"F8",1,173,2841.28035446476,139.472062241637
"F8",1,174,3344.25981952037,213.813040098243
"F8",1,175,2756.99727974533,172.207761280048
"F8",1,176,3036.17562087613,209.481311472659
"F8",1,177,2886.3628668983,171.814252859933
"F8",1,178,3007.68411708195,150.968927330865
"F8",1,179,2773.36184537602,111.642020649981
"F8",1,180,3441.63825569083,127.611330428173
"F8",1,181,3305.78012737922,158.699997430782
"F8",1,182,2528.72220491185,86.5131143046979
"F8",1,183,3394.79621895551,246.875780678648
"F8",1,184,3071.5421180489,203.035057887781
"F8",1,185,3394.92122615098,172.315287221917
"F8",1,186,4092.3612060705,124.079628459072
"F8",1,187,3199.82714797683,112.701552382871
"F8",1,188,2021.81585165974,180.756870660898
"F8",1,189,4280.15391629599,243.711936048921
"F8",1,190,3602.93368338015,169.822628883487
"F8",1,191,2375.78606816595,167.196125492324
"F8",1,192,3693.58173937,178.995245088716
"F8",1,193,1977.29110318038,131.619239895611
"F8",1,194,4113.79400583347,173.313014827844
"F8",1,195,3320.72380033761,221.818989233974
"F8",1,196,3503.77978468452,33.5342099958962
"F8",1,197,3413.10854977893,106.315009749201
"F8",1,198,3553.44551315308,181.219309812481
"F8",1,199,2835.00337555108,163.261657694766
"F8",1,200,3314.78073101637,95.3352252186912
"F8",1,201,3980.96487076659,126.476326635474
"F8",1,202,2207.00368381264,237.35021192231
"F8",1,203,3537.6903423699,177.606586278813
"F8",1,204,2359.92941299532,120.912375322795
"F8",1,205,4223.97224478853,157.614898875817
"F8",1,206,3140.11660660183,206.078868618126
"F8",1,207,2634.55529096919,150.628299852368
"F8",1,208,2683.5988491967,131.853448321244
"F8",1,209,3158.66937628364,204.909440736209
"F8",1,210,3287.93129532405,125.901077207779
"F8",1,211,2811.70678993896,173.970550888888
"F8",1,212,3455.67122576002,148.968776693219
"F8",1,213,2420.89374227421,131.810374086797
"F8",1,214,4172.66037110616,156.768121663865
"F8",1,215,3494.26766019327,171.913519939617
"F8",1,216,4112.01593134179,119.25422639094
"F8",1,217,2606.52779312623,132.782430842231
"F8",1,218,1927.83949800156,143.000270870401
"F8",1,219,4306.34827741208,139.115134410842
"F8",1,220,3267.90471575225,209.194434522728
"F8",1,221,4240.65714940048,170.795375516192
"F8",1,222,2359.40253004952,176.025209755681
"F8",1,223,2584.55303789431,117.659004700388
"F8",1,224,2807.21052550954,191.733401575661
"F8",1,225,2282.84254441766,168.541173143936
"F8",1,226,4938.48490212955,234.261661906666
"F8",1,227,3444.17313272663,135.136713143839
"F8",1,228,3766.17234509901,207.680238468987
"F8",1,229,2424.69967840487,117.268153187004
"F8",1,230,2116.83480707178,107.279505907254
"F8",1,231,2128.55195347422,176.03944589007
"F8",1,232,1372.38022659403,138.273300109896
"F8",1,233,3001.37015201928,131.605439458452
"F8",1,234,2982.48058197491,115.797185746011
"F8",1,235,2681.13240750786,91.7097503985685
"F8",1,236,3247.71737770343,85.0747817557485
"F8",1,237,3218.29700740913,233.355319905931
"F8",1,238,3042.86171298281,192.760599111415
"F8",1,239,2919.25048188205,252.036795790875
"F8",1,240,3161.2279442589,146.636915897885
"F8",1,241,2096.17366425913,139.286433295908
"F8",1,242,3227.5103438341,84.2866218931306
"F8",1,243,2758.63888615844,187.441456629923
"F8",1,244,1886.672074529,179.140005514735
"F8",1,245,3564.0092690631,233.769466625671
"F8",1,246,3198.62607838609,164.604656303272
"F8",1,247,4330.8302953452,163.129413509843
"F8",1,248,3613.94135504108,144.046370396127
"F8",1,249,3778.18743162145,172.439498298337
"F8",1,250,2768.46119663735,136.125282518433
"F8",1,251,2567.17009011047,179.997963871151
"F8",1,252,2864.28488369816,153.92779626772
"F8",1,253,4115.83783421534,174.258985055832
"F8",1,254,2981.97038895415,208.117159559044
"F8",1,255,2287.16273449556,155.615172509505
"F8",1,256,2915.02513594158,171.761434537043
"F8",1,257,3429.53412311455,155.804435952892
"F8",1,258,2001.79318609584,237.91500129558
"F8",1,259,2921.11197399514,139.942408091591
"F8",1,260,3842.31800110449,180.129885133276
"F8",1,261,1704.34218837469,97.5169295257504
"F8",1,262,5067.69345619827,152.719611130262
"F8",1,263,3096.10345651162,131.479248841422
"F8",1,264,1875.69946166867,182.093204709345
"F8",1,265,4140.76108914269,180.75509216039
"F8",1,266,2976.67299395462,235.474760729405
"F8",1,267,2319.79087796212,175.107769758164
"F8",1,268,3082.59263552098,101.030358846262
"F8",1,269,3048.4554616181,170.491870610296
"F8",1,270,2592.71300274389,161.205388786908
"F8",1,271,3480.83220252689,126.534219446891
"F8",1,272,3343.58170662953,191.511229578587
"F8",1,273,3281.30367449138,129.579960543685
"F8",1,274,3457.04543303922,143.507355595715
"F8",1,275,2316.55849064099,288.674520367687
"F8",1,276,3684.86186963197,80.4468026370009
"F8",1,277,3135.90295157223,112.9080798037
"F8",1,278,3180.27024983219,125.319611707531
"F8",1,279,4179.94899475383,144.780074176597
"F8",1,280,3490.28735999249,216.083131866948
"F8",1,281,2824.40185380687,227.201665653345
"F8",1,282,2856.07597340269,135.923859877673
"F8",1,283,3813.73182025447,49.0715841607454
"F8",1,284,4000.7714477918,217.77515454871
"F8",1,285,4045.16101216604,153.24303708296
"F8",1,286,3458.10777416891,195.246268698479
"F8",1,287,2970.48504976127,129.084356788167
"F8",1,288,3536.57854762503,167.634541277103
"F8",1,289,3069.00188131225,156.075710128581
"F8",1,290,2770.53994956913,202.047783351632
"F8",1,291,3864.43602889296,147.365890525608
"F8",1,292,3786.65454201701,85.438574360619
"F8",1,293,2812.65353911603,158.617537617164
"F8",1,294,4365.6991493745,105.324705798717
"F8",1,295,1632.43980790884,98.8399400333037
"F8",1,296,3849.39398205782,155.819884852623
"F8",1,297,2844.76489648601,148.502340749447
"F8",1,298,3638.29954206288,79.9175613029815
"F8",1,299,2352.29568376609,139.612859323222
"F8",1,300,3135.30291343474,216.321369214388
"F8",1,301,2568.08702650579,159.167193755672
"F8",1,302,4076.43690198534,134.989543695693
"F8",1,303,3871.98304223432,215.594468502072
"F8",1,304,3150.62534323721,218.221516061446
"F8",1,305,2180.64120576635,120.588024423415
"F8",1,306,3417.02608388151,182.031039305168
"F8",1,307,4994.6807508911,116.216106408473
"F8",1,308,3215.67993709703,75.0007404276038
"F8",1,309,3240.03386243155,170.418331957922
"F8",1,310,3359.06818312497,226.072126744026
"F8",1,311,3723.82743033897,257.480183985822
"F8",1,312,3121.38727747926,173.206564930237
"F8",1,313,1963.76474301326,80.9328142919339
"F8",1,314,2432.21311524905,108.664313627442
"F8",1,315,3493.66937404536,224.164046396895
"F8",1,316,4473.29048049658,139.849869921661
"F8",1,317,1762.39116138929,134.359073632783
"F8",1,318,3176.05416610516,210.547474627703
"F8",1,319,2898.97330502435,151.558992746134
"F8",1,320,3448.13158915578,215.666465065328
"F8",1,321,2941.61169975898,134.506768989035
"F8",1,322,3172.68502078863,102.115816379898
"F8",1,323,4225.2025609899,200.968840854356
"F8",1,324,2873.67324604217,257.952940775533
"F8",1,325,3545.15669255915,228.599382516018
"F8",1,326,3066.54041182336,178.518752037026
"F8",1,327,3294.61101909346,193.060558184824
"F8",1,328,2020.60733306038,202.811822210228
"F8",1,329,3128.07748345314,162.631811386899
"F8",1,330,3163.52357288326,161.124041846468
"F8",1,331,2960.84998697585,116.351004489066
"F8",1,332,4235.20661713728,105.681025115079
"F8",1,333,2997.40578145096,189.875079951986
"F8",1,334,4291.65673807108,144.355798833194
"F8",1,335,4167.06681913958,92.7882219973922
"F8",1,336,3980.3003005285,171.454382221597
"F8",1,337,2390.12626134327,178.973088097189
"F8",1,338,4627.16781710406,146.126026227269
"F8",1,339,2921.23839944334,203.672275571148
"F8",1,340,3239.4865126862,194.242513170991
"F8",1,341,2837.62643433915,159.461995174094
"F8",1,342,2923.37801610401,125.098472872052
"F8",1,343,3029.7033564472,134.057829038468
"F8",1,344,1961.56102464836,165.97556011469
"F8",1,345,4422.60877377278,146.681255855426
"F8",1,346,2747.68967474865,189.143694948228
"F8",1,347,3905.19932945208,158.873089696149
"F8",1,348,4129.21292679384,163.377012411244
"F8",1,349,3633.2012394832,112.80268461246
"F8",1,350,4624.53758952462,70.5695583377217
"F8",1,351,2234.28593739327,110.303798298771
"F8",1,352,2832.63817261426,115.157409762826
"F8",1,353,2959.59149549515,110.799821709724
"F8",1,354,3070.85411092479,118.759314321225
"F8",1,355,3323.15204266307,153.231003351284
"F8",1,356,3232.01072537244,169.64506145442
"F8",1,357,2991.28799058485,192.149973687934
"F8",1,358,2250.26298588725,135.237574498464
"F8",1,359,3397.34147526334,220.800345022342
"F8",1,360,2692.19635898367,78.4682133628489
"F8",1,361,2294.80757031585,108.955247490099
"F8",1,362,3313.98553464397,145.250986272893
"F8",1,363,3038.87580915313,187.637265502485
"F8",1,364,3513.31245530492,107.197862543525
"F8",1,365,2394.77646865402,201.270480564325
"F8",1,366,3515.81066883909,172.769742655166
"F8",1,367,2738.94157307437,215.695135381882
"F8",1,368,3479.77458708507,171.741514564165
"F8",1,369,4163.96993846949,205.431066762593
"F8",1,370,3655.06893176025,170.906594524082
"F8",1,371,3571.40990169451,230.969733584132
"F8",1,372,4056.27150911317,110.24973135654
"F8",1,373,3145.92924896382,183.782685590052
"F8",1,374,2717.54400242563,182.685815279452
"F8",1,375,2386.46565011599,104.001977653238
"F8",1,376,3297.3282583041,177.411314459881
"F8",1,377,4085.78433944673,132.387336172825
"F8",1,378,1567.12887672317,192.16293476528
"F8",1,379,4002.66566856184,176.299597914625
"F8",1,380,3939.77375385063,144.360725860946
"F8",1,381,3589.44824566098,112.6479176787
"F8",1,382,3540.62887915579,114.089528564016
"F8",1,383,3759.0504103361,181.045471739943
"F8",1,384,4206.3770614512,93.4856089626747
"F8",1,385,3167.51741761573,152.274133385142
"F8",1,386,3287.65029569276,207.636901214068
"F8",1,387,1963.05370698327,104.596627661907
"F8",1,388,4838.07889443794,188.378090521395
"F8",1,389,2918.19269108404,177.812765719652
"F8",1,390,2472.85208803389,181.697126861337
"F8",1,391,3099.92350565178,105.966681326139
"F8",1,392,3977.42641358081,170.735508874614
"F8",1,393,4226.08941100476,201.259340446817
"F8",1,394,3367.10952542012,137.93250873983
"F8",1,395,3300.19102980571,175.976924017366
"F8",1,396,2910.97970426587,211.684343183555
"F8",1,397,3011.15607318703,78.1874222698661
"F8",1,398,2024.09369549643,90.1256056166277
"F8",1,399,2956.06165942213,208.555617144825
"F8",1,400,3725.55073039898,157.270139133021
"F8",1,401,4010.63897779552,36.8647300707805
"F8",1,402,2852.96488804089,165.31395752303
"F8",1,403,2903.93908809084,126.804563085453
"F8",1,404,2350.71899482141,125.837286597987
"F8",1,405,3867.40172603544,206.279956244849
"F8",1,406,3498.9113798275,149.310672684115
"F8",1,407,3043.23094106402,121.006173590498
"F8",1,408,3455.98796173276,238.03619010622
"F8",1,409,3155.66393563374,100.397049976793
"F8",1,410,2469.33714091163,168.119095182963
"F8",1,411,3301.64823306446,211.074321497406
"F8",1,412,3601.83255673647,148.008514492144
"F8",1,413,3101.434142161,124.508361067309
"F8",1,414,3141.88953151071,199.163364717719
"F8",1,415,3393.94415744364,239.702681212281
"F8",1,416,2551.77468074966,104.878304125425
"F8",1,417,3587.3307056668,83.2492037874336
"F8",1,418,3302.84205846856,129.371136060103
"F8",1,419,3983.34673317704,146.301387532074
"F8",1,420,2971.19918111324,137.581739922999
"F8",1,421,3266.9934785342,79.4751534576824
"F8",1,422,3651.31016983403,219.570592198459
"F8",1,423,2190.75748405846,211.598405055135
"F8",1,424,1626.36274355966,210.929238118788
"F8",1,425,4009.62357808793,121.805527319516
"F8",1,426,3784.54726765095,100.726875968169
"F8",1,427,2391.52829379576,188.54793861822
"F8",1,428,1833.47639536187,223.322972078649
"F8",1,429,2485.80693023677,191.568235225951
"F8",1,430,2718.33408386522,193.711010839235
"F8",1,431,2664.22652398017,146.462564669026
"F8",1,432,2704.51024850985,147.213098690155
"F8",1,433,2749.56750588372,99.9921849585329
"F8",1,434,2237.23423821712,134.387924672099
"F8",1,435,3005.27595822408,124.449542199519
"F8",1,436,3443.12483230526,260.880649735919
"F8",1,437,3086.21587869804,200.892245266302
"F8",1,438,4580.90089781877,160.24101514342
"F8",1,439,3416.14919892961,200.220031443918
"F8",1,440,3634.47687611782,121.456886597045
"F8",1,441,1253.23097213068,186.475561660105
"F9",1,1,3351.81117847561,192.771804668105
"F9",1,2,3977.57880952112,71.7881661561781
"F9",1,3,2515.63402656609,110.060356079072
"F9",1,4,3735.95714314766,74.5312689537369
"F9",1,5,3278.16867776052,94.3913070006211
"F9",1,6,4668.2777723117,177.899733119659
"F9",1,7,3705.05021136137,215.293889978806
"F9",1,8,2714.45747089351,108.511620807002
"F9",1,9,4066.91951605759,124.473731251364
"F9",1,10,2686.20315865266,247.650714345804
"F9",1,11,3221.29124364656,216.169261872648
"F9",1,12,2058.65092991296,121.08449142016
"F9",1,13,3302.93449403679,185.514258445076
"F9",1,14,3280.7506785108,151.993815743317
"F9",1,15,2863.3623882485,137.123945683856
"F9",1,16,3097.00373125853,151.31690827693
"F9",1,17,1853.56672653332,219.833590419848
"F9",1,18,2946.69914422738,75.8846575344825
"F9",1,19,2734.34573420621,95.9165236378763
"F9",1,20,3046.76075203973,167.915503062544
"F9",1,21,3117.67163001333,15
"F9",1,22,3359.48240696931,126.127910457645
"F9",1,23,3150.17296486229,65.0430143087731
"F9",1,24,4067.91324967792,171.395149771226
"F9",1,25,4071.50678846741,201.871483893119
"F9",1,26,2761.43782166556,151.752161641772
"F9",1,27,3616.09518532242,128.028555013394
"F9",1,28,2741.9298547035,191.1715107112
"F9",1,29,2161.46141440604,96.5345830908171
"F9",1,30,1838.32865939131,144.789075071122
"F9",1,31,3859.53609009271,162.472510577379
"F9",1,32,2408.94427846002,199.171458962906
"F9",1,33,2727.79589569032,116.36974556211
"F9",1,34,3737.67322328934,144.478406327963
"F9",1,35,2618.45575344549,241.680324752945
"F9",1,36,4177.72013297962,269.402687671906
"F9",1,37,2401.79480106255,216.701716081892
"F9",1,38,4122.32596804332,137.260745241141
"F9",1,39,3056.06912259364,138.447542682684
"F9",1,40,3679.47643663917,68.1823346725604
"F9",1,41,3282.78648274129,203.877050923879
"F9",1,42,4587.13256415675,157.8976364314
"F9",1,43,3157.16835781573,151.46679232866
"F9",1,44,2267.91599705709,218.685424064147
"F9",1,45,4493.95294639562,138.21137920203
"F9",1,46,3710.95497733916,158.251441956959
"F9",1,47,2079.21453332286,197.796613176056
"F9",1,48,1385.69013248066,174.955136208375
"F9",1,49,2589.64647099553,203.81051275395
"F9",1,50,2091.12995681058,153.199757502182
"F9",1,51,3856.40386131504,147.389254332121
"F9",1,52,1748.37661950356,141.898112763453
"F9",1,53,3348.63183692043,207.944926013379
"F9",1,54,3303.00998800679,138.037424719104
"F9",1,55,3657.22401653488,163.820725998275
"F9",1,56,2576.82471998675,104.87588025713
"F9",1,57,3276.64363720638,158.036274251694
"F9",1,58,3288.52343075357,165.241235176571
"F9",1,59,4433.85643817718,154.542865232631
"F9",1,60,2776.17183679812,176.443237131441
"F9",1,61,2907.28149212832,154.58908849408
"F9",1,62,3177.95699119038,156.556617541902
"F9",1,63,2901.87201078771,208.375190505899
"F9",1,64,2524.36422826403,100.443790311325
"F9",1,65,2088.18151703073,180.44703285066
"F9",1,66,3301.37096981556,184.125370388603
"F9",1,67,3383.72773363403,179.330837289861
"F9",1,68,3376.34978214097,191.669085431616
"F9",1,69,2854.64604575896,114.267157642497
"F9",1,70,3169.56704632564,132.078726441021
"F9",1,71,3299.64177378128,145.027883527936
"F9",1,72,4012.15368467666,235.549464561655
"F9",1,73,3959.29897236834,130.186072148484
"F9",1,74,4156.24205789513,86.8552721373193
"F9",1,75,2722.28512336049,77.29898697658
"F9",1,76,3513.94396286566,168.492731012125
"F9",1,77,2292.16464496216,160.284423564772
"F9",1,78,2965.94178294009,77.3703423964
"F9",1,79,4329.9626731856,130.882453243804
"F9",1,80,3049.93705816081,206.431773069794
"F9",1,81,3012.28696519861,137.860480281889
"F9",1,82,3952.91804084018,213.392652649236
"F9",1,83,3044.59443589067,124.119477410057
"F9",1,84,3556.67064331125,198.829563106303
"F9",1,85,3156.95409801683,202.125497021964
"F9",1,86,3639.13316784453,132.767729705826
"F9",1,87,4251.86960563672,119.403011093587
"F9",1,88,3046.43347634087,119.597705375463
"F9",1,89,3245.0404921584,129.88550927521
"F9",1,90,3415.73639872162,163.352786514511
"F9",1,91,3327.53316017511,106.81346645964
"F9",1,92,3477.6971039576,193.681105407848
"F9",1,93,3821.45460811511,152.654927894601
"F9",1,94,3557.33441418981,140.480499337359
"F9",1,95,2296.27918820964,224.109003532521
"F9",1,96,3375.42533171344,119.515488848888
"F9",1,97,4190.84274212936,159.636998769133
"F9",1,98,3948.41163668755,123.865348444448
"F9",1,99,2039.81023046671,212.309012771631
"F9",1,100,3399.10956310219,187.947941871711
"F9",1,101,2184.31685394853,105.868168284532
"F9",1,102,2715.66828893431,194.580329701302
"F9",1,103,2816.05741698077,110.246368964887
"F9",1,104,3748.22875963535,75.2396884398949
"F9",1,105,2686.67557576081,193.398539243575
"F9",1,106,3424.71894346355,77.1698314348276
"F9",1,107,2893.06909138822,136.459560244721
"F9",1,108,1981.50941628617,205.982608259839
"F9",1,109,2267.82747576989,162.246444552137
"F9",1,110,3731.65284403987,184.916568764396
"F9",1,111,1684.1233396547,204.645835762575
"F9",1,112,2153.88395648638,201.447005343503
"F9",1,113,2567.10257382807,213.696949301851
"F9",1,114,3136.10981430274,101.283527942261
"F9",1,115,2219.68834666912,164.82782861847
"F9",1,116,3429.32446666956,127.434923343573
"F9",1,117,3269.73314307648,203.509531825697
"F9",1,118,2772.4549275049,132.355136195043
"F9",1,119,3458.51497647517,132.994724590567
"F9",1,120,2556.67961592637,101.714652809938
"F9",1,121,4489.38191270543,90.8164308859037
"F9",1,122,2638.37988307316,106.520992028404
"F9",1,123,2310.5413888091,107.188373204051
"F9",1,124,2785.18152415746,148.343312867336
"F9",1,125,3058.01574964889,134.007969965178
"F9",1,126,3282.52265238135,218.898689331226
"F9",1,127,3385.60989611493,179.638259576472
"F9",1,128,2377.00418391164,161.408414049164
"F9",1,129,3770.4778470695,190.246982956938
"F9",1,130,3675.54167332981,130.117538712165
"F9",1,131,3793.22157675206,170.912219047434
"F9",1,132,3005.42005249332,149.306779682459
"F9",1,133,2930.15089422228,138.46546373867
"F9",1,134,3751.48346545774,178.297747358494
"F9",1,135,4629.90430519859,93.4556456926998
"F9",1,136,2834.67826411832,163.878195175771
"F9",1,137,3393.66510200885,149.252278971251
"F9",1,138,3789.23109289877,175.158013538834
"F9",1,139,2918.81075337647,215.417869427361
"F9",1,140,3042.04571733844,191.36085517006
"F9",1,141,3947.56239173978,145.938641012198
"F9",1,142,1561.05958999741,218.268068404568
"F9",1,143,2053.74310701679,224.993953112149
"F9",1,144,2335.45004376094,175.270855059977
"F9",1,145,3978.44308760746,201.043452765983
"F9",1,146,3698.17903958778,150.112920257759
"F9",1,147,3792.80549915492,153.650048633831
"F9",1,148,2401.26866516079,223.386763315552
"F9",1,149,2826.76000052881,183.539024203499
"F9",1,150,3555.0242608048,62.5577027885829
"F9",1,151,3031.89370737654,154.916383169096
"F9",1,152,4635.33727389312,170.493482583802
"F9",1,153,3115.20644172201,175.170783966515
"F9",1,154,3349.49986688859,169.348964882638
"F9",1,155,4064.23987128923,153.659794517046
"F9",1,156,4194.6334845545,93.9121716606475
"F9",1,157,2820.09981161321,117.350144842312
"F9",1,158,3795.00454671637,97.535253321834
"F9",1,159,3707.41355799504,120.527884614725
"F9",1,160,2196.37639275327,189.236294058964
"F9",1,161,2767.56345548014,98.767477089983
"F9",1,162,2903.49743627488,182.019102238824
"F9",1,163,2906.94770623908,65.6252894364028
"F9",1,164,2787.74219076104,126.236192123152
"F9",1,165,3523.86390101316,168.634890676849
"F9",1,166,3839.51613513041,97.1148887600133
"F9",1,167,2698.47887163944,167.69965411676
"F9",1,168,3910.13936331969,115.88154346481
"F9",1,169,3505.53088310191,153.153357253157
"F9",1,170,2039.01156515722,206.095677178997
"F9",1,171,2530.39196876556,117.778363450941
"F9",1,172,3612.50645406705,196.237782973521
"F9",1,173,3104.92114939751,111.921414006537
"F9",1,174,4702.68274885334,206.62030795227
"F9",1,175,3345.7564614372,129.470646160654
"F9",1,176,1987.38334902308,119.920738508963
"F9",1,177,5043.75105310569,169.933717585646
"F9",1,178,3016.58717079308,209.83373105517
"F9",1,179,3266.56365454177,243.981609073152
"F9",1,180,3421.87995181183,152.459243365274
"F9",1,181,3286.52174254208,143.804584831924
"F9",1,182,3624.289928899,145.379925034795
"F9",1,183,3912.11313793236,113.130582446475
"F9",1,184,2036.65362395157,210.672046260417
"F9",1,185,4258.58171706668,169.470759582536
"F9",1,186,3198.67959045691,125.086985490745
"F9",1,187,3455.75275251932,234.530042547132
"F9",1,188,3495.54393423989,184.453792294475
"F9",1,189,2270.99028547242,139.257567008187
"F9",1,190,2937.92141321971,152.480669377398
"F9",1,191,3103.3824568141,145.703320742518
"F9",1,192,3313.9768855429,213.222868635996
"F9",1,193,3001.74398938442,103.798578790093
"F9",1,194,2834.37075791287,148.780854903803
"F9",1,195,3797.97751442962,163.993857917488
"F9",1,196,3612.74257973567,236.128733003985
"F9",1,197,2863.84130271468,159.369201412151
"F9",1,198,4589.99222712138,242.146867033452
"F9",1,199,2453.93499355896,280.576019561931
"F9",1,200,3508.35140058447,106.821293156676
"F9",1,201,2308.59647577764,107.239932692595
"F9",1,202,3582.44694846161,134.368671349489
"F9",1,203,1709.49873568331,239.199381495982
"F9",1,204,1987.39229009202,170.862029828948
"F9",1,205,3460.79938574218,131.652413559227
"F9",1,206,3427.29972719431,106.993551476589
"F9",1,207,3809.72200201161,115.239860076701
"F9",1,208,3663.76098803644,191.270518146452
"F9",1,209,3967.71336080225,27.2417935034205
"F9",1,210,3414.20810407503,189.311337773445
"F9",1,211,1894.10834081042,221.867938730532
"F9",1,212,3008.2948417538,178.719353900121
"F9",1,213,3759.79579337993,176.756319118204
"F9",1,214,3363.70590558043,153.757215042031
"F9",1,215,2604.39709767846,184.134324655554
"F9",1,216,3070.25176581119,119.798624721558
"F9",1,217,2351.46543862547,125.61095797502
"F9",1,218,3515.92023763005,188.582162461728
"F9",1,219,2253.58785446377,163.929521408011
"F9",1,220,2794.57324010383,196.18549081299
"F9",1,221,2670.89011572951,175.601051635332
"F9",1,222,6187.08368214159,267.938497459579
"F9",1,223,4788.15865393264,154.30408582524
"F9",1,224,2537.11527098861,223.308390170077
"F9",1,225,3194.08204682902,226.819110947033
"F9",1,226,1912.52342480902,195.334286737735
"F9",1,227,4967.90293772995,101.886153785179
"F9",1,228,3677.37192304824,124.518591633297
"F9",1,229,3126.73369934487,115.089072882553
"F9",1,230,3304.6217883159,154.261916296444
"F9",1,231,3356.79215656405,210.860073236372
"F9",1,232,1793.83295252469,134.89619936381
"F9",1,233,3881.4918228916,187.904268103759
"F9",1,234,3502.24666365116,110.003377170861
"F9",1,235,2477.06735019946,142.921326077603
"F9",1,236,2895.31984884427,180.108452724364
"F9",1,237,3181.22590023187,104.332930621802
"F9",1,238,2817.01724820719,131.218231319432
"F9",1,239,3130.29694421549,221.335721974684
"F9",1,240,3024.94071039134,199.328658742664
"F9",1,241,2992.49637081504,115.705747172325
"F9",1,242,3075.44686674398,158.506538447331
"F9",1,243,2664.50426109221,203.834350778663
"F9",1,244,1665.6997380587,101.735902805768
"F9",1,245,3378.36958127374,168.299898010255
"F9",1,246,3124.76640550521,121.964953262266
"F9",1,247,3611.39624039695,166.706911875125
"F9",1,248,2534.61209058795,67.7296281421778
"F9",1,249,3835.67138371054,176.920582202718
"F9",1,250,2593.3597985057,144.94860563302
"F9",1,251,2588.3287459094,187.584753756959
"F9",1,252,3566.75337051894,188.098263969949
"F9",1,253,2998.60869231733,106.798114830896
"F9",1,254,2532.29864981445,160.075813563915
"F9",1,255,3913.04902677298,159.695459362315
"F9",1,256,3928.12918317293,71.1891634715935
"F9",1,257,3102.69150740753,216.843921302431
"F9",1,258,3576.94825814197,173.367124788069
"F9",1,259,3729.31572004574,140.662507640962
"F9",1,260,2925.8585959205,148.835301766026
"F9",1,261,2969.07183561455,160.401950583102
"F9",1,262,4080.93219364642,170.577608033479
"F9",1,263,3398.61146214472,166.489152224239
"F9",1,264,3733.92363456404,253.642273859727
"F9",1,265,3250.41831445746,142.386437696745
"F9",1,266,3864.84606761755,153.656727519793
"F9",1,267,3969.83544101971,210.786821326942
"F9",1,268,3540.50766684615,217.525280758829
"F9",1,269,3983.50934443856,166.277856406304
"F9",1,270,4138.30575908402,283.8654918532
"F9",1,271,2450.3035617438,102.542482245777
"F9",1,272,2908.93298741516,162.066053641196
"F9",1,273,3648.21064584834,126.181063938242
"F9",1,274,2130.54164454578,182.495572727539
"F9",1,275,2483.51560250201,79.39023387177
"F9",1,276,4333.05654473015,98.7171084210836
"F9",1,277,4660.88983245342,118.004999922557
"F9",1,278,3809.26127559171,145.812332958017
"F9",1,279,2796.69825686335,176.700242473614
"F9",1,280,4589.02236790553,178.295826986907
"F9",1,281,2723.28705871419,181.92898092374
"F9",1,282,2772.78238048177,175.302345125356
"F9",1,283,2665.97486344308,176.88895297431
"F9",1,284,2419.46573936445,159.778220929545
"F9",1,285,3078.16701565319,262.876141089389
"F9",1,286,3830.31714769924,62.1581927684623
"F9",1,287,2896.51556375646,49.076106784497
"F9",1,288,3617.9825872524,151.234143178988
"F9",1,289,2450.57980897127,92.8642670219588
"F9",1,290,3219.93917310102,151.010270932458
"F9",1,291,3418.77730227051,189.759989040579
"F9",1,292,2515.2832358208,189.564396737802
"F9",1,293,2775.09364640158,150.016856009517
"F9",1,294,2032.5164551749,88.4147214149411
"F9",1,295,3404.53378071435,170.266082730569
"F9",1,296,1753.30147210315,186.082836964162
"F9",1,297,3365.78226353824,179.641375693644
"F9",1,298,2461.36302515515,236.245362848315
"F9",1,299,2894.07982874515,140.57865467296
"F9",1,300,2664.25226600038,162.895890029892
"F9",1,301,3492.43285938774,241.944614929358
"F9",1,302,2839.35828020659,186.949777357082
"F9",1,303,3940.17476713164,140.285077792229
"F9",1,304,3119.0873728096,164.671675817146
"F9",1,305,2955.75938046484,180.680411709707
"F9",1,306,3350.8199704699,172.243264385978
"F9",1,307,3792.54468227429,213.549342574044
"F9",1,308,3654.33679442895,218.664589438261
"F9",1,309,2399.9699166038,181.467515104469
"F9",1,310,1831.53872707082,118.863369619833
"F9",1,311,3726.85667056397,114.304922518491
"F9",1,312,4381.71311457703,163.834160393725
"F9",1,313,2998.17038621304,163.091669119888
"F9",1,314,1818.73003958666,145.982634148292
"F9",1,315,2314.45238490274,254.424783088778
"F9",1,316,3126.17132755097,156.857527765344
"F9",1,317,3293.8951582315,195.652166567134
"F9",1,318,4097.60054629761,120.258381010571
"F9",1,319,3500.89148299464,208.709395316194
"F9",1,320,2863.91813836588,190.45330944602
"F9",1,321,3750.71666282366,129.413783646604
"F9",1,322,2951.75867125212,15
"F9",1,323,3775.21555301766,128.875685451572
"F9",1,324,2905.05660252753,155.48436268752
"F9",1,325,3493.32842986179,144.976291241114
"F9",1,326,3071.52947713898,224.465133666723
"F9",1,327,2248.94928069925,130.487117477585
"F9",1,328,3388.49075135383,189.871786768784
"F9",1,329,2871.71931639937,104.704471141037
"F9",1,330,1803.68729492139,116.269397041565
"F9",1,331,3517.39608048606,261.760405257474
"F9",1,332,3279.82702932223,159.411038231556
"F9",1,333,3227.39688769465,184.136190599052
"F9",1,334,2495.41479573906,240.622057409082
"F9",1,335,3500.79633797962,188.547134251808
"F9",1,336,3262.87723332613,349.510831069876
"F9",1,337,2491.24481773702,205.203165077017
"F9",1,338,2961.29756216706,108.669303746643
"F9",1,339,4133.25985445608,184.22520129356
"F9",1,340,3580.31828707485,183.983860142156
"F9",1,341,4208.08590139059,107.094787727231
"F9",1,342,3044.24066841839,84.2197271912392
"F9",1,343,2277.59229613953,195.858025069032
"F9",1,344,4073.61532608353,107.013172435414
"F9",1,345,4069.16281256118,143.609587705784
"F9",1,346,4261.46771717767,146.158843617383
"F9",1,347,2884.27606912014,189.548123332239
"F9",1,348,3504.10660466431,138.892425573408
"F9",1,349,2111.2264506234,154.920287040599
"F9",1,350,3574.11023898721,156.711902784776
"F9",1,351,2305.73259014305,84.7551843458465
"F9",1,352,3829.69224620307,218.372722586932
"F9",1,353,3974.78125864733,218.481327964309
"F9",1,354,3254.9495976643,138.876205035826
"F9",1,355,1907.3814324477,243.316699536992
"F9",1,356,3469.75006258635,176.709838179245
"F9",1,357,3946.49125373137,198.280327687764
"F9",1,358,3440.90688500953,192.640557252408
"F9",1,359,3728.45542198963,221.948520094955
"F9",1,360,3590.05851293046,148.99428046
"F9",1,361,3033.03503912978,155.88151074292
"F9",1,362,3218.26000081762,270.936020541892
"F9",1,363,3455.67825250704,185.237516789143
"F9",1,364,2200.25721297364,207.538620371642
"F9",1,365,3211.77304654026,119.714280009986
"F9",1,366,2637.8303090584,162.228732052227
"F9",1,367,1318.2710331508,100.959948691471
"F9",1,368,3721.47483980334,114.348722580671
"F9",1,369,3555.414013878,193.593746462952
"F9",1,370,3958.04807628746,163.982263450879
"F9",1,371,3584.80134630557,235.038820838528
"F9",1,372,3972.0410837692,163.508838643418
"F9",1,373,3167.45521569756,109.975432926769
"F9",1,374,3653.08875924105,215.190691433277
"F9",1,375,4294.23837953584,134.089816371246
"F9",1,376,2431.95608925581,37.2891308691896
"F9",1,377,3367.64256462011,234.47054803675
"F9",1,378,2563.47455112353,130.528351214409
"F9",1,379,3849.89538862832,156.088839256774
"F9",1,380,4313.75158175204,124.978752360439
"F9",1,381,2203.48408466094,126.690357315392
"F9",1,382,3478.72560891744,116.525926237807
"F9",1,383,3329.11307391333,158.801601274961
"F9",1,384,4203.42988485298,175.217094266003
"F9",1,385,3293.95837862369,205.432159585627
"F9",1,386,4006.61054726262,68.076482931919
"F9",1,387,3346.22937139718,215.252291190433
"F9",1,388,4220.65455129882,114.571139269059
"F9",1,389,2591.1638171702,252.269969258037
"F9",1,390,1699.27789734646,213.052525156045
"F9",1,391,2677.57704487688,131.399256603423
"F9",1,392,4994.90740462803,140.503807906084
"F9",1,393,3098.6965620381,109.187393949265
"F9",1,394,3791.25265222025,164.519906148111
"F9",1,395,2822.26089224545,174.562435964522
"F9",1,396,2731.94982479054,146.76752263348
"F9",1,397,1958.74823040013,151.768422612824
"F9",1,398,3834.0551859836,132.50217530087
"F9",1,399,4042.15507784643,128.047278920835
"F10",1,1,3127.88120653492,214.910451890612
"F10",1,2,2344.9429804222,180.016880689497
"F10",1,3,3961.54666577721,118.550297378601
"F10",1,4,4242.57835359921,227.876456468327
"F10",1,5,2995.06138235101,134.125733715464
"F10",1,6,2151.20254316091,210.670317800224
"F10",1,7,3794.27878066404,85.2554952222592
"F10",1,8,3228.08239672237,171.756385762776
"F10",1,9,3792.80831837989,193.813797673306
"F10",1,10,2920.45717294988,151.39823157681
"F10",1,11,4018.09112888889,161.14379514574
"F10",1,12,3661.4278286088,98.0970451657555
"F10",1,13,3402.68439109334,160.106718982012
"F10",1,14,4158.12355037385,160.417625111927
"F10",1,15,1828.71048046954,107.766165242941
"F10",1,16,2865.52017164473,143.358978730097
"F10",1,17,4284.17868096158,240.056372310256
"F10",1,18,2888.199262595,61.4017644170958
"F10",1,19,2139.71736844966,72.6147080900156
"F10",1,20,2177.26555999888,232.516990329056
"F10",1,21,2006.83859604867,127.402096286442
"F10",1,22,1448.87667533525,227.05785203008
"F10",1,23,4386.337418915,308.072704430372
"F10",1,24,3032.79745760115,174.876946496729
"F10",1,25,4643.09376262898,96.1586166249076
"F10",1,26,3095.36377353343,177.158877628304
"F10",1,27,3653.75343568313,209.034503421998
"F10",1,28,3068.51400271222,169.014281827792
"F10",1,29,3047.54800892987,191.359441396825
"F10",1,30,3951.2848332045,203.122259978935
"F10",1,31,4400.40263908855,100.154686582693
"F10",1,32,3032.065545278,148.228743286881
"F10",1,33,3142.80430752048,171.839822863784
"F10",1,34,1948.46065400883,147.389513845021
"F10",1,35,3423.83023959321,235.72937393878
"F10",1,36,2422.23130805658,245.545491173638
"F10",1,37,2700.06236192943,75.2713910379863
"F10",1,38,2551.96015317308,119.571045303618
"F10",1,39,4249.33619350804,169.894926803068
"F10",1,40,2950.78598986954,171.162355945955
"F10",1,41,2980.47925112215,183.686684931363
"F10",1,42,2837.92158314817,175.694619320482
"F10",1,43,2318.50644571291,118.608955218801
"F10",1,44,2353.45270365744,126.437671576725
"F10",1,45,1379.93292396287,141.415575069659
"F10",1,46,3832.57085624064,213.045461626754
"F10",1,47,3226.80719469558,204.59680976352
"F10",1,48,3084.13788032628,281.149834158435
"F10",1,49,3098.57115803344,121.181714513964
"F10",1,50,2743.87836723395,148.983995776784
"F10",1,51,4090.86592174411,292.456010670878
"F10",1,52,2895.83791933882,159.220849856691
"F10",1,53,3485.14441621903,235.694555349628
"F10",1,54,3016.65716291757,175.14993071943
"F10",1,55,1558.43785838908,142.032730319161
"F10",1,56,4112.22030533666,190.784217219171
"F10",1,57,2738.65672480851,205.186344146318
"F10",1,58,3424.78659462152,140.610133027854
"F10",1,59,4255.29658186708,145.731492053518
"F10",1,60,3026.29647603423,119.248633603228
"F10",1,61,2937.69327502974,202.366498098587
"F10",1,62,3496.32226186835,217.121815066747
"F10",1,63,1347.29976123556,155.671690573453
"F10",1,64,2768.09061590602,103.557934939047
"F10",1,65,4055.40641757875,154.739534842218
"F10",1,66,2439.56847810143,189.518172604141
"F10",1,67,2806.24750384614,129.597386041606
"F10",1,68,3877.24867862503,201.368386507984
"F10",1,69,3661.69629513195,167.206038581755
"F10",1,70,4337.84705528925,229.736905133848
"F10",1,71,3831.56528123628,39.1755538108549
"F10",1,72,3354.52816696635,139.975487179559
"F10",1,73,2770.19489620264,240.992067342205
"F10",1,74,4239.69506599864,140.127286016067
"F10",1,75,2599.69935467584,143.988928366634
"F10",1,76,2469.03759829982,171.371704481335
"F10",1,77,2544.47821922467,169.744411536166
"F10",1,78,1743.25755531398,168.493299146809
"F10",1,79,3543.39989557374,135.551605998874
"F10",1,80,3617.65785522114,96.9601271620163
"F10",1,81,3525.48610148816,160.621347845526
"F10",1,82,3500.9746452745,69.1597467206543
"F10",1,83,3313.09461353894,185.992261242864
"F10",1,84,3420.18323067901,161.615037800931
"F10",1,85,4068.02314246831,116.213624105315
"F10",1,86,2933.60018934395,171.549220285672
"F10",1,87,3991.83039016689,213.14586246378
"F10",1,88,3517.13746581552,126.014055691411
"F10",1,89,2646.1707360682,287.21756681833
"F10",1,90,2294.89345985046,206.389733965025
"F10",1,91,1761.02519370235,137.608235335418
"F10",1,92,1276.80137366317,170.984008798033
"F10",1,93,3509.03683984087,161.095069086991
"F10",1,94,3215.06076158551,221.983577306513
"F10",1,95,2348.02059795504,141.302237782033
"F10",1,96,3531.66373947991,183.048236233622
"F10",1,97,4587.98640088431,269.302863877918
"F10",1,98,4276.43405706696,105.321532905854
"F10",1,99,3240.36361213737,144.681533877201
"F10",1,100,3461.79527946353,51.2388409629328
"F10",1,101,4101.49561623544,207.98614083665
"F10",1,102,3543.91201675782,172.466166028184
"F10",1,103,2674.49139755766,200.152434083557
"F10",1,104,4125.61387010857,144.647313201596
"F10",1,105,1656.34485074309,142.686849016734
"F10",1,106,4545.60473415609,92.1211214099828
"F10",1,107,3733.78026784326,180.271804741873
"F10",1,108,2734.65365423439,167.907282171182
"F10",1,109,4094.94791351529,46.5476503902326
"F10",1,110,3381.77683075448,166.740195294356
"F10",1,111,3612.08059664964,184.220978914241
"F10",1,112,2939.87434543581,217.476070434475
"F10",1,113,3714.11795355578,215.292373151371
"F10",1,114,2333.08308848207,215.371188131074
"F10",1,115,3118.58869923572,155.664941516024
"F10",1,116,3863.05619101647,173.952379174602
"F10",1,117,2254.78310411875,185.429280921039
"F10",1,118,3747.21519313732,204.644177659402
"F10",1,119,3081.65761724269,159.31400044041
"F10",1,120,3181.21187040927,129.005595916158
"F10",1,121,3060.66361870337,135.664484080048
"F10",1,122,2529.91030683917,166.639350636114
"F10",1,123,3195.23710101023,75.2506518305745
"F10",1,124,2785.74284426535,101.811757557043
"F10",1,125,2638.99053857194,161.27613460963
"F10",1,126,3756.99682188595,142.636848378828
"F10",1,127,2957.77018873886,157.474840255121
"F10",1,128,2748.82278573393,116.87461634106
"F10",1,129,2784.83089187738,195.30782367017
"F10",1,130,3282.13430150484,158.83149622312
"F10",1,131,1927.69390412665,124.162446165316
"F10",1,132,3548.70356657625,226.044217152465
"F10",1,133,3736.2436628531,217.359079567733
"F10",1,134,4022.59778087606,122.188236897598
"F10",1,135,3426.18507110156,169.824582719404
"F10",1,136,1729.35043003059,144.988081735701
"F10",1,137,1943.13366192933,137.94533205045
"F10",1,138,3337.63597259228,181.701377773478
"F10",1,139,1913.54434212561,97.9467763805326
"F10",1,140,4614.89803629987,178.874500457167
"F10",1,141,1523.85191264474,217.948964175651
"F10",1,142,2872.34851899068,121.517969761773
"F10",1,143,3858.31288656464,206.231490565537
"F10",1,144,3651.75635423016,256.81153402438
"F10",1,145,3850.69511868491,89.4599123827842
"F10",1,146,4348.26419816901,86.7066423036529
"F10",1,147,3778.00377459732,152.195667207207
"F10",1,148,3176.63624680543,194.565730093896
"F10",1,149,4079.44074625163,113.293708898842
"F10",1,150,2561.71282822907,187.602967760448
"F10",1,151,2829.53060853851,111.602613693122
"F10",1,152,1722.09811342003,268.72241203402
"F10",1,153,3909.51252064727,202.371208337678
"F10",1,154,4837.63114148569,84.4499179434138
"F10",1,155,3273.62605890421,171.854670959627
"F10",1,156,3087.60749825658,170.520107462992
"F10",1,157,3270.97777798209,225.594323844107
"F10",1,158,3355.09083686924,165.954331855476
"F10",1,159,2688.88176485427,179.680984036151
"F10",1,160,3545.37044500351,152.935728088613
"F10",1,161,2919.22166053716,179.736823375101
"F10",1,162,2562.39219391161,131.128298775595
"F10",1,163,2779.84871414469,287.971968272523
"F10",1,164,4554.2367566043,151.115362239605
"F10",1,165,3203.80609708645,90.7408904427756
"F10",1,166,4408.71388505289,195.421255950799
"F10",1,167,3582.00700229582,140.305900438395
"F10",1,168,4010.29532911056,106.924604308129
"F10",1,169,4184.6296902209,194.581488317376
"F10",1,170,2556.00549569722,154.452799044043
"F10",1,171,3573.67123800269,144.397279082063
"F10",1,172,2965.05665700651,179.845833809725
"F10",1,173,2076.16134923309,137.035462610053
"F10",1,174,4215.84916132852,198.462569118233
"F10",1,175,2798.1944279221,264.457711489468
"F10",1,176,3084.12920385152,176.196118983544
"F10",1,177,2588.67114170189,179.916312421878
"F10",1,178,3247.74818114131,99.0690828269043
"F10",1,179,4212.1997113663,139.48776806427
"F10",1,180,4605.04050298599,190.359730874389
"F10",1,181,3745.15947512374,155.731212945026
"F10",1,182,2998.30713080795,112.937590415698
"F10",1,183,1650.35455694235,163.421922823776
"F10",1,184,3027.96301736121,217.232927101118
"F10",1,185,3382.45504251321,169.10501113684
"F10",1,186,2738.54145040546,113.313384611789
"F10",1,187,2933.49213228626,157.45793696339
"F10",1,188,1188.13020899247,151.368645495082
"F10",1,189,2854.0943046052,194.092097736598
"F10",1,190,3156.83735308674,40.7156649661444
"F10",1,191,2239.51128624376,145.160235926881
"F10",1,192,3538.88210714626,175.1549100655
"F10",1,193,3041.08127607497,118.554079870586
"F10",1,194,2410.64758285032,163.169157424258
"F10",1,195,4318.86493572091,172.321862812485
"F10",1,196,4141.72328352031,194.376660703539
"F10",1,197,3487.07656105235,163.086172320238
"F10",1,198,2346.35306392954,182.048760502991
"F10",1,199,3845.25735993181,123.774981155403
"F10",1,200,2354.98838429228,173.073363894332
"F10",1,201,4949.55861050378,248.632651237763
"F10",1,202,3532.22127190158,225.10622432806
"F10",1,203,3150.58016953347,191.053661528814
"F10",1,204,3951.3856265782,191.41556616183
"F10",1,205,3880.118740388,248.459255867821
"F10",1,206,3345.75183471756,180.596586762085
"F10",1,207,3124.18164557654,207.656636805326
"F10",1,208,2287.53840248987,101.929414183833
"F10",1,209,2724.92828376528,168.495236420652
"F10",1,210,3654.26988636485,133.758846696436
"F10",1,211,3123.7610722595,159.595810102717
"F10",1,212,4742.06707513271,111.187955548123
"F10",1,213,4867.63198944907,188.795273578981
"F10",1,214,3085.3118611302,111.508115392713
"F10",1,215,3372.66133221768,188.026618588604
"F10",1,216,2479.22806965303,144.071095291486
"F10",1,217,4609.94327980617,219.470009126054
"F10",1,218,2338.55676258279,44.1235654454539
"F10",1,219,2275.68785846374,198.182151133223
"F10",1,220,2741.21130265743,193.788849790045
"F10",1,221,2555.83085011608,178.107906964451
"F10",1,222,3165.33388453844,112.036076510511
"F10",1,223,2519.64299253956,64.8431939963417
"F10",1,224,2485.41761386722,141.883162579568
"F10",1,225,3763.77462800962,122.562422281306
"F10",1,226,2877.27823843512,146.212373462132
"F10",1,227,4740.38169414259,66.0880807835201
"F10",1,228,3778.69220310623,205.486438273205
"F10",1,229,3624.03694257166,176.332164659036
"F10",1,230,3051.65583809399,192.978673920878
"F10",1,231,3262.05383109041,133.696613962474
"F10",1,232,1926.58460912793,140.68689557164
"F10",1,233,1438.6406003575,171.597085560557
"F10",1,234,2416.25020746047,133.686709760526
"F10",1,235,2401.65130363224,161.907120101094
"F10",1,236,3199.59202617407,172.799173272737
"F10",1,237,1732.48240805247,206.666243123198
"F10",1,238,2814.98365993589,148.168912798467
"F10",1,239,3542.12904782142,170.700159150575
"F10",1,240,3382.14701607627,108.90418264711
"F10",1,241,3470.88979543829,105.442073959152
"F10",1,242,4549.94755648056,193.23653831733
"F10",1,243,3070.5180707915,207.030256322595
"F10",1,244,2477.14712486829,155.14829207085
"F10",1,245,3954.76394247212,89.6765618460943
"F10",1,246,2672.90079072246,228.850094594196
"F10",1,247,1605.54736493654,264.595636217813
"F10",1,248,2418.34914988933,283.626537901355
"F10",1,249,2820.36218802902,171.776933780782
"F10",1,250,3282.94245902791,79.3754892924272
"F10",1,251,2917.64129372797,73.176577983753
"F10",1,252,2253.79987363415,108.518784888123
"F10",1,253,3972.91227042581,139.347398022798
"F10",1,254,3154.48701046936,170.287037903167
"F10",1,255,3898.09916619239,119.722559540841
"F10",1,256,2114.7364797407,77.4942794398424
"F10",1,257,3669.74727445286,99.0773959390567
"F10",1,258,3300.69711466101,113.645156567172
"F10",1,259,3659.13325556184,202.721712534384
"F10",1,260,3359.42474863442,82.6899606550369
"F10",1,261,3725.65848476927,172.069114747118
"F10",1,262,2506.5244293049,129.628780122122
"F10",1,263,2761.50263714867,105.683804240581
"F10",1,264,3454.41101479642,176.462494382783
"F10",1,265,4159.13892402107,226.652686354227
"F10",1,266,3073.25166056596,157.236611653057
"F10",1,267,3796.33186685578,120.072506580133
"F10",1,268,4728.89190092114,136.904621106912
"F10",1,269,2774.54604721359,184.857244382703
"F10",1,270,3393.58943063576,225.986781824692
"F10",1,271,4022.36918786436,179.234251494484
"F10",1,272,4381.42222362557,182.664987914002
"F10",1,273,2981.46971027085,67.2114478684988
"F10",1,274,2284.52592730668,228.3937449092
"F10",1,275,2873.34100755794,200.955558959127
"F10",1,276,2498.34796901798,230.205852284089
"F10",1,277,2430.9888310668,184.274239426066
"F10",1,278,2971.26260454866,142.166899379329
"F10",1,279,3831.72920741208,196.625946832257
"F10",1,280,3139.43299193253,118.885344877572
"F10",1,281,3212.24654617206,141.475626607152
"F10",1,282,2792.19076022546,137.48795554707
"F10",1,283,2509.73911019776,182.785107942445
"F10",1,284,4145.1135729097,128.969536416847
"F10",1,285,3172.65491804687,176.19867686901
"F10",1,286,3008.80421510799,209.052702348351
"F10",1,287,1996.42470889687,161.819040787412
"F10",1,288,3398.531348956,187.120780196281
"F10",1,289,3481.40330993775,55.9035504208693
"F10",1,290,1986.24421992105,228.345614621016
"F10",1,291,2428.35644234783,176.530768592214
"F10",1,292,2768.46017610039,120.73476081926
"F10",1,293,3119.15157280853,61.2262950610151
"F10",1,294,2400.65714971378,240.428804075106
"F10",1,295,3287.73889884167,212.912791725353
"F10",1,296,4298.19068824274,203.794212320055
"F10",1,297,2100.3803618855,237.969859802531
"F10",1,298,1482.25560767585,127.465415680684
"F10",1,299,4117.23955670183,197.235376161072
"F10",1,300,2811.66288375737,84.8720977697296
"F10",1,301,4664.10720790105,139.690932579828
"F10",1,302,2845.8246833061,133.524220633284
"F10",1,303,2757.25577354888,163.593835228776
"F10",1,304,2914.09784301339,168.857869527177
"F10",1,305,2883.54314412915,186.312441151564
"F10",1,306,3019.99576068129,122.481339231383
"F10",1,307,2677.38043724401,127.30981156131
"F10",1,308,4250.32039790921,152.211737344304
"F10",1,309,3449.35690922782,150.724511384779
"F10",1,310,4837.9921175455,116.473898408625
"F10",1,311,2663.66451887614,193.838424581083
"F10",1,312,4025.95490868235,136.452044855036
"F10",1,313,3019.4168469623,231.20653950684
"F10",1,314,3843.31552333523,134.363415238143
"F10",1,315,3261.05644643798,53.3445081677392
"F10",1,316,3596.56024340753,213.905162093678
"F10",1,317,3230.1598300857,116.010567072608
"F10",1,318,4068.7238370806,179.54356376518
"F10",1,319,2186.70154140159,185.646670366108
"F10",1,320,3544.70260588649,101.770266906766
"F10",1,321,5222.09015248274,143.573309033544
"F10",1,322,3188.60570681844,132.045656446899
"F10",1,323,4044.42220606416,157.201581851312
"F10",1,324,3329.07779475253,132.441569234083
"F10",1,325,3016.93522977528,134.769772043879
"F10",1,326,3222.51213853968,214.775938968446
"F10",1,327,2423.59835691396,238.784657644495
"F10",1,328,3830.89330541651,128.218985367986
"F10",1,329,3748.249376792,215.143005687096
"F10",1,330,4536.45540348843,230.28050155012
"F10",1,331,2923.19672330434,278.330975517106
"F10",1,332,2950.86305199875,200.523242894415
"F10",1,333,2842.87210069834,201.432247284006
"F10",1,334,4056.3941427937,103.020629563062
"F10",1,335,2714.66850460613,190.933757581463
"F10",1,336,2135.72844952627,28.9054080519414
"F10",1,337,3177.13262062135,161.773813438713
"F10",1,338,4505.13126518022,93.0028063976889
"F10",1,339,3505.09439809437,147.262081860729
"F10",1,340,4713.52138510917,187.123835218085
"F10",1,341,3716.1147179524,207.898827950995
"F10",1,342,3252.55750093696,161.072698949905
"F10",1,343,3494.78698314779,160.797808155023
"F10",1,344,3487.53125822227,190.402206210999
"F10",1,345,4085.95190885151,200.560284554867
"F10",1,346,3013.0121542259,241.431935576484
"F10",1,347,3452.14455621924,200.89591909236
"F10",1,348,2688.38644425914,291.864117740982
"F10",1,349,1880.46768901708,192.792579984535
"F10",1,350,4128.94826465823,151.338693985989
"F10",1,351,2965.71892676882,216.676601422409
"F10",1,352,2626.91944236423,201.780291087476
"F10",1,353,2317.79003089304,243.061899433786
"F10",1,354,3878.96809214382,225.085966120621
"F10",1,355,3338.86843153448,182.165476514205
"F10",1,356,3570.99782321978,173.018656685371
"F10",1,357,3279.63965107086,143.424827426887
"F10",1,358,3514.4823346603,133.383871513263
"F10",1,359,3298.12603597345,133.687424621201
"F10",1,360,2410.39525421595,188.3581029213
"F10",1,361,3876.58208782432,147.880965297187
"F10",1,362,2503.04144299548,140.535326349661
"F10",1,363,2540.00419696171,92.2183645637322
"F10",1,364,3725.84324440192,73.3929826123435
"F10",1,365,1962.25630477081,173.003516664744
"F10",1,366,2480.34263441352,104.822893998793
"F10",1,367,2938.80032154075,125.712258934381
"F10",1,368,2780.47580241194,66.565847343063
"F10",1,369,4012.57082223146,211.56343377
"F10",1,370,3403.01801507307,155.108387790186
"F10",1,371,2858.21718434529,131.137133135758
"F10",1,372,2983.55378836847,28.8227387740804
"F10",1,373,2788.05319490161,134.056391285718
"F10",1,374,1317.6090796657,207.051681115019
"F10",1,375,2988.90774094039,135.322778605467
"F10",1,376,3433.40200747879,191.992980562636
"F10",1,377,2650.0106573881,218.460752329421
"F10",1,378,2343.53908311142,137.189165977784
"F10",1,379,3382.7447507713,122.663028743455
"F10",1,380,2371.45895389671,189.429952774018
"F10",1,381,2521.84768664723,155.655430177748
"F10",1,382,3187.16037459508,144.654615883527
"F10",1,383,4019.93385421033,122.826381219974
"F10",1,384,4385.35212392155,186.169955966055
"F10",1,385,3537.51352771509,138.546172715721
"F10",1,386,4016.7139023628,164.636362316279
"F10",1,387,4986.23644839239,237.457999797459
"F10",1,388,3341.59922284367,142.991792333514
"F10",1,389,2916.78819297581,172.587793430947
"F10",1,390,2368.94533421622,157.988100952871
"F10",1,391,3441.03800008258,180.220265574335
"F10",1,392,2845.15303448561,256.982198547079
"F10",1,393,2602.12399709741,178.660529413773
"F10",1,394,3808.62108158201,159.892753677305
"F10",1,395,3173.13078005299,148.654608617293
"F10",1,396,1579.16471402276,153.17986575402
"F10",1,397,3101.21067950174,176.511636897707
"F10",1,398,5078.18908450467,149.276611531109
"F10",1,399,1852.50249510043,131.068174155504
"F10",1,400,3957.08925817615,176.71420596502
"F10",1,401,3103.72445020947,162.420972889615
"F10",1,402,1507.48533711835,178.063625678765
"F10",1,403,3158.65130375086,228.68156287415
"F10",1,404,3812.25452082599,243.454513458574
"F10",1,405,2440.26871004062,175.979389425243
"F10",1,406,3069.14265799538,213.852964983214
"F10",1,407,3116.32312724934,209.999853797158
"F10",1,408,3904.52963476761,136.849038744326
"F10",1,409,2920.51118723981,100.834386824705
"F10",1,410,3227.10448304023,62.6538834406913
"F11",1,1,3162.52480727586,131.176101091509
"F11",1,2,2855.06650319516,142.413002099747
"F11",1,3,2946.71274934419,232.687458331869
"F11",1,4,3210.06017920664,140.815601468492
"F11",1,5,2320.26470848316,138.256219540011
"F11",1,6,3883.71419290565,239.009116712004
"F11",1,7,3076.13835562801,184.929015251569
"F11",1,8,2668.34839773409,193.87521054004
"F11",1,9,3955.45994749607,160.553510366793
"F11",1,10,4354.08790513592,144.538798322164
"F11",1,11,3140.53157197739,170.392961601336
"F11",1,12,2603.81999809328,134.273498021651
"F11",1,13,1981.6719483843,123.420118329125
"F11",1,14,2111.42371880468,155.877517530512
"F11",1,15,1348.63735883801,175.501676198565
"F11",1,16,2782.6833864568,181.939860211292
"F11",1,17,1854.27207943322,235.570203921006
"F11",1,18,3571.24934746492,141.679449108641
"F11",1,19,2022.8508878884,221.676101393996
"F11",1,20,3456.28286619002,172.323276355415
"F11",1,21,2788.74314220123,194.562307373212
"F11",1,22,2792.12681686103,118.57527698718
"F11",1,23,3439.94994221111,171.625638109701
"F11",1,24,3741.14162584299,166.077345127148
"F11",1,25,3373.53045790535,142.95638402443
"F11",1,26,3048.83801333175,210.558593041823
"F11",1,27,3875.05931310872,177.447777048485
"F11",1,28,3680.9609468744,138.930058836689
"F11",1,29,3941.57568999744,107.674580599187
"F11",1,30,3275.58245697661,160.104778978398
"F11",1,31,2233.76978384302,261.19329583835
"F11",1,32,2416.76400597642,225.35789808343
"F11",1,33,2167.4559931482,153.678001794613
"F11",1,34,2055.11167167553,122.659830540879
"F11",1,35,3739.60915467613,177.658113219063
"F11",1,36,2401.43646247033,163.79585699184
"F11",1,37,1760.52188677388,230.879180394393
"F11",1,38,3224.03624641341,202.149322141957
"F11",1,39,2992.49546922696,125.62658578502
"F11",1,40,3483.81832773318,92.0418677859675
"F11",1,41,3651.01952078918,128.540343716126
"F11",1,42,2988.28908142683,96.428481762545
"F11",1,43,3267.980876961,182.557738024892
"F11",1,44,3320.4581104155,71.0313325411703
"F11",1,45,3777.93606691013,141.387874321188
"F11",1,46,3781.6066183068,169.714294401242
"F11",1,47,2834.4391188438,171.900788641125
"F11",1,48,3044.60483936516,105.984803621561
"F11",1,49,2023.1175448269,181.412975023675
"F11",1,50,3800.17897316557,187.265585450467
"F11",1,51,3171.18626013777,174.381617035249
"F11",1,52,3776.02188475964,190.634694993794
"F11",1,53,3254.84463363215,147.912768238632
"F11",1,54,4490.78279935799,198.452215392494
"F11",1,55,4034.7689022288,182.815636692726
"F11",1,56,2023.12973879184,59.7460168678211
"F11",1,57,4637.90854152462,114.98349001411
"F11",1,58,2462.31452046871,120.655416860346
"F11",1,59,1136.74995084805,103.696595164553
"F11",1,60,2314.39679869347,137.378881967371
"F11",1,61,4664.5185866904,43.7033256886193
"F11",1,62,4443.18736103489,184.422323753192
"F11",1,63,2878.62083166287,160.253375832922
"F11",1,64,2737.09568383454,90.1701521280847
"F11",1,65,1559.17028837047,174.010288613676
"F11",1,66,3136.10597150117,146.26930096019
"F11",1,67,4250.31737684142,169.861168544129
"F11",1,68,3457.08165808791,251.197454412445
"F11",1,69,2489.34654853465,170.467155708961
"F11",1,70,2600.39004264208,146.985601748675
"F11",1,71,2119.64886346131,203.714399270433
"F11",1,72,2465.13858341714,150.020193454553
"F11",1,73,2253.16308605948,201.142195079295
"F11",1,74,3520.62210750551,191.645073556774
"F11",1,75,2852.73118895765,129.12014119343
"F11",1,76,3724.6622206491,96.3521174155525
"F11",1,77,3807.19286795287,143.499783039324
"F11",1,78,2427.79355753648,170.004696104903
"F11",1,79,2917.74806407027,154.883590255145
"F11",1,80,4537.58399699334,180.463234076502
"F11",1,81,1787.56491219661,229.907355309947
"F11",1,82,3331.9347328663,249.977203294768
"F11",1,83,3937.45551009559,160.839763899192
"F11",1,84,4104.1569904247,190.948322004143
"F11",1,85,3690.54096397411,206.657360053881
"F11",1,86,3084.42508226535,133.563930774003
"F11",1,87,2222.47691655344,227.693209717527
"F11",1,88,3598.09145274394,107.190039084979
"F11",1,89,3557.26071422596,207.737843442428
"F11",1,90,3014.26116562269,257.66536012502
"F11",1,91,3590.36347753358,169.974807949369
"F11",1,92,3601.44516008943,245.19351375901
"F11",1,93,3784.58905287736,138.610822891703
"F11",1,94,4130.91073202311,92.3166741107811
"F11",1,95,3445.30578051772,201.900944133707
"F11",1,96,2425.6959511534,221.485409140284
"F11",1,97,4513.22165351132,166.545411240402
"F11",1,98,2725.84649799133,150.766062808957
"F11",1,99,3059.81252793557,201.300234489842
"F11",1,100,2360.24916770694,277.094127366507
"F11",1,101,3112.25524178108,161.735128844387
"F11",1,102,3233.37138465906,95.1990390955301
"F11",1,103,3531.10919612838,33.492697705103
"F11",1,104,3548.7705947719,127.185566266515
"F11",1,105,3811.49563278395,165.116957746286
"F11",1,106,3639.77903230807,204.753289138208
"F11",1,107,1752.44805504532,173.235338801505
"F11",1,108,2892.22301100999,121.257256428152
"F11",1,109,1680.95507252199,250.198435114032
"F11",1,110,1780.17626688467,160.850939239216
"F11",1,111,3190.71349458745,159.840307963693
"F11",1,112,2876.24068744455,156.785721989592
"F11",1,113,2984.41200973577,169.006234175917
"F11",1,114,2493.27953420313,177.278599477954
"F11",1,115,1851.56442842574,257.288775208957
"F11",1,116,2039.59495944341,150.790261128536
"F11",1,117,2945.61278762393,128.107346383061
"F11",1,118,2888.87124388846,219.980920489302
"F11",1,119,4106.45632918675,147.020910273911
"F11",1,120,3174.0227489849,142.375735320402
"F11",1,121,3287.61507921066,191.038819121768
"F11",1,122,3838.84519431825,116.200980960965
"F11",1,123,3379.40243228252,166.409431145794
"F11",1,124,3675.84714352002,176.363793849485
"F11",1,125,2331.43694066098,184.067036307184
"F11",1,126,5116.53918069699,176.436403968689
"F11",1,127,3715.38937345519,112.617431939504
"F11",1,128,3706.85162543737,139.239715580047
"F11",1,129,2131.53563934189,144.007264806345
"F11",1,130,1851.32338494843,142.180660892298
"F11",1,131,3639.80372682043,162.022117507328
"F11",1,132,2506.8662782407,217.603230176515
"F11",1,133,3038.04701545783,234.273383059494
"F11",1,134,3694.22840785472,191.698588526286
"F11",1,135,4732.7398510169,158.164605438644
"F11",1,136,2656.30179712365,176.280281123039
"F11",1,137,3355.16733882172,234.06919758545
"F11",1,138,3157.50511461452,105.867911826408
"F11",1,139,3236.01163776489,153.160745710115
"F11",1,140,4101.78060293449,108.566966974594
"F11",1,141,4059.11815328975,214.43869616188
"F11",1,142,3626.01075837073,140.377349800985
"F11",1,143,3123.87999568587,192.062389040904
"F11",1,144,3145.19816723058,72.6376211445532
"F11",1,145,3123.71725378966,181.309091341842
"F11",1,146,3341.71323591798,221.754596794158
"F11",1,147,3279.92289755607,143.14597287294
"F11",1,148,5129.17543860149,155.279678128075
"F11",1,149,4767.64425487442,185.662124988134
"F11",1,150,3643.16064984159,84.5784363245589
"F11",1,151,4170.948951209,167.072931545822
"F11",1,152,3020.13488973463,220.076863868413
"F11",1,153,2694.8103807127,205.970704557643
"F11",1,154,3142.46325933447,221.42743829381
"F11",1,155,2794.14881203281,149.892255599199
"F11",1,156,2244.27902288927,225.792502697732
"F11",1,157,3627.17583096794,200.323178350457
"F11",1,158,2226.11462487592,230.741774988153
"F11",1,159,1678.07449640918,214.261457324334
"F11",1,160,2657.4969518068,187.703316379556
"F11",1,161,3985.13655992719,95.994994626248
"F11",1,162,2357.6768662275,95.8524065479301
"F11",1,163,3753.8511464984,71.8243826139559
"F11",1,164,2419.26497815281,166.131046679034
"F11",1,165,3078.75628757683,118.470675279333
"F11",1,166,5039.75412355463,255.293429351729
"F11",1,167,3665.2204714859,82.915450236486
"F11",1,168,3322.66408796697,179.951099069985
"F11",1,169,3846.11091565951,68.5904604682657
"F11",1,170,4171.74256037034,158.957930389526
"F11",1,171,3967.93170381687,158.818757557313
"F11",1,172,3555.01135128403,186.679905682337
"F11",1,173,2669.31252099832,203.029864547162
"F11",1,174,4477.82513201946,123.907665926988
"F11",1,175,2350.98489241992,250.312893553303
"F11",1,176,1980.85563567172,89.8401582467091
"F11",1,177,3159.89967006872,189.427470378626
"F11",1,178,3735.61451169082,67.3264603666795
"F11",1,179,2478.3345572097,93.5625034399712
"F11",1,180,2738.0966865549,181.649548956922
"F11",1,181,3239.00363716245,118.805193364729
"F11",1,182,2765.62743297465,153.204902111457
"F11",1,183,4479.39797129431,127.354758328993
"F11",1,184,2838.25165695891,153.538469562307
"F11",1,185,2162.86580583622,75.3129583772168
"F11",1,186,1219.66182586472,111.573794925085
"F11",1,187,4418.29563396127,153.319883937047
"F11",1,188,4012.18899698681,94.6580585122275
"F11",1,189,3596.65146141281,205.99910286854
"F11",1,190,3651.9620031466,200.990541297053
"F11",1,191,3603.85604194305,224.93038812214
"F11",1,192,2022.45638136363,111.479780925766
"F11",1,193,3838.10722942602,89.6426044584503
"F11",1,194,5181.68918879714,154.931753549696
"F11",1,195,2843.04000456664,278.104189584733
"F11",1,196,4185.30224906413,144.79466448212
"F11",1,197,4497.51415928145,166.631689859812
"F11",1,198,2814.14289270755,203.175829480426
"F11",1,199,3500.40581408935,138.763662839593
"F11",1,200,2367.50906060281,118.903862242032
"F11",1,201,4031.15860044332,243.131621819068
"F11",1,202,3388.86529211647,137.344814934333
"F11",1,203,2305.16779747528,226.650245570336
"F11",1,204,3901.97538351113,142.457070453036
"F11",1,205,3259.64332061268,178.288114209938
"F11",1,206,4061.78772895443,196.906397972694
"F11",1,207,5308.71996927748,194.798879765569
"F11",1,208,4068.85511136896,157.254811310413
"F11",1,209,3233.04273535077,180.972473422343
"F11",1,210,1731.69587379356,190.016593218595
"F11",1,211,3013.83653951988,93.5160207173893
"F11",1,212,4092.19016159725,301.163472893854
"F11",1,213,2573.43195364796,103.204505117505
"F11",1,214,3489.53790395433,167.299461553524
"F11",1,215,2876.32499685437,202.439052787392
"F11",1,216,3533.12339885826,198.228870527021
"F11",1,217,2394.91020812239,147.047538065957
"F11",1,218,3600.74965099913,160.723519820637
"F11",1,219,3361.10160766377,184.90745530174
"F11",1,220,4776.07717419246,118.150628599263
"F11",1,221,4664.42435706501,61.8823860309253
"F11",1,222,3395.24146262415,123.575562089871
"F11",1,223,2644.70123648949,183.931484046903
"F11",1,224,2888.51638316829,174.699428764639
"F11",1,225,3377.56094982555,240.117121834795
"F11",1,226,2435.58956672518,159.937015600692
"F11",1,227,2482.99339363237,216.700789229527
"F11",1,228,4343.5954573398,110.410609019871
"F11",1,229,1525.43048368188,138.534781868304
"F11",1,230,3570.07977344909,189.966503930679
"F11",1,231,2179.2242761542,98.6004389641162
"F11",1,232,2001.40610399749,158.540461654886
"F11",1,233,2443.62884309687,117.001641547588
"F11",1,234,4198.83820175276,137.377781216413
"F11",1,235,2574.17108005613,124.889181134605
"F11",1,236,3245.26663417009,126.909259908892
"F11",1,237,3325.09422806916,58.6378440976057
"F11",1,238,2229.4375071283,73.4141468021222
"F11",1,239,3731.84060428333,140.000662493106
"F11",1,240,4424.88564780851,187.96852898062
"F11",1,241,1841.34564435791,179.565598364145
"F11",1,242,3416.04780706682,80.1832936689009
"F11",1,243,2628.45888561551,183.187648227565
"F11",1,244,3573.40121246341,168.015038859256
"F11",1,245,2635.49342202452,132.927341087923
"F11",1,246,3535.20176861536,150.15391097843
"F11",1,247,2110.95362219738,178.748082544271
"F11",1,248,2533.96037474153,135.231845479761
"F11",1,249,3470.19828638314,168.28283639904
"F11",1,250,3516.56744247211,195.575520251849
"F11",1,251,2642.5767998594,201.957168210021
"F11",1,252,3335.16597373104,259.571924106261
"F11",1,253,3924.3175158775,199.276810103369
"F11",1,254,3470.67773690499,200.93737074558
"F11",1,255,2831.28079218126,81.0074686689113
"F11",1,256,3351.61516805061,157.872847368678
"F11",1,257,3007.20883629882,153.606385629253
"F11",1,258,3418.70553581804,130.464579826216
"F11",1,259,2778.45948555463,146.431793212197
"F11",1,260,2292.18671063621,129.795099344672
"F11",1,261,4254.23803415352,205.457556380618
"F11",1,262,3621.26692782455,136.751860322597
"F11",1,263,2209.80463682926,212.439012303211
"F11",1,264,2789.31160785221,122.778280660613
"F11",1,265,4133.06134712652,198.682327118187
"F11",1,266,3532.21558702456,102.04381953425
"F11",1,267,2684.87653615939,260.002268702483
"F11",1,268,3016.51357034245,193.368843765582
"F11",1,269,2210.02774015088,213.761506890236
"F11",1,270,4102.6573187124,99.8028216872373
"F11",1,271,3433.46495788067,107.792363227738
"F11",1,272,3273.86934456509,179.755882125133
"F11",1,273,3360.83761940264,226.171420089173
"F11",1,274,1977.53697229799,85.5996732305502
"F11",1,275,4251.24248957554,226.235009617138
"F11",1,276,2653.64303314431,162.053359132413
"F11",1,277,4271.51701735232,248.808538624037
"F11",1,278,2803.59798539408,134.159953724269
"F11",1,279,2222.71051352996,154.206085423597
"F11",1,280,4075.99353647449,223.950359684943
"F11",1,281,3993.7235311154,260.155404747524
"F11",1,282,3947.18074378498,199.20634303405
"F11",1,283,2502.96319220314,197.510762813098
"F11",1,284,2362.22964989694,95.6870647906171
"F11",1,285,4084.14381770016,181.611120109212
"F11",1,286,3314.09831140426,154.756464346081
"F11",1,287,2112.37030645316,201.982597541478
"F11",1,288,3101.80335573291,141.972845300674
"F11",1,289,2472.63740729708,135.293337828506
"F11",1,290,2621.87198257098,137.315123546821
"F11",1,291,2640.87328023132,122.508856162984
"F11",1,292,3719.08125288177,160.872911956881
"F11",1,293,2871.02249967266,66.0132582113181
"F11",1,294,2604.95740174964,95.5904686646985
"F11",1,295,2386.49440718666,146.799864366611
"F11",1,296,3338.29202838368,112.715834904932
"F11",1,297,1440.95960164108,125.671595990468
"F11",1,298,3187.25369866028,178.412117814597
"F11",1,299,4272.56626526962,117.725121718525
"F11",1,300,2571.50044543594,155.39914812217
"F11",1,301,3954.72218591833,186.412872124031
"F11",1,302,3611.41644011778,111.877672016182
"F11",1,303,2832.81418690125,125.349262595713
"F11",1,304,2822.73882697889,208.13961013963
"F11",1,305,4421.69378408976,133.51915225118
"F11",1,306,2958.81085196147,115.449218225082
"F11",1,307,3479.96347340322,206.595316805745
"F11",1,308,4398.91081424597,167.316035838806
"F11",1,309,3110.9693603042,240.93059862326
"F11",1,310,2813.95827798183,193.250761554295
"F11",1,311,2756.36768997864,115.165337496781
"F11",1,312,4419.27027091602,127.658601948373
"F11",1,313,2683.25983110175,198.126782348373
"F11",1,314,2596.15765583644,208.680223165315
"F11",1,315,2789.63814815234,159.08393765726
"F11",1,316,4062.15659001633,108.72287936486
"F11",1,317,3681.00282390544,104.671789072562
"F11",1,318,5019.98312848682,169.936531107523
"F11",1,319,3887.78320420195,154.576198363321
"F11",1,320,3590.096767031,204.379156225771
"F11",1,321,3784.89016781229,114.273870164422
"F11",1,322,3410.01405629815,251.940411129222
"F11",1,323,3157.77192569874,127.937292311485
"F11",1,324,2340.90555984328,130.923144023308
"F11",1,325,2496.7153626931,93.0894239893146
"F11",1,326,3180.05222939249,143.996895934254
"F11",1,327,3532.42242624177,182.4321936336
"F11",1,328,2886.82947990863,139.069618277666
"F11",1,329,2133.15558150913,77.6487977333379
"F11",1,330,2091.91913669322,217.629837897743
"F11",1,331,4362.59424185901,169.080439050436
"F11",1,332,3242.14980791315,202.026793583537
"F11",1,333,3428.71428619865,131.106404109398
"F11",1,334,1229.00952272545,250.456659314433
"F11",1,335,4054.21054647865,179.249887626944
"F11",1,336,2820.04502467147,175.835612028805
"F11",1,337,1351.31196518416,77.9619893617307
"F11",1,338,3649.23821120371,228.134642482547
"F11",1,339,3871.42460194214,41.9356020061676
"F11",1,340,2664.91860645403,109.909768424117
"F11",1,341,2843.07954720757,151.132868775618
"F11",1,342,2716.20753287345,165.462117888285
"F11",1,343,3129.57253547789,145.055685921053
"F11",1,344,3507.80739045519,159.968935453737
"F11",1,345,2857.83440823336,282.179246640166
"F11",1,346,4289.9120260222,201.965405649346
"F11",1,347,2463.20635349334,163.200124148988
"F11",1,348,3915.79693441825,164.242448404964
"F11",1,349,3789.27017679989,243.072229157122
"F11",1,350,2342.07364030679,102.818172922832
"F11",1,351,2762.8588293093,85.0347975699065
"F11",1,352,3255.01067140507,196.719408166735
"F11",1,353,2134.53766642207,130.943505319489
"F11",1,354,2277.19067276911,145.692999892136
"F11",1,355,3423.18952718083,184.560082750339
"F11",1,356,2652.62049910748,111.779923852968
"F11",1,357,2584.73171931128,108.847833338815
"F11",1,358,2898.36249449915,158.253533449074
"F11",1,359,2678.07796305243,272.950625302809
"F11",1,360,3649.9235572698,39.4182179654006
"F11",1,361,2871.36168956622,247.919799881264
"F11",1,362,3382.4181285554,174.41419163977
"F11",1,363,2538.63616035776,99.2517013747488
"F11",1,364,3277.49931148767,208.549272901659
"F11",1,365,3918.04658291399,120.683423478937
"F11",1,366,3792.64522233153,46.8784424120147
"F11",1,367,4008.54085392013,174.701165207826
"F11",1,368,3987.3416189585,205.290735508435
"F11",1,369,3163.76609839992,117.33117162725
"F11",1,370,3285.50951499964,251.301097670302
"F11",1,371,1472.92195698384,121.865114163458
"F11",1,372,2185.57365445577,145.309016322338
"F11",1,373,2796.04593390025,225.902800960458
"F11",1,374,2212.54520682682,133.017702412693
"F11",1,375,3768.26574175215,208.288611218698
"F11",1,376,3743.1313208661,92.3568241256696
"F11",1,377,2664.576740838,136.623459900949
"F11",1,378,3355.64098853365,88.7001820404439
"F11",1,379,4016.20652987333,225.276276190953
"F11",1,380,3373.22351488258,191.023691895116
"F11",1,381,2971.05250378731,205.923893642097
"F11",1,382,2972.8172723636,147.445463159109
"F12",1,1,2594.48826570871,127.503669934695
"F12",1,2,3099.37046282546,162.070993009073
"F12",1,3,2797.83725707872,95.3795509749475
"F12",1,4,3001.19417514899,98.9480553339684
"F12",1,5,2925.4360908039,81.5401072239367
"F12",1,6,3001.35824425518,153.401713232732
"F12",1,7,2061.4173647237,171.543143296671
"F12",1,8,2853.35679350201,133.643329868949
"F12",1,9,2020.6254585806,177.882418255736
"F12",1,10,2894.47028655185,104.701090030847
"F12",1,11,3003.14053593976,219.164028255841
"F12",1,12,3550.82597976524,198.217315165214
"F12",1,13,4077.68123997799,183.621354770785
"F12",1,14,3226.77699015637,183.886217600744
"F12",1,15,3057.02190383768,204.139105475471
"F12",1,16,3812.64691187467,155.982826530732
"F12",1,17,3134.82261680485,107.838515826886
"F12",1,18,2494.8164882737,54.7079533730707
"F12",1,19,3419.28065493948,78.4346486830601
"F12",1,20,2801.55468049332,169.224368817928
"F12",1,21,3045.76234244551,183.697974567754
"F12",1,22,2683.03676637581,125.263067225389
"F12",1,23,3028.13400907637,159.041541230898
"F12",1,24,2531.48136862895,189.030312454488
"F12",1,25,2608.81266059698,177.884666491372
"F12",1,26,3879.25560228112,95.7907247016894
"F12",1,27,4730.25160279637,209.869682502582
"F12",1,28,4266.26335174839,190.830339274081
"F12",1,29,2777.99148254279,153.632216726123
"F12",1,30,4433.99023906612,136.374419738733
"F12",1,31,4123.60166517565,174.031089799524
"F12",1,32,3163.46777409486,99.6678019616596
"F12",1,33,3302.18730591382,93.9263566955693
"F12",1,34,2208.01257277226,167.944575167191
"F12",1,35,4849.303543092,193.078312069714
"F12",1,36,2902.16225444689,177.997587740058
"F12",1,37,2623.61942161556,176.769188854877
"F12",1,38,3356.5365326024,154.947962529981
"F12",1,39,2693.83863444998,269.984729786405
"F12",1,40,2685.02600805281,207.334777403284
"F12",1,41,3713.24759921603,167.879339673964
"F12",1,42,2688.33099795203,107.057204695006
"F12",1,43,4149.55321058453,226.819850195798
"F12",1,44,3051.88440547642,167.372375200278
"F12",1,45,3387.97337454407,172.797171569408
"F12",1,46,2992.88346854734,150.838434250411
"F12",1,47,2364.00636708793,208.167152856757
"F12",1,48,4018.27849825779,153.132659337919
"F12",1,49,3638.3187208174,100.61511355221
"F12",1,50,2520.18269555052,111.478801729834
"F12",1,51,3304.0637511427,192.511451569556
"F12",1,52,2513.36738537773,132.017725902968
"F12",1,53,1793.6476134233,200.727922506463
"F12",1,54,3704.3281806182,82.2560150405865
"F12",1,55,3614.28203000315,186.443962203215
"F12",1,56,2977.36459104992,147.247752394815
"F12",1,57,3587.65175312614,68.0776757442036
"F12",1,58,3406.27752385026,147.106524336746
"F12",1,59,3580.25871182782,211.722229777425
"F12",1,60,2688.39386424105,128.893003193996
"F12",1,61,2170.64158004497,200.798753465458
"F12",1,62,2670.27612067698,207.701733250915
"F12",1,63,4834.9592944211,103.796083081865
"F12",1,64,2966.08476373459,89.3537233781095
"F12",1,65,4142.86472558973,101.181101277564
"F12",1,66,4314.25292781915,112.805923037983
"F12",1,67,3365.35475747145,164.070185861515
"F12",1,68,2813.56407334701,180.082719332248
"F12",1,69,3195.69701960658,120.393997820863
"F12",1,70,3629.52503660446,225.17161831154
"F12",1,71,2100.07261677643,192.809671399893
"F12",1,72,2938.50938735587,156.613814206667
"F12",1,73,3770.19495324315,55.4533737386575
"F12",1,74,2500.13757661025,139.886186541607
"F12",1,75,3569.16921598968,227.301399847001
"F12",1,76,2298.11995267836,243.115534321221
"F12",1,77,2004.3336706969,160.46907842613
"F12",1,78,2776.8932765974,160.360453273902
"F12",1,79,3265.45799137899,132.190401842274
"F12",1,80,2760.26078615686,182.375338534539
"F12",1,81,2162.16845013145,125.609756225854
"F12",1,82,3084.94857724111,140.862020136718
"F12",1,83,3120.61845429939,185.136508990114
"F12",1,84,3000.63650846882,160.417644572835
"F12",1,85,3985.06778523114,146.431952800939
"F12",1,86,2356.58245066778,219.96199183628
"F12",1,87,3396.60828515019,272.9970968271
"F12",1,88,2600.74413320225,239.482764530448
"F12",1,89,4555.31557904447,75.2539246832476
"F12",1,90,2644.3151307408,134.001388446329
"F12",1,91,4721.44177590417,166.043081323597
"F12",1,92,2985.60876891317,99.4690464403291
"F12",1,93,1051.96685665946,185.359252155941
"F12",1,94,1745.53336371057,71.9758056850154
"F12",1,95,3610.70477092214,173.710286354829
"F12",1,96,3855.74523694829,277.760963089391
"F12",1,97,3096.78126772823,146.302626276264
"F12",1,98,4275.52845072826,178.329206743733
"F12",1,99,4284.69856675123,135.072048916225
"F12",1,100,1494.33649426905,184.685250777344
"F12",1,101,3911.49122781878,151.940420085272
"F12",1,102,3304.06674002929,150.429652757656
"F12",1,103,2827.81395981288,167.312476656885
"F12",1,104,2692.84787995684,189.634847325928
"F12",1,105,3152.09824159387,251.871551007955
"F12",1,106,3977.56581811682,187.661470682973
"F12",1,107,2322.68433381284,165.527105992643
"F12",1,108,3065.81086967096,122.088041600135
"F12",1,109,4489.11839165801,105.743230598932
"F12",1,110,2739.93524228758,109.212228437011
"F12",1,111,2453.48838346346,46.3985063977559
"F12",1,112,3898.55934509043,231.608032407555
"F12",1,113,2592.58644914569,135.858756673083
"F12",1,114,2018.92779272001,180.613112770391
"F12",1,115,2124.25875546726,188.203894343555
"F12",1,116,1800.50512473041,179.39176703177
"F12",1,117,2433.71131875077,162.946502210114
"F12",1,118,2950.19862255889,187.034504838386
"F12",1,119,3806.27652967477,154.897212115335
"F12",1,120,3269.7641447341,180.352543222364
"F12",1,121,2476.20388946108,192.804980885264
"F12",1,122,3712.82791552715,150.156378079751
"F12",1,123,3251.20327108437,106.201284217203
"F12",1,124,3530.70216615452,73.7705005716289
"F12",1,125,4553.24081979488,129.406084324725
"F12",1,126,2971.28111201924,188.368405798248
"F12",1,127,2832.39138905726,210.95644164146
"F12",1,128,1972.83335135334,76.8911452363965
"F12",1,129,3914.64556570498,42.4881868141605
"F12",1,130,2015.59347305215,171.711075253393
"F12",1,131,2643.28798091086,172.705691588682
"F12",1,132,3312.54519948331,139.922842746657
"F12",1,133,4651.45349665412,172.459368631605
"F12",1,134,3171.73354972831,86.7662626954002
"F12",1,135,2956.39102961162,106.774743050201
"F12",1,136,2878.3842154889,187.68520293893
"F12",1,137,2587.80659419111,61.8765421930137
"F12",1,138,3346.700766471,263.887544952566
"F12",1,139,2868.86502844082,124.095142189381
"F12",1,140,2297.36023950069,135.200887814519
"F12",1,141,2994.11226488257,193.601707778384
"F12",1,142,2973.6422694273,177.059069802887
"F12",1,143,2480.54182720145,116.012924394558
"F12",1,144,2519.18087566377,153.256737996424
"F12",1,145,1263.81954249641,204.369846110186
"F12",1,146,4010.8843315975,156.431911595794
"F12",1,147,3507.52623524795,181.604856701383
"F12",1,148,3708.47306378922,197.624523918711
"F12",1,149,2739.06138420468,180.867473003668
"F12",1,150,3843.68189807698,140.662444230629
"F12",1,151,1539.77754722659,90.5645122923497
"F12",1,152,3566.59433580517,232.212930374007
"F12",1,153,2178.16258331338,165.512277560499
"F12",1,154,2982.25164334323,182.695948781237
"F12",1,155,2777.06333233513,167.113800106384
"F12",1,156,2951.29845365762,61.2793397880975
"F12",1,157,2107.28444863137,117.490003480673
"F12",1,158,2790.58579261171,114.674856032323
"F12",1,159,2701.05311980462,97.0899715420242
"F12",1,160,3807.24484298798,137.388802516877
"F12",1,161,2007.59099715583,189.609953347759
"F12",1,162,3619.24355929985,181.743221618344
"F12",1,163,3290.55686058684,151.871008544195
"F12",1,164,2428.59234214716,165.968341658081
"F12",1,165,3085.75020978628,150.545968978514
"F12",1,166,2791.53323204888,152.200643896923
"F12",1,167,4024.98142245854,218.7621199037
"F12",1,168,4072.96500599565,124.929173222714
"F12",1,169,3647.94745424524,240.722819193172
"F12",1,170,2791.30649096681,207.587819660719
"F12",1,171,4544.20484353541,200.172698784285
"F12",1,172,2696.96018073569,121.659880627756
"F12",1,173,4193.59173823226,164.555437213762
"F12",1,174,3572.15947381862,107.965666634068
"F12",1,175,2725.08255862213,169.416567870629
"F12",1,176,3682.47878688201,165.83626713354
"F12",1,177,4269.96306642896,147.345250042535
"F12",1,178,4319.72375121387,114.746412466369
"F12",1,179,3646.25082806021,153.675865502009
"F12",1,180,1633.5616558561,129.439030494414
"F12",1,181,4312.17576447195,166.546939054734
"F12",1,182,3248.33823715958,140.396543513131
"F12",1,183,2927.94772023329,152.70870798429
"F12",1,184,1906.17788641021,137.28267678824
"F12",1,185,2976.11521627411,204.806633523304
"F12",1,186,3384.27393185162,257.894386987423
"F12",1,187,2868.06496113817,108.078701764173
"F12",1,188,2617.58874101868,100.372350805555
"F12",1,189,2317.85996098958,60.6560607580327
"F12",1,190,2890.19678417838,177.166055337039
"F12",1,191,2771.75374686568,124.610917407163
"F12",1,192,3330.96318926999,52.1443773596981
"F12",1,193,3841.71397270069,67.1403845482465
"F12",1,194,2979.9728888004,164.43437876925
"F12",1,195,2044.43257423385,161.110755475909
"F12",1,196,4123.87311933261,170.355340586743
"F12",1,197,3496.05083233116,111.311151488833
"F12",1,198,1031.40650389037,187.469455515678
"F12",1,199,3243.95908504404,115.92700950101
"F12",1,200,3210.40592729619,203.488900726996
"F12",1,201,3966.53411880923,86.550391678806
"F12",1,202,2903.14820229119,162.766880058294
"F12",1,203,3474.32969696337,216.099309963658
"F12",1,204,3478.24477841387,334.913861115252
"F12",1,205,3327.3747871436,176.500348273387
"F12",1,206,4269.5752009169,130.507409037266
"F12",1,207,2198.25214527622,251.650399017321
"F12",1,208,2973.04863475243,224.870578618531
"F12",1,209,4234.9322133632,123.818664134027
"F12",1,210,3020.26874759396,119.548119368653
"F12",1,211,4647.44863125408,82.1413530622609
"F12",1,212,2752.07540340473,197.940413825901
"F12",1,213,3352.89665129432,184.872242966382
"F12",1,214,3174.92336613964,231.182913183141
"F12",1,215,3819.07071272049,149.612503060432
"F12",1,216,3657.00867415105,160.009820931141
"F12",1,217,2322.89958263284,99.9313383664506
"F12",1,218,3943.73855555984,133.256953618224
"F12",1,219,3269.69263330771,227.922480564359
"F12",1,220,3380.38937829756,167.271404593894
"F12",1,221,2408.60255554263,170.507824356253
"F12",1,222,2835.53398624691,211.862192632174
"F12",1,223,2762.25843205486,180.376970759171
"F12",1,224,3081.92408204508,136.46293666511
"F12",1,225,2104.70131092072,52.9757494966978
"F12",1,226,2060.03787004972,278.188812210266
"F12",1,227,3985.87665642239,99.6290830331085
"F12",1,228,3001.81566001019,164.207705042195
"F12",1,229,3509.69237525906,213.995337582263
"F12",1,230,3288.99835311148,247.595048324356
"F12",1,231,1569.32011207925,124.892298336171
"F12",1,232,2627.28368651272,188.520591647534
"F12",1,233,3383.66542325992,141.395305106316
"F12",1,234,4044.25355960499,99.2563402774813
"F12",1,235,3078.00594025006,86.4325475586649
"F12",1,236,3233.07446628798,97.920931882902
"F12",1,237,3001.93893345661,120.77542252955
"F12",1,238,4513.18638623692,107.250359694493
"F12",1,239,3391.78084713076,117.727469571164
"F12",1,240,4321.18320912013,83.3256908508961
"F12",1,241,3070.3463805944,101.665124718229
"F12",1,242,3473.74986566916,205.377294265337
"F12",1,243,2512.56999727121,161.50959990214
"F12",1,244,3801.88925371083,177.698614959324
"F12",1,245,3451.93328758781,170.151971415933
"F12",1,246,3080.61847848566,93.3719932560963
"F12",1,247,3947.43293867469,164.6084899224
"F12",1,248,2104.51647921061,182.648040098791
"F12",1,249,2631.7531495673,172.878135485617
"F12",1,250,3159.28486229104,81.9509519142496
"F12",1,251,2825.4866372703,160.799454205936
"F12",1,252,2123.69879242253,299.47059096402
"F12",1,253,4273.7039551205,191.422779816188
"F12",1,254,4760.07032516245,201.246662214853
"F12",1,255,4299.80022641741,90.271924539506
"F12",1,256,2429.4908488089,108.283940295238
"F12",1,257,2735.7562657747,152.743964190119
"F12",1,258,5063.04985125025,75.5532595135145
"F12",1,259,3727.58567064726,112.924021457573
"F12",1,260,3042.4198854623,210.297341270219
"F12",1,261,2782.06508017726,164.54200095902
"F12",1,262,1875.54843381979,133.512657610759
"F12",1,263,3180.76408478394,44.2790742242547
"F12",1,264,2698.29668325897,135.777490336913
"F12",1,265,4434.77885612703,146.928781611054
"F12",1,266,3811.38481550584,242.852496487379
"F12",1,267,1886.9016082299,126.154315515066
"F12",1,268,3474.13533286828,87.3758927651349
"F12",1,269,2098.86499655975,192.403134843429
"F12",1,270,1991.49366135525,114.926547292501
"F12",1,271,3344.0415758383,135.330341715607
"F12",1,272,2860.14058570055,86.3576413032516
"F12",1,273,3722.63123811058,166.247244846366
"F12",1,274,2443.52622799519,195.16655413686
"F12",1,275,2887.71500588264,174.932618532353
"F12",1,276,4137.94010074364,132.680295542823
"F12",1,277,3148.77934223321,165.820939281025
"F12",1,278,2317.1695687754,184.508719392762
"F12",1,279,1941.51764778691,106.56475349194
"F12",1,280,4202.37536537128,117.174501270577
"F12",1,281,3675.25500400205,148.5119805595
"F12",1,282,3061.58304102275,213.255274995424
"F12",1,283,2670.27778218889,154.168260393234
"F12",1,284,3129.43223386484,86.5962226356996
"F12",1,285,3847.68842393128,156.448155818107
"F12",1,286,3989.62076018291,182.325788999544
"F12",1,287,2511.54279717688,201.769083219072
"F12",1,288,2576.35203926813,165.341788922864
"F12",1,289,4029.79309549203,116.350053884361
"F12",1,290,2334.16119688619,184.221625629626
"F12",1,291,2376.46341170673,190.343693596114
"F12",1,292,3057.15272847857,170.882638743061
"F12",1,293,3449.71589100918,204.320822068765
"F12",1,294,3692.36707533104,163.347520203336
"F12",1,295,4253.9452294876,93.4256266561549
"F12",1,296,4173.98930800589,193.618858890992
"F12",1,297,2839.75550885042,190.661611109153
"F12",1,298,2531.08812602869,151.688551571739
"F12",1,299,3526.93254078101,133.352091528646
"F12",1,300,2867.98084851188,148.484703637965
"F12",1,301,3593.74883432747,60.9485551321696
"F12",1,302,3037.80896458706,187.097502815787
"F12",1,303,4300.30066623707,186.29035424525
"F12",1,304,3663.31779394943,141.361923171974
"F12",1,305,3521.68863904502,157.205193699572
"F12",1,306,2202.22744316079,163.293297559707
"F12",1,307,3521.9561220823,171.14672776424
"F12",1,308,2933.39610322847,170.529361340833
"F12",1,309,1809.41778257338,181.948704234475
"F12",1,310,3303.68379308185,58.227830835774
"F12",1,311,4220.69838286599,99.0818303066871
"F12",1,312,2643.12274628621,218.223889877398
"F12",1,313,4467.17318878789,148.608184896069
"F12",1,314,4152.06312286715,172.765508663379
"F12",1,315,2375.05705628143,216.460705309459
"F12",1,316,3379.48349673822,162.151848626926
"F12",1,317,3258.72735735645,155.287680187028
"F12",1,318,3793.24327432734,143.920855375956
"F12",1,319,3560.40408061963,105.238590519491
"F12",1,320,2730.75427148985,227.167020597611
"F12",1,321,3135.75696996348,210.366900986979
"F12",1,322,3633.45467416255,111.025806676245
"F12",1,323,1812.51061994564,192.466240310642
"F12",1,324,4284.50367940103,125.375026198841
"F12",1,325,3120.12494111332,156.745702761967
"F12",1,326,3054.37707716337,85.1472709646062
"F12",1,327,3833.64887376366,214.214899037944
"F12",1,328,2248.18622453313,122.393902210106
"F12",1,329,2823.22655048636,214.246134895605
"F12",1,330,4030.0753981844,154.091616985053
"F12",1,331,4057.57747237406,213.915325152438
"F12",1,332,3492.75168552119,160.421692681698
"F12",1,333,3393.07852639704,258.344684370289
"F12",1,334,3427.69942932317,184.186499172041
"F12",1,335,2890.7435541332,59.8306478193751
"F12",1,336,4003.39768252535,148.284051602993
"F12",1,337,4539.14735543712,130.176273136915
"F12",1,338,3194.40128127552,151.02087306085
"F12",1,339,2134.24702615523,104.09415034734
"F12",1,340,2946.14363866338,93.8885232432528
"F12",1,341,3692.91844991241,125.596448205007
"F12",1,342,2892.29726878101,49.1567336825193
"F12",1,343,3339.30378703044,91.648094133153
"F12",1,344,3355.9843834369,67.0893625655161
"F12",1,345,3050.29453490574,216.397485990294
"F12",1,346,2252.46912796894,103.223399109898
"F12",1,347,2298.9510162551,151.80765644318
"F12",1,348,1374.01851274937,87.2591162534016
"F12",1,349,3309.69781815025,80.2833506131336
"F12",1,350,3783.73488245493,178.054742527294
"F12",1,351,3169.35457506802,237.66363499751
"F12",1,352,2860.92367768937,115.205973146763
"F12",1,353,3482.12479224098,185.555141919728
"F12",1,354,3072.81757632419,127.23351004733
"F12",1,355,2110.5472607362,145.701633979071
"F12",1,356,3193.82253904835,171.995943979187
"F12",1,357,3214.90526998236,163.85098935329
"F12",1,358,2804.658496964,150.15276291096
"F12",1,359,2262.31046546724,212.578948627607
"F12",1,360,3331.5907756397,97.9821373517939
"F12",1,361,3299.26119522399,175.744569924457
"F12",1,362,3338.59720638938,172.084429817107
"F12",1,363,4081.75298484225,169.120637797904
"F12",1,364,3537.93947715468,155.219547896977
"F12",1,365,2417.60944106025,199.371767182688
"F12",1,366,2793.80042585032,154.661242291726
"F12",1,367,3772.76930075139,300.017382796643
"F12",1,368,3551.84169261192,186.381333702665
"F12",1,369,3037.19616283561,195.830845105763
"F12",1,370,2822.87359924725,101.713555294442
"F12",1,371,3472.50816317421,213.503041075743
"F12",1,372,3812.65646307129,261.342008390025
"F12",1,373,2909.42306834823,116.968983030311
"F12",1,374,3188.27135570403,166.382299753951
"F12",1,375,4701.17178942193,185.322525282743
"F12",1,376,3088.16191460024,229.219379993341
"F12",1,377,3803.119031712,170.691108995274
"F12",1,378,3424.62616589196,139.456724711111
"F12",1,379,4363.65821672415,191.975300155874
"F12",1,380,3353.68301540096,93.7567862787492
"F12",1,381,1462.28809758369,147.854600953935
"F12",1,382,2943.7762189272,96.685458245695
"F12",1,383,2343.01348352155,103.463268365202
"F12",1,384,3752.89596618193,144.351501108693
"F12",1,385,3575.05491732624,146.986118288057
"F12",1,386,3741.88877676177,171.305984337896
"F12",1,387,3691.8608017643,204.189783896523
"F12",1,388,3062.94928632458,133.30295923537
"F12",1,389,3078.12994533065,173.77333303544
"F12",1,390,3853.56088207438,241.907178128344
"F12",1,391,1633.72314161965,88.2807312963466
"F12",1,392,3891.37257908182,158.006081278232
"F12",1,393,3620.42608164516,15
"F12",1,394,3744.73282834096,107.581986512185
"F12",1,395,3426.54022074002,120.366772240457
"F12",1,396,3306.08442397284,150.466753117263
"F12",1,397,4058.36321257506,185.037654122928
"F12",1,398,3423.31054072823,179.595134872288
"F12",1,399,4400.27498868268,217.699375473452
"F12",1,400,3508.27527039056,178.904983386984
"F12",1,401,3851.63166489323,158.512381550457
"F12",1,402,2242.10650369419,119.629988461286
"F12",1,403,2945.22908393914,209.517808287987
"F12",1,404,3531.05531424977,121.830081840233
"F12",1,405,2646.72149545529,138.335043964283
"F12",1,406,3498.00342017971,219.277055899549
"F12",1,407,1506.55054444054,212.107917520071
"F12",1,408,2707.77770851495,161.001101278135
"F12",1,409,3849.88016619031,143.760092322441
"F12",1,410,3555.83391523646,138.764335729967
"F12",1,411,4092.31519014358,218.627933761309
"F12",1,412,3252.07726448426,137.158611606017
"F12",1,413,2213.1219281981,174.692767950908
"F12",1,414,3678.22647072439,103.333944308919
"F12",1,415,3939.24638540627,194.19903309336
"F12",1,416,4188.83190025784,159.33270408133
"F12",1,417,3343.04986870269,206.925103184022
"F12",1,418,4590.79427811775,174.444556875445
"F12",1,419,1878.80559867146,142.353997521658
"F12",1,420,4000.63898354832,156.344083095627
"F12",1,421,2421.14232001961,132.780443041276
"F12",1,422,3670.69980955692,95.8997645190595
"F12",1,423,3086.63978376412,138.095987750455
"F12",1,424,3217.74179031382,184.732338913381
"F12",1,425,3363.91710564337,168.831179231017
"F12",1,426,3281.73350627864,177.473973009344
"F12",1,427,3332.51536187313,223.217575064798
"F12",1,428,3781.46609134651,162.06597417235
"D1",1,1,3483.50482219385,176.585885260051
"D1",1,2,2989.74526168235,256.731835284262
"D1",1,3,1794.23098400707,48.8789497656139
"D1",1,4,2520.01129707207,177.209989088701
"D1",1,5,4189.87657331462,136.591830333926
"D1",1,6,4809.68685527546,208.805681665282
"D1",1,7,3384.76304907266,155.399941522622
"D1",1,8,2231.52884094722,188.193255897711
"D1",1,9,3559.74838866815,155.53009239689
"D1",1,10,1808.18305841532,129.928282843122
"D1",1,11,3061.2265526146,113.38444307846
"D1",1,12,3384.55370534179,131.748376159516
"D1",1,13,2808.07429896752,138.732401345598
"D1",1,14,4009.53327972058,182.791982586407
"D1",1,15,4468.1633694523,221.34504569539
"D1",1,16,3018.705053174,118.122516856467
"D1",1,17,2220.65046566422,199.713550517177
"D1",1,18,2979.91814264702,73.8785227038931
"D1",1,19,1464.01900067469,203.415251815548
"D1",1,20,2756.60696951294,166.822547286495
"D1",1,21,2814.40692226912,72.367324005296
"D1",1,22,3252.91309429489,175.295896401771
"D1",1,23,2376.12779211092,245.463696988837
"D1",1,24,2862.89738280734,205.256580870934
"D1",1,25,4905.15038608189,162.121822590565
"D1",1,26,3534.4155606819,90.5545443952109
"D1",1,27,2450.3134492359,149.690039730401
"D1",1,28,3551.31056455833,179.171184824625
"D1",1,29,3268.97372686779,208.124323129679
"D1",1,30,2352.6360341904,149.466888809432
"D1",1,31,3862.23324195826,146.449363791917
"D1",1,32,2581.35864744229,106.7442667368
"D1",1,33,2732.8475697688,161.483772585612
"D1",1,34,2169.77652851617,159.350390598712
"D1",1,35,2098.15293654616,120.040822744496
"D1",1,36,2308.84958204067,55.6350260086628
"D1",1,37,3166.91043207493,118.279128937976
"D1",1,38,3201.83356409089,141.853741357828
"D1",1,39,2732.79912868875,161.861135379529
"D1",1,40,3632.743124035,175.972473781826
"D1",1,41,2557.49618187835,148.416022961159
"D1",1,42,2621.4861678054,231.397518884237
"D1",1,43,2346.36861194802,187.121471785207
"D1",1,44,4122.86075162551,213.140142269485
"D1",1,45,3524.52295341862,172.53168987786
"D1",1,46,1788.60228906313,117.216759546986
"D1",1,47,2503.40476117462,180.10526979131
"D1",1,48,2769.1011339876,164.56160724143
"D1",1,49,3000.85726342283,159.793865401371
"D1",1,50,4048.00164742746,140.160524709322
"D1",1,51,2690.68843760392,119.272243856081
"D1",1,52,4442.7320051123,255.680938772369
"D1",1,53,2896.89863241715,99.8312777586053
"D1",1,54,2971.6986499906,231.765830736215
"D1",1,55,2612.06664315027,166.161325779551
"D1",1,56,3053.90785609686,190.435083613473
"D1",1,57,2589.34431564436,211.210518252046
"D1",1,58,2336.26562445316,137.679898077547
"D1",1,59,1452.04203192954,280.092026571099
"D1",1,60,3598.78070535469,206.187991751008
"D1",1,61,3681.51745373446,117.157372905349
"D1",1,62,2299.98219617866,154.786993260464
"D1",1,63,3651.72756127,165.788671702821
"D1",1,64,2493.65450163499,148.775831538992
"D1",1,65,2635.33852271201,84.4687983408607
"D1",1,66,4123.25286209498,209.583554260966
"D1",1,67,3266.2358251402,172.464471345301
"D1",1,68,2988.08639868184,233.424934659977
"D1",1,69,3638.6493053159,150.892797862395
"D1",1,70,3259.93678506227,134.046065486267
"D1",1,71,3761.49258154778,208.630355509048
"D1",1,72,3842.33100688789,188.771984767154
"D1",1,73,4181.24886041329,192.674424550383
"D1",1,74,3341.39265414637,217.015146133979
"D1",1,75,2635.61703193254,179.252496930139
"D1",1,76,2429.97501303333,145.628473082791
"D1",1,77,3341.6408430634,186.67410268614
"D1",1,78,3058.55295925049,152.137632623722
"D1",1,79,3343.18132146344,92.3950329444383
"D1",1,80,2753.37138933621,233.085784562408
"D1",1,81,4063.03142477556,210.445437799638
"D1",1,82,3495.37405927327,180.709188833616
"D1",1,83,2971.82948624643,101.178310068558
"D1",1,84,3381.6062186205,204.431749005593
"D1",1,85,4254.69338508056,152.813424861991
"D1",1,86,3421.03948859519,131.130380432351
"D1",1,87,2817.75396054486,174.6298153336
"D1",1,88,3794.02739801825,137.271468679733
"D1",1,89,2680.04652434565,120.046033792609
"D1",1,90,2738.97374229409,190.711121646396
"D1",1,91,4145.82910928949,158.285794218808
"D1",1,92,2687.90161718892,93.003392407773
"D1",1,93,3672.52341670386,69.4223992472681
"D1",1,94,2945.41252239614,123.473000359424
"D1",1,95,3412.80913632669,134.35384488851
"D1",1,96,3215.50909054514,215.74217258655
"D1",1,97,3390.77229489824,190.547473917427
"D1",1,98,3171.08798336748,177.758903568388
"D1",1,99,4335.16247178125,121.417650054046
"D1",1,100,3521.09592534152,101.179296487399
"D1",1,101,2330.56850474839,197.880359531123
"D1",1,102,3416.11985209199,128.318559002046
"D1",1,103,4051.35666436421,238.080374269913
"D1",1,104,3828.51919015292,227.180178410008
"D1",1,105,2537.67398921084,216.556772109826
"D1",1,106,3956.32117167507,134.986697024134
"D1",1,107,3725.91275587713,160.964482877185
"D1",1,108,3235.12738871888,205.398016052897
"D1",1,109,3291.41747424663,205.147770267548
"D1",1,110,5182.82770481624,47.1077848445426
"D1",1,111,4152.98916976296,214.554650925584
"D1",1,112,4010.2081892129,136.177478062542
"D1",1,113,3067.39169829297,204.230398274928
"D1",1,114,2937.31632326664,100.168051038186
"D1",1,115,2264.07433939276,184.086774522176
"D1",1,116,2200.26650579165,97.6593360392379
"D1",1,117,3685.86920023126,150.844211916724
"D1",1,118,2769.38186348515,247.250997377871
"D1",1,119,3670.38662445955,121.675922345546
"D1",1,120,3338.96028812585,119.016663147535
"D1",1,121,3412.33351841837,138.690239054886
"D1",1,122,2519.13987455735,114.850433180962
"D1",1,123,1676.77709045945,135.012563207975
"D1",1,124,2247.72056844481,200.88759582667
"D1",1,125,3072.09278900802,130.281997365854
"D1",1,126,4280.15074118861,199.117121982864
"D1",1,127,2560.93260210289,132.957209643493
"D1",1,128,3327.4129407615,237.987088476389
"D1",1,129,3616.12839892956,89.6072855720648
"D1",1,130,4621.5539685357,193.733140307154
"D1",1,131,3605.43891738111,102.255377519502
"D1",1,132,3132.40580778973,182.585606579898
"D1",1,133,3703.79458340943,84.0868057003085
"D1",1,134,1746.55147245277,139.360685541988
"D1",1,135,1852.80752334078,176.42912295877
"D1",1,136,2589.93178049678,151.839843675843
"D1",1,137,2817.36318185746,137.60726323692
"D1",1,138,2892.56419728635,129.089257283107
"D1",1,139,3058.7586184995,213.401400888228
"D1",1,140,4140.53210788548,214.955028157624
"D1",1,141,3666.56068530316,196.077232488046
"D1",1,142,3047.30430689252,140.472130549787
"D1",1,143,4513.79738530356,92.044325357791
"D1",1,144,3574.5680918069,197.66287214372
"D1",1,145,2577.46289171859,87.1407478377639
"D1",1,146,4112.31657310732,149.143644335188
"D1",1,147,2958.81624525549,178.469104478626
"D1",1,148,2590.47933084537,177.605252882906
"D1",1,149,3126.31833442471,77.9087816071838
"D1",1,150,3339.71628494785,165.187301874733
"D1",1,151,3526.64586476632,189.576647828319
"D1",1,152,3293.50659383468,216.056691584905
"D1",1,153,1719.28004279674,138.580142346183
"D1",1,154,3455.36474203692,156.197985654107
"D1",1,155,1835.56777351496,180.459660588999
"D1",1,156,3801.52412329174,216.173327559678
"D1",1,157,2659.45113267801,152.464776760663
"D1",1,158,2722.91705353414,155.569719952002
"D1",1,159,4108.97122862043,158.530339281046
"D1",1,160,3206.40078585026,199.701465421203
"D1",1,161,2415.9450839218,150.972593884367
"D1",1,162,2179.47050630398,186.308301325803
"D1",1,163,2505.83704587171,133.577684806981
"D1",1,164,2818.96746474168,213.196410782545
"D1",1,165,2755.64875890988,178.794242110072
"D1",1,166,3530.81248459305,61.4572926051308
"D1",1,167,2253.49259316789,68.3611498283679
"D1",1,168,2772.02332392321,156.811448450074
"D1",1,169,3376.91337732356,181.388410015861
"D1",1,170,2814.26336246092,209.161764779096
"D1",1,171,2785.63774976875,128.937174971386
"D1",1,172,2560.34112854246,213.528592089937
"D1",1,173,3489.73313214496,172.40393119147
"D1",1,174,3788.1769001789,158.809218268448
"D1",1,175,3056.15151836343,87.1716319381892
"D1",1,176,2721.24209976402,230.063883286437
"D1",1,177,2380.9977863378,184.818557897406
"D1",1,178,2891.94828643034,134.169054090892
"D1",1,179,3036.01928248295,235.923675411618
"D1",1,180,4103.32210722802,151.822853799287
"D1",1,181,2855.0081030473,269.646299358837
"D1",1,182,2011.9004578437,122.258634590564
"D1",1,183,3719.35996212332,161.346261000729
"D1",1,184,3499.38570706471,90.2137312388544
"D1",1,185,2997.45004490244,193.034496578083
"D1",1,186,1929.21367665406,174.36134209577
"D1",1,187,2977.36625990436,177.618488817681
"D1",1,188,3839.94093977726,208.459224099181
"D1",1,189,3001.07054643519,130.346924281055
"D1",1,190,5460.18989535851,209.670821207037
"D1",1,191,1574.876539977,203.94855880633
"D1",1,192,3181.81766049854,95.261459785354
"D1",1,193,2463.94641553236,86.8922012971922
"D1",1,194,3721.53171206364,187.703754293907
"D1",1,195,2960.99587542098,131.405608665036
"D1",1,196,2636.16565898855,170.463233151012
"D1",1,197,2113.26996510161,129.701346284527
"D1",1,198,4228.3694854414,177.007642745366
"D1",1,199,2217.34368613165,146.585973209033
"D1",1,200,3629.40150561143,149.024230580745
"D1",1,201,3456.21659128261,208.317014470989
"D1",1,202,4042.89098591418,180.66234473435
"D1",1,203,4846.29682455126,240.007078207893
"D1",1,204,3202.73116890751,102.468534973701
"D1",1,205,2397.1327043887,206.137033591615
"D1",1,206,1845.00565615767,79.1131852436891
"D1",1,207,3941.43056050244,143.231839858135
"D1",1,208,3615.9763650003,206.382135274927
"D1",1,209,1914.57972530343,190.542509181716
"D1",1,210,3465.12215399811,116.121853434036
"D1",1,211,3269.10771755104,98.8318980768564
"D1",1,212,2927.45915017805,162.349154845648
"D1",1,213,3941.29423092596,139.323015100134
"D1",1,214,2117.91982630038,147.522233066223
"D1",1,215,3037.63960942699,24.3067123915757
"D1",1,216,2803.36301072593,138.197707339355
"D1",1,217,3677.83426701444,162.435971247973
"D1",1,218,2777.93503413666,232.654709522145
"D1",1,219,4485.24264750192,234.447545607557
"D1",1,220,4231.55875268317,182.908952048841
"D1",1,221,3720.57046436711,134.274445587581
"D1",1,222,3445.58063080362,124.991257939936
"D1",1,223,3720.2120056361,188.318120996778
"D1",1,224,2742.99046698727,304.95080296594
"D1",1,225,3745.10895307358,121.34414351905
"D1",1,226,4610.43249655054,145.498873038342
"D1",1,227,2646.26314010077,128.749654300702
"D1",1,228,5125.48149603593,209.080027055619
"D1",1,229,3273.52842039369,198.959240765111
"D1",1,230,3812.46956968871,216.133592941508
"D1",1,231,2662.77504505382,234.946609666251
"D1",1,232,3835.75640681724,194.616498477239
"D1",1,233,3202.4084305478,122.639432142194
"D1",1,234,3752.75511335792,159.229018273434
"D1",1,235,2644.83439615974,114.089584598671
"D1",1,236,2927.77893801233,141.293843177144
"D1",1,237,4067.93456745078,111.788511271177
"D1",1,238,3123.04720587482,20.3172918352293
"D1",1,239,3651.91057127202,105.780248953519
"D1",1,240,2826.58716493139,161.696314844722
"D1",1,241,5281.94787666397,174.796744955662
"D1",1,242,3257.51327294114,106.953628888126
"D1",1,243,2803.53269633522,165.657412211529
"D1",1,244,3449.68014318978,185.903818730031
"D1",1,245,3173.22763114474,194.608893345217
"D1",1,246,2510.87557723784,242.577549244092
"D1",1,247,3835.48535076374,130.425804217364
"D1",1,248,2022.71582974595,181.391641258949
"D1",1,249,2700.66807013903,157.521387165147
"D1",1,250,3683.9405186431,177.180300388058
"D1",1,251,3048.85095521926,150.799512026939
"D1",1,252,3030.59189128323,101.504017127581
"D1",1,253,3101.43359342741,119.828832341408
"D1",1,254,2812.32617562563,88.556338753903
"D1",1,255,3710.74742894295,148.691009605832
"D1",1,256,3066.99073225613,222.742193554393
"D1",1,257,3729.88714202321,167.212795115278
"D1",1,258,2968.2488589776,200.500595321668
"D1",1,259,3965.59025930313,87.5468572571528
"D1",1,260,3546.34700630865,197.465569261821
"D1",1,261,2852.89251554254,223.319898707703
"D1",1,262,3420.888672186,168.597024047398
"D1",1,263,3753.73766152535,82.786538844224
"D1",1,264,3108.48803328165,102.733546156064
"D1",1,265,3345.08632763212,220.321135273746
"D1",1,266,3118.14777616096,212.211194661443
"D1",1,267,3578.4446369242,148.142664838269
"D1",1,268,2420.86876884557,77.9559884646757
"D1",1,269,4379.18908360385,164.650726753583
"D1",1,270,2448.49551257205,77.9334009791614
"D1",1,271,2974.94604382368,101.777915993551
"D1",1,272,4673.35855009522,195.438231116503
"D1",1,273,4190.52287785647,285.547706936213
"D1",1,274,3527.52232697167,179.398825613554
"D1",1,275,2473.66146665919,209.146521386739
"D1",1,276,4420.6450302285,209.779384939991
"D1",1,277,1640.99410049413,249.610289311723
"D1",1,278,3987.28280217119,176.178486174373
"D1",1,279,3800.8752158703,172.024573428095
"D1",1,280,2616.2655223365,186.076981311192
"D1",1,281,3121.80980961726,167.192081021524
"D1",1,282,3348.60667697996,165.329129348472
"D1",1,283,4739.07433332321,167.783938443146
"D1",1,284,4974.28062834964,76.5622149235528
"D1",1,285,2549.76290127399,274.763823786117
"D1",1,286,2758.58792083039,155.326850294435
"D1",1,287,3176.54183059557,173.015385413512
"D1",1,288,4109.89876151345,124.154487251639
"D1",1,289,3600.71087115937,75.0345047914493
"D1",1,290,3806.76537877466,134.308129921815
"D1",1,291,2556.80418029471,167.472523253684
"D1",1,292,4004.02698296599,195.314347889412
"D1",1,293,2254.14668366343,145.025414563151
"D1",1,294,3054.2089124682,160.444013303158
"D1",1,295,3041.31167089624,119.145780605663
"D1",1,296,3282.59157493914,87.8819118066714
"D1",1,297,2863.03907714209,182.645427651496
"D1",1,298,3156.94831238265,156.083111521672
"D1",1,299,3731.77742994338,144.828308204459
"D1",1,300,2291.97106338904,112.591763848384
"D1",1,301,2549.49140094139,166.513607031955
"D1",1,302,3609.55483602911,158.73304624355
"D1",1,303,2618.40369059243,182.462113281884
"D1",1,304,4324.82778161495,176.780100123566
"D1",1,305,3698.62901376815,160.106680201125
"D1",1,306,1568.82315791045,202.503923126154
"D1",1,307,3373.27687807412,205.792112082218
"D1",1,308,2532.77330608243,265.273565006395
"D1",1,309,3174.29420067644,166.578290362329
"D1",1,310,3191.82579617624,202.635156879864
"D1",1,311,3183.78193552248,257.75163542591
"D1",1,312,3881.49325732288,153.976442367251
"D1",1,313,2643.48055752444,220.463013580022
"D1",1,314,3373.20213377056,162.256352340988
"D1",1,315,3844.01116371332,104.621815942492
"D1",1,316,3006.66205677358,140.933632134298
"D1",1,317,2369.29143383837,97.3036174730834
"D1",1,318,2085.9848662488,228.14801398044
"D1",1,319,3363.96325352232,186.951175253107
"D1",1,320,4682.01488753125,103.821085377761
"D1",1,321,3606.56486693218,204.670883422066
"D1",1,322,2582.89530372218,80.5705905530745
"D1",1,323,2379.89947816149,120.167538174778
"D1",1,324,2807.14738875506,120.760780521756
"D1",1,325,1464.37600478912,146.994151934993
"D1",1,326,2581.63863432596,130.428739315522
"D1",1,327,2926.14275012377,176.478909609291
"D1",1,328,1782.33175093638,151.857486015308
"D1",1,329,3022.37411340857,110.282305704714
"D1",1,330,4073.04986952374,114.062527711763
"D1",1,331,4111.51871008556,114.286253809901
"D1",1,332,3959.75033130853,187.321584797748
"D1",1,333,3538.24016856444,197.524979468888
"D1",1,334,3302.70270662746,258.986519658326
"D1",1,335,4115.94212076221,139.42064793464
"D1",1,336,2859.72843525968,150.707575079812
"D1",1,337,4865.49862375171,145.795560936536
"D1",1,338,3268.67258603163,109.765762021219
"D1",1,339,2959.24425914703,225.94677586944
"D1",1,340,2551.78738004644,113.713538797168
"D1",1,341,5372.80087372402,108.984957248766
"D1",1,342,2796.88691914552,60.8969511026036
"D1",1,343,2649.88965549543,122.493967763093
"D1",1,344,3492.35010799274,109.388401021944
"D1",1,345,2680.20620142907,159.226814882411
"D1",1,346,4024.52988845369,55.9642154211104
"D1",1,347,2574.14195519248,187.692247498772
"D1",1,348,3532.57735404939,287.05454853675
"D1",1,349,2488.57572911791,59.0045735767099
"D1",1,350,3470.56997190566,138.959062638842
"D1",1,351,1618.46032467286,193.880575963229
"D1",1,352,3985.67843885096,217.925974583433
"D1",1,353,3631.48631703908,99.9536169100164
"D1",1,354,3458.94796184878,185.220507283319
"D1",1,355,2376.95875246999,110.568584804248
"D1",1,356,4644.59856686649,86.551123475902
"D1",1,357,3023.60056202412,230.895370126779
"D1",1,358,3243.31316891507,93.6544775172672
"D1",1,359,3889.55695320073,200.853869672004
"D1",1,360,3132.18087118281,200.537865760405
"D1",1,361,4198.74181553513,164.051275843816
"D1",1,362,4589.83822944102,130.556739932326
"D1",1,363,3589.12527792183,150.959275946544
"D1",1,364,2047.25642931197,106.691741663344
"D1",1,365,3596.8971570228,248.641493059125
"D1",1,366,3185.76252519676,153.601191460134
"D1",1,367,2843.48565437851,202.805368072039
"D1",1,368,3727.30536602228,117.224660897428
"D1",1,369,2582.77817341703,139.896107363049
"D1",1,370,2425.42276618958,42.5085117667328
"D1",1,371,2691.48288551096,147.476787101363
"D1",1,372,2347.00220781131,169.428077169591
"D1",1,373,3470.84742335338,176.476860659435
"D1",1,374,2158.47337375959,173.287140023052
"D1",1,375,3576.56680440891,221.739949964306
"D1",1,376,3308.85128832025,134.194686298003
"D1",1,377,3045.52390151014,238.326430678402
"D1",1,378,2385.05847889681,208.534169056144
"D1",1,379,2623.38825985163,134.226727898951
"D1",1,380,4890.32084615738,175.208659687875
"D1",1,381,3850.07647889819,165.184699188973
"D1",1,382,4680.42937652293,302.583242118936
"D1",1,383,1897.75279811301,154.07564435817
"D1",1,384,2308.56286830092,154.26914675751
"D1",1,385,3215.09666483574,161.096864293563
"D1",1,386,3722.50431136964,125.066504200171
"D1",1,387,2339.86236912386,135.864281974882
"D1",1,388,3034.46572483344,170.043714325128
"D1",1,389,3755.83821999691,211.125115177587
"D1",1,390,2477.76840237705,193.84898907919
"D1",1,391,3664.47767705204,235.622579581687
"D1",1,392,2598.11660624126,185.285366007243
"D1",1,393,3492.00709500485,189.557020053422
"D1",1,394,2336.06825795348,108.12682780268
"D1",1,395,2659.13977557197,95.7312039305904
"D1",1,396,3876.18560035936,182.252551617558
"D1",1,397,4500.92268608559,157.300631879423
"D1",1,398,1411.62174990177,161.857086546225
"D1",1,399,2569.39303861647,113.739038927173
"D1",1,400,3162.16752625238,210.330412781472
"D1",1,401,2027.74139986647,210.055022013771
"D1",1,402,2175.0396201742,207.437344759673
"D1",1,403,3648.64423691012,246.892907318076
"D1",1,404,3743.43425691005,151.673843310298
"D1",1,405,3451.17957789341,200.467099601458
"D1",1,406,3772.72864296142,183.610652544961
"D1",1,407,2588.40262125806,107.936518967491
"D1",1,408,2257.68694239205,165.74995981446
"D1",1,409,3279.67449685461,165.452644570627
"D1",1,410,3709.08609071009,175.074782719316
"D2",1,1,2935.36553008844,96.7889354576855
"D2",1,2,3465.76064009052,174.31234562586
"D2",1,3,3728.99351114893,134.543269504112
"D2",1,4,2997.63735280256,171.064521453257
"D2",1,5,2099.51840874155,215.600086980432
"D2",1,6,2022.42784245831,145.527427349067
"D2",1,7,3543.59960663178,116.495318213786
"D2",1,8,2962.83760828383,216.865462619566
"D2",1,9,2128.23432925345,65.3986474289809
"D2",1,10,2994.63147133389,200.9921236261
"D2",1,11,2942.65130907717,156.310004744755
"D2",1,12,3610.1813899871,215.979978288998
"D2",1,13,2828.21096277891,170.364305693822
"D2",1,14,3035.11065242322,180.168857488288
"D2",1,15,3174.453261261,162.161596487617
"D2",1,16,3866.69936721885,182.655433803302
"D2",1,17,2494.60701455415,90.2736848461233
"D2",1,18,3463.06552720194,186.376036284761
"D2",1,19,3059.87870724633,129.36195081988
"D2",1,20,4137.78953534187,200.458277335339
"D2",1,21,4307.48291570882,192.932280500494
"D2",1,22,1917.01443714061,241.200356174156
"D2",1,23,3394.60218825737,122.506143196236
"D2",1,24,3457.34802703041,188.832990368031
"D2",1,25,2507.42099963573,240.943852970952
"D2",1,26,3318.97356976421,118.465129968619
"D2",1,27,4058.85019681974,149.788337464948
"D2",1,28,3101.07615039114,161.409559370278
"D2",1,29,4250.20838357774,209.108001532532
"D2",1,30,2733.20137864887,185.071172568761
"D2",1,31,2379.56510978934,187.754612248561
"D2",1,32,2767.38554875017,232.696755961505
"D2",1,33,2956.63999866436,187.237760228557
"D2",1,34,2609.06632275227,216.031477092799
"D2",1,35,2855.98293283485,198.25490295187
"D2",1,36,4042.35655318241,148.673154086624
"D2",1,37,3602.43651338249,182.150693352454
"D2",1,38,4682.9034801428,42.6456496757875
"D2",1,39,4518.70268970702,183.626621659044
"D2",1,40,2805.44321344371,87.3779594708147
"D2",1,41,2613.03947611117,105.870900024517
"D2",1,42,3822.52923576128,173.105255991787
"D2",1,43,3012.52249343716,106.164204677003
"D2",1,44,4235.39756260491,145.328907320161
"D2",1,45,2955.74279181587,143.109889612863
"D2",1,46,4394.81600855057,176.422232881785
"D2",1,47,2592.30893266767,172.68369889465
"D2",1,48,4609.18330788173,72.2247430580123
"D2",1,49,3195.32169784492,164.825559163852
"D2",1,50,2790.31156066556,182.816118114974
"D2",1,51,2847.13067161433,114.099618368218
"D2",1,52,4046.8698035407,181.678364756732
"D2",1,53,3820.29021385542,101.013517187965
"D2",1,54,1354.37857139734,159.315328137102
"D2",1,55,2862.45082585409,100.178910395545
"D2",1,56,3350.05640986467,51.4869511313225
"D2",1,57,2423.3090486408,187.677513478065
"D2",1,58,4059.82234977759,202.418244174278
"D2",1,59,2836.75666322378,144.295668463365
"D2",1,60,2158.74195850554,164.839791375786
"D2",1,61,3909.23571610381,187.238843194138
"D2",1,62,3281.30073717527,170.524201455527
"D2",1,63,3670.8379410342,150.175650830912
"D2",1,64,3008.54333553311,252.963341969653
"D2",1,65,3237.31245547177,137.33513734922
"D2",1,66,2806.34661837488,165.523587064436
"D2",1,67,3871.6987444732,211.930828967741
"D2",1,68,521.520607509437,124.499712008308
"D2",1,69,2824.56883123126,186.241057822995
"D2",1,70,2773.4989962559,131.518456585314
"D2",1,71,2980.78283475851,160.003847446578
"D2",1,72,2733.6332254205,73.1192040739207
"D2",1,73,2083.23092979133,138.294587992272
"D2",1,74,2552.48439447995,147.872370747625
"D2",1,75,2773.2664597385,241.501744173178
"D2",1,76,3418.21017965855,162.307215012484
"D2",1,77,2085.06472516307,206.086322625418
"D2",1,78,1290.47761744147,127.991037662565
"D2",1,79,2920.98390907599,196.607139309387
"D2",1,80,2296.77507071046,223.916834314086
"D2",1,81,2594.25732553442,153.403134956901
"D2",1,82,2283.65890823401,133.389290554509
"D2",1,83,3235.98092277154,204.790866492507
"D2",1,84,3359.71484940156,138.887817956461
"D2",1,85,3907.75517564921,164.050347442984
"D2",1,86,3183.42082562298,156.803360596469
"D2",1,87,3981.53695853346,192.122291918694
"D2",1,88,2158.45944783517,99.7928564886647
"D2",1,89,4213.60226014934,220.352886249187
"D2",1,90,3726.24188680416,195.244772777711
"D2",1,91,3740.56671020609,127.895199009606
"D2",1,92,4537.70605090623,96.8575765140922
"D2",1,93,3752.27003530668,179.238119431743
"D2",1,94,1493.08945568851,24.736202893003
"D2",1,95,3930.28777954506,171.264997512969
"D2",1,96,3486.17039028048,152.344192421339
"D2",1,97,3962.57383601361,162.169971598555
"D2",1,98,3402.50670947355,79.8205711555441
"D2",1,99,3297.37228974896,184.729013630058
"D2",1,100,2997.20249922197,187.977545182802
"D2",1,101,4726.4989684909,131.401643147254
"D2",1,102,2021.57984749968,131.432726379352
"D2",1,103,3433.82976999901,189.091404809315
"D2",1,104,2127.76405785865,187.382708540449
"D2",1,105,4111.7759898033,82.8567359673845
"D2",1,106,2818.66937092793,165.663616267481
"D2",1,107,3302.63095777994,164.811342184649
"D2",1,108,2748.46547084585,225.922426657982
"D2",1,109,3835.8590908769,141.35398267014
"D2",1,110,3006.32814333753,106.734032481184
"D2",1,111,3726.43380124424,174.18440058448
"D2",1,112,2403.52616489006,177.994383903787
"D2",1,113,2936.86988852163,40.7683285315245
"D2",1,114,3733.33298263426,150.089907410469
"D2",1,115,2540.15320866026,211.370952653247
"D2",1,116,4301.01755808396,208.21120375093
"D2",1,117,2732.4735597369,181.273674731942
"D2",1,118,3390.7668271453,141.795129990236
"D2",1,119,4042.56805283338,47.8936505066575
"D2",1,120,3082.69149639404,170.828370243903
"D2",1,121,3981.30561669246,81.1892716570452
"D2",1,122,1718.81376536613,99.7922086875163
"D2",1,123,2441.01579740375,89.3886582564741
"D2",1,124,2803.96548584227,122.254532273108
"D2",1,125,2298.32571634853,224.856900180693
"D2",1,126,2651.67578795067,74.2234721218522
"D2",1,127,3887.97008690667,170.57378483689
"D2",1,128,3485.31377262748,226.750107685398
"D2",1,129,3296.35963589279,284.885566721121
"D2",1,130,3695.04543699728,85.9673598530084
"D2",1,131,3595.41150798433,197.43682580208
"D2",1,132,4449.18973090156,120.580697088831
"D2",1,133,3550.36493121949,52.8751921622064
"D2",1,134,2604.33227148155,200.038453859572
"D2",1,135,3804.48508882812,173.004310257653
"D2",1,136,3950.96181878333,139.726058514865
"D2",1,137,2698.09894143618,119.436453739459
"D2",1,138,3813.12947736566,114.668788471307
"D2",1,139,3998.59437410216,174.721880492212
"D2",1,140,3643.47591226536,175.7789987068
"D2",1,141,1916.79788709535,158.283149465427
"D2",1,142,2742.97473177478,68.6077748654286
"D2",1,143,2990.48173314513,177.361565714937
"D2",1,144,3754.05373010604,118.715600606577
"D2",1,145,2341.9949469851,135.214471233415
"D2",1,146,2776.25724955667,124.771791210685
"D2",1,147,2992.91417902043,112.937999231309
"D2",1,148,2075.0667195966,180.208073906851
"D2",1,149,3688.79260906922,133.837944508366
"D2",1,150,4571.32402247062,224.835670215951
"D2",1,151,2264.00538949358,170.917387111628
"D2",1,152,2434.58319421809,103.100220623518
"D2",1,153,3939.09797070508,167.49717666559
"D2",1,154,3858.27049443136,133.898609963402
"D2",1,155,1811.42005933435,202.684885773606
"D2",1,156,4142.83253000191,114.061278051336
"D2",1,157,2381.97266757463,106.337278043462
"D2",1,158,3267.96310834255,254.869107436758
"D2",1,159,4282.049197166,101.293925431195
"D2",1,160,3947.04803100996,118.569831241648
"D2",1,161,2767.70631593302,150.24517405028
"D2",1,162,3683.41919035911,121.212317009852
"D2",1,163,3730.80840440787,127.165334197765
"D2",1,164,2771.25259815259,133.910380887615
"D2",1,165,4074.46590102292,175.442066641936
"D2",1,166,3762.24048283862,238.870510864604
"D2",1,167,2888.86474584968,117.587199747678
"D2",1,168,4033.86585251133,154.850566421486
"D2",1,169,2522.03142207061,143.712381043178
"D2",1,170,4359.88001104049,167.636228819037
"D2",1,171,3573.42133170282,111.938533733923
"D2",1,172,3132.57006455132,219.806964302022
"D2",1,173,2516.17291625621,227.375561075338
"D2",1,174,4911.01501040329,136.772224045816
"D2",1,175,3249.85280333457,154.623015497583
"D2",1,176,2830.95552887595,166.542189585764
"D2",1,177,3325.95534379512,160.047067502169
"D2",1,178,3020.55086735727,216.239823265365
"D2",1,179,4035.69389849678,238.660395614065
"D2",1,180,3610.95046848642,270.396051673507
"D2",1,181,3775.53442908147,153.90404458402
"D2",1,182,3480.65765108556,83.9571624301146
"D2",1,183,3071.84535709193,146.364554010848
"D2",1,184,2210.87867762751,140.792253209221
"D2",1,185,3594.28424574651,185.462655248237
"D2",1,186,2770.72311141173,61.0917765086736
"D2",1,187,3248.2326058358,113.026484261477
"D2",1,188,2428.36120053812,107.516163264514
"D2",1,189,3423.98018124757,160.601208557809
"D2",1,190,2748.76565053267,177.50216211847
"D2",1,191,4251.92373031135,204.024861495014
"D2",1,192,3145.0392725542,156.449308365289
"D2",1,193,3912.23416372648,175.509536098416
"D2",1,194,2878.25612905009,63.2382284697995
"D2",1,195,3664.23981425637,204.596467276812
"D2",1,196,3653.25487894458,148.840020927085
"D2",1,197,4038.30585969559,154.270673902356
"D2",1,198,2962.05389121035,135.239102976689
"D2",1,199,3463.21335517325,188.525853300848
"D2",1,200,2664.81592680001,134.082227342737
"D2",1,201,3261.67670067038,180.164564828024
"D2",1,202,3391.76917086568,116.892053217477
"D2",1,203,2041.84084914281,153.63495120163
"D2",1,204,3236.02071599719,156.43549186474
"D2",1,205,3891.71516651419,235.796059344574
"D2",1,206,3327.05256854127,91.7909519512402
"D2",1,207,3501.2387436034,229.725540468779
"D2",1,208,3291.29938916522,164.005826942203
"D2",1,209,2946.85462761193,125.473788248047
"D2",1,210,2872.96005572424,118.361410519184
"D2",1,211,2910.97271714411,97.6799552643434
"D2",1,212,5316.05806807755,84.6617878429637
"D2",1,213,2796.55077626739,126.65769740181
"D2",1,214,2772.3735347348,193.156093720639
"D2",1,215,2863.10566340038,107.410032567744
"D2",1,216,2913.95296192613,271.336565522756
"D2",1,217,3743.93421465021,108.168736159412
"D2",1,218,3273.53941113479,122.088640177387
"D2",1,219,2266.99902733694,115.441849892856
"D2",1,220,3420.80732279558,195.51590301195
"D2",1,221,2881.49032554593,91.3399174768658
"D2",1,222,3788.15608989011,31.1358995373768
"D2",1,223,2976.40373052484,73.6807223041431
"D2",1,224,2752.10355041451,191.234240916403
"D2",1,225,3739.51850914012,139.693618330111
"D2",1,226,2636.98150846845,151.039438392185
"D2",1,227,4868.81750547595,138.047958453371
"D2",1,228,2064.43249190668,156.357183283736
"D2",1,229,2395.98060523187,229.259129064417
"D2",1,230,2892.49868508502,238.916765810094
"D2",1,231,3010.55153078314,134.221439641338
"D2",1,232,4046.01921074939,214.409884308126
"D2",1,233,2090.1751494989,29.2290653439242
"D2",1,234,4059.16984942269,139.73686021803
"D2",1,235,3366.44706676645,145.255151506312
"D2",1,236,3160.07127567674,216.791658989755
"D2",1,237,4235.84688256024,128.940813616596
"D2",1,238,4848.52830316222,210.901519968485
"D2",1,239,2671.01078761338,171.874716396375
"D2",1,240,1816.50665464548,132.243733739533
"D2",1,241,2588.0639637654,144.323717073553
"D2",1,242,3412.65481322037,162.081226054853
"D2",1,243,3724.58001127423,144.38584932027
"D2",1,244,3020.95946140793,114.061569467662
"D2",1,245,3642.13691890953,138.282904830719
"D2",1,246,4309.16181178749,249.996783145056
"D2",1,247,4014.3038190726,254.17958558783
"D2",1,248,2547.26526715635,115.897442923592
"D2",1,249,1708.85535522603,165.689555455661
"D2",1,250,2553.20877263508,225.78865306336
"D2",1,251,3658.50546686874,125.719073232886
"D2",1,252,3442.34978217619,191.834403397734
"D2",1,253,3092.66385875455,242.210521936171
"D2",1,254,5091.90330663062,113.528143886457
"D2",1,255,2494.7498499743,150.719694184529
"D2",1,256,2596.77777629748,186.217696672735
"D2",1,257,4345.69342526443,218.72873679298
"D2",1,258,3150.95018902461,190.638603574392
"D2",1,259,3265.49186842513,264.066710733531
"D2",1,260,3208.52319449971,224.61224679033
"D2",1,261,2911.36125866112,147.07869987377
"D2",1,262,2333.41727994664,109.875902704094
"D2",1,263,3382.44617520215,110.915194615417
"D2",1,264,3249.63681726132,106.713015309276
"D2",1,265,3528.74503584256,103.445212226507
"D2",1,266,1916.16557699857,127.43570558127
"D2",1,267,3525.68505956837,211.688512661267
"D2",1,268,3446.42715292125,187.299414312668
"D2",1,269,3562.77896337858,141.659281231275
"D2",1,270,1990.45063525445,153.986921098404
"D2",1,271,2364.00704880817,111.27803022939
"D2",1,272,2764.09307990737,161.607390962777
"D2",1,273,3040.98987864953,186.539383487748
"D2",1,274,3574.5908768607,142.29970667342
"D2",1,275,3812.41116137107,149.411449336165
"D2",1,276,2439.45928980057,84.1421818165592
"D2",1,277,4289.96478069045,228.663150384256
"D2",1,278,5288.2588835108,206.181335361012
"D2",1,279,2181.34869038746,241.952767386849
"D2",1,280,4166.93115001607,193.651250145571
"D2",1,281,1812.19100720458,150.068895533275
"D2",1,282,1879.55450623315,159.441233357052
"D2",1,283,4194.72573908219,240.975191600604
"D2",1,284,1617.9838508535,193.353609469134
"D2",1,285,2327.26454659708,143.35912107045
"D2",1,286,3428.83953313582,164.417861212313
"D2",1,287,3530.66359800022,146.352926733434
"D2",1,288,4725.49691968654,71.5697724772436
"D2",1,289,1875.04153513429,182.899780561383
"D2",1,290,3073.42446192942,165.108490091865
"D2",1,291,2647.24354292597,137.114911617943
"D2",1,292,3401.04938985194,198.334700375002
"D2",1,293,3515.43720679142,102.313962155037
"D2",1,294,3741.73758879941,117.444497404972
"D2",1,295,4040.30698748182,179.818110133795
"D2",1,296,3163.50776202361,115.514828565322
"D2",1,297,4016.28397257464,204.448734157877
"D2",1,298,3922.84942609449,208.663079262245
"D2",1,299,3439.04151208862,148.559935546694
"D2",1,300,3589.51841796315,193.033196134414
"D2",1,301,3490.20401210293,111.279828827046
"D2",1,302,4271.26919481116,247.118129728534
"D2",1,303,3053.51597563597,173.685706208071
"D2",1,304,2632.61783886924,80.1831345976448
"D2",1,305,2971.36243208845,166.146168296354
"D2",1,306,3564.43990480025,203.695522422269
"D2",1,307,2769.72041144493,116.340144350387
"D2",1,308,2869.41832346202,156.216274727907
"D2",1,309,4249.61891794525,98.3721608468361
"D2",1,310,4256.30727006594,148.788574243609
"D2",1,311,3609.84216301915,216.046925155405
"D2",1,312,2234.96853530222,262.997102487448
"D2",1,313,3484.96751507161,118.740817565266
"D2",1,314,1976.16636841881,101.32552118347
"D2",1,315,2266.1137751879,226.377774793444
"D2",1,316,3086.14737168416,75.7737144809443
"D2",1,317,4047.96747212926,171.223646060723
"D2",1,318,3081.54198217584,136.443559996802
"D2",1,319,2577.7987819153,105.01634357895
"D2",1,320,4369.03703078356,246.6580494092
"D2",1,321,3317.61565529871,207.916140025114
"D2",1,322,4241.00746051724,129.721035735498
"D2",1,323,3954.28207207158,174.57569263461
"D2",1,324,3422.7256647857,174.40753339284
"D2",1,325,3378.20404744783,56.8224469310957
"D2",1,326,1961.30040005908,248.725076762854
"D2",1,327,3445.60262164586,186.464468426115
"D2",1,328,4529.55078289157,161.080384148274
"D2",1,329,3641.16162351618,193.427468705363
"D2",1,330,2001.35369382019,188.103887832068
"D2",1,331,2920.59261831867,104.997629541878
"D2",1,332,3273.39515856538,223.296533134546
"D2",1,333,2430.59529720488,138.45408064823
"D2",1,334,3925.89486798383,277.109469320901
"D2",1,335,2025.06113564967,192.061783365431
"D2",1,336,3586.08709037813,140.515041682451
"D2",1,337,2048.88635327842,133.804766151864
"D2",1,338,3519.87740433804,227.815052113359
"D2",1,339,1564.4760641299,105.673099877864
"D2",1,340,2890.69758610197,202.869513169874
"D2",1,341,2785.26852666809,135.778294426709
"D2",1,342,3760.37908576298,157.934440661572
"D2",1,343,2450.65233437018,214.399682813751
"D2",1,344,3781.1593542258,156.346805651918
"D2",1,345,2424.29158419909,166.889894422688
"D2",1,346,3250.9103994253,177.050881720936
"D2",1,347,2934.98781586034,152.655885529912
"D2",1,348,3860.61972540451,141.008130489855
"D2",1,349,3169.63223790655,155.310500313069
"D2",1,350,2684.1457302788,150.979043910564
"D2",1,351,2854.28273958389,135.687823013098
"D2",1,352,2986.44717207463,184.43559511803
"D2",1,353,3909.59645891408,99.9316809066025
"D2",1,354,3320.28635613504,126.639801400123
"D2",1,355,4714.67131232215,128.667787239972
"D2",1,356,3118.40200248772,234.677841630855
"D2",1,357,4050.36829974283,61.340110528988
"D2",1,358,3966.85947967981,203.26856167272
"D2",1,359,2165.21893009346,198.027962554299
"D2",1,360,3403.12369627912,131.938717535543
"D2",1,361,3456.19528910499,25.7375426704915
"D2",1,362,4279.92776309477,182.501857898394
"D2",1,363,2949.59283297681,209.135639295561
"D2",1,364,3757.44699982267,150.473962620978
"D2",1,365,2313.43869634985,296.609620254985
"D2",1,366,3760.91013620605,198.677401144224
"D2",1,367,2347.74674299763,174.52772465968
"D2",1,368,2553.72709059788,202.957569470497
"D2",1,369,2993.74418744081,122.022641883362
"D2",1,370,3408.37784462899,156.174019892898
"D2",1,371,4263.68332903504,227.028525099519
"D2",1,372,2434.25379717214,118.03541102421
"D2",1,373,4121.91159568534,109.459587605297
"D2",1,374,3570.38629913252,153.13533150651
"D2",1,375,2598.71325414484,225.536460343963
"D2",1,376,4403.34484100289,191.585634868624
"D2",1,377,3188.75001582954,108.899898052064
"D2",1,378,2966.35272371144,155.559849976164
"D2",1,379,3801.06031245889,195.57648542051
"D2",1,380,3395.79475483151,179.047068426913
"D2",1,381,2000.98550568265,197.740001132473
"D2",1,382,2698.55188511951,135.372797274988
"D2",1,383,2068.82469727744,92.8038363575699
"D2",1,384,2254.25859639536,259.821869643884
"D2",1,385,4302.30078007325,225.551737182826
"D2",1,386,2576.16592774384,156.990834344694
"D2",1,387,3225.15389941416,199.212331190144
"D3",1,1,2135.82805899198,117.136424725284
"D3",1,2,2315.83696678727,259.066562883624
"D3",1,3,2291.51467093437,237.35403115263
"D3",1,4,3452.33850156645,173.542360323981
"D3",1,5,2044.77906093784,129.41794205783
"D3",1,6,3052.60673085775,26.7911425031918
"D3",1,7,3482.91042226419,188.421385682583
"D3",1,8,1953.19407511396,159.499117956033
"D3",1,9,3032.8666742817,131.098079496174
"D3",1,10,2699.04384899774,75.7216299988625
"D3",1,11,2945.87653034663,110.479310483275
"D3",1,12,2867.1151429344,180.83870610201
"D3",1,13,4709.37419194011,172.720161053022
"D3",1,14,2825.72163857678,114.162458990668
"D3",1,15,4505.65851955837,189.088911660631
"D3",1,16,3483.55439260987,212.461561002306
"D3",1,17,3648.60138642149,154.580135968634
"D3",1,18,3633.1152796897,118.896549963636
"D3",1,19,2765.50667264776,202.027858438993
"D3",1,20,4389.98515619754,176.304878639601
"D3",1,21,2869.8531807749,219.407120888523
"D3",1,22,3145.30744205166,208.586871783592
"D3",1,23,4102.80191557855,211.859688554851
"D3",1,24,1772.5736417091,154.867994213818
"D3",1,25,2900.29771823156,179.324411160733
"D3",1,26,2830.02347032955,167.26392978328
"D3",1,27,3212.29973366376,174.994404505542
"D3",1,28,2293.65216826794,204.95815938108
"D3",1,29,3723.84693936269,177.353823482392
"D3",1,30,2882.14852575451,161.189968354637
"D3",1,31,3713.40667287339,142.795469756383
"D3",1,32,2854.77549800579,193.905009572518
"D3",1,33,2765.27727409955,232.143884250388
"D3",1,34,3048.94297626411,159.966872995273
"D3",1,35,3624.64684513985,135.94816451018
"D3",1,36,4041.97079575423,199.406574015512
"D3",1,37,2635.80196649574,182.233422276832
"D3",1,38,2234.05408751354,150.743590515797
"D3",1,39,3890.20572328424,176.416317077392
"D3",1,40,2771.92250979427,144.880282968677
"D3",1,41,3508.45677543665,135.269038351871
"D3",1,42,3486.49114450696,199.859128695361
"D3",1,43,4137.42127218817,161.108526771862
"D3",1,44,2789.82325259388,141.705171693646
"D3",1,45,3424.19600491363,120.641982021183
"D3",1,46,3093.8909868032,143.456358986914
"D3",1,47,2993.59791224144,93.0166894527525
"D3",1,48,2628.48022317118,182.415308999013
"D3",1,49,3439.89217808007,121.285896970243
"D3",1,50,3832.23823788514,134.627865076176
"D3",1,51,4147.4191708058,200.523870036707
"D3",1,52,1771.70772871658,104.046185355186
"D3",1,53,3216.46792909011,266.226470891635
"D3",1,54,2864.17525216911,183.632475961335
"D3",1,55,2838.73296414423,207.757661543111
"D3",1,56,4681.11084875827,194.763885349017
"D3",1,57,2433.63051154593,236.278736762958
"D3",1,58,3840.17077859759,177.334945193344
"D3",1,59,2157.90810928519,200.877669783728
"D3",1,60,3617.95969748413,169.740865538488
"D3",1,61,1702.20357133784,79.4549271863913
"D3",1,62,3001.26027948811,181.775417267056
"D3",1,63,3625.79263859355,196.399180327175
"D3",1,64,3319.6030906703,96.6688860412278
"D3",1,65,2481.41108151093,110.808169851747
"D3",1,66,1915.20355845722,141.56239492894
"D3",1,67,2565.8241816893,131.197051006342
"D3",1,68,3100.73990327783,149.76963697043
"D3",1,69,3549.39014347396,138.980740971077
"D3",1,70,3674.03216779951,175.053531433434
"D3",1,71,3975.30805079868,240.026141985877
"D3",1,72,2587.42959295893,157.858374051733
"D3",1,73,3906.14973823783,186.646943644355
"D3",1,74,2901.5605274015,220.813839631743
"D3",1,75,2847.62212363982,163.693866706512
"D3",1,76,3129.76569805391,205.354592838972
"D3",1,77,1856.76532606398,192.493616773594
"D3",1,78,3711.46998103897,145.978673680509
"D3",1,79,4791.26041690515,140.209922066158
"D3",1,80,2146.50767220317,224.066430623197
"D3",1,81,2110.11418583302,170.029224411035
"D3",1,82,4037.19864585227,146.31640685064
"D3",1,83,3442.78173841069,193.764279534228
"D3",1,84,2492.80997319242,190.944069222543
"D3",1,85,4876.32816305004,170.346692143795
"D3",1,86,2558.88121678434,129.145133090142
"D3",1,87,4444.3631518462,191.800707350456
"D3",1,88,2979.13132811485,146.943824983696
"D3",1,89,3746.02963920981,137.067165158364
"D3",1,90,3540.82161388611,216.517907608151
"D3",1,91,2607.9548345769,144.024151150232
"D3",1,92,2608.91858931473,172.464739130132
"D3",1,93,1548.63238793488,141.749068227118
"D3",1,94,3519.80206636326,70.9436884025126
"D3",1,95,2506.52583652796,152.355720067744
"D3",1,96,2859.8540255656,241.175037993537
"D3",1,97,1672.16137270894,104.773886793227
"D3",1,98,2972.73813072284,135.947254152098
"D3",1,99,3513.00068454846,184.952993753664
"D3",1,100,2342.58396589747,224.899951783498
"D3",1,101,3224.36314333897,209.21703017686
"D3",1,102,3367.3540727896,96.2754535049304
"D3",1,103,3302.54494295668,123.25513311413
"D3",1,104,4091.97043577274,147.465232550056
"D3",1,105,2714.25410967883,109.943477043124
"D3",1,106,2921.80885819005,174.044002447052
"D3",1,107,3160.00382323094,104.041595972538
"D3",1,108,3494.27736213712,146.576738800362
"D3",1,109,3617.180266807,159.020514402618
"D3",1,110,3959.37132824645,51.7603200297266
"D3",1,111,3028.39575146705,185.815889172102
"D3",1,112,2513.93617479678,125.602837385164
"D3",1,113,4030.61712831122,147.364896670074
"D3",1,114,2931.73424645481,122.338447010154
"D3",1,115,3694.4291914225,126.272134985702
"D3",1,116,3111.71371823977,157.471482479685
"D3",1,117,2888.72070052184,96.909637227934
"D3",1,118,5088.94255412471,204.281256785556
"D3",1,119,3068.94741548225,201.048832897954
"D3",1,120,1723.62527367483,183.949293531517
"D3",1,121,4641.48865475205,156.070140025917
"D3",1,122,2328.68311501375,190.366022303613
"D3",1,123,2574.55930586758,179.555870437627
"D3",1,124,1663.67931041411,148.461408096688
"D3",1,125,2504.63645594105,161.962411514598
"D3",1,126,3623.67628459417,110.276969233113
"D3",1,127,3191.08628050256,39.6295744019272
"D3",1,128,4386.62762407326,190.746708021805
"D3",1,129,3549.7482826637,222.082668090053
"D3",1,130,1658.44337214001,163.457165245207
"D3",1,131,2600.74474433663,190.130513842488
"D3",1,132,3917.11783732976,235.446134847642
"D3",1,133,4133.39033072474,96.1596735207799
"D3",1,134,3851.19249280307,241.354477071695
"D3",1,135,3114.8499561573,110.098473068614
"D3",1,136,2858.53507005562,100.195794602933
"D3",1,137,4372.76598596341,74.5210828189495
"D3",1,138,3092.41893838389,165.78811292344
"D3",1,139,3055.76533491226,232.146332102018
"D3",1,140,4641.57535698135,168.690278433641
"D3",1,141,2220.18855982051,126.945316872503
"D3",1,142,3983.40738889928,154.185820434041
"D3",1,143,3423.968794387,164.866049860829
"D3",1,144,3410.60657627264,99.5638403553388
"D3",1,145,2249.64999670508,149.177799556926
"D3",1,146,2925.18044398647,121.081650346591
"D3",1,147,3787.88911851721,182.866954029131
"D3",1,148,3615.60936148186,151.413687095614
"D3",1,149,4014.58074615304,216.796184211677
"D3",1,150,3648.59425288117,142.32767130265
"D3",1,151,4146.29149990976,117.009071384268
"D3",1,152,2763.40849187357,178.930807759626
"D3",1,153,1991.21655893065,52.7780562613323
"D3",1,154,3923.2161273979,237.427279778211
"D3",1,155,3728.89424777092,112.604335327382
"D3",1,156,2397.75930588396,207.335023178457
"D3",1,157,3092.52003078002,190.184217520772
"D3",1,158,2029.60099063665,120.466505614488
"D3",1,159,4077.44303958727,154.38145266651
"D3",1,160,3564.04894818622,148.658700298365
"D3",1,161,3050.31228323005,224.105670510279
"D3",1,162,2808.38630185506,184.369923022036
"D3",1,163,3949.87639513351,97.4317195499278
"D3",1,164,3387.49177200573,181.888525551903
"D3",1,165,3022.45878044333,204.320367133423
"D3",1,166,3840.98141456393,106.498969908603
"D3",1,167,3947.45977870964,96.849454733426
"D3",1,168,3047.02071529248,150.496034471284
"D3",1,169,2895.74367631182,212.192773076334
"D3",1,170,3489.50005603733,228.105931760815
"D3",1,171,2094.9755552998,156.807916567522
"D3",1,172,4633.44991869836,187.741505466748
"D3",1,173,4379.26271617148,204.800151646617
"D3",1,174,2584.27560068884,196.311765305468
"D3",1,175,3256.04847228167,135.556470718018
"D3",1,176,1474.652051114,152.885508716355
"D3",1,177,2487.36086796958,96.8657538151658
"D3",1,178,2564.10300241777,42.4232634684456
"D3",1,179,4282.3534590102,112.153901505963
"D3",1,180,3595.78812427681,134.614220983467
"D3",1,181,1710.55638374574,112.474678111579
"D3",1,182,3131.75258886742,207.352874799063
"D3",1,183,2822.19545468167,234.917335266658
"D3",1,184,4453.86843152705,42.2071433311863
"D3",1,185,3825.61658650586,100.080665733838
"D3",1,186,2700.19748010504,142.255638783234
"D3",1,187,3282.85757830352,216.120651160502
"D3",1,188,2788.72119957771,129.596388527272
"D3",1,189,3075.40010234456,164.16483775392
"D3",1,190,2916.68370062628,121.846763487689
"D3",1,191,3385.44616242756,77.524457037876
"D3",1,192,2892.11113126876,106.607851954741
"D3",1,193,3841.88158854469,195.510554303799
"D3",1,194,4192.73888391529,188.908403700295
"D3",1,195,4506.61708324455,104.534362261014
"D3",1,196,1524.16029857308,71.9330328265095
"D3",1,197,4263.28442319813,152.241942468249
"D3",1,198,4271.41969224775,243.072401643377
"D3",1,199,3752.845260629,81.9229729151213
"D3",1,200,3019.87640089936,242.37499710477
"D3",1,201,1297.53090802208,205.928278029168
"D3",1,202,2925.34581070504,131.613055468047
"D3",1,203,2898.97715038854,116.095459742455
"D3",1,204,4016.93468181673,216.699562825335
"D3",1,205,3704.24461303725,209.164829432394
"D3",1,206,1522.01478412059,131.123429241439
"D3",1,207,4816.35250731076,116.687947294716
"D3",1,208,3550.13984822211,154.175957710677
"D3",1,209,3062.17319738476,200.565342354154
"D3",1,210,3619.51829587259,193.932458181867
"D3",1,211,4428.30592373559,150.877623801795
"D3",1,212,3601.20208252386,186.761277229699
"D3",1,213,5292.6978974522,125.942874765814
"D3",1,214,2075.39761388115,160.727547935558
"D3",1,215,2536.1799202933,150.5156600832
"D3",1,216,2914.67016861923,177.013026372137
"D3",1,217,3700.37297033969,253.830295496816
"D3",1,218,3381.00538317822,193.134564427344
"D3",1,219,3916.77463340522,123.392224725535
"D3",1,220,1591.19824482648,112.668216141501
"D3",1,221,2058.04981371291,113.416789116686
"D3",1,222,2560.16115720615,242.055461518255
"D3",1,223,3193.21397788658,182.18652088749
"D3",1,224,4158.47156689206,79.3108926929169
"D3",1,225,3788.11425580673,131.664506122734
"D3",1,226,3596.61801239168,110.92872287616
"D3",1,227,3265.94318098323,172.663944090686
"D3",1,228,3207.38079140059,150.545527889546
"D3",1,229,2771.42794821264,196.454380874208
"D3",1,230,1808.96576420257,263.525333616515
"D3",1,231,1729.0999097617,243.343136569685
"D3",1,232,1511.41030238489,187.782024685011
"D3",1,233,2955.56167729573,20.299039389599
"D3",1,234,4051.14941357421,129.466186669517
"D3",1,235,1912.79438592798,170.571839097676
"D3",1,236,2052.80686871345,189.238738324703
"D3",1,237,1276.98604868106,73.1964048788519
"D3",1,238,2079.07428981245,166.000125848371
"D3",1,239,3992.18839322558,62.7415637867987
"D3",1,240,3264.8580977733,103.949129698914
"D3",1,241,2850.95012396899,203.077622301273
"D3",1,242,4209.45845124719,226.329822437263
"D3",1,243,5226.014213568,140.222555977109
"D3",1,244,3784.04754157604,172.992920298303
"D3",1,245,3330.80804571785,157.848948218208
"D3",1,246,1926.1937972426,196.052534810798
"D3",1,247,3088.53878401281,141.007059282353
"D3",1,248,1225.08739463564,242.722398230282
"D3",1,249,3504.58324532313,112.599236189446
"D3",1,250,3254.40691274092,213.71536271862
"D3",1,251,2401.93935444481,133.887681938898
"D3",1,252,2158.08254325769,198.558981775045
"D3",1,253,3063.5503260382,177.528494667722
"D3",1,254,3245.33193958029,145.311908451183
"D3",1,255,2183.22507750531,88.6993776593006
"D3",1,256,3415.26204426204,193.3675348488
"D3",1,257,2697.33130750959,115.421966745887
"D3",1,258,2793.71169634351,183.900639745538
"D3",1,259,3584.55119846578,221.703654224048
"D3",1,260,3847.21740186329,268.92291220263
"D3",1,261,3800.96447090404,164.476810293187
"D3",1,262,3097.09482480891,194.98960217338
"D3",1,263,2678.29120368201,137.306232343524
"D3",1,264,1768.56475259517,79.2498081665234
"D3",1,265,4301.09511194277,122.014695592563
"D3",1,266,3916.59365527727,113.018190253371
"D3",1,267,2314.91693004294,211.36061081582
"D3",1,268,2670.01751894145,125.279704691175
"D3",1,269,3603.67899058998,192.873565352997
"D3",1,270,2317.890140591,257.171507726425
"D3",1,271,2825.24981795693,54.864510745365
"D3",1,272,3210.55883622244,106.044498136862
"D3",1,273,3682.81946362878,138.673486027086
"D3",1,274,3964.85724989848,210.793637096077
"D3",1,275,4124.02795080089,243.43609635937
"D3",1,276,1900.67413217889,128.751996569948
"D3",1,277,2680.57866202377,74.5170586080159
"D3",1,278,3091.02478621907,169.08656822961
"D3",1,279,3253.40043994733,64.0771068068548
"D3",1,280,4079.40501321828,101.757010787672
"D3",1,281,2508.11585749457,135.735004571849
"D3",1,282,5293.42100255198,162.337565595244
"D3",1,283,3620.09592552349,180.554195569142
"D3",1,284,4653.03200392539,142.025011956291
"D3",1,285,3300.60698449844,134.612360468981
"D3",1,286,2426.66040585743,139.321428523757
"D3",1,287,3232.40972860977,252.460113056189
"D3",1,288,3226.96478420085,157.000081863394
"D3",1,289,3796.52717001932,179.410241548682
"D3",1,290,2973.58278269709,242.069075334966
"D3",1,291,3257.60590488373,107.698266753318
"D3",1,292,3690.57518230631,97.5933481032815
"D3",1,293,3504.11165215028,269.591704871235
"D3",1,294,4366.18121679898,205.721931299373
"D3",1,295,3729.53450728898,200.913755125171
"D3",1,296,3048.60488207198,223.292340622056
"D3",1,297,4038.62907380311,193.192141292517
"D3",1,298,3321.92802479226,66.3016838400086
"D3",1,299,3578.01276541931,243.87946637644
"D3",1,300,2949.50582838723,129.508074143017
"D3",1,301,1800.39153281519,169.446641189002
"D3",1,302,5052.80083727325,115.710998031358
"D3",1,303,2615.77227474675,168.026289272042
"D3",1,304,3284.70937232786,96.5442283528353
"D3",1,305,5122.59103905897,99.7381669044695
"D3",1,306,4535.93470139737,199.431311423263
"D3",1,307,4326.26689716707,59.7832771105571
"D3",1,308,3788.47757537819,98.8088302333767
"D3",1,309,3670.53602654192,133.768008953564
"D3",1,310,1302.98110215738,201.257366892814
"D3",1,311,2744.44818794168,260.083148365526
"D3",1,312,3772.19356835494,124.284060454006
"D3",1,313,4313.70826608447,153.363790572028
"D3",1,314,2705.49613431427,223.917913297034
"D3",1,315,2721.84317455098,137.82695709846
"D3",1,316,3970.92360535836,52.7894503567732
"D3",1,317,4237.40500822162,204.657494538245
"D3",1,318,4296.60135348805,217.706833207805
"D3",1,319,2781.61754354802,119.845923685734
"D3",1,320,3435.94671350076,192.493705051313
"D3",1,321,3984.11431477334,116.77138615269
"D3",1,322,3324.07745496316,126.448054834336
"D3",1,323,2281.35764087506,99.1620680841434
"D3",1,324,2822.43725707301,164.477721538527
"D3",1,325,2596.63675640092,215.944866462891
"D3",1,326,4825.18548096351,114.284996127583
"D3",1,327,3576.9705509999,163.611251527711
"D3",1,328,2639.92306340481,146.012959760755
"D3",1,329,3973.5359392446,188.077934175762
"D3",1,330,1737.20790492702,214.84866275882
"D3",1,331,2903.28370607359,130.3786176862
"D3",1,332,2812.25840826927,105.669122789772
"D3",1,333,3226.03671824574,148.123545543358
"D3",1,334,2572.52999802472,230.196611650227
"D3",1,335,3444.81056949741,203.435702251574
"D3",1,336,1945.4312443029,98.7969030243457
"D3",1,337,2793.92564047677,190.057906213655
"D3",1,338,3349.65041238071,77.1400960687933
"D3",1,339,2839.11821688466,144.251355676699
"D3",1,340,4054.89203594558,251.629505782428
"D3",1,341,3971.3634604302,169.249888651836
"D3",1,342,4180.21070418966,131.414324976643
"D3",1,343,2758.76802300924,140.497738751837
"D3",1,344,3931.27143463172,125.87721412772
"D3",1,345,2963.12688117528,217.557630113869
"D3",1,346,2369.93069784508,161.847476743007
"D3",1,347,2330.62807743878,154.372112464006
"D3",1,348,3394.61587239323,261.484538588026
"D3",1,349,3162.32917079567,115.395056637615
"D3",1,350,2614.9491264584,167.254076526611
"D3",1,351,3528.21903377731,118.201404818755
"D3",1,352,1714.05404393333,173.490402536008
"D3",1,353,3073.18630912546,172.182729157786
"D3",1,354,3898.33388796144,149.910428011599
"D3",1,355,3000.40385111705,223.453621797083
"D3",1,356,2756.93240097549,142.061901760492
"D3",1,357,1992.15327934726,112.668615287078
"D3",1,358,2790.54330086869,184.71215487862
"D3",1,359,3092.34250906964,171.603776839453
"D3",1,360,1824.48310132113,223.10962910751
"D3",1,361,4721.22439537214,242.013275694826
"D3",1,362,2486.3740151196,187.469046408821
"D3",1,363,2431.1503473752,226.952703958738
"D3",1,364,3421.68209446902,174.430434622423
"D3",1,365,1513.572404903,129.380162221224
"D3",1,366,3009.59185516027,120.570441387521
"D3",1,367,3797.06446653353,116.266316573102
"D3",1,368,3305.44675667396,50.9057875307745
"D3",1,369,2746.51461715614,188.276426998356
"D3",1,370,2352.06751992742,150.901471327276
"D3",1,371,3242.24663379081,118.304846773777
"D3",1,372,3302.29773372873,90.9183114763378
"D3",1,373,4104.49137123942,118.052707876172
"D3",1,374,4002.7257817897,94.5401495561711
"D3",1,375,3902.52112682106,170.308720365573
"D3",1,376,4053.42857383213,225.347338953916
"D3",1,377,4151.31795496924,133.141870521091
"D3",1,378,3232.02965294824,201.613101662372
"D3",1,379,4953.37769904835,261.053868198695
"D3",1,380,4528.37425933273,171.954221524691
"D3",1,381,4032.03588567748,154.270390576125
"D3",1,382,1109.11460586396,79.8844349979333
"D3",1,383,2803.80694217532,188.98369316227
"D3",1,384,3475.43919855137,177.161449383854
"D3",1,385,2843.56833312187,225.58615732656
"D3",1,386,3443.65319942755,81.7954552985561
"D3",1,387,3329.69864701302,149.503059882871
"D3",1,388,3294.22455462859,232.617139241135
"D4",1,1,2481.7349961003,242.524341165591
"D4",1,2,3491.82196264352,226.372399232031
"D4",1,3,4431.64165294621,200.772802515068
"D4",1,4,3195.60317189925,130.959219869691
"D4",1,5,2765.63584821136,216.017047739116
"D4",1,6,2370.54347127774,157.142546454242
"D4",1,7,2773.14827783938,225.316621616364
"D4",1,8,3510.11589862501,144.689551313741
"D4",1,9,2846.18798636848,202.356444456635
"D4",1,10,1529.46714336031,193.639246486827
"D4",1,11,2906.23671840557,162.287288623485
"D4",1,12,2199.70003116723,125.705469518198
"D4",1,13,3526.09202173777,236.199569103467
"D4",1,14,2712.93659551407,255.041106884184
"D4",1,15,4234.64327384208,173.154280517326
"D4",1,16,3456.68510455065,157.784311292492
"D4",1,17,2716.21444903405,141.810484625089
"D4",1,18,4155.38710459817,203.008327437803
"D4",1,19,2929.27223922971,250.509812084736
"D4",1,20,4903.36562191,203.723273528687
"D4",1,21,3983.7052603,142.74104644309
"D4",1,22,3038.35517355434,190.800315958528
"D4",1,23,3681.11360115423,157.786364396364
"D4",1,24,2852.60501469549,154.211365986398
"D4",1,25,4286.83095481233,190.109576952444
"D4",1,26,2471.17806573373,72.2104735165156
"D4",1,27,2561.63920584909,185.032384827642
"D4",1,28,3488.1170859534,175.224427328746
"D4",1,29,2784.75561875335,258.439518826877
"D4",1,30,3618.62343994063,140.349686618825
"D4",1,31,3008.88511616291,214.917603208848
"D4",1,32,2946.62443973231,247.944519529478
"D4",1,33,3216.31993862107,158.688270899301
"D4",1,34,3397.88606199582,151.461482767884
"D4",1,35,3682.31589192384,163.736926880892
"D4",1,36,3415.40279805905,179.178555177751
"D4",1,37,3233.50224445259,94.5807128328881
"D4",1,38,2080.07546894084,127.927738027885
"D4",1,39,1879.76599547129,216.862773336333
"D4",1,40,4377.0406065835,156.764374527367
"D4",1,41,4129.59233513159,170.484373874275
"D4",1,42,4496.61933238631,224.144747564517
"D4",1,43,2896.03452889995,152.248250774417
"D4",1,44,3563.1296069054,204.890657187775
"D4",1,45,3078.68817636458,217.571932218882
"D4",1,46,2970.24871600764,129.41759383238
"D4",1,47,4310.6654249445,179.430443494947
"D4",1,48,3929.42691606993,139.243820042716
"D4",1,49,3570.47876619769,241.996717537913
"D4",1,50,3354.49399553494,183.280354850822
"D4",1,51,3441.78064137794,138.026032153709
"D4",1,52,2640.61458711231,240.530148421807
"D4",1,53,3386.02217867969,175.896595434301
"D4",1,54,3096.40559660807,143.531828018576
"D4",1,55,2903.20664158024,216.274932677212
"D4",1,56,3257.47748024911,255.379053127536
"D4",1,57,2818.73902749831,137.303785576546
"D4",1,58,3665.85986804378,174.986817419088
"D4",1,59,3626.64586831923,186.518848287738
"D4",1,60,2820.82017900278,173.158570966435
"D4",1,61,2660.91237313154,134.220130304295
"D4",1,62,2426.41695870105,149.982549291508
"D4",1,63,2375.19264877976,150.308016376326
"D4",1,64,3787.99143033815,182.373306520105
"D4",1,65,3236.67554107696,232.977942182272
"D4",1,66,3942.53097181688,224.312432632252
"D4",1,67,2200.46503859445,187.034440345226
"D4",1,68,3244.87089355332,157.806519670825
"D4",1,69,2656.79846597082,192.654817515591
"D4",1,70,2771.0889110379,183.560393475898
"D4",1,71,2997.98562586534,171.228465946104
"D4",1,72,3299.93909078187,147.403393674226
"D4",1,73,3336.41858098763,196.885232952061
"D4",1,74,3787.57099992873,218.119108737749
"D4",1,75,3381.41804224496,175.707839715509
"D4",1,76,3387.63164520947,221.857839889986
"D4",1,77,2851.46601281345,128.144116552632
"D4",1,78,3421.13875326293,128.117650056099
"D4",1,79,3173.83764906288,194.264169426505
"D4",1,80,2930.40220570812,210.159984446687
"D4",1,81,3773.02411810753,150.797591643105
"D4",1,82,3045.36661805593,86.1764483624109
"D4",1,83,3721.32290100776,82.2690258492205
"D4",1,84,4214.15712775584,92.2228597751863
"D4",1,85,2548.30962859196,147.649439221231
"D4",1,86,2858.99661098445,115.150028992915
"D4",1,87,3989.94182766176,95.8266322461562
"D4",1,88,3932.61053257715,121.068432379216
"D4",1,89,3169.24955484298,191.763496111244
"D4",1,90,4796.85974403732,87.3584505648708
"D4",1,91,3955.17101564148,233.202518796007
"D4",1,92,4512.62317022616,185.397836323982
"D4",1,93,2540.80110074959,148.229817936165
"D4",1,94,3918.33517615557,144.796077050683
"D4",1,95,4863.71093144805,116.237491245574
"D4",1,96,3741.2341706305,231.481820184178
"D4",1,97,4123.5698333536,192.523887369298
"D4",1,98,2280.43972858754,185.499771456027
"D4",1,99,3523.73487086076,179.05694468354
"D4",1,100,2962.08668998633,265.641220928273
"D4",1,101,1985.02287729703,139.429712188359
"D4",1,102,2986.01877838907,122.154963290815
"D4",1,103,3071.06106548245,203.117343966296
"D4",1,104,3712.73031879759,211.066150925409
"D4",1,105,2763.88658156207,199.570561065178
"D4",1,106,2028.77273840794,221.252401848941
"D4",1,107,1970.89813321331,182.032083174791
"D4",1,108,4794.02360564975,130.447223523562
"D4",1,109,1903.00664040869,225.473652148954
"D4",1,110,2339.76053831897,102.371917811564
"D4",1,111,2462.42191945213,133.242266333664
"D4",1,112,4148.41558671857,139.105642034951
"D4",1,113,1737.93136126425,188.102049174366
"D4",1,114,3357.13571621956,170.047807779782
"D4",1,115,3634.20534626892,176.17232861818
"D4",1,116,2473.51076602507,85.5249835016316
"D4",1,117,4410.29643643792,121.329368013786
"D4",1,118,2552.37368892362,188.285333531454
"D4",1,119,4538.94579543274,193.511145365426
"D4",1,120,4336.29286202407,207.839110227389
"D4",1,121,3015.91806419133,234.435036736227
"D4",1,122,3493.32904921203,167.245776580154
"D4",1,123,2209.74315181922,215.554524402751
"D4",1,124,3423.54273669887,168.937022746313
"D4",1,125,3658.10293263048,167.340416175642
"D4",1,126,4219.13230453301,64.2053487292455
"D4",1,127,2994.30224821113,191.74303145706
"D4",1,128,3840.01638256793,168.644046130664
"D4",1,129,2826.89263472727,270.577721132511
"D4",1,130,4722.64705628677,108.169032260295
"D4",1,131,2191.00400558173,60.6124435081709
"D4",1,132,3927.94739753976,184.469126264632
"D4",1,133,2328.74501631969,155.095581909074
"D4",1,134,2833.17847729076,246.730482577076
"D4",1,135,2325.20927685081,200.309386186582
"D4",1,136,1963.08216984948,191.916605374769
"D4",1,137,2928.42475792714,247.759963461213
"D4",1,138,3144.70729077514,72.9877648487686
"D4",1,139,4389.24123325253,229.554468902975
"D4",1,140,3687.15463282526,65.7064645657167
"D4",1,141,4434.60491473246,112.634890832801
"D4",1,142,2727.61921098016,177.716996464225
"D4",1,143,3293.77274074063,186.993767858247
"D4",1,144,1894.36805586143,170.456777622688
"D4",1,145,3959.87714895802,188.608356125374
"D4",1,146,3621.30026810465,201.185211922926
"D4",1,147,3608.82218726654,91.0725591508407
"D4",1,148,2937.62005161072,63.4953682266369
"D4",1,149,3989.81628914027,194.23849197397
"D4",1,150,3088.53685285628,192.648796653109
"D4",1,151,3277.95138806443,126.204842869321
"D4",1,152,2566.09692579499,252.914260641009
"D4",1,153,2847.10696277382,84.1836040852275
"D4",1,154,2538.35375205043,49.4764246389898
"D4",1,155,2657.26092906331,142.334637375739
"D4",1,156,2562.96455626527,91.0703556760385
"D4",1,157,3449.46952664562,153.775216319723
"D4",1,158,2666.78727489898,143.104950247309
"D4",1,159,4872.94628017777,153.75530171465
"D4",1,160,3222.902035836,91.3317841668182
"D4",1,161,3340.45514684778,262.862966551998
"D4",1,162,1646.26643329682,104.512855751762
"D4",1,163,3505.08255077348,88.1488834158961
"D4",1,164,2555.02731940211,168.930763446109
"D4",1,165,2709.69296915182,156.983437584178
"D4",1,166,3883.5642913273,118.383017036605
"D4",1,167,2410.92318266788,177.703661458304
"D4",1,168,3475.94566819571,15
"D4",1,169,3083.54697849756,241.609213748992
"D4",1,170,2447.20282386931,192.103041583397
"D4",1,171,3535.08448359449,166.756168984555
"D4",1,172,3690.39255641085,50.0067709223675
"D4",1,173,2090.28538394449,169.816058721665
"D4",1,174,3568.18768785764,175.273029014636
"D4",1,175,3025.94612094069,189.776254309932
"D4",1,176,2286.03203949274,143.433278277059
"D4",1,177,2737.41160750727,158.15073339379
"D4",1,178,2953.19165567548,159.284377051793
"D4",1,179,2761.22791853421,137.035276293238
"D4",1,180,3253.13147718223,32.4876216389318
"D4",1,181,2856.41276325353,102.762959081414
"D4",1,182,3758.93575008064,125.19808238938
"D4",1,183,3452.63037998647,127.223798739097
"D4",1,184,3640.20191485585,148.078412274401
"D4",1,185,3420.15355378245,150.110611038098
"D4",1,186,4429.73490295337,201.598715067046
"D4",1,187,4720.26882726706,129.170387600862
"D4",1,188,2864.80146010139,65.9910773054354
"D4",1,189,4000.03328024378,135.993613344497
"D4",1,190,1789.0104830676,158.485667555064
"D4",1,191,1924.7886057581,80.3458368554834
"D4",1,192,3124.09599185808,145.92614097877
"D4",1,193,3870.39281871298,64.8909462345225
"D4",1,194,2570.86264333002,166.836765487003
"D4",1,195,3620.0056577767,273.469488694854
"D4",1,196,3585.88485932629,79.4936135562688
"D4",1,197,3688.60017763876,114.314485255225
"D4",1,198,4089.06665892936,183.971770100591
"D4",1,199,3369.70042498611,203.575729618801
"D4",1,200,3220.51298072007,195.192293972057
"D4",1,201,2793.47549065732,102.649516335652
"D4",1,202,2312.93390832312,103.68597602327
"D4",1,203,3907.32122926317,221.873435294909
"D4",1,204,4339.67115134748,180.350452365436
"D4",1,205,3663.1078242176,131.007521917717
"D4",1,206,1692.85002020067,141.312426656345
"D4",1,207,3948.89456061504,138.604518224237
"D4",1,208,3547.69806383594,168.071860819565
"D4",1,209,2246.72938129007,191.934430276728
"D4",1,210,3168.64702907556,198.933396403647
"D4",1,211,2401.4714681851,70.9728949411428
"D4",1,212,4164.02845164846,150.946809599429
"D4",1,213,5121.94719629806,202.872595901062
"D4",1,214,4673.33240533655,104.267418537528
"D4",1,215,1904.35726138154,69.579092004642
"D4",1,216,3273.28884518357,112.149890157943
"D4",1,217,3723.94431122285,164.847168269926
"D4",1,218,3448.43478725943,177.986289208549
"D4",1,219,3515.94921937349,129.918478836856
"D4",1,220,2757.64045365677,143.337781611965
"D4",1,221,2434.61385275029,62.5160180310431
"D4",1,222,3133.23139871166,140.870343455729
"D4",1,223,2748.9169106624,151.606628689325
"D4",1,224,2650.88462124562,214.180948311886
"D4",1,225,3332.71451076006,239.816399760359
"D4",1,226,2839.49704988082,170.472712151973
"D4",1,227,3959.07573318846,161.846695378427
"D4",1,228,3535.93759855546,154.462511523484
"D4",1,229,2557.87545406002,152.864849917514
"D4",1,230,1635.59198716944,65.5357992013846
"D4",1,231,3173.98364468807,142.144606925789
"D4",1,232,3046.43007702324,148.039015940015
"D4",1,233,3453.70440334565,176.307500879571
"D4",1,234,4192.244516705,212.489300712641
"D4",1,235,2446.25369609205,79.2619819840176
"D4",1,236,3578.21646946789,196.572365055681
"D4",1,237,4583.06626519206,214.890623755501
"D4",1,238,2736.28164420646,139.54132846864
"D4",1,239,2195.53522811954,216.968007009443
"D4",1,240,3753.71753366277,223.373281571098
"D4",1,241,3974.05506233011,121.208302543156
"D4",1,242,3471.07014351826,130.352122812815
"D4",1,243,3032.92408762816,146.426620332162
"D4",1,244,3221.68866731546,64.0251398128338
"D4",1,245,1984.74063045754,129.50150517893
"D4",1,246,2838.55773241461,245.143421095912
"D4",1,247,3458.11311479777,164.093248379139
"D4",1,248,3054.50386936733,151.928922265442
"D4",1,249,3961.61364456636,236.903328609212
"D4",1,250,3668.34252798204,158.08499139911
"D4",1,251,3676.55652592203,142.091906454469
"D4",1,252,3686.24167482516,197.356141373074
"D4",1,253,4705.03570978706,96.0165405829271
"D4",1,254,3752.48561222255,131.108678804067
"D4",1,255,2514.61790013344,206.342868179135
"D4",1,256,2092.16824524405,192.67729629437
"D4",1,257,3938.18363250226,169.153984660167
"D4",1,258,3256.54554896722,183.352386752663
"D4",1,259,3298.54332283282,155.363480428366
"D4",1,260,3170.85872549411,247.958418538051
"D4",1,261,3187.98092275412,127.7574238857
"D4",1,262,2211.28684169596,172.321415803269
"D4",1,263,3952.71392445095,243.279984937663
"D4",1,264,3814.10093515689,165.219841319217
"D4",1,265,3031.26649201946,162.284494258531
"D4",1,266,1538.44703080561,216.076499793639
"D4",1,267,2708.02004286381,169.427376486459
"D4",1,268,1510.47842714882,93.0500113500451
"D4",1,269,2877.97428825636,245.189328486632
"D4",1,270,2283.97298405514,140.935482042168
"D4",1,271,3998.67272430423,201.879055158504
"D4",1,272,3288.754899972,223.912768326014
"D4",1,273,3558.71140844581,83.4119368288827
"D4",1,274,2475.16684266178,89.2392692092094
"D4",1,275,2487.46465772721,198.411795032378
"D4",1,276,1567.62162769442,113.533963543463
"D4",1,277,2242.44843704279,117.40348384479
"D4",1,278,2926.47424178206,195.036449621845
"D4",1,279,3350.99071536453,157.859225016662
"D4",1,280,4521.377306372,179.615483325122
"D4",1,281,2989.47007489775,123.342042929806
"D4",1,282,2513.99016975328,120.125877262674
"D4",1,283,3993.69964995521,96.1011118089388
"D4",1,284,3360.89492010763,134.942711247721
"D4",1,285,2636.23234806921,165.814070351609
"D4",1,286,3202.59741287427,159.539109869989
"D4",1,287,2681.93947896699,146.49524568012
"D4",1,288,4632.78446985243,214.020537289776
"D4",1,289,3240.72248776727,155.439522312722
"D4",1,290,2006.470348858,201.476165334753
"D4",1,291,3467.69021220554,170.298611002586
"D4",1,292,3059.60463883426,180.451495281413
"D4",1,293,2491.29605061215,150.806968474311
"D4",1,294,2643.77120172444,90.4624765556925
"D4",1,295,2123.39052608216,235.363933495049
"D4",1,296,2882.10051805785,139.222422035024
"D4",1,297,3552.49286904441,152.603609265229
"D4",1,298,3714.37420335034,134.865671951176
"D4",1,299,3051.15764596083,97.6629425063519
"D4",1,300,2982.0612560402,117.269155822821
"D4",1,301,1856.15613629004,96.3723664916744
"D4",1,302,2309.35508022953,116.374468385933
"D4",1,303,1550.46486718876,98.2853538410772
"D4",1,304,3931.1824574209,205.821876266649
"D4",1,305,4151.31207756555,202.690821246552
"D4",1,306,3892.39951188344,154.195339101959
"D4",1,307,3069.93205408137,167.193266979495
"D4",1,308,3253.19896405956,164.469895183361
"D4",1,309,1542.9481910006,124.458109924628
"D4",1,310,2085.58115280885,245.025731861525
"D4",1,311,2864.40606689468,176.764568066911
"D4",1,312,4594.50138574494,156.851823551915
"D4",1,313,3134.72367322987,121.524657224262
"D4",1,314,3376.89607032769,110.350781624977
"D4",1,315,4356.75583390296,170.365385142452
"D4",1,316,2816.92307994713,112.380878663781
"D4",1,317,2439.63492297235,186.183666011571
"D4",1,318,3573.49324778588,83.5015992355262
"D4",1,319,4031.77768272697,167.554394231132
"D4",1,320,3620.10001751983,175.174078683556
"D4",1,321,3165.51113241347,202.841775998594
"D4",1,322,3347.01150650051,141.276332358741
"D4",1,323,3813.12249489837,161.342372620734
"D4",1,324,4284.1188753127,224.402719444763
"D4",1,325,4801.35111795739,62.2306517458542
"D4",1,326,2115.84083500871,143.651757016134
"D4",1,327,2755.69657523289,177.152971019053
"D4",1,328,2901.68759044607,160.587500754006
"D4",1,329,2942.35035844412,164.686103941261
"D4",1,330,4211.97106549333,197.694952325907
"D4",1,331,1923.47564966108,136.421389159402
"D4",1,332,2432.26952259594,168.960041397049
"D4",1,333,2806.98802620058,119.054557831297
"D4",1,334,3139.08377677163,66.5954154180682
"D4",1,335,3510.80229580137,154.40628031969
"D4",1,336,3870.45967518748,84.1666687473634
"D4",1,337,3496.24984494272,206.209474199856
"D4",1,338,3766.43236064623,106.909471113681
"D4",1,339,4031.64982637295,47.6913429533999
"D4",1,340,3863.11909366384,171.77498003162
"D4",1,341,2822.85722859299,242.012773860322
"D4",1,342,3207.35024872399,204.546443763417
"D4",1,343,3161.35415082864,161.247526041146
"D4",1,344,3129.52236274683,241.982666447302
"D4",1,345,3158.25477935957,112.96638434645
"D4",1,346,3350.31204759685,129.474031688083
"D4",1,347,3205.16580780759,170.756454406994
"D4",1,348,2882.8296298034,109.727875088884
"D4",1,349,3100.93392108979,118.475493276189
"D4",1,350,4149.05464805659,122.551267002995
"D4",1,351,4000.67356018503,104.930639054993
"D4",1,352,2196.79814049196,203.720638553539
"D4",1,353,3273.34420720811,162.658348635879
"D4",1,354,3841.4616835604,112.09638916727
"D4",1,355,3952.04696580464,207.333359753562
"D4",1,356,2257.15742552779,216.593362954708
"D4",1,357,3823.40593935704,147.07289871474
"D4",1,358,3686.84495277132,123.353955043142
"D4",1,359,2139.08483665419,155.901012024365
"D4",1,360,2904.80869630185,154.524870051122
"D4",1,361,2673.23023038128,156.408540313692
"D4",1,362,3064.391551433,223.58721922627
"D4",1,363,2454.31644369601,151.920657829608
"D4",1,364,2973.19865329722,165.290926979587
"D4",1,365,3630.42264397226,268.001236358948
"D4",1,366,3507.52762359352,132.355079247664
"D4",1,367,904.409428863663,211.105404769134
"D4",1,368,3420.10254362359,99.355432782949
"D4",1,369,2959.543184194,101.430217609399
"D4",1,370,2024.82576134982,152.266331698429
"D4",1,371,3487.3641139993,120.990375734021
"D4",1,372,4755.98643235329,210.498457372839
"D4",1,373,4486.64884652185,59.897618015183
"D4",1,374,3199.20009925734,140.732411566097
"D4",1,375,2332.60402269388,85.2121959401077
"D4",1,376,4835.57943282772,188.59978491988
"D4",1,377,2627.09915747542,192.643473384926
"D4",1,378,4120.32913150292,221.300145429537
"D4",1,379,2280.75581041814,186.643212252902
"D4",1,380,2505.12126516307,145.9219358173
"D4",1,381,3438.65521035698,111.920438290848
"D5",1,1,3160.73347596238,101.213923980753
"D5",1,2,2205.61046625319,161.839869796981
"D5",1,3,3003.56385832627,217.386210419419
"D5",1,4,4040.30433654255,121.289908450418
"D5",1,5,3575.2870406741,64.6438567813434
"D5",1,6,3096.95124889101,235.453123751259
"D5",1,7,3976.04124478153,121.027200173468
"D5",1,8,2760.14799262779,159.22015623732
"D5",1,9,5756.98043848069,194.07468716964
"D5",1,10,3140.56094512922,149.433148109267
"D5",1,11,4101.0510421904,195.894877729094
"D5",1,12,2530.23278709868,113.328561861774
"D5",1,13,4581.6085094693,122.147836877315
"D5",1,14,1828.57153404084,261.658078815367
"D5",1,15,2499.01269250155,147.416507345512
"D5",1,16,4559.72857121111,172.328266906292
"D5",1,17,2681.55607483514,202.309868067651
"D5",1,18,4145.31871629708,156.269333756108
"D5",1,19,2760.58048110628,241.353657786256
"D5",1,20,3402.14449050658,162.920654237058
"D5",1,21,3391.95665432704,222.070706221069
"D5",1,22,3754.28904912599,69.9461738293022
"D5",1,23,3402.71627335197,146.401073445824
"D5",1,24,2495.02761416037,157.500879768749
"D5",1,25,3188.45239581382,178.723328337481
"D5",1,26,3086.58416056391,193.292240331589
"D5",1,27,3038.53092164775,136.204166941312
"D5",1,28,3505.67203625846,218.159075105556
"D5",1,29,3608.29191836953,100.42405705154
"D5",1,30,3301.5437016406,131.350449194498
"D5",1,31,4091.97292568031,116.378205857962
"D5",1,32,3508.79459752133,170.645682530649
"D5",1,33,4001.72660301251,87.6985412886795
"D5",1,34,1796.82484755301,172.318778675549
"D5",1,35,3792.12712409902,155.890828171743
"D5",1,36,2927.65603384263,104.38564389975
"D5",1,37,3044.03803710838,100.972899005053
"D5",1,38,3321.78527265806,175.678773112656
"D5",1,39,3100.88960299366,150.302019792985
"D5",1,40,3653.80971882694,156.631561455337
"D5",1,41,3018.63803400633,95.9982085344707
"D5",1,42,3402.9959117078,205.263113664994
"D5",1,43,2396.35415504594,101.648362956469
"D5",1,44,3308.35031947469,152.451266407386
"D5",1,45,2083.20256649804,109.360361326982
"D5",1,46,4099.05695606357,160.230196792149
"D5",1,47,1939.93723036211,139.315276392889
"D5",1,48,3712.60977539763,146.494363542596
"D5",1,49,3587.19773048129,141.820693430184
"D5",1,50,2935.56423079626,178.335821262477
"D5",1,51,1683.49722366327,190.434269278505
"D5",1,52,1865.69743395937,132.25580768357
"D5",1,53,2980.30002389451,108.629842198619
"D5",1,54,3354.66752264274,98.346903146079
"D5",1,55,3842.13439205051,155.081004094514
"D5",1,56,3397.62282456727,179.929708393353
"D5",1,57,3148.71651255603,182.234310372475
"D5",1,58,3638.96126711144,198.989457747531
"D5",1,59,3247.28123324408,177.198665247665
"D5",1,60,3888.39380031034,140.805270293518
"D5",1,61,4613.34196810353,196.393494009483
"D5",1,62,2966.11701754725,135.310106984509
"D5",1,63,2773.40355518562,254.157123320234
"D5",1,64,2605.81907864109,180.933419725848
"D5",1,65,4487.82433966321,102.800257981323
"D5",1,66,1144.5371595969,151.113188595882
"D5",1,67,4803.20825088834,222.338933518505
"D5",1,68,3564.50652891459,102.507943778022
"D5",1,69,2659.20914560339,193.538195737429
"D5",1,70,3019.93409345749,126.941581286761
"D5",1,71,4718.01107013941,97.0298471730153
"D5",1,72,2988.54861724764,106.866495770922
"D5",1,73,3227.02914067704,60.4668172543468
"D5",1,74,2666.53864280962,79.4104776471398
"D5",1,75,2562.03683410987,123.824448427398
"D5",1,76,2395.35866448205,150.747164780042
"D5",1,77,2631.72269495422,193.999076168498
"D5",1,78,2830.04138804513,99.6894547464548
"D5",1,79,1677.53158542331,265.9364564018
"D5",1,80,4128.45746193926,181.285079843068
"D5",1,81,2383.07147909393,15
"D5",1,82,3306.9866234501,130.40285194567
"D5",1,83,1797.09848507626,72.3134243693185
"D5",1,84,3371.27794963974,115.293753412264
"D5",1,85,3041.58962690169,87.3863535514273
"D5",1,86,2633.9080528395,199.379720983768
"D5",1,87,2430.55105240904,133.392296617179
"D5",1,88,2831.96222292281,58.7929496360868
"D5",1,89,1887.04604657324,108.640677577943
"D5",1,90,4383.96406500194,232.153629785403
"D5",1,91,3146.33396646242,258.075589969022
"D5",1,92,2548.22513737096,133.12928709013
"D5",1,93,2782.21166973488,170.653532819344
"D5",1,94,3937.61871713269,108.466277224701
"D5",1,95,2968.60940587916,56.1808268655715
"D5",1,96,3299.77521513944,166.629800114782
"D5",1,97,3297.93894703356,194.114516003591
"D5",1,98,3840.78225941423,155.059946230076
"D5",1,99,3568.35163735199,154.655530767087
"D5",1,100,3269.97805441824,87.4959946420362
"D5",1,101,3159.75678032102,129.520782100661
"D5",1,102,2369.04953361717,98.0902299205032
"D5",1,103,4530.50990214745,166.004807897523
"D5",1,104,2887.59107919622,224.356942305023
"D5",1,105,3697.51020002731,255.912814924489
"D5",1,106,4091.647724954,189.772958122424
"D5",1,107,3063.95719025782,205.702664846978
"D5",1,108,2474.02725615813,227.839593942545
"D5",1,109,3672.73709478271,143.78555827492
"D5",1,110,2891.98237920763,107.490729466712
"D5",1,111,3564.54061704585,219.924182677186
"D5",1,112,1603.60615780053,137.963867939515
"D5",1,113,2744.79286076293,237.281677417706
"D5",1,114,3190.1899073808,92.5904302144517
"D5",1,115,2704.34475507519,141.561750447099
"D5",1,116,3494.61408548336,144.852270910638
"D5",1,117,3629.16350110956,128.940492989324
"D5",1,118,2478.08390184528,81.6495533436314
"D5",1,119,2871.72957594893,231.894538742146
"D5",1,120,3790.18243355259,140.581153816666
"D5",1,121,4423.84255619765,198.214996981384
"D5",1,122,3595.71658564893,82.6133833090361
"D5",1,123,3390.00868339193,195.604191487947
"D5",1,124,4374.86005488729,201.799427595752
"D5",1,125,2022.16803757659,227.012158444082
"D5",1,126,4160.98715118688,146.697563192686
"D5",1,127,4026.43090891523,231.955312931465
"D5",1,128,3317.06102398366,96.9993218429773
"D5",1,129,2781.47727257733,135.848827371769
"D5",1,130,2216.78780597457,198.432061873794
"D5",1,131,3629.30700225378,181.126974755416
"D5",1,132,3733.54096638268,201.251744469264
"D5",1,133,3113.18913934568,174.295842422557
"D5",1,134,3394.68545276438,179.965629711173
"D5",1,135,3970.74733322932,195.974155328174
"D5",1,136,1287.60508538819,213.159681140067
"D5",1,137,3278.0500867818,178.140037344602
"D5",1,138,3238.0646228915,157.852926482044
"D5",1,139,4315.38669234771,185.722346379598
"D5",1,140,3731.43633595606,95.1156443635306
"D5",1,141,2179.76958581532,94.9730328726317
"D5",1,142,2477.4701630199,176.816509479347
"D5",1,143,2374.4707508864,189.414862901532
"D5",1,144,2756.97861191293,88.0181564115212
"D5",1,145,3861.85450001666,156.125672832496
"D5",1,146,3219.23741415748,155.179456625751
"D5",1,147,3327.51503181439,220.624639452578
"D5",1,148,3853.86064757706,113.913753514467
"D5",1,149,2543.27256917649,135.04424599551
"D5",1,150,3270.45597435724,116.44819833684
"D5",1,151,2419.94563486218,189.515679832895
"D5",1,152,3224.16487045561,232.684748374988
"D5",1,153,3619.45953909278,245.945099266937
"D5",1,154,3670.29522462671,147.294571435515
"D5",1,155,2923.51357938059,160.082717917635
"D5",1,156,3697.07722188577,69.9853977242297
"D5",1,157,2890.71820258729,189.606768802735
"D5",1,158,3250.09484943924,114.858746506023
"D5",1,159,3716.26151159302,254.296695902144
"D5",1,160,2629.54431194514,286.810948029025
"D5",1,161,3028.85780217385,104.468838851427
"D5",1,162,3483.42478145447,117.902707936894
"D5",1,163,3788.77853310709,292.612555456601
"D5",1,164,4002.91276998507,123.235396104735
"D5",1,165,2890.8242547347,250.057999968401
"D5",1,166,3049.49343340328,164.125653035649
"D5",1,167,2871.67818766256,223.446297214283
"D5",1,168,1264.10188194858,124.938487817372
"D5",1,169,2340.3060797037,185.298610774404
"D5",1,170,4259.44276064602,148.085455708146
"D5",1,171,3966.09594150219,126.369475028319
"D5",1,172,3108.23508662141,226.509528180433
"D5",1,173,3815.14083535927,223.321765659088
"D5",1,174,3408.00940063255,157.915499746874
"D5",1,175,2845.72064069321,174.155256364166
"D5",1,176,2239.75552371824,189.319315209821
"D5",1,177,3280.30799308722,134.762416007601
"D5",1,178,3793.23993010792,64.4205671856606
"D5",1,179,2773.36701296827,115.751241212879
"D5",1,180,2454.83996771706,174.744210013417
"D5",1,181,3391.98259535026,206.576448193254
"D5",1,182,2082.57750797453,129.505444239583
"D5",1,183,3067.668823197,131.367709352837
"D5",1,184,3223.04001747454,151.133381042493
"D5",1,185,3521.02151779949,172.583022465804
"D5",1,186,4340.80334864835,123.90180635442
"D5",1,187,3411.1804774361,241.196243480697
"D5",1,188,3330.5012188738,55.0875713248726
"D5",1,189,3689.05082540626,136.358165756639
"D5",1,190,3299.49574047684,287.825708387865
"D5",1,191,3433.11901252037,138.983711262561
"D5",1,192,3079.71802290952,122.243453069195
"D5",1,193,2441.19211315696,276.65068940434
"D5",1,194,3044.6440480608,167.275591205146
"D5",1,195,2849.14787744453,204.846397341576
"D5",1,196,2523.04459242584,177.809926148355
"D5",1,197,3639.95096224224,156.858326149043
"D5",1,198,2420.8641429456,113.174288700266
"D5",1,199,3584.16714275189,124.929692494836
"D5",1,200,2808.49091158317,171.538307995323
"D5",1,201,1497.26606385201,205.734676228672
"D5",1,202,1969.48315660088,140.503878249011
"D5",1,203,4191.55227423619,157.317914521116
"D5",1,204,3032.99968821408,148.011837700891
"D5",1,205,4103.22069521249,192.566124133887
"D5",1,206,2962.13329354194,191.032721152531
"D5",1,207,4413.71142620097,220.076658912382
"D5",1,208,2358.51060471062,297.453218249754
"D5",1,209,2389.63797148693,175.39019467348
"D5",1,210,2473.37890306287,176.399048407923
"D5",1,211,3408.78944375948,280.703478454697
"D5",1,212,4048.30447942811,143.564537807048
"D5",1,213,3241.68770526375,152.099768281719
"D5",1,214,4254.23804009976,139.602418447633
"D5",1,215,3166.88381976227,152.71069461693
"D5",1,216,2246.1199611235,196.481486018457
"D5",1,217,4108.56582341677,207.499143859173
"D5",1,218,2585.5312659243,212.884045062976
"D5",1,219,2648.69668246895,191.858148563862
"D5",1,220,3198.76809626451,143.366206818641
"D5",1,221,1743.13124660222,198.748895091564
"D5",1,222,3491.27213285739,60.6479463843413
"D5",1,223,4261.62373432349,232.13941538174
"D5",1,224,3891.36367026971,143.655937529273
"D5",1,225,2637.0263044855,141.586245170513
"D5",1,226,2919.58690616213,126.893531399381
"D5",1,227,3634.0360868081,191.13780045116
"D5",1,228,2487.95845944684,145.785604342085
"D5",1,229,1966.78275110204,211.524689292145
"D5",1,230,3066.25409786085,205.401737330973
"D5",1,231,2169.48623425775,101.395294062378
"D5",1,232,4053.93288312305,214.197759625395
"D5",1,233,3667.4103204241,195.511177681266
"D5",1,234,2397.95640744646,136.645882506615
"D5",1,235,3197.04617233933,165.707404036186
"D5",1,236,3911.22642949588,183.797202484647
"D5",1,237,3312.07978667846,87.7452750486855
"D5",1,238,3485.03722434689,156.680905543688
"D5",1,239,2125.52449272915,158.555613969894
"D5",1,240,3523.12490354982,251.331173968418
"D5",1,241,2014.99993673647,188.903525549051
"D5",1,242,4507.29529996571,239.15468055756
"D5",1,243,2990.33900097737,172.626189579728
"D5",1,244,3177.74017899272,213.74942938451
"D5",1,245,3644.85952648243,115.171006249632
"D5",1,246,3636.93455250362,170.435483554156
"D5",1,247,3666.82041099974,234.413392245079
"D5",1,248,3536.9734573542,135.2165441829
"D5",1,249,3237.67346582572,192.426666762685
"D5",1,250,3140.79255857285,209.970605376257
"D5",1,251,2207.01028636184,192.411235756844
"D5",1,252,2701.62027686926,137.286368558246
"D5",1,253,2951.63190461104,175.031450127169
"D5",1,254,4807.90390792176,163.293611294208
"D5",1,255,2264.49149664698,140.982157005476
"D5",1,256,4263.18402526534,91.613179822409
"D5",1,257,3677.72081560402,234.969009145274
"D5",1,258,3102.65529640422,94.2409926658724
"D5",1,259,3547.94223602496,188.991668526081
"D5",1,260,1865.18027456836,211.503718968471
"D5",1,261,4659.33152926898,169.463274333541
"D5",1,262,3549.91329622501,139.208534797055
"D5",1,263,4019.37668114297,72.6648136200297
"D5",1,264,2322.81249984137,127.298662121347
"D5",1,265,2641.2331084548,165.591981750666
"D5",1,266,2074.02605052071,149.255190587367
"D5",1,267,3414.52100130191,127.918476099683
"D5",1,268,4112.18751127697,224.790852852993
"D5",1,269,3020.99109363749,168.600798298891
"D5",1,270,4923.83370884938,116.118848641614
"D5",1,271,3576.47988540004,125.455699692058
"D5",1,272,2843.35514269367,180.320717199179
"D5",1,273,3929.59384130756,122.055203658046
"D5",1,274,3364.3993371339,161.717166329501
"D5",1,275,3484.01136570849,181.903873433721
"D5",1,276,1597.45253778835,141.448136181598
"D5",1,277,3710.06618734619,192.288349043964
"D5",1,278,3603.4645480774,177.494294506397
"D5",1,279,2744.20125239233,70.2409421956188
"D5",1,280,2867.63543370502,161.663740664871
"D5",1,281,2852.25298042514,126.347829237493
"D5",1,282,2363.88263770932,176.566390584107
"D5",1,283,1800.65101053016,217.334793956025
"D5",1,284,2632.09236747475,90.5453622796656
"D5",1,285,4411.54857194859,127.385246870244
"D5",1,286,4529.93467988531,133.47646156816
"D5",1,287,1630.21465481934,176.13151310925
"D5",1,288,3762.78016760078,50.4387752710915
"D5",1,289,3822.11209763479,156.15480234352
"D5",1,290,2804.6244854788,266.052043048986
"D5",1,291,3257.33149934669,124.662839621842
"D5",1,292,2556.78805506706,188.886700708658
"D5",1,293,2024.44234144501,178.893832189822
"D5",1,294,3430.26480424149,56.3885159514801
"D5",1,295,3224.53501625247,185.338741324724
"D5",1,296,3672.40529194904,61.1975658981133
"D5",1,297,3918.74537297243,298.114051696833
"D5",1,298,3518.88352836585,111.988051582086
"D5",1,299,2948.96499089062,135.04518125232
"D5",1,300,2847.47366438447,176.125753944369
"D5",1,301,4146.29891664707,66.8910847772817
"D5",1,302,2795.28698882672,172.124176836604
"D5",1,303,4130.41909961861,186.355343447876
"D5",1,304,2866.4366132404,206.087647343906
"D5",1,305,3308.49599850901,215.488347824111
"D5",1,306,3305.62308431224,256.181229386663
"D5",1,307,1705.16851441904,114.219219945087
"D5",1,308,3909.61563595436,155.104598496834
"D5",1,309,1492.98683730365,128.930496546188
"D5",1,310,4235.87312663638,108.550838977909
"D5",1,311,2684.65706991458,136.089510020642
"D5",1,312,2335.19378633238,108.66309418141
"D5",1,313,2009.12243464131,106.990495944846
"D5",1,314,3405.53151743872,158.519011320804
"D5",1,315,2079.09266269708,146.568929284811
"D5",1,316,3212.02557824513,104.355597540249
"D5",1,317,4224.85951093862,173.357834423126
"D5",1,318,2961.57246392259,144.667020494439
"D5",1,319,3095.80446146448,174.691861116307
"D5",1,320,3058.85390253609,89.2862747223999
"D5",1,321,1885.12048721481,118.080430220577
"D5",1,322,4129.59954005963,176.087174881969
"D5",1,323,4877.30471800069,124.770868784569
"D5",1,324,4243.04752710067,142.389840541231
"D5",1,325,3528.91228559737,192.885958578902
"D5",1,326,2790.01308518816,106.49527855235
"D5",1,327,2256.49466946674,154.968456777101
"D5",1,328,3726.19659600898,140.610717909651
"D5",1,329,2440.09255317778,222.146751183152
"D5",1,330,2724.3964450234,92.5765239187495
"D5",1,331,3405.48562892771,229.925132086633
"D5",1,332,5066.57422640063,48.7536716291926
"D5",1,333,2944.19669442352,120.069741748826
"D5",1,334,2943.20348474767,140.745070791642
"D5",1,335,3221.69043158546,147.040105108874
"D5",1,336,2724.40000790932,169.499420878569
"D5",1,337,2260.26092733136,136.460078523837
"D5",1,338,3647.98184569769,224.897631513397
"D5",1,339,2081.09001784102,120.920002001684
"D5",1,340,2026.44200524739,102.223141377623
"D5",1,341,2025.11795575816,153.94629341289
"D5",1,342,3905.68309438608,140.420520116925
"D5",1,343,3434.52815376001,118.218122067635
"D5",1,344,3480.21740260695,181.019540931292
"D5",1,345,3036.29785199317,110.024537170801
"D5",1,346,3495.62939380307,105.109623268567
"D5",1,347,5008.27630575068,223.737977149898
"D5",1,348,3778.06311807978,127.757340366992
"D5",1,349,2341.89594772626,189.94758618358
"D5",1,350,3365.89563418593,145.581850645717
"D5",1,351,1374.91439097316,90.3604898319587
"D5",1,352,3008.79380964818,204.402547533786
"D5",1,353,3044.54516164503,138.950668957359
"D5",1,354,3704.48782944902,80.7874859695449
"D5",1,355,2257.79467364583,149.533800943345
"D5",1,356,3113.93915734294,95.8727989198134
"D5",1,357,2843.19198514222,172.971504546131
"D5",1,358,4380.9993798902,190.825569233009
"D5",1,359,2931.54857673629,135.097711993762
"D5",1,360,3429.71268262665,132.920300753682
"D5",1,361,3251.76063047906,201.133598808817
"D5",1,362,2680.58500989537,203.698753511328
"D5",1,363,2566.24699048107,177.783380659081
"D5",1,364,3296.54755446361,153.49067319402
"D5",1,365,2714.46529006907,118.572308691329
"D5",1,366,2714.20150827033,201.267191661052
"D5",1,367,3284.59430811373,181.02668044424
"D5",1,368,3781.1727771576,161.573101916342
"D5",1,369,2377.97339135515,122.63163405861
"D5",1,370,2804.10008813949,229.342433717161
"D5",1,371,5141.93569173767,99.9221595954479
"D5",1,372,3387.29321980046,155.786758652592
"D5",1,373,2289.22583076209,162.341464218546
"D5",1,374,3555.67286535607,141.471797972705
"D5",1,375,4158.42108522267,98.1381911803716
"D5",1,376,4401.55546029755,189.851244091801
"D5",1,377,3130.94906417554,203.155110887928
"D5",1,378,3757.29055350585,223.046927839897
"D5",1,379,3844.28901290376,104.854744053578
"D5",1,380,2767.82118666221,170.440008478567
"D5",1,381,2729.92340257686,124.042103224121
"D5",1,382,2462.05508709021,239.060757669548
"D5",1,383,3687.03917154428,70.9048681702102
"D5",1,384,4023.5657749513,174.794590946418
"D5",1,385,4111.0438194922,134.854946511582
"D5",1,386,3119.83808113727,208.712951403788
"D5",1,387,3313.56646988763,174.029957448033
"D5",1,388,3517.35845740254,172.082241647133
"D5",1,389,2379.00423881481,137.904725148879
"D5",1,390,3333.87143146708,199.974687766731
"D5",1,391,2975.57874737222,173.778013824218
"D5",1,392,3126.15798601199,208.046164856943
"D5",1,393,1287.10073020483,188.480081039731
"D5",1,394,3302.4569649948,158.387533736066
"D5",1,395,2390.46432786736,136.768953931677
"D5",1,396,3203.69042398777,145.433015463128
"D5",1,397,3671.87181742969,242.85200038516
"D5",1,398,3926.432204572,166.901915619893
"D5",1,399,1969.72684050973,77.5392819713232
"D5",1,400,3344.88746143328,177.247993403588
"D5",1,401,2207.56087655674,204.062135288091
"D5",1,402,3275.67905499372,177.894300953525
"D5",1,403,3554.27231212651,162.718907959138
"D6",1,1,2963.10833734511,188.156792854209
"D6",1,2,2457.08783820747,165.065679089756
"D6",1,3,3313.71310392592,213.882672895865
"D6",1,4,3589.27991610124,129.996021302231
"D6",1,5,4025.79082769124,103.977211596004
"D6",1,6,4125.29910612283,230.027318971896
"D6",1,7,3617.77602236609,104.47694930346
"D6",1,8,4194.72666794474,186.802541730563
"D6",1,9,4247.61033891407,208.974116453951
"D6",1,10,3481.78548346291,137.184819746239
"D6",1,11,3855.11468331099,201.078202278214
"D6",1,12,3738.51028548525,169.589074421341
"D6",1,13,3437.17832878419,241.902404493011
"D6",1,14,2992.34723888115,89.0728956512329
"D6",1,15,3491.74501360764,124.759002594972
"D6",1,16,4165.11452182684,126.380069825296
"D6",1,17,4897.83348173825,130.553588489925
"D6",1,18,2994.92681481983,54.3472251732195
"D6",1,19,2813.02709427162,181.019238632009
"D6",1,20,3047.65976409424,183.211558265935
"D6",1,21,792.092882463348,235.165198666595
"D6",1,22,3047.32233391863,197.975109538515
"D6",1,23,2054.80590696457,94.8771467762178
"D6",1,24,4079.73117513633,75.404217073324
"D6",1,25,3164.31806822141,119.343800807615
"D6",1,26,3908.02757625018,78.2532506552993
"D6",1,27,2664.39445558812,156.71124453717
"D6",1,28,2524.09661273879,177.851578061597
"D6",1,29,3246.0636835271,236.298197971683
"D6",1,30,3340.20960739065,165.966896738294
"D6",1,31,2272.70902948727,166.484170524884
"D6",1,32,4051.11717837761,236.302418492391
"D6",1,33,3445.6795321096,160.722088145119
"D6",1,34,2225.10242643833,188.93239762204
"D6",1,35,3324.02512445137,175.247843434721
"D6",1,36,3214.19998380438,194.518225154994
"D6",1,37,1509.56696562015,227.257563607778
"D6",1,38,3541.20794766441,45.7786504700644
"D6",1,39,3010.53992678697,121.798245481445
"D6",1,40,3150.76145390517,182.335704338317
"D6",1,41,3562.28897407845,126.849271192104
"D6",1,42,2691.31919383864,202.52270842801
"D6",1,43,2580.14077553436,157.623255320876
"D6",1,44,3111.32973324723,98.178318380955
"D6",1,45,2457.74192567013,128.776726119141
"D6",1,46,4013.73496448642,229.956631767854
"D6",1,47,3369.3898561759,104.528806346235
"D6",1,48,3577.37888582816,86.6521078489981
"D6",1,49,3858.48156140638,156.14796123532
"D6",1,50,1833.78443577802,157.056162853517
"D6",1,51,3246.83841567299,83.3956164316448
"D6",1,52,3309.38530728184,113.829718804133
"D6",1,53,4013.83291177377,219.693112294709
"D6",1,54,2484.28687421095,107.526218232991
"D6",1,55,2934.79722872944,137.780414148226
"D6",1,56,1673.67897164359,220.032658467875
"D6",1,57,3312.53659710664,101.095256580396
"D6",1,58,3340.50299157037,53.8123709836549
"D6",1,59,2647.46135106689,113.291443078286
"D6",1,60,4239.66530775248,191.329232411481
"D6",1,61,5144.25638584046,125.922195287586
"D6",1,62,3405.15724534276,213.350471608722
"D6",1,63,3275.0893606049,265.94278202769
"D6",1,64,2415.34647928599,176.818918788939
"D6",1,65,4125.54584866669,81.2694779039837
"D6",1,66,3924.37142681131,206.903577509292
"D6",1,67,3062.33504847818,160.972943128744
"D6",1,68,3678.17413269818,221.578229465163
"D6",1,69,2855.03721639119,123.862621477657
"D6",1,70,3289.57171771165,84.0724165523567
"D6",1,71,2514.2567194872,203.478916770103
"D6",1,72,2546.63926216979,112.582515438773
"D6",1,73,2477.17938772786,66.9274830400722
"D6",1,74,4429.43494829758,129.089503575211
"D6",1,75,3272.68526125488,143.288414906251
"D6",1,76,3143.4234080115,134.194464388949
"D6",1,77,3488.05088257623,158.717748387035
"D6",1,78,4537.6296832544,65.4761098805752
"D6",1,79,3797.64213466336,137.757763724758
"D6",1,80,2956.61287724289,111.555548353878
"D6",1,81,3459.13115043107,96.3249532038997
"D6",1,82,3300.70503666483,134.16858432825
"D6",1,83,3239.9555645451,159.608120461679
"D6",1,84,3335.22732982522,127.667486111274
"D6",1,85,3617.13491827393,118.431762803943
"D6",1,86,3715.46078960171,144.829565517657
"D6",1,87,4194.47607778012,132.625570497884
"D6",1,88,1738.65044457651,117.222983702006
"D6",1,89,3120.50464202663,233.512310127648
"D6",1,90,3832.35931574336,97.8170239784805
"D6",1,91,2847.64090295345,67.073333928371
"D6",1,92,2768.58640298655,109.7915513884
"D6",1,93,3479.59693174697,108.463685589034
"D6",1,94,2040.57856709081,169.369363919856
"D6",1,95,3309.88944965002,165.412529343199
"D6",1,96,4076.86953447502,152.411576043229
"D6",1,97,3546.13701182349,156.824198458046
"D6",1,98,3431.19480174202,203.812589254228
"D6",1,99,3889.45983274576,104.942483551757
"D6",1,100,4057.6634492201,91.5323469433748
"D6",1,101,3357.45087395767,136.784448314454
"D6",1,102,2799.01392703559,45.6015549416528
"D6",1,103,4082.31119459549,188.987213110798
"D6",1,104,2628.41952054216,97.1654125072498
"D6",1,105,1794.06340026916,244.683608672228
"D6",1,106,2679.88669622099,157.232185358812
"D6",1,107,5081.98660290949,284.78370556128
"D6",1,108,1963.28174552433,108.929171566258
"D6",1,109,4588.50128448905,99.0853702647884
"D6",1,110,4444.32031453619,164.948029587602
"D6",1,111,2686.83331110711,167.709944702506
"D6",1,112,3262.50518545434,94.5627608202086
"D6",1,113,3712.63162995995,78.061418441022
"D6",1,114,3122.56455314693,208.532884260096
"D6",1,115,3598.17482304607,102.262221893517
"D6",1,116,2810.58937357963,181.226879907456
"D6",1,117,3906.08169345707,129.851551037786
"D6",1,118,4230.4426565328,139.36392716816
"D6",1,119,2474.00418822394,210.021818302994
"D6",1,120,4794.07130722835,194.750948402573
"D6",1,121,3462.55756418164,178.559446282423
"D6",1,122,5154.11840630448,115.377542639993
"D6",1,123,2926.4394533821,155.87565683183
"D6",1,124,3008.24574959858,279.874365555867
"D6",1,125,2654.39074757545,188.06080406435
"D6",1,126,4022.7132142951,117.33175879646
"D6",1,127,4029.0104964327,113.288491209438
"D6",1,128,4118.11666233491,158.326305448548
"D6",1,129,3753.63728406454,154.316963762067
"D6",1,130,2826.49831086487,107.719778806299
"D6",1,131,3188.10718835542,110.139936261259
"D6",1,132,4058.31317329832,180.362456538633
"D6",1,133,3028.1918586696,113.251891965182
"D6",1,134,2689.94112823819,109.86742470903
"D6",1,135,3021.24897538366,203.785538189271
"D6",1,136,3652.37636837934,171.525858041463
"D6",1,137,4144.19253915704,214.235590503314
"D6",1,138,2428.40115471806,132.638590402144
"D6",1,139,3666.08673965904,179.514071435697
"D6",1,140,3835.0775390761,166.434851497003
"D6",1,141,3094.63995621963,108.840464556708
"D6",1,142,3603.33735371758,108.762679170922
"D6",1,143,4137.05544467853,195.968637118895
"D6",1,144,3165.65332225641,168.058103969617
"D6",1,145,3074.73823531034,194.583980498933
"D6",1,146,3045.17978615677,177.640038420903
"D6",1,147,2878.94028589826,147.069518804556
"D6",1,148,2179.99047925237,59.9922205811133
"D6",1,149,3567.54463201737,135.211933744889
"D6",1,150,2726.21080596479,100.713669588259
"D6",1,151,3953.45103794251,117.026974680446
"D6",1,152,3792.38686010828,135.22258669036
"D6",1,153,4213.46460590838,186.612832654378
"D6",1,154,2538.88479512357,179.430012899325
"D6",1,155,3647.79970142682,178.940454125371
"D6",1,156,4264.76267255877,77.0552295530216
"D6",1,157,3542.6040071799,136.222974733553
"D6",1,158,4641.86591301087,193.454356918767
"D6",1,159,3760.13902435891,204.838244628438
"D6",1,160,3699.81785453817,120.132631177614
"D6",1,161,2731.56164779498,144.586015835466
"D6",1,162,1994.79647931586,141.97883692736
"D6",1,163,2935.36048792743,132.886084083751
"D6",1,164,2468.05749489581,109.712822583057
"D6",1,165,4169.61816976806,161.997859556185
"D6",1,166,2850.14322811021,199.879786452614
"D6",1,167,3860.11112917435,164.090547123394
"D6",1,168,3121.66816735243,135.089529368169
"D6",1,169,712.078763496147,269.968668611124
"D6",1,170,3663.21569713046,227.814343154691
"D6",1,171,2621.89381860738,195.733489108837
"D6",1,172,3153.70522013034,227.828928536245
"D6",1,173,1993.84539801734,182.881104467636
"D6",1,174,3283.13808138554,138.223446636076
"D6",1,175,2447.51791644463,119.787119005675
"D6",1,176,2664.56007692536,101.548869533592
"D6",1,177,1927.82085148657,196.370613488514
"D6",1,178,3061.18565555813,195.904763291934
"D6",1,179,2763.16503236651,218.511109827667
"D6",1,180,3759.99045768262,95.7032726646989
"D6",1,181,3837.24220667003,187.582190884483
"D6",1,182,3304.31298554044,112.802267600973
"D6",1,183,4136.60213943531,176.101945127141
"D6",1,184,4209.27036267572,160.062868300406
"D6",1,185,4024.89140687905,164.903752408217
"D6",1,186,3863.33140150145,177.741797036508
"D6",1,187,1587.8406263561,207.947914903234
"D6",1,188,2422.44613750927,125.247382284847
"D6",1,189,2704.66588396775,161.87637029734
"D6",1,190,3060.70723618426,192.648144521332
"D6",1,191,2188.56254504579,168.702753172694
"D6",1,192,3049.23436210786,150.325066953834
"D6",1,193,2301.790286138,98.8042495513829
"D6",1,194,3602.12904983558,259.950463846811
"D6",1,195,3252.42174638764,139.415085656143
"D6",1,196,2061.92443167845,146.274722046397
"D6",1,197,3125.97325218261,83.0664580684035
"D6",1,198,2996.51655656397,168.797416737438
"D6",1,199,3695.15811289481,169.329378956214
"D6",1,200,2186.33143485361,158.000716711039
"D6",1,201,3876.8789284887,150.738097849936
"D6",1,202,2583.75751053282,61.6654017854448
"D6",1,203,3717.11279891261,161.501640143246
"D6",1,204,2408.54939138861,221.298886934045
"D6",1,205,2789.46857389873,105.689937568558
"D6",1,206,4545.72270433658,133.190784861755
"D6",1,207,4335.43433278956,129.203133068192
"D6",1,208,3772.36482003889,137.348646895568
"D6",1,209,2718.45375129186,110.084812858103
"D6",1,210,2408.60525916743,108.203448156354
"D6",1,211,3151.26493520863,98.6555930456115
"D6",1,212,3228.75906790598,182.355269120077
"D6",1,213,2287.30135042504,126.751403624686
"D6",1,214,2980.16322688182,168.081911021222
"D6",1,215,1762.22130740996,152.885868835351
"D6",1,216,3580.84976877759,127.951305493536
"D6",1,217,2932.51763840889,105.600761619487
"D6",1,218,3515.60253663273,182.566248810733
"D6",1,219,2238.73873659761,175.837986808622
"D6",1,220,3365.35786840545,215.517651033422
"D6",1,221,3300.15739273261,231.24075029967
"D6",1,222,2999.15367189118,157.164475325531
"D6",1,223,3044.49902869252,102.720901094447
"D6",1,224,3675.2704062283,155.25594547841
"D6",1,225,3673.77073721916,97.9430607643748
"D6",1,226,2719.36642833033,151.749873918994
"D6",1,227,3546.1161769954,133.097406813608
"D6",1,228,3606.47094735488,165.166742924255
"D6",1,229,2128.84101781904,233.875584075343
"D6",1,230,2613.91587502399,83.0582275339295
"D6",1,231,4094.14528830766,77.6603839823274
"D6",1,232,2368.90042458203,90.9725025854964
"D6",1,233,2024.83845826395,130.043593131347
"D6",1,234,3226.63465899628,199.759691628587
"D6",1,235,4022.95652873906,190.759039321431
"D6",1,236,3817.03539202146,163.0047190143
"D6",1,237,3695.47698434719,168.377054079535
"D6",1,238,2530.46791503431,171.699657605289
"D6",1,239,2577.95401992125,201.565048678193
"D6",1,240,3111.04835643326,122.970391483434
"D6",1,241,2536.19888798618,159.143797801921
"D6",1,242,1489.17556800925,256.07495744746
"D6",1,243,2939.5994172044,187.09008822371
"D6",1,244,3978.67010162543,212.359195979007
"D6",1,245,3446.65220878423,223.804446937502
"D6",1,246,3224.14979537946,116.06774342505
"D6",1,247,3783.8607229267,124.572906205656
"D6",1,248,2913.68497022388,86.3184861293192
"D6",1,249,2912.15940344282,139.003710994359
"D6",1,250,3908.7040277943,251.881489213182
"D6",1,251,3052.27941948018,198.251977662546
"D6",1,252,2832.97236584076,131.251212143957
"D6",1,253,2714.95566513294,176.407468677475
"D6",1,254,3046.28651543337,157.807447522753
"D6",1,255,2120.92300305894,110.562081578403
"D6",1,256,3336.00320892017,138.856269942469
"D6",1,257,2474.49207199396,125.01014277191
"D6",1,258,4330.59161444232,90.3465913467031
"D6",1,259,2648.6377066398,132.819440997194
"D6",1,260,3950.60336420826,165.445951530492
"D6",1,261,3533.17827525699,169.685257539639
"D6",1,262,3736.80421564521,122.220716425969
"D6",1,263,3587.47410586365,141.938730735012
"D6",1,264,2446.96935840789,109.113199689864
"D6",1,265,2952.17017531863,208.943813566385
"D6",1,266,3673.92440862627,175.930641382927
"D6",1,267,3841.80624182227,153.295406817183
"D6",1,268,3669.34655837229,194.241486849447
"D6",1,269,2810.34231749786,231.064459905403
"D6",1,270,2660.38402060678,174.333817975148
"D6",1,271,3211.60515735101,239.508631162011
"D6",1,272,1631.96544345005,109.466326061386
"D6",1,273,3783.49070971993,76.7495734424424
"D6",1,274,3476.99595408136,242.566935773017
"D6",1,275,2146.71257662875,177.924567588661
"D6",1,276,2609.33876515016,59.860260564182
"D6",1,277,3176.86634638169,177.882061398357
"D6",1,278,3589.45908906214,166.500989470543
"D6",1,279,4235.06429566425,128.073691224957
"D6",1,280,2945.82951705389,55.1908878613289
"D6",1,281,3653.23869404571,87.6474245552646
"D6",1,282,4480.45580947275,235.181347450861
"D6",1,283,3610.48505036997,100.553778998661
"D6",1,284,3713.38187091482,271.972383822066
"D6",1,285,3542.41192083723,104.595264708788
"D6",1,286,2819.98656035232,213.747687443441
"D6",1,287,3344.69016783339,171.173510576774
"D6",1,288,1453.57235540263,134.397489042577
"D6",1,289,3083.18073244467,253.063950764201
"D6",1,290,3320.27855054106,101.49145002526
"D6",1,291,3974.16078503991,128.679903038851
"D6",1,292,3621.5365347396,97.0316257176058
"D6",1,293,4039.11073791796,71.7422748281064
"D6",1,294,2484.37960587469,299.197492194704
"D6",1,295,2753.45773007697,75.0754715616608
"D6",1,296,2959.58639684541,204.080885169818
"D6",1,297,2564.64967456823,170.695455156525
"D6",1,298,2771.74990815064,138.345085668097
"D6",1,299,3366.11622649666,89.7615035152639
"D6",1,300,2864.10445081284,245.703573318619
"D6",1,301,3361.70531497238,143.552605162202
"D6",1,302,3582.15260789306,233.959554607083
"D6",1,303,3210.78213986498,104.262923698864
"D6",1,304,2844.41382335326,161.661394549631
"D6",1,305,3492.85028450944,204.328354649023
"D6",1,306,3271.68842333398,142.673249397997
"D6",1,307,3372.00593095004,100.780732968252
"D6",1,308,3847.32005634973,104.097710974818
"D6",1,309,4247.43605285812,151.428111185657
"D6",1,310,2831.71777573735,149.958103927566
"D6",1,311,3210.83589191434,119.017398610454
"D6",1,312,3067.80495282538,256.539691231326
"D6",1,313,4020.198454483,227.889953651056
"D6",1,314,2394.45167435955,100.938571043048
"D6",1,315,1976.97256256841,162.287052703085
"D6",1,316,4818.69592517318,108.987265548785
"D6",1,317,2106.96657068992,157.802635870679
"D6",1,318,1979.52261711622,100.24744259485
"D6",1,319,2899.86793409454,224.26630762196
"D6",1,320,2332.04883557158,195.410952462599
"D6",1,321,3916.76627070057,108.000040928394
"D6",1,322,2106.72078549119,175.011277348812
"D6",1,323,2792.67822315467,136.491812316985
"D6",1,324,2661.38679338202,87.7396952181316
"D6",1,325,1583.40369082007,81.4297021021494
"D6",1,326,3207.58940355201,188.848143815299
"D6",1,327,2704.4401489787,181.350004770837
"D6",1,328,3571.49471648189,120.960354569126
"D6",1,329,2961.59381246015,132.824029741101
"D6",1,330,3569.05510820202,181.26230473028
"D6",1,331,4119.85293377919,240.063496843285
"D6",1,332,3252.729316018,74.7891600452212
"D6",1,333,2889.27710090626,141.954179329236
"D6",1,334,3421.96719096889,185.695440162491
"D6",1,335,2039.17856692637,188.640168279922
"D6",1,336,4657.21153310196,116.983529582273
"D6",1,337,1777.39684833018,95.118048083639
"D6",1,338,3013.19978537222,211.358689286549
"D6",1,339,2884.15054121649,229.731406351481
"D6",1,340,2905.29177880407,165.729520467353
"D6",1,341,2989.2039366819,127.388656821698
"D6",1,342,2270.28547940042,165.241065143112
"D6",1,343,2386.8478187341,94.1188473620167
"D6",1,344,2630.11118636216,142.376861833596
"D6",1,345,3083.75891920464,210.746141344638
"D6",1,346,2781.09486841755,173.080725366497
"D6",1,347,3365.99014606946,209.728181018155
"D6",1,348,3186.62912976966,234.142706458248
"D6",1,349,3916.23465660436,125.990744436171
"D6",1,350,4296.16313221094,216.950142118602
"D6",1,351,3644.68425478197,130.879827899608
"D6",1,352,2477.8282194205,132.134075394211
"D6",1,353,3333.35343166856,150.744502844106
"D6",1,354,3364.93601558457,150.929432826281
"D6",1,355,2892.13206278387,182.11454895483
"D6",1,356,2817.82390858019,174.765453764925
"D6",1,357,3348.67392918805,125.491921530823
"D6",1,358,4026.72563198763,206.076217259705
"D6",1,359,3197.25356671818,180.698548261147
"D6",1,360,2170.22595926371,183.803132899047
"D6",1,361,2832.36640715959,220.057396265786
"D6",1,362,3296.31873666469,252.049530400597
"D6",1,363,2979.92283943379,137.022561226243
"D6",1,364,3454.9880660091,107.252652320097
"D6",1,365,3357.77700821031,208.589718281858
"D6",1,366,3093.67136394211,142.301581752263
"D6",1,367,2790.09723948463,187.664790918344
"D6",1,368,2390.9548654299,236.088630125901
"D6",1,369,4571.34858628918,233.036405825182
"D6",1,370,4521.06907323396,194.819843358576
"D6",1,371,2886.31848300026,238.102946556919
"D6",1,372,3000.76336113055,155.730108802714
"D6",1,373,2903.59085620106,168.5360921968
"D6",1,374,2308.00098755759,171.422662423923
"D6",1,375,2746.04919225027,110.727841150244
"D6",1,376,4205.57394363536,143.44025106223
"D6",1,377,2959.20523217916,149.894021550262
"D6",1,378,2192.80613397338,129.138912737703
"D7",1,1,3402.76975562549,132.374216035161
"D7",1,2,2659.54775080241,130.876871542754
"D7",1,3,3863.11078342212,194.725978557881
"D7",1,4,2680.01099034263,157.994742038648
"D7",1,5,2534.2699616978,236.518742433234
"D7",1,6,2631.78181196372,183.107358107568
"D7",1,7,3246.56814766493,134.284839185543
"D7",1,8,1465.33095450749,137.434693341494
"D7",1,9,3854.16957226364,73.5366941141426
"D7",1,10,3105.70952479814,113.858386942391
"D7",1,11,3262.24403321323,185.210070414979
"D7",1,12,3242.91830972593,167.233464758465
"D7",1,13,3697.44145252285,247.720658545363
"D7",1,14,3051.46388509386,162.206663608649
"D7",1,15,4380.44279275086,174.594960638503
"D7",1,16,3276.73532719492,154.203082367308
"D7",1,17,2583.37729458257,141.716384752362
"D7",1,18,3159.74641291695,177.759987406394
"D7",1,19,3366.65612224909,85.0274533959928
"D7",1,20,2004.07336759406,171.827953371453
"D7",1,21,2243.70036720041,202.387704197353
"D7",1,22,2485.22415863964,158.445631687207
"D7",1,23,2500.98799406069,191.05770318751
"D7",1,24,3899.2176490372,121.462669657874
"D7",1,25,2652.94354663847,160.796716006997
"D7",1,26,4038.13946067494,193.268036639443
"D7",1,27,3518.77100042116,219.063173803471
"D7",1,28,2413.64770672483,157.771101668608
"D7",1,29,2792.30601978731,138.960913329975
"D7",1,30,2418.10163913211,150.631025760996
"D7",1,31,3575.23017779809,185.248499041989
"D7",1,32,3581.37507784346,154.835323882714
"D7",1,33,3484.4520067839,223.955394287211
"D7",1,34,2545.89595803841,107.218260456989
"D7",1,35,2055.84562224001,176.889287829377
"D7",1,36,3450.25809974607,158.684019566532
"D7",1,37,3347.3527034153,81.9933773168562
"D7",1,38,2180.29941962237,158.363195340939
"D7",1,39,3136.43799088547,158.551799295239
"D7",1,40,3154.55850561989,161.697306561127
"D7",1,41,3104.03740000084,85.5013132856043
"D7",1,42,3498.30259266344,178.641788655513
"D7",1,43,2854.55032552981,185.016494608713
"D7",1,44,3572.1316484747,186.357573294022
"D7",1,45,4254.71335961855,62.4648910382504
"D7",1,46,3757.03103022431,176.507415220588
"D7",1,47,2695.95448843591,187.832164845191
"D7",1,48,3704.86353877361,242.000993124147
"D7",1,49,3263.33810842634,54.9277415037563
"D7",1,50,3537.08928228111,131.504295701505
"D7",1,51,3040.5770473746,93.2014855455514
"D7",1,52,4130.81646223516,137.915521142339
"D7",1,53,3774.90394319671,115.322490906758
"D7",1,54,3324.26918344169,221.321293567707
"D7",1,55,3792.85038033972,195.023189553394
"D7",1,56,2600.49844834424,206.017140071034
"D7",1,57,3478.43532841181,136.492619004895
"D7",1,58,3438.30777174534,95.2686571821095
"D7",1,59,3989.33119779862,111.281373746513
"D7",1,60,3906.05165878902,153.383834750269
"D7",1,61,4346.06035627866,238.125500247079
"D7",1,62,3292.38004662038,92.8459563018514
"D7",1,63,3506.15593464616,167.759228126497
"D7",1,64,3166.93333893733,243.868494078081
"D7",1,65,4206.21867829792,137.405052593152
"D7",1,66,2376.06592104719,108.219765269733
"D7",1,67,2526.59961992449,190.36741957351
"D7",1,68,1619.22286433289,298.209057433601
"D7",1,69,3705.53362154012,108.628681542576
"D7",1,70,2961.42313529979,159.154229474013
"D7",1,71,2091.81153070859,228.731550344907
"D7",1,72,2986.81290317733,93.9864108274912
"D7",1,73,1484.97373344112,219.538413637592
"D7",1,74,2432.9635564593,253.451824097074
"D7",1,75,3573.9834768777,221.37259381368
"D7",1,76,3937.2572070406,138.693369210026
"D7",1,77,2994.41817673836,178.172176869702
"D7",1,78,2936.30416392861,97.3972107261947
"D7",1,79,2378.75541213995,123.351051571775
"D7",1,80,3160.93411432225,173.510048837039
"D7",1,81,4252.26321832594,243.278318379503
"D7",1,82,3145.61794176759,141.544612858089
"D7",1,83,2970.24914134039,162.691975098279
"D7",1,84,3505.15959687743,167.211650223859
"D7",1,85,2111.79335042529,224.63424120257
"D7",1,86,2083.39044930085,149.863923887117
"D7",1,87,3154.25171119749,90.0588734538126
"D7",1,88,2642.30879873115,183.916714328562
"D7",1,89,3948.65393650853,213.622395515058
"D7",1,90,3559.5382402586,244.633962855576
"D7",1,91,2787.4545739911,199.290145363772
"D7",1,92,2838.0194237951,178.213473478697
"D7",1,93,4118.42457173506,137.608730982613
"D7",1,94,3544.07828418156,153.712480567358
"D7",1,95,1983.17417971197,159.089543903134
"D7",1,96,4479.80671034049,176.992671810781
"D7",1,97,2784.68136621447,220.399222701846
"D7",1,98,3354.7148227285,245.146855942118
"D7",1,99,3395.43032550613,176.909157277068
"D7",1,100,3685.25262187596,176.411556649389
"D7",1,101,2341.30431082901,75.8135612323672
"D7",1,102,3624.71909637012,221.92776588543
"D7",1,103,2085.21205326746,235.288487728839
"D7",1,104,3696.9788579769,156.671578810791
"D7",1,105,2987.52299202316,123.398683327331
"D7",1,106,2166.25167469684,237.0118321054
"D7",1,107,2251.53555321124,184.746036664381
"D7",1,108,3823.50140053597,194.764833851362
"D7",1,109,3579.33083627931,204.729499346688
"D7",1,110,3338.63838802147,284.640392336081
"D7",1,111,3005.30498313768,148.976211838644
"D7",1,112,3775.00367497401,165.278258402267
"D7",1,113,2741.83499926853,144.774281739564
"D7",1,114,3133.06402838833,214.201413159997
"D7",1,115,2257.30054390823,146.806585637349
"D7",1,116,2823.21520604951,138.638786573599
"D7",1,117,3063.93121151517,15
"D7",1,118,2197.65087296934,146.815604379176
"D7",1,119,2842.08751445672,224.23377886284
"D7",1,120,3658.27896976736,144.613697611187
"D7",1,121,2062.85735239898,181.037790058212
"D7",1,122,3504.50870095689,265.097069789316
"D7",1,123,3218.83903919128,297.09152800481
"D7",1,124,3290.40054816387,82.7323208450314
"D7",1,125,4013.86689375525,181.489374206398
"D7",1,126,2302.69084418797,108.455196526194
"D7",1,127,3575.42682123983,169.555878953412
"D7",1,128,2912.49650340355,102.954350708041
"D7",1,129,2830.60937954147,195.75634049506
"D7",1,130,3475.16115287026,124.877442789465
"D7",1,131,1894.92961549373,136.696890637886
"D7",1,132,1966.06861456315,89.494782238856
"D7",1,133,3770.56417811904,205.721105705691
"D7",1,134,3234.21312888448,230.242023166086
"D7",1,135,2661.39420763956,113.736003094569
"D7",1,136,3484.81726035412,171.203688851814
"D7",1,137,3745.734869452,130.581312368904
"D7",1,138,4508.94666966742,128.450282705629
"D7",1,139,3328.33183299383,121.073541459796
"D7",1,140,3356.50118275859,198.695659949492
"D7",1,141,2834.94672879262,133.905238468542
"D7",1,142,2006.96819352125,224.502347587228
"D7",1,143,3495.29952823069,174.12817717687
"D7",1,144,4191.35252611138,134.000523517955
"D7",1,145,1890.43819573779,116.260645753173
"D7",1,146,3627.31805927345,139.246460079512
"D7",1,147,2410.32217005546,119.119670296704
"D7",1,148,2746.01840111275,143.337074346267
"D7",1,149,3026.63222560478,156.841402938954
"D7",1,150,2620.63073794485,111.963336756169
"D7",1,151,3081.31599549101,163.412499268057
"D7",1,152,3425.30142170461,154.98282896286
"D7",1,153,3707.31638067136,87.4710930612205
"D7",1,154,3522.45050185928,172.38977643314
"D7",1,155,2961.19309877381,242.234801175451
"D7",1,156,1904.39483634911,147.533301555684
"D7",1,157,3495.24623670075,190.340085756065
"D7",1,158,1880.11796949949,165.07506492676
"D7",1,159,2161.82710266724,197.341409220339
"D7",1,160,4013.28876391057,184.529044728417
"D7",1,161,2834.88244957198,140.51242302781
"D7",1,162,3003.22381829851,145.990198302199
"D7",1,163,3605.85768330932,98.0072828608861
"D7",1,164,2505.12030760387,290.920569067927
"D7",1,165,3787.48290371637,137.407912979556
"D7",1,166,2919.69032642222,108.818153308516
"D7",1,167,2734.4396211583,189.866030924833
"D7",1,168,3257.00647601555,177.617443110433
"D7",1,169,2144.21135028421,175.77508610389
"D7",1,170,3905.3654770105,223.737708606299
"D7",1,171,2367.41911101424,143.473169370973
"D7",1,172,3679.32002070675,120.468570170045
"D7",1,173,3928.62659417249,122.618382255055
"D7",1,174,3033.15877322844,127.717134794663
"D7",1,175,3341.94406183778,207.193697280538
"D7",1,176,2599.50481164459,88.3130394226918
"D7",1,177,3524.0305934787,58.2620814218284
"D7",1,178,3147.71505140624,123.042808356384
"D7",1,179,2352.61685885534,206.62772321335
"D7",1,180,3943.20510391834,183.874566740473
"D7",1,181,3120.03293709818,124.029402777895
"D7",1,182,3124.87679613366,159.23648440447
"D7",1,183,1863.03928191598,122.720450361595
"D7",1,184,2443.51298773193,245.243106456295
"D7",1,185,3443.12824723642,163.072210701682
"D7",1,186,1624.74976596094,204.019439975169
"D7",1,187,4106.14355434151,208.365306622327
"D7",1,188,3562.18232397456,105.424340775494
"D7",1,189,4697.70242133202,200.372427849313
"D7",1,190,3207.693762927,262.012317622754
"D7",1,191,4618.68493774736,178.10727927498
"D7",1,192,2990.2859666528,190.73210546817
"D7",1,193,3128.68678201152,132.193094493418
"D7",1,194,2317.80795230985,100.732570100418
"D7",1,195,3763.88779085058,216.370294022142
"D7",1,196,3496.29041800453,242.722855056174
"D7",1,197,3328.50229401028,274.449621320251
"D7",1,198,2119.32541567572,152.340729370113
"D7",1,199,4174.82499092279,109.975908509838
"D7",1,200,2190.16130048706,166.155521363059
"D7",1,201,4104.654924307,112.141154384971
"D7",1,202,3842.52441426169,212.486514117439
"D7",1,203,3972.55449808822,177.384755423022
"D7",1,204,2268.27411196335,135.993032115181
"D7",1,205,3000.73926465531,115.414923888036
"D7",1,206,3221.99934466401,177.004952923284
"D7",1,207,2510.87023290923,197.249704988543
"D7",1,208,3677.79513367177,148.986957082743
"D7",1,209,3168.41022195676,97.5133893657939
"D7",1,210,2886.10010579644,187.910795770561
"D7",1,211,2612.88922414642,122.404104292394
"D7",1,212,2585.41228134576,148.3427408256
"D7",1,213,3783.11217960754,137.433791827761
"D7",1,214,3056.23297940047,202.503850829191
"D7",1,215,2854.99927045177,212.066939806226
"D7",1,216,3393.20840771471,193.185232543655
"D7",1,217,4572.08946589961,166.732406873194
"D7",1,218,3401.60139283701,99.0825954169104
"D7",1,219,3150.52692168443,123.81689236414
"D7",1,220,3130.36700209074,180.308639731953
"D7",1,221,3977.22235141582,242.086416405904
"D7",1,222,3049.22828652941,135.199465329921
"D7",1,223,3302.43794522151,249.953532298057
"D7",1,224,4456.86001972317,217.442686560789
"D7",1,225,3664.94481244592,166.749377368747
"D7",1,226,3031.60638996319,261.415430169289
"D7",1,227,3020.03674110843,130.790578405406
"D7",1,228,3984.98522063089,65.9810402480322
"D7",1,229,3314.72590136792,143.406356829907
"D7",1,230,3283.98579330295,35.9731178232289
"D7",1,231,4317.38721453541,269.148758897748
"D7",1,232,3158.41805128243,165.575886294763
"D7",1,233,3455.06703930048,96.8690988982932
"D7",1,234,2293.74267667005,154.52991678169
"D7",1,235,4179.32940545707,169.574680065084
"D7",1,236,2523.55035609646,223.301871768359
"D7",1,237,2763.46846632372,114.99180583018
"D7",1,238,2372.0431225657,178.851583856831
"D7",1,239,3058.06437699495,106.248673667544
"D7",1,240,3789.46659508105,125.145888884874
"D7",1,241,2776.68712242098,221.524638901881
"D7",1,242,4603.86325198752,180.641993103127
"D7",1,243,4400.5913214612,71.6191133122221
"D7",1,244,2227.63775190931,123.53281936126
"D7",1,245,3041.57198805277,190.332302950278
"D7",1,246,2946.42218767787,190.647279750805
"D7",1,247,2346.97699040849,103.896643639819
"D7",1,248,2525.38832462526,225.210584313753
"D7",1,249,3436.28722384156,125.333569553141
"D7",1,250,2918.65347638774,196.41763659225
"D7",1,251,3756.61122078697,179.659530693339
"D7",1,252,4044.66305694014,97.8718687148284
"D7",1,253,3209.94912257581,215.63825158727
"D7",1,254,3080.86022956488,162.019355170514
"D7",1,255,3074.68906450116,96.9736137963953
"D7",1,256,3139.5712241368,189.787354651783
"D7",1,257,3060.38121585601,104.087009721603
"D7",1,258,2294.45957612727,161.286379789647
"D7",1,259,2852.70723329723,245.144252731863
"D7",1,260,1622.46581701465,209.583674576471
"D7",1,261,4243.15154982707,169.897203300866
"D7",1,262,2442.91098123416,84.5705990783463
"D7",1,263,3692.3642355392,141.268730847875
"D7",1,264,1988.34579373572,67.5669917496497
"D7",1,265,4079.97205416585,98.0021155450842
"D7",1,266,3191.17414337436,179.582886953827
"D7",1,267,3952.7986765441,105.436284254234
"D7",1,268,2926.35457816716,226.994640540259
"D7",1,269,3776.91009957957,131.742254252541
"D7",1,270,4538.56867642879,40.7111828305775
"D7",1,271,3086.23752332299,105.913976050893
"D7",1,272,2562.25914908808,77.0187981488151
"D7",1,273,3991.94519434818,129.777013406297
"D7",1,274,3748.0474167318,225.067398450846
"D7",1,275,4150.63847907625,171.681261189029
"D7",1,276,3073.73319496295,137.903988255769
"D7",1,277,1663.07448373212,183.509055992297
"D7",1,278,4136.79017990444,202.406229165438
"D7",1,279,3687.7294896021,160.953788917586
"D7",1,280,4292.22857534894,118.330003706555
"D7",1,281,3018.56995714361,166.91508478609
"D7",1,282,3197.011301069,137.375596555131
"D7",1,283,3597.80297489261,58.2445102362799
"D7",1,284,2179.01332733128,208.850479052516
"D7",1,285,3738.96742958402,164.985556945252
"D7",1,286,4079.95525669083,162.416580900341
"D7",1,287,2582.26012151722,98.4524712342948
"D7",1,288,2980.28269526556,119.14400245009
"D7",1,289,2378.15488051703,216.401142599373
"D7",1,290,1702.30293317698,67.7417614279726
"D7",1,291,2879.03768438244,238.885150643653
"D7",1,292,2003.84139858652,180.983187435735
"D7",1,293,4327.75566819772,123.169110648774
"D7",1,294,3275.4259549571,162.4353815145
"D7",1,295,4379.45140546249,187.177932419011
"D7",1,296,3998.91082025533,192.599888151906
"D7",1,297,3857.88597611554,160.654851387926
"D7",1,298,2655.54634881211,240.516001146546
"D7",1,299,2624.39727259971,177.008297632355
"D7",1,300,2604.76886211904,90.0215227415792
"D7",1,301,3252.94243413972,274.382635283928
"D7",1,302,3171.64672015876,213.090830038079
"D7",1,303,3852.64992788847,176.60590359921
"D7",1,304,3792.84745395507,162.773502478704
"D7",1,305,2087.17760231357,163.763740715785
"D7",1,306,2877.40741603697,207.996903668899
"D7",1,307,2785.21748990461,88.2771401879426
"D7",1,308,3022.34071951895,176.050879529128
"D7",1,309,3347.43079978645,106.74336052103
"D7",1,310,3918.94403803679,184.792948788982
"D7",1,311,2448.76625532591,135.880875809801
"D7",1,312,4497.40318327157,185.520789898148
"D7",1,313,3591.9515844598,127.852699516339
"D7",1,314,2751.42301113359,200.567962640717
"D7",1,315,3856.93946133738,172.472558277037
"D7",1,316,3389.51970420214,196.329752940273
"D7",1,317,3767.98130003522,185.296800326876
"D7",1,318,4230.81552086445,194.134545120821
"D7",1,319,2535.93219883003,254.450985185248
"D7",1,320,2607.97917204084,95.935680621164
"D7",1,321,4078.49149556089,25.1116697857873
"D7",1,322,2075.59936594828,135.648424096774
"D7",1,323,2156.85239917735,185.001681162338
"D7",1,324,2019.18223345433,126.912378898851
"D7",1,325,2812.50556345185,149.624217543263
"D7",1,326,2873.14099728186,144.940520463766
"D7",1,327,2835.74000715085,189.709177766265
"D7",1,328,2056.96805202149,157.062857929653
"D7",1,329,3862.15914377451,129.45222454327
"D7",1,330,3037.27878769483,112.033729600021
"D7",1,331,2858.97333536486,157.284732640093
"D7",1,332,3460.84028262551,192.708639657458
"D7",1,333,3167.40891171688,264.843285344477
"D7",1,334,2938.15430751928,140.916046966811
"D7",1,335,2064.80923657321,167.312569897079
"D7",1,336,3104.63603105755,137.783169926917
"D7",1,337,3864.57892842981,250.180368447837
"D7",1,338,3543.77241659471,214.693280395657
"D7",1,339,3130.60039980729,198.931078089787
"D7",1,340,4329.31924097665,132.942511520857
"D7",1,341,4050.70503013808,170.882930353164
"D7",1,342,3067.06865756327,140.115864591309
"D7",1,343,3286.41863384118,178.144586406086
"D7",1,344,1867.52019355496,160.005073321187
"D7",1,345,2756.94830620715,103.260828254886
"D7",1,346,2625.29310733049,136.770549681972
"D7",1,347,3487.48096296926,140.855219655819
"D7",1,348,2962.44953149646,110.991485456595
"D7",1,349,1719.55711281317,199.775508378412
"D7",1,350,2447.34323661645,119.245916471667
"D7",1,351,1548.54974963858,209.059507641545
"D7",1,352,3143.54012587015,186.229737182727
"D7",1,353,2405.18072614944,147.611006476281
"D7",1,354,3616.23349606949,78.552586472149
"D7",1,355,2299.76374623482,268.999246278354
"D7",1,356,4165.65497285374,261.260291272898
"D7",1,357,2520.84026590637,182.140531519891
"D7",1,358,4651.04235455176,223.02175123396
"D7",1,359,3428.22783445916,132.621606200641
"D7",1,360,3182.74072629361,216.189154408586
"D7",1,361,3021.62091159737,163.255068715223
"D7",1,362,2610.44810647364,198.102202922061
"D7",1,363,2344.27252708123,196.653407644265
"D7",1,364,4346.94587426471,155.188695214247
"D7",1,365,3636.36608596549,121.670649245833
"D7",1,366,3145.75182748261,147.552531525394
"D7",1,367,3626.45031663273,98.2843606194994
"D7",1,368,3169.06881610876,224.392440153629
"D7",1,369,3378.5170097347,160.460640642572
"D7",1,370,1759.67082876944,65.1675389426992
"D7",1,371,2711.43545903498,188.330969252303
"D7",1,372,4463.945903431,176.781282178944
"D7",1,373,3187.48576865722,164.26505167716
"D7",1,374,4519.21505322519,206.067859193602
"D8",1,1,3493.28933533107,104.413447016814
"D8",1,2,4725.0975227865,100.179166612344
"D8",1,3,2060.69425056636,180.395572486864
"D8",1,4,3518.0954799657,108.33573589465
"D8",1,5,4350.23264733788,285.162531796349
"D8",1,6,3721.12476732026,172.497793907613
"D8",1,7,4554.26002304453,134.073813695524
"D8",1,8,2734.87254504829,104.018264847214
"D8",1,9,2120.32518074775,122.799262551069
"D8",1,10,2302.45230569107,94.6856354951504
"D8",1,11,3823.62404383205,203.007434299925
"D8",1,12,3071.54838293323,122.386534079265
"D8",1,13,2575.01771210054,182.896370254361
"D8",1,14,2343.70992093606,176.809077451645
"D8",1,15,2817.52242184595,88.2228597009089
"D8",1,16,2444.4776157627,59.1326111505589
"D8",1,17,2676.42037272517,235.590201687144
"D8",1,18,4473.61654738106,172.396492708353
"D8",1,19,3541.29388794495,148.888579655006
"D8",1,20,3272.12191870332,148.75950734077
"D8",1,21,4270.05446463841,193.472232549947
"D8",1,22,2784.8365529271,174.342420040466
"D8",1,23,3322.67200607857,146.117009673336
"D8",1,24,3491.15832552319,192.421079930424
"D8",1,25,4723.26966951892,153.82322828581
"D8",1,26,3202.45839376241,89.1843689597355
"D8",1,27,2345.46288469613,208.608059363167
"D8",1,28,2556.01423254349,148.826113736068
"D8",1,29,3693.34113316994,167.359847340567
"D8",1,30,3778.67184997858,148.709766278365
"D8",1,31,3771.16886987321,189.166361077753
"D8",1,32,3779.58913252858,208.516889671474
"D8",1,33,2916.73818453327,162.361828115921
"D8",1,34,2406.32622562311,139.363288903245
"D8",1,35,2694.87055666691,139.223553426275
"D8",1,36,2952.02210170327,186.577734757687
"D8",1,37,3020.06709834739,160.669799057652
"D8",1,38,4571.67698739268,135.694142296291
"D8",1,39,2891.12014873032,113.307822291732
"D8",1,40,3344.99555374318,177.035076458544
"D8",1,41,3053.33108851239,184.00726972151
"D8",1,42,4137.51496326557,177.482384027021
"D8",1,43,2641.3241799614,136.348868213823
"D8",1,44,4071.7039143886,215.199723069959
"D8",1,45,2606.94486820272,178.316198227968
"D8",1,46,2452.38433779865,158.864375380647
"D8",1,47,3358.54752810301,170.87687495363
"D8",1,48,3083.56606794378,137.788654382339
"D8",1,49,1888.2073244414,244.951466983655
"D8",1,50,4158.83938164775,138.162413202156
"D8",1,51,4884.74894445105,104.724935318246
"D8",1,52,2797.85375378246,123.629471110763
"D8",1,53,3614.11419178883,110.886454641855
"D8",1,54,3408.57257497011,107.657651675955
"D8",1,55,2664.60352406732,139.390759341082
"D8",1,56,2313.96502973319,142.273670182315
"D8",1,57,3004.75879763076,153.341062770746
"D8",1,58,2904.81916517395,111.872096746874
"D8",1,59,2497.08663205227,134.976938029108
"D8",1,60,1968.43852850382,175.989216026057
"D8",1,61,2703.43796409902,263.946434711369
"D8",1,62,2995.92409627724,174.091895076901
"D8",1,63,3610.66165804385,146.684235729601
"D8",1,64,2701.78014336125,172.122545157596
"D8",1,65,2201.84796954028,149.385445163109
"D8",1,66,2196.4964848942,192.893952283716
"D8",1,67,3504.73926201425,167.085518200083
"D8",1,68,1723.48985518076,209.573102932814
"D8",1,69,2931.62330091439,126.007593031917
"D8",1,70,3529.62221971014,63.9523046316365
"D8",1,71,3102.02885330536,125.235987290646
"D8",1,72,3872.13798389185,216.174909212105
"D8",1,73,3866.11787673874,229.253469310242
"D8",1,74,3751.21997988463,66.2755668583022
"D8",1,75,3510.47149533127,254.816045818792
"D8",1,76,3737.49148119269,103.537299783792
"D8",1,77,2993.57209847931,141.576644393424
"D8",1,78,4063.50663637346,176.511286064505
"D8",1,79,2068.05394554739,97.5978676666634
"D8",1,80,3140.50534973796,176.347430301912
"D8",1,81,2929.71142167361,222.951350153342
"D8",1,82,3971.62155212489,137.614749084242
"D8",1,83,2885.70536724384,152.662900154186
"D8",1,84,3408.15571950478,143.139789734602
"D8",1,85,3566.32656381593,165.949040612799
"D8",1,86,1947.88688117457,173.951434462185
"D8",1,87,2420.89873036711,208.04203139605
"D8",1,88,2315.55525884326,176.440594986014
"D8",1,89,4828.08532503705,147.902835036036
"D8",1,90,2865.7308789492,153.855273340095
"D8",1,91,3755.84692264399,155.001759785984
"D8",1,92,2993.51023345675,203.681719411648
"D8",1,93,2217.18674131284,120.30445535663
"D8",1,94,3342.84146585325,160.241234317446
"D8",1,95,4951.6334484292,216.357114841428
"D8",1,96,1672.19437775506,129.151565333757
"D8",1,97,2690.4622246642,151.222204932556
"D8",1,98,3931.20515719622,173.85684526753
"D8",1,99,4437.2302825855,194.670341001557
"D8",1,100,2817.46670303157,199.49011417574
"D8",1,101,2648.79490855146,123.851251646045
"D8",1,102,2675.50449675934,113.243665345378
"D8",1,103,4131.7323356791,164.948189175867
"D8",1,104,3844.31262841022,81.0883332581015
"D8",1,105,4721.83342515175,124.279184875275
"D8",1,106,2298.79141010243,47.1805887340352
"D8",1,107,3389.07250997056,214.778970434712
"D8",1,108,3526.29031920467,162.890264701599
"D8",1,109,3126.36144804035,159.41806865868
"D8",1,110,2437.72760710436,171.872430594069
"D8",1,111,4772.25511782642,224.028041785952
"D8",1,112,3579.09144645567,121.891219152417
"D8",1,113,3371.26635928209,162.258315516558
"D8",1,114,3967.37980570825,145.863601709982
"D8",1,115,3587.71026353977,259.728200651587
"D8",1,116,3985.96071553141,169.470589810573
"D8",1,117,5623.96731190704,134.96880928282
"D8",1,118,3191.1965923128,202.071861148244
"D8",1,119,3236.55671798615,234.869533834021
"D8",1,120,2676.84227580161,226.807265745972
"D8",1,121,3231.16840861381,123.063526782754
"D8",1,122,3234.6723753122,120.967509874486
"D8",1,123,3645.94317723027,83.8846698007364
"D8",1,124,3205.48918435889,200.836597122017
"D8",1,125,3838.30595149569,15
"D8",1,126,3127.97197901615,100.47712115506
"D8",1,127,2463.30574970576,240.921835871719
"D8",1,128,3347.78350526418,178.514056461753
"D8",1,129,3080.83854711306,83.0775307705853
"D8",1,130,3090.65861434305,56.6303145133601
"D8",1,131,3490.86408166894,111.722368334498
"D8",1,132,2484.86926313027,39.1951216589167
"D8",1,133,2588.59996586017,222.306740318675
"D8",1,134,3398.36600348897,300.156805201278
"D8",1,135,4109.33808106972,133.217267536439
"D8",1,136,2866.15666692545,226.832803369628
"D8",1,137,2238.14970191254,156.767217988058
"D8",1,138,2945.40158556245,154.065629575859
"D8",1,139,3262.29032155312,161.894525318753
"D8",1,140,4097.47596269139,167.331387467438
"D8",1,141,2549.71149416158,222.942683374131
"D8",1,142,3371.89022568155,118.977856330509
"D8",1,143,3444.59383961481,143.95788651138
"D8",1,144,3846.3257588412,181.297608673058
"D8",1,145,3774.20738831198,257.042904031873
"D8",1,146,3270.84234689622,258.028026836846
"D8",1,147,3196.08461114848,119.194860776295
"D8",1,148,1551.6585396368,113.748150214536
"D8",1,149,3880.70471178628,79.4142868765986
"D8",1,150,3046.91940770021,175.876505218147
"D8",1,151,4119.34012671325,128.665624465037
"D8",1,152,3461.80910625816,115.203054369646
"D8",1,153,2894.31993776994,196.521844191401
"D8",1,154,3234.8041657105,158.002525129143
"D8",1,155,4243.80603086282,103.500446848918
"D8",1,156,2448.86134431318,82.2486305336062
"D8",1,157,4375.13147671332,161.880801512289
"D8",1,158,2640.98230271074,41.549772069375
"D8",1,159,3509.74715531326,179.931407773586
"D8",1,160,2782.19212106027,62.8014579001188
"D8",1,161,3750.44702510708,232.581207000067
"D8",1,162,2539.18203360494,171.693213607249
"D8",1,163,2896.99205121749,179.011464919492
"D8",1,164,3594.92044573129,195.931391316833
"D8",1,165,3158.82018751189,177.288383951504
"D8",1,166,2929.22992937096,43.9686608984566
"D8",1,167,2837.65591807961,174.549447383327
"D8",1,168,3138.72794589707,210.184764766283
"D8",1,169,4048.95472615018,124.777320470743
"D8",1,170,3869.27361051397,100.537511145862
"D8",1,171,2781.00975530059,39.3909460592266
"D8",1,172,4030.53867401858,93.7455794727575
"D8",1,173,2471.82760045654,163.619291194543
"D8",1,174,4437.35826123009,205.912400988859
"D8",1,175,3452.29182304844,154.03182274958
"D8",1,176,1820.9537505753,215.117610040981
"D8",1,177,3723.34790458069,135.103696817473
"D8",1,178,4115.06605389429,185.662453247957
"D8",1,179,2209.5496808536,238.071787161342
"D8",1,180,3411.68043966623,195.986175022759
"D8",1,181,3326.41453786218,177.051888355834
"D8",1,182,2491.35009206813,254.186166216432
"D8",1,183,2550.93139841394,212.2814880283
"D8",1,184,3596.33079833127,53.8207071443219
"D8",1,185,2487.7002255705,212.649285213985
"D8",1,186,3064.23757778911,171.773726482764
"D8",1,187,2672.5557119611,123.689448323159
"D8",1,188,1890.78143663932,225.047423179713
"D8",1,189,3074.61926242356,146.23644706561
"D8",1,190,2988.52012669031,131.143200564913
"D8",1,191,2591.41212827863,86.8144158850176
"D8",1,192,3167.64874239915,264.729614511672
"D8",1,193,2275.30606835201,246.253691072014
"D8",1,194,2515.22322566876,188.330955743324
"D8",1,195,3143.6906531027,171.919604543387
"D8",1,196,2601.09226412774,121.156653067645
"D8",1,197,3074.02120101395,173.116921823594
"D8",1,198,3255.52067419061,113.602416559947
"D8",1,199,3603.4569093598,163.965445540289
"D8",1,200,4614.99391887809,184.409837422502
"D8",1,201,3085.04929886568,178.899923720813
"D8",1,202,4346.36361904465,244.960093855202
"D8",1,203,3189.10952789873,124.431966161743
"D8",1,204,1977.97198164552,112.034515906184
"D8",1,205,3314.73558239909,116.247003178421
"D8",1,206,3526.55503359428,95.0329760663843
"D8",1,207,1892.55306927419,152.359017301635
"D8",1,208,3835.9838731998,243.228851736054
"D8",1,209,2746.29465388369,222.422453967999
"D8",1,210,4138.34187879947,181.538496075659
"D8",1,211,2856.23471545226,91.7254005611724
"D8",1,212,3531.09045335557,163.057334551935
"D8",1,213,1540.21018716527,144.095242639489
"D8",1,214,2126.53648263594,234.97697379203
"D8",1,215,3556.71931184938,164.520422230813
"D8",1,216,4259.06503629723,185.634371026314
"D8",1,217,3512.55013469222,129.217172197422
"D8",1,218,2995.76939816449,124.088726354525
"D8",1,219,2566.27657790222,197.085165275132
"D8",1,220,2684.87191732988,155.527936246375
"D8",1,221,3797.89584790869,294.17404399367
"D8",1,222,2677.02194487111,148.775767019005
"D8",1,223,2544.82923149179,92.0708369058718
"D8",1,224,3129.45220938489,200.044124626771
"D8",1,225,2803.27052184924,166.355042588103
"D8",1,226,3758.70868298499,174.582257417961
"D8",1,227,2983.92617140098,192.536449857553
"D8",1,228,3607.79337557143,232.743282855417
"D8",1,229,3697.57504569873,186.526384306514
"D8",1,230,4964.2450111949,247.838728621916
"D8",1,231,3535.08454680939,166.935479943815
"D8",1,232,3389.7769585748,202.390933243015
"D8",1,233,3437.72990699613,141.993880625875
"D8",1,234,2784.20674979639,125.920411853605
"D8",1,235,3340.96437616722,99.1629136092196
"D8",1,236,3011.00669247468,181.069667887987
"D8",1,237,3412.98749436864,144.6004050507
"D8",1,238,2569.74745045822,142.400033204058
"D8",1,239,2676.01110086863,146.109669628968
"D8",1,240,4094.7572502221,108.929984014878
"D8",1,241,2243.99090088715,154.193379125048
"D8",1,242,2801.59021042963,85.2657523149873
"D8",1,243,3818.33411316246,216.85501853963
"D8",1,244,1760.1811255524,135.317529772341
"D8",1,245,2066.1707995705,165.015599334396
"D8",1,246,4268.62609210519,152.81454914373
"D8",1,247,2240.15789819914,135.027574306267
"D8",1,248,782.090383674065,140.96014995234
"D8",1,249,2736.94514335027,168.808699379879
"D8",1,250,3852.88390326252,132.050544026445
"D8",1,251,3357.63640620459,142.677265675043
"D8",1,252,3261.90344901427,150.910326155779
"D8",1,253,1962.86082608915,196.790291574342
"D8",1,254,3700.09492654785,190.253847833581
"D8",1,255,4304.52136770146,204.522132670816
"D8",1,256,3249.93690098104,189.858535029456
"D8",1,257,1155.38527069615,214.020591558264
"D8",1,258,4271.31598669298,132.79276309523
"D8",1,259,4615.72638538746,96.3997413369314
"D8",1,260,3560.18987837045,131.921497118895
"D8",1,261,4633.13281994144,143.362335220296
"D8",1,262,3021.53226586476,86.5477522657125
"D8",1,263,3072.87565957169,105.775637041714
"D8",1,264,2202.30726080302,177.528857165003
"D8",1,265,1738.25675043192,142.215481780694
"D8",1,266,4287.99586829819,183.526518671674
"D8",1,267,3778.96410063145,190.799351036026
"D8",1,268,2779.96882801759,103.714143472775
"D8",1,269,2801.32589786289,231.721326505929
"D8",1,270,3618.61262530692,85.0237415572942
"D8",1,271,4395.10703228237,138.806717280214
"D8",1,272,4065.91268634312,152.86043087855
"D8",1,273,4070.3081036218,111.907454630389
"D8",1,274,2728.6382180252,129.309004570886
"D8",1,275,3435.78147697469,180.992868900395
"D8",1,276,3810.09625513335,193.371149771545
"D8",1,277,3000.87132888806,110.351536634992
"D8",1,278,3133.76747951075,68.8704712949481
"D8",1,279,3363.15115265983,264.438494981051
"D8",1,280,3355.4427731027,143.520573522119
"D8",1,281,3118.5635451666,107.715578511292
"D8",1,282,1972.58188340625,164.83757286413
"D8",1,283,2428.81632473049,117.088551581937
"D8",1,284,3411.1350157992,176.331346814762
"D8",1,285,3136.89287460199,156.542137043154
"D8",1,286,2747.52520425397,152.085974006494
"D8",1,287,3403.39262314314,92.9032167969594
"D8",1,288,3854.77746060074,179.68449676449
"D8",1,289,3310.8863113905,189.716647450693
"D8",1,290,3208.74095443874,95.5953609671662
"D8",1,291,3038.46086952863,214.768109131235
"D8",1,292,4728.19837470089,225.897313744604
"D8",1,293,2742.0825201834,238.483830198393
"D8",1,294,2775.00013668402,111.128487806504
"D8",1,295,3005.13264247384,234.992970008132
"D8",1,296,2836.52601572324,18.7849790942003
"D8",1,297,2917.20300099717,133.661757744894
"D8",1,298,2864.39266178256,178.948519285905
"D8",1,299,2962.41387023759,159.918034470763
"D8",1,300,4323.28191508173,273.392985109712
"D8",1,301,2901.40764601617,107.733093243224
"D8",1,302,3768.05556606416,261.118903598845
"D8",1,303,3104.92580794169,133.366887464885
"D8",1,304,1907.78806158273,160.4167217293
"D8",1,305,1953.8914102148,74.6673870304226
"D8",1,306,3051.82560161283,221.076434102729
"D8",1,307,3395.35430873526,226.959435047484
"D8",1,308,4037.74023520912,162.19682939075
"D8",1,309,2890.50275555396,166.068385727382
"D8",1,310,2704.42986651898,254.213924693778
"D8",1,311,2624.32333160369,147.113813045976
"D8",1,312,3456.31887601833,131.842445838541
"D8",1,313,2096.53818543755,187.362571931336
"D8",1,314,3047.22282732706,286.184505972911
"D8",1,315,2284.46634824921,118.281605277885
"D8",1,316,2783.74565785125,290.796785196655
"D8",1,317,3689.01087869327,162.908541645157
"D8",1,318,4939.71678417384,179.800133644125
"D8",1,319,3068.00284058524,211.675402672614
"D8",1,320,3380.46983581333,99.7148781313358
"D8",1,321,3620.40404283011,125.61553425503
"D8",1,322,2284.31107654474,189.30740685119
"D8",1,323,3075.2115697203,125.929904488921
"D8",1,324,3166.43271604353,55.8997311996541
"D8",1,325,2863.52284094982,115.90401369136
"D8",1,326,2376.39020651297,148.677593920612
"D8",1,327,3463.83154678438,168.721744521075
"D8",1,328,2162.56821958354,175.338639475146
"D8",1,329,3517.15283922188,112.06920624072
"D8",1,330,4064.08251847649,217.177380980845
"D8",1,331,3678.39504153897,147.613084895214
"D8",1,332,4274.86526900961,88.9868487680878
"D8",1,333,3101.90112421803,200.214321175016
"D8",1,334,3269.94954740681,184.123123183418
"D8",1,335,3242.36871563757,221.169112292037
"D8",1,336,3326.6147077687,89.7581809894744
"D8",1,337,2608.41385847875,164.966700067993
"D8",1,338,4285.67529239202,235.24767435604
"D8",1,339,3811.81562061102,148.42773204434
"D8",1,340,2364.37372227333,23.7823218870067
"D8",1,341,3614.15383523417,155.104710550961
"D8",1,342,3272.17093230168,100.843471075674
"D8",1,343,2795.01731767832,138.108952957876
"D8",1,344,3322.8674686021,111.841247217243
"D8",1,345,4056.17738901641,149.781179240951
"D8",1,346,3896.35590957307,109.252177097034
"D8",1,347,3238.84365089661,204.955858869337
"D8",1,348,2705.73713776367,193.647566694424
"D8",1,349,2252.75099778457,189.719981624711
"D8",1,350,2922.0228658344,86.2840371005509
"D8",1,351,3978.46697401371,139.711866072209
"D8",1,352,2985.40849346231,213.925899972235
"D8",1,353,1745.55972539328,209.400576865076
"D8",1,354,4449.91007499517,187.878373892438
"D8",1,355,2166.75387188967,203.214076568542
"D8",1,356,3036.99953262583,167.120236847843
"D8",1,357,3060.33827950689,64.8797703829821
"D8",1,358,2345.08066859382,176.406523778989
"D8",1,359,2860.74973172177,86.4572623425141
"D8",1,360,3786.95284401924,99.9407986854086
"D8",1,361,3485.05849384346,78.404234325512
"D8",1,362,1960.92993241136,128.713721512866
"D8",1,363,2544.34204654827,238.273982623231
"D8",1,364,1950.89041191631,174.169827089328
"D8",1,365,1480.51412217855,187.230374071109
"D9",1,1,3390.1913176131,214.826671868559
"D9",1,2,2786.47450266875,148.70894630656
"D9",1,3,4303.83499620319,211.990397579307
"D9",1,4,4638.45978794073,99.045358220911
"D9",1,5,3357.52958407863,117.160980688275
"D9",1,6,2796.18853920655,189.97888369942
"D9",1,7,3106.00676316345,159.60296359152
"D9",1,8,3329.2111850085,195.589947828601
"D9",1,9,3705.16366019266,123.074199166089
"D9",1,10,3347.19064395105,155.588246008914
"D9",1,11,3369.27581417457,157.859065580907
"D9",1,12,4067.65199093309,151.246202687756
"D9",1,13,2361.41056476031,206.385072901318
"D9",1,14,3228.06819441709,215.828086398333
"D9",1,15,1954.38634020481,131.307601941065
"D9",1,16,3857.88291207777,167.599620632896
"D9",1,17,2652.04254441652,207.132528348934
"D9",1,18,3094.10821619462,234.92326218723
"D9",1,19,4017.99496711739,224.604773541641
"D9",1,20,2664.811247133,225.495648796637
"D9",1,21,3746.95009779387,221.246182374589
"D9",1,22,2510.97610669557,206.433581211596
"D9",1,23,4250.66106541752,180.840252989086
"D9",1,24,3059.76775185841,180.553337646814
"D9",1,25,3674.39566294878,177.863302582756
"D9",1,26,3493.13251316594,37.1017992382571
"D9",1,27,3112.78489035412,237.535887088995
"D9",1,28,3390.59778116431,250.815150088384
"D9",1,29,3700.7360717544,130.00080172979
"D9",1,30,3768.47047071934,166.616776857936
"D9",1,31,3815.86755957015,100.569561693179
"D9",1,32,3456.95459838173,104.316338996738
"D9",1,33,3121.55776804383,200.006866332562
"D9",1,34,3129.52112715061,62.5402984325268
"D9",1,35,3348.95830097259,204.534111742914
"D9",1,36,4466.37607334264,206.915709459712
"D9",1,37,2759.82541910249,125.356596594028
"D9",1,38,3567.93626681203,331.637752966379
"D9",1,39,5079.49619261897,195.158227328273
"D9",1,40,4136.58624816141,160.76264129839
"D9",1,41,2212.85507967864,103.955481761205
"D9",1,42,3166.72774447172,161.40924912718
"D9",1,43,2067.53286993645,126.921493010625
"D9",1,44,3679.57364972866,155.336546685396
"D9",1,45,2697.48095876356,149.170628637084
"D9",1,46,3257.1187880348,33.4377863530045
"D9",1,47,2692.53917165778,104.210558900403
"D9",1,48,3192.40976379948,91.7005475022852
"D9",1,49,3326.75689073927,103.979622855561
"D9",1,50,4244.67993094408,52.3704301480387
"D9",1,51,2195.58256616213,111.780211678587
"D9",1,52,2617.88421837003,115.848309049805
"D9",1,53,4181.89985664274,206.424242513999
"D9",1,54,3504.65679977899,173.223580023163
"D9",1,55,2923.68509108656,126.882714902153
"D9",1,56,2902.06913814085,189.952062576158
"D9",1,57,2597.61610277048,156.13777564177
"D9",1,58,2206.62901113873,150.679069016576
"D9",1,59,3939.33684353868,197.946910397929
"D9",1,60,4335.69916479992,100.691836318394
"D9",1,61,2731.43557406909,143.063949796222
"D9",1,62,2052.67227809906,150.611780777233
"D9",1,63,4145.70278241627,98.3093560871781
"D9",1,64,3408.5045677947,158.067049534593
"D9",1,65,2624.4576859523,148.02130293618
"D9",1,66,3118.58379279009,141.533131297409
"D9",1,67,2672.18661934409,224.22732673263
"D9",1,68,3784.57425259937,85.1254240637026
"D9",1,69,3338.35025579546,211.866428814905
"D9",1,70,2716.55581966046,174.702222755297
"D9",1,71,3516.64535458858,137.027580031933
"D9",1,72,3337.76556018881,199.841163891474
"D9",1,73,2927.65063170758,221.377118358456
"D9",1,74,3367.7555653804,189.917243397803
"D9",1,75,2898.97400295561,181.244661311672
"D9",1,76,2884.53183963177,195.409592618628
"D9",1,77,3733.61433718682,181.759784288251
"D9",1,78,4053.17336498571,188.071776701834
"D9",1,79,3596.2947826853,174.942452752378
"D9",1,80,2338.89950782602,268.99624214709
"D9",1,81,2415.35759215703,148.074023814191
"D9",1,82,4256.33139959763,107.566989298826
"D9",1,83,3648.23233746614,193.087894204763
"D9",1,84,2460.95296130789,158.541029228066
"D9",1,85,2957.09471787378,128.39276248572
"D9",1,86,2584.80812118088,187.161024303319
"D9",1,87,4388.37453148081,240.116865353467
"D9",1,88,3199.12933190816,137.069937143481
"D9",1,89,2469.06851460631,143.614656527815
"D9",1,90,4433.80094113135,202.442114868909
"D9",1,91,2810.41972084056,161.710256726784
"D9",1,92,3857.60998831975,130.763106821341
"D9",1,93,3677.18258567697,94.4747381443887
"D9",1,94,2095.14033856615,141.549904292764
"D9",1,95,2214.70815401557,183.102290183465
"D9",1,96,3400.29919449368,141.259538393629
"D9",1,97,3006.75020381166,59.3727344605899
"D9",1,98,3788.62307906673,161.652169427013
"D9",1,99,1812.31815110998,113.235369890415
"D9",1,100,2770.49162086559,146.933714050697
"D9",1,101,2984.38634772577,146.360986970558
"D9",1,102,3575.89478862341,231.206719025
"D9",1,103,3895.24121307619,161.887344804085
"D9",1,104,2543.28612545278,64.7885173039523
"D9",1,105,2614.36196142138,156.586038796226
"D9",1,106,3545.73139792343,135.885244368434
"D9",1,107,3726.69970446693,145.449281830828
"D9",1,108,3797.9903345236,111.479842411288
"D9",1,109,2953.63972191748,137.938977377544
"D9",1,110,3551.6489305146,87.0728542632356
"D9",1,111,4991.34094739412,98.975277846124
"D9",1,112,3340.44469889182,108.252549491537
"D9",1,113,2529.05699098258,207.228439710026
"D9",1,114,4734.84423944847,162.390310653802
"D9",1,115,3678.23747884825,63.0317190278419
"D9",1,116,3608.96194862054,176.273298393577
"D9",1,117,3661.32315645023,217.249317541216
"D9",1,118,4362.12634060232,137.334149528326
"D9",1,119,2938.67752588776,139.158713806209
"D9",1,120,2814.66301783744,190.351527538402
"D9",1,121,2629.23295487107,185.126355150332
"D9",1,122,2780.38196089968,94.7410925176863
"D9",1,123,2897.20603025458,133.682634005914
"D9",1,124,3852.97743653886,216.115584553751
"D9",1,125,5898.92848397428,51.1009750263809
"D9",1,126,2251.74158599446,195.142684781242
"D9",1,127,3299.85310542531,151.477273496548
"D9",1,128,3193.21702674559,235.451516665918
"D9",1,129,2422.17903007541,216.242224737587
"D9",1,130,4509.6664727389,78.1742254459711
"D9",1,131,4020.17419763805,194.969686886427
"D9",1,132,3217.6814898237,95.0337937023245
"D9",1,133,3403.21517242538,168.752865863793
"D9",1,134,2774.2124875257,220.644489796982
"D9",1,135,3161.98280615801,132.35960641379
"D9",1,136,3182.05843342602,74.1368007704713
"D9",1,137,3221.82273051634,146.198467892734
"D9",1,138,3681.06588308034,121.099234601467
"D9",1,139,3942.25278515144,180.467377957234
"D9",1,140,4063.82379884753,31.8977296857833
"D9",1,141,3322.76374716406,160.825556935859
"D9",1,142,4152.31294398534,226.692253729764
"D9",1,143,2761.01604188654,172.88100179462
"D9",1,144,3014.56757090672,136.26519429319
"D9",1,145,3442.23126549839,127.585348070063
"D9",1,146,3987.88376493518,141.177742453526
"D9",1,147,3737.39370222915,112.759403087568
"D9",1,148,4281.11298967951,84.6154303744778
"D9",1,149,3837.12360012485,219.340150550009
"D9",1,150,2163.54633817189,185.742305679462
"D9",1,151,4328.48500941922,100.307300366065
"D9",1,152,2747.71937970251,181.794194666681
"D9",1,153,2969.90908650188,192.896616396494
"D9",1,154,1886.50803021837,195.800553887223
"D9",1,155,3754.0327411375,229.008749897669
"D9",1,156,3039.49022250104,193.747562554407
"D9",1,157,3181.15543207064,111.088424784029
"D9",1,158,3023.64686488529,112.270534980435
"D9",1,159,2831.00761209101,188.428683155921
"D9",1,160,2258.12858393292,194.91601930426
"D9",1,161,3132.79717034876,155.563450454011
"D9",1,162,2138.81616074341,154.622893332108
"D9",1,163,2700.87990342268,167.73953030034
"D9",1,164,4331.88523932827,173.8578188524
"D9",1,165,4333.73458690895,211.781354463899
"D9",1,166,4141.21140581054,135.756331277771
"D9",1,167,2627.29212085812,130.653307013378
"D9",1,168,3617.32681489,191.307771137617
"D9",1,169,3961.75069508427,214.165675526498
"D9",1,170,3696.4398403971,188.792058684561
"D9",1,171,2361.75098009646,250.467854208999
"D9",1,172,3595.86255536216,83.52580169814
"D9",1,173,1837.59463396589,73.9005222859117
"D9",1,174,2812.14453337348,188.406564239588
"D9",1,175,2873.68741983116,121.26614528104
"D9",1,176,2345.15596579722,193.838594611114
"D9",1,177,3075.8938082162,214.13859863571
"D9",1,178,2400.29925751664,205.823401511247
"D9",1,179,3747.88024995008,182.282832744912
"D9",1,180,3017.89005880428,201.341026558715
"D9",1,181,3082.81138742592,130.960551916904
"D9",1,182,4051.88273479366,170.488164153649
"D9",1,183,2305.76760475585,226.279623462882
"D9",1,184,1868.22575957442,256.551479538529
"D9",1,185,3341.5713995267,204.482425761441
"D9",1,186,3469.62367001871,117.990720002335
"D9",1,187,2880.97915724232,192.521214969615
"D9",1,188,3720.54534082718,111.428179883346
"D9",1,189,4724.3590369056,124.331294416187
"D9",1,190,3127.07336977457,86.2874451645563
"D9",1,191,4218.00687605853,161.341763010356
"D9",1,192,2527.09549706045,180.275913307246
"D9",1,193,3359.52938685624,114.217453216348
"D9",1,194,3495.86081755728,166.483122898378
"D9",1,195,3015.55315392776,164.615375872541
"D9",1,196,1322.12867650782,236.660343684865
"D9",1,197,3283.70211319869,172.121860762309
"D9",1,198,3747.09197734371,137.673268310009
"D9",1,199,4291.98491580877,183.023231511913
"D9",1,200,2622.25905130281,75.943441096927
"D9",1,201,2594.68904967634,227.723020912981
"D9",1,202,1960.06489657299,114.24334445424
"D9",1,203,2891.9802325794,152.233649490981
"D9",1,204,2628.10657645719,215.865319463824
"D9",1,205,2481.45134755173,92.3192940732591
"D9",1,206,2500.53692797368,163.193738527685
"D9",1,207,2291.19358797654,213.262925101515
"D9",1,208,2657.4859855221,143.178671829441
"D9",1,209,3214.25712035918,166.933702853208
"D9",1,210,3835.26878636037,240.156393930914
"D9",1,211,3053.32210095174,215.572449299681
"D9",1,212,3184.55565539715,145.414493937615
"D9",1,213,3492.37091233939,131.588022302564
"D9",1,214,3332.06888059162,139.246779898077
"D9",1,215,4250.74689270358,166.011780666984
"D9",1,216,3706.64489928417,100.277497492745
"D9",1,217,2778.09475214279,171.719304827454
"D9",1,218,3390.11300716503,120.445993203061
"D9",1,219,1706.00853917171,182.295250139324
"D9",1,220,4190.56479223261,153.444787004053
"D9",1,221,2762.81617511538,198.142046710041
"D9",1,222,3775.80152157509,78.9436074194868
"D9",1,223,3151.8980451569,144.811044359527
"D9",1,224,3613.89852281472,261.470347550693
"D9",1,225,3928.90883868789,99.5927415935511
"D9",1,226,3280.2348936777,141.692983481814
"D9",1,227,2577.82859606048,92.2978737088103
"D9",1,228,3363.87493729939,142.549318221411
"D9",1,229,4038.76902168371,144.401126603347
"D9",1,230,2920.41850216162,193.487038309154
"D9",1,231,3289.60643594799,167.911283828217
"D9",1,232,3542.91631578685,132.257428088135
"D9",1,233,3352.41963153915,99.8770607646501
"D9",1,234,3264.67790413904,145.552487291035
"D9",1,235,4258.66122334056,161.404455583959
"D9",1,236,3744.63100512677,125.979717915622
"D9",1,237,2718.36810110669,171.237165670877
"D9",1,238,3220.04975560375,191.396501391723
"D9",1,239,2469.14378522461,105.95179709521
"D9",1,240,3176.53153886959,165.525216202904
"D9",1,241,2728.74705933154,113.897143108523
"D9",1,242,3045.7918339812,126.979303521262
"D9",1,243,2787.77742943854,119.966878621106
"D9",1,244,3792.41520658588,168.497967295098
"D9",1,245,2445.21582186509,144.41992947717
"D9",1,246,4078.97787533783,279.688001548814
"D9",1,247,2659.22497468152,163.333254363075
"D9",1,248,2919.78008401782,225.458355776543
"D9",1,249,3638.65233008951,194.395472316172
"D9",1,250,3409.19594269296,194.850847995979
"D9",1,251,2541.44794486489,155.423824475686
"D9",1,252,1816.53375794052,160.897985534989
"D9",1,253,3852.7178379843,174.660792122938
"D9",1,254,3049.3607507847,113.296906369314
"D9",1,255,3016.38284884868,124.344705617082
"D9",1,256,3249.34074519443,199.57129387156
"D9",1,257,2364.0930917284,121.028861722338
"D9",1,258,3491.87954890489,235.322128332573
"D9",1,259,3265.8226627039,211.175104220526
"D9",1,260,3024.97301297557,109.710368514962
"D9",1,261,3717.80702871997,111.283430176566
"D9",1,262,2245.5948055052,205.578751764401
"D9",1,263,2797.87342049968,170.385577380133
"D9",1,264,4015.93996414905,116.780758053119
"D9",1,265,3486.96439630511,155.339223613299
"D9",1,266,4717.36565195023,149.089767183138
"D9",1,267,2899.52170230607,154.73302885029
"D9",1,268,2162.35908543311,164.41961979908
"D9",1,269,3495.44748711216,79.168230646217
"D9",1,270,4476.78571767877,147.288899893577
"D9",1,271,1172.73548654744,134.108998904424
"D9",1,272,3060.0302148911,179.074566838254
"D9",1,273,2462.91061576399,84.2148533647191
"D9",1,274,2124.99759064479,150.633026514173
"D9",1,275,4448.69884164133,199.23650831259
"D9",1,276,3984.34325245223,143.304709790315
"D9",1,277,2978.35923060893,155.380867622408
"D9",1,278,4976.43391200432,178.253802361908
"D9",1,279,3787.76926406744,193.648537484181
"D9",1,280,4379.41078935636,39.9643662722293
"D9",1,281,4102.26309124559,230.710913832973
"D9",1,282,3462.15398685197,284.643851358949
"D9",1,283,3375.4367597641,141.527239139548
"D9",1,284,4068.26784667909,88.5667097967892
"D9",1,285,5064.07999880707,247.913438085703
"D9",1,286,3782.22665922723,176.455924724422
"D9",1,287,3442.1425352641,116.071583078864
"D9",1,288,3396.86698939118,248.874390740049
"D9",1,289,4197.40318175162,163.643316341446
"D9",1,290,4565.38900320235,92.056072384046
"D9",1,291,4127.96438637904,98.4137496961635
"D9",1,292,3753.80566057927,85.317657696805
"D9",1,293,2669.64008075589,179.571602198319
"D9",1,294,4270.923397842,145.529802709839
"D9",1,295,2483.34609530302,132.349203978347
"D9",1,296,3830.72105666582,270.266691287617
"D9",1,297,3103.23762349354,113.721594131133
"D9",1,298,2140.42848262025,180.36261624527
"D9",1,299,2933.41123744884,77.6140084265716
"D9",1,300,3412.98297873133,56.7156934871332
"D9",1,301,4316.80937505559,148.681094409483
"D9",1,302,3117.82471072693,144.483264441582
"D9",1,303,1356.20057789004,175.708956176905
"D9",1,304,5194.05910544972,293.778466407747
"D9",1,305,2863.53733161348,148.66051389416
"D9",1,306,4635.28447644051,139.493089708332
"D9",1,307,3593.26285710406,56.0587459512162
"D9",1,308,3805.86973777018,207.166685438156
"D9",1,309,3685.00535592567,119.233825050764
"D9",1,310,3325.6319116171,170.224437571371
"D9",1,311,2456.69591915518,72.704888500473
"D9",1,312,3322.83102448935,177.033717461673
"D9",1,313,2170.9181479293,117.052940359109
"D9",1,314,3775.58495782473,141.928315694319
"D9",1,315,2759.51284384654,196.069689718917
"D9",1,316,3729.40893969775,184.518006976799
"D9",1,317,3219.25367578368,214.716097547028
"D9",1,318,2807.29192177561,148.628312209083
"D9",1,319,4432.02519922997,193.7163589431
"D9",1,320,4331.99909027207,117.863377235945
"D9",1,321,3065.29906814505,181.150723689853
"D9",1,322,3830.44576513929,88.2416093993568
"D9",1,323,3229.77449930361,171.756587507565
"D9",1,324,3382.49576859287,181.991064270496
"D9",1,325,3751.62851150979,213.225291193954
"D9",1,326,4554.5445765279,186.300084536239
"D9",1,327,3901.31202182646,159.282945349088
"D9",1,328,2480.96815498693,194.002014897806
"D9",1,329,2425.09870500159,105.158043384285
"D9",1,330,3589.64917903185,266.231627209775
"D9",1,331,3884.14377723808,133.093947457032
"D9",1,332,1769.94024312856,266.060892611731
"D9",1,333,3770.12135103908,157.174272160231
"D9",1,334,3977.36197022201,141.15087644821
"D9",1,335,4532.79767886722,122.768039531907
"D9",1,336,2823.05278388579,201.482839204256
"D9",1,337,4501.28715715841,159.635948700265
"D9",1,338,3789.82627686142,181.904849268126
"D9",1,339,3471.97677186553,211.140054780321
"D9",1,340,3687.88322645987,230.646221575429
"D9",1,341,3799.76900185934,202.026704687035
"D9",1,342,3859.88587369183,99.8202781674036
"D9",1,343,4091.35276175103,183.415543719196
"D9",1,344,3013.21015292404,179.563759416101
"D9",1,345,3212.7671214709,233.178890110874
"D9",1,346,4003.09873413734,223.106001450378
"D9",1,347,2304.14789466541,131.661271359982
"D9",1,348,2552.97377680474,129.112406015895
"D9",1,349,3499.70012375699,173.204851379552
"D9",1,350,3213.59514569763,146.558647540937
"D9",1,351,2707.2061169169,209.96034537333
"D9",1,352,4941.17648832777,78.1575991186245
"D9",1,353,4264.19723047647,126.639672645746
"D9",1,354,3849.54767173649,183.910323245503
"D9",1,355,3526.7371082787,95.8910477762468
"D9",1,356,3568.97865982097,141.571815112671
"D9",1,357,3675.43345096353,227.330694920635
"D9",1,358,3970.98581698079,154.351283410689
"D9",1,359,4050.51383604834,182.439015434853
"D9",1,360,3271.34592961988,111.733832975382
"D9",1,361,3104.49762098011,234.633074871883
"D9",1,362,3395.18602705037,132.44129920837
"D9",1,363,3220.89642495515,72.9475446269286
"D9",1,364,3886.58671378607,105.030672485844
"D9",1,365,3187.90691818367,153.158090826641
"D9",1,366,3698.37624332077,173.047844039507
"D10",1,1,4337.33869269939,115.725699570316
"D10",1,2,2781.6253991615,146.816762700374
"D10",1,3,3546.35104200718,54.1860371608518
"D10",1,4,1624.42578088502,152.62701718947
"D10",1,5,3743.76329424927,174.766104933622
"D10",1,6,2676.82616949713,194.917254120021
"D10",1,7,3145.45171902602,215.045259306012
"D10",1,8,4267.73185929039,199.208382897897
"D10",1,9,3710.39996091735,161.672233666751
"D10",1,10,3590.32382815814,174.84953790908
"D10",1,11,3743.65930014288,224.418716092626
"D10",1,12,2980.12204125671,230.20542974837
"D10",1,13,1308.85871364777,253.182423606292
"D10",1,14,3924.74027545736,224.478021379665
"D10",1,15,3057.26519936553,114.891536013504
"D10",1,16,3623.86994218541,205.852674206268
"D10",1,17,2904.17030496029,126.834771403605
"D10",1,18,2820.61604517029,186.64264082985
"D10",1,19,3684.56665510949,236.942461895511
"D10",1,20,4130.37695275517,114.747724392886
"D10",1,21,2511.19249553746,140.250580907864
"D10",1,22,3801.9938621512,210.179675846782
"D10",1,23,3832.06961450014,124.056624922667
"D10",1,24,4565.16024854838,163.757163994419
"D10",1,25,2961.8217397754,108.286089550907
"D10",1,26,4006.71793231937,146.620272997315
"D10",1,27,3391.88290119372,152.664079109229
"D10",1,28,2813.70526930869,159.662171780877
"D10",1,29,2308.14897601094,213.89213447126
"D10",1,30,2853.10508682508,164.65446661521
"D10",1,31,2766.20926913695,266.266904418585
"D10",1,32,3893.20963266734,194.237613085871
"D10",1,33,2568.05641965122,15
"D10",1,34,4843.74088382464,163.114104893894
"D10",1,35,2175.20679395915,144.407610085259
"D10",1,36,2939.73819950685,247.992193708497
"D10",1,37,1837.11037829839,239.785498841141
"D10",1,38,3067.11913527564,197.588882233796
"D10",1,39,4837.21870064193,203.312120785198
"D10",1,40,5224.41789688741,120.208122416042
"D10",1,41,2477.35207553714,97.0950668178407
"D10",1,42,3998.12092776542,129.059418878421
"D10",1,43,2781.15266395374,101.284139062783
"D10",1,44,3238.10447841707,137.798552010009
"D10",1,45,3591.36447053553,196.141596889601
"D10",1,46,3580.38546888168,114.902909892046
"D10",1,47,3314.13724543598,227.22491818448
"D10",1,48,3946.57123714374,162.983026774412
"D10",1,49,2583.6278211045,169.597587017173
"D10",1,50,3553.29482142419,185.529578210025
"D10",1,51,3136.85552177039,206.371022227072
"D10",1,52,3152.76654000985,219.489757907153
"D10",1,53,3841.94153422465,102.868665369454
"D10",1,54,3420.54603954085,142.802636032697
"D10",1,55,3242.27741386818,186.32136346157
"D10",1,56,3832.62080183212,118.122418004097
"D10",1,57,2731.48892062514,123.260637534565
"D10",1,58,2801.22382995543,122.989373312176
"D10",1,59,3086.53888336022,190.430501775543
"D10",1,60,2618.83726802539,173.832892349683
"D10",1,61,3655.25802360867,200.920496188005
"D10",1,62,2122.13322969739,169.964439878279
"D10",1,63,3136.71789249335,155.146858819869
"D10",1,64,2901.01265401207,158.627608223896
"D10",1,65,3382.07290234755,169.542059391498
"D10",1,66,3985.04762025152,189.745661295615
"D10",1,67,4266.35368388636,157.607292185101
"D10",1,68,3320.26200438666,187.775319827351
"D10",1,69,3534.89308112704,121.996864244699
"D10",1,70,3426.30907964969,176.652732476054
"D10",1,71,871.714605023671,157.981229540262
"D10",1,72,3102.68756230111,90.8555182445435
"D10",1,73,3269.66002758824,172.521341133899
"D10",1,74,3465.85443696331,97.2268139462034
"D10",1,75,4917.71912381574,110.896943101709
"D10",1,76,3512.68341134484,98.4389475717151
"D10",1,77,4677.74139199889,177.989480507252
"D10",1,78,4571.7502330394,79.8905445653324
"D10",1,79,3480.36007669295,155.317338320873
"D10",1,80,1550.63196766006,211.653929499237
"D10",1,81,2179.39342070057,163.818397391064
"D10",1,82,3061.62721349966,151.517235458291
"D10",1,83,3275.70210933778,169.569672758389
"D10",1,84,3508.55778997312,161.459073628114
"D10",1,85,3615.4647544038,99.7154255775887
"D10",1,86,3494.18889612411,186.370476772962
"D10",1,87,2884.53405805391,191.758159718706
"D10",1,88,3845.82125424129,158.823803124202
"D10",1,89,3167.52986387205,207.148384870439
"D10",1,90,2781.82214718771,241.751468536481
"D10",1,91,2986.48951477403,129.787499854034
"D10",1,92,3223.21649886096,119.796866089992
"D10",1,93,1310.32707061489,62.0711242836422
"D10",1,94,3274.29877607033,75.3213164678572
"D10",1,95,2961.50090370852,180.984121541258
"D10",1,96,2406.57773708574,163.493549959327
"D10",1,97,3053.73848125957,207.605464529089
"D10",1,98,2773.97253480189,125.539790227316
"D10",1,99,4190.64539416071,216.889857084593
"D10",1,100,3624.45602453954,183.711222632776
"D10",1,101,3187.17214683695,181.834118307573
"D10",1,102,3366.15962452826,154.825357750453
"D10",1,103,2340.35989410603,224.201241466698
"D10",1,104,3288.86736541845,125.924385570996
"D10",1,105,2791.428339183,182.635406152245
"D10",1,106,2967.30314085615,136.147200192098
"D10",1,107,3034.81264372761,94.7848218093874
"D10",1,108,3680.2684528269,135.639334857364
"D10",1,109,2426.23855537096,50.010016426628
"D10",1,110,2088.78226690315,146.785168142559
"D10",1,111,2984.53068723442,183.735496298796
"D10",1,112,2211.46092663282,155.595933611518
"D10",1,113,2275.5850305809,154.007993204543
"D10",1,114,3534.27773820309,87.3868233987473
"D10",1,115,2648.94687381931,205.090320048789
"D10",1,116,2828.91249774606,84.2831205671261
"D10",1,117,4083.53973492264,232.020607305456
"D10",1,118,3167.13343054748,281.98048531556
"D10",1,119,2336.84917700128,102.495488261897
"D10",1,120,3104.08205398574,128.396774835959
"D10",1,121,3223.212940965,156.511147204954
"D10",1,122,4250.08295432329,139.267977132556
"D10",1,123,3692.73489089013,158.772803668418
"D10",1,124,2473.25140982451,74.6726647867351
"D10",1,125,4458.11757845017,228.02659854388
"D10",1,126,1503.02108684091,111.725327265747
"D10",1,127,3371.14253578095,166.925882055277
"D10",1,128,2991.05435813758,215.642100822889
"D10",1,129,2630.12861604024,282.051894654509
"D10",1,130,3480.57625580736,160.34724334095
"D10",1,131,1913.39696283655,57.1148834230079
"D10",1,132,2567.14407860403,114.913204972233
"D10",1,133,3770.87798123741,165.534763416132
"D10",1,134,3157.67551029916,225.24753101506
"D10",1,135,3345.51399525192,109.333675652063
"D10",1,136,4732.15337571268,232.087829507511
"D10",1,137,2698.20235598242,134.891346614981
"D10",1,138,3039.36896090837,214.557081852375
"D10",1,139,2904.18051604525,236.298902855665
"D10",1,140,3684.71805672981,164.359721156932
"D10",1,141,4082.88873509166,240.574922805009
"D10",1,142,2775.72224227523,115.389209803586
"D10",1,143,3744.73290712002,96.9252139414719
"D10",1,144,2679.33607593874,103.515244043821
"D10",1,145,2845.5684716857,220.056524600821
"D10",1,146,3437.60059925769,152.950821083019
"D10",1,147,2921.82701641654,135.790590187608
"D10",1,148,3179.81346100093,136.542968926019
"D10",1,149,3656.71661997436,168.914058441321
"D10",1,150,3247.98455489906,108.609683724855
"D10",1,151,2322.98908507954,245.94590317945
"D10",1,152,3810.50271387152,152.335096371165
"D10",1,153,3345.17426935488,190.215896036792
"D10",1,154,2634.41422600565,176.501833639741
"D10",1,155,4313.98956858928,133.641451181739
"D10",1,156,2838.18855749125,98.0946826884294
"D10",1,157,3623.61111063365,157.816779361145
"D10",1,158,3108.93272279636,61.7651662966363
"D10",1,159,3731.25949865531,126.482394103257
"D10",1,160,3007.49843711941,177.776206125267
"D10",1,161,2521.14143678529,145.602247656488
"D10",1,162,3407.35932138977,177.707532057329
"D10",1,163,3154.64403028493,55.5578904858043
"D10",1,164,3819.68668567505,77.7113268687
"D10",1,165,2977.82896154969,270.364878783812
"D10",1,166,3840.29718751624,141.344873167189
"D10",1,167,3246.81393065443,197.892147588284
"D10",1,168,2960.02073695591,178.001551330946
"D10",1,169,1932.54396341406,204.410541028546
"D10",1,170,3658.49953138885,47.8064435119847
"D10",1,171,1944.69971741398,101.442341695865
"D10",1,172,4531.00038350132,146.494424531735
"D10",1,173,4793.39871294474,212.166147021986
"D10",1,174,3267.73632732885,124.009336042079
"D10",1,175,2612.25336897234,139.58738162386
"D10",1,176,2248.10670149089,195.597786701265
"D10",1,177,3802.74336327715,87.758451793081
"D10",1,178,3163.62511270978,136.590230548326
"D10",1,179,3327.21318173653,181.789376756813
"D10",1,180,2170.00931815943,82.7290444162871
"D10",1,181,3723.63765368299,246.278661603606
"D10",1,182,2322.61497354927,217.931647605313
"D10",1,183,3747.18498139273,121.545400412564
"D10",1,184,2648.0169572068,300.671291117582
"D10",1,185,3935.76039535264,154.400048227371
"D10",1,186,3534.66251668099,112.185573668709
"D10",1,187,2855.62968084822,236.590174914911
"D10",1,188,3524.69556543557,194.806891910867
"D10",1,189,3551.06300646643,234.138563541197
"D10",1,190,3309.97624127457,154.065105878142
"D10",1,191,3362.39648788908,167.077887227537
"D10",1,192,4496.40065343234,200.40905664774
"D10",1,193,2560.39721589141,189.798357330982
"D10",1,194,2671.38727738576,213.119205961785
"D10",1,195,4345.11951912091,152.866380936528
"D10",1,196,4136.04574025895,208.958133857478
"D10",1,197,3056.03004636079,159.166023311866
"D10",1,198,902.932258075403,113.197714270688
"D10",1,199,3897.31147512637,120.702982615648
"D10",1,200,4104.10570661691,176.61810013394
"D10",1,201,3226.06114326325,204.98423510278
"D10",1,202,3460.56201140775,225.319713126315
"D10",1,203,3430.67176843848,143.14216298288
"D10",1,204,4372.71980829118,221.136508969456
"D10",1,205,2106.03235532936,224.175405141942
"D10",1,206,2802.41963319954,199.004646643034
"D10",1,207,2388.19662981962,205.127029158613
"D10",1,208,2818.89298277425,125.950110406926
"D10",1,209,4058.85128206726,153.901128454565
"D10",1,210,2174.34063817457,137.326702806569
"D10",1,211,2201.53701489233,238.96777483278
"D10",1,212,2167.9942059324,284.770245405131
"D10",1,213,2569.0063542668,185.841035070889
"D10",1,214,2733.38205297838,198.75256202224
"D10",1,215,3257.7715075004,150.732955319723
"D10",1,216,4919.22500640917,168.592240127032
"D10",1,217,3365.90310123552,225.667210182543
"D10",1,218,2559.28275716374,194.193197241909
"D10",1,219,4709.51580672927,111.506553005859
"D10",1,220,4009.31417790629,144.967320019511
"D10",1,221,3051.43002323561,83.5098019695756
"D10",1,222,2946.8434317312,157.873580223953
"D10",1,223,3792.07647791006,143.516848960836
"D10",1,224,3485.59487563245,148.620105036848
"D10",1,225,2772.21438812296,213.056554740315
"D10",1,226,3255.62976391501,191.032770348055
"D10",1,227,3480.07515812854,181.467326025487
"D10",1,228,4221.88601838445,108.121289394837
"D10",1,229,3425.57182967326,140.024826617271
"D10",1,230,3676.11336290748,145.341724302363
"D10",1,231,2880.26772026312,170.653490891178
"D10",1,232,3190.58963081348,93.5218122536478
"D10",1,233,2529.62465216628,228.82955697016
"D10",1,234,4387.72595870151,267.112089762357
"D10",1,235,3900.36021265734,134.081942663488
"D10",1,236,3039.06649832453,191.073408594144
"D10",1,237,2931.10905585315,168.896999645857
"D10",1,238,3617.80949025651,172.160135319307
"D10",1,239,4707.62447274849,157.433030845566
"D10",1,240,4023.68910189661,212.818212555774
"D10",1,241,2312.89038455582,155.724342033671
"D10",1,242,2569.93321818632,217.053621422832
"D10",1,243,3373.8454371391,186.526171055412
"D10",1,244,4012.1197182127,202.306896594022
"D10",1,245,3165.45363469774,200.326231347285
"D10",1,246,2339.85647595445,100.229602791885
"D10",1,247,2707.86978856656,219.015406124244
"D10",1,248,3092.12424989266,150.299982071055
"D10",1,249,2814.54794034254,150.830746229835
"D10",1,250,3155.38327166627,172.787557915064
"D10",1,251,4011.44993749048,225.844467905255
"D10",1,252,3416.38988598917,144.97448827279
"D10",1,253,2040.79714498164,161.344507677335
"D10",1,254,3109.13258609544,209.242525426795
"D10",1,255,3108.68363234117,72.9384244144638
"D10",1,256,3559.34505335995,256.762064896879
"D10",1,257,3781.07517576877,154.06143783857
"D10",1,258,2561.91779467538,93.8509655473234
"D10",1,259,2940.65947226538,90.0885743636729
"D10",1,260,3599.5385815372,137.361893296884
"D10",1,261,1658.90072849169,140.382760762226
"D10",1,262,3493.02032690167,260.433694305735
"D10",1,263,2939.4028194651,110.862315530257
"D10",1,264,3104.56964521333,146.693065697622
"D10",1,265,3124.19039811503,191.710692270561
"D10",1,266,3820.64799769224,184.259554944414
"D10",1,267,2497.69589594851,182.648319251782
"D10",1,268,3382.28393011333,150.762095756686
"D10",1,269,2158.3024121153,134.603312886971
"D10",1,270,2864.55342760857,205.486241024049
"D10",1,271,3489.138883224,103.22318203259
"D10",1,272,2678.66758808427,119.473236673439
"D10",1,273,4027.20281373744,251.61657855985
"D10",1,274,2835.52856245205,118.378535616693
"D10",1,275,3088.73162849229,245.485260995075
"D10",1,276,4118.40094356173,166.715539393998
"D10",1,277,2713.88638995708,190.916657637869
"D10",1,278,3589.74507094143,197.036046609153
"D10",1,279,3979.13017549033,140.899502184054
"D10",1,280,2938.72936248935,151.897067824534
"D10",1,281,2741.2101992713,251.790506745831
"D10",1,282,3081.97692753375,168.443279964579
"D10",1,283,4203.72620352892,198.727554486976
"D10",1,284,4007.10021707457,124.118499718123
"D10",1,285,3640.10706296226,111.679772551067
"D10",1,286,3324.19732039252,142.205208794579
"D10",1,287,2465.93323579058,188.045462996527
"D10",1,288,3760.96609318716,171.456633515745
"D10",1,289,2927.56835350353,98.0913534201735
"D10",1,290,2916.3027997785,170.878058232826
"D10",1,291,3445.51486402109,209.69923505749
"D10",1,292,3347.02850358812,155.618166663478
"D10",1,293,3277.5430851476,158.565950908275
"D10",1,294,2493.97845716129,236.102436681493
"D10",1,295,3770.5076801659,91.9855057474994
"D10",1,296,4116.20142766801,251.268730166328
"D10",1,297,1633.84390069214,188.874418144714
"D10",1,298,2847.06734272776,131.458451250976
"D10",1,299,3525.76944623176,80.3748101708049
"D10",1,300,2639.71046568114,206.091431191573
"D10",1,301,3119.87368150916,209.370107494528
"D10",1,302,2691.44566226086,174.888912081426
"D10",1,303,4217.69774007809,156.89969206859
"D10",1,304,1455.07256080821,189.228558937156
"D10",1,305,3460.53790187166,217.231692872574
"D10",1,306,1779.15495699771,178.663546728537
"D10",1,307,3851.83375467624,151.196831974817
"D10",1,308,2167.4522940508,84.2072267875032
"D10",1,309,3569.56640791534,144.185057659321
"D10",1,310,2615.72197655592,161.526386053285
"D10",1,311,3349.09054696665,142.856996186031
"D10",1,312,3599.21181393107,237.307602597056
"D10",1,313,3511.58776220749,103.411972618563
"D10",1,314,2352.3836831777,175.17370988847
"D10",1,315,3573.29108965063,146.476897152619
"D10",1,316,3002.86377992858,146.659641726096
"D10",1,317,2977.47384623167,153.9246953078
"D10",1,318,2308.96837826229,175.621186558821
"D10",1,319,3441.82282840397,187.178597227565
"D10",1,320,3306.40072115889,271.070338540891
"D10",1,321,3486.8533482627,213.570344882852
"D10",1,322,2710.54011798871,116.796366481807
"D10",1,323,2573.38786805171,227.245225879521
"D10",1,324,3167.65116668806,236.798785257146
"D10",1,325,3534.32135751497,142.126233144638
"D10",1,326,4529.20056903491,223.904459998234
"D10",1,327,2967.44814414115,230.380653757667
"D10",1,328,2487.07400031691,99.3345643935923
"D10",1,329,3873.9738563857,187.042861155539
"D10",1,330,3183.74601605592,54.44856213877
"D10",1,331,3346.65445658976,249.450915206875
"D10",1,332,3003.09420737238,160.773418007835
"D10",1,333,2947.75818756289,96.4864512565717
"D10",1,334,3223.41057163159,164.3188557279
"D10",1,335,2537.1561734794,202.477756803191
"D10",1,336,2262.36256176852,139.401934162346
"D10",1,337,4280.079246476,104.523245458606
"D10",1,338,4019.73603701092,138.669125649567
"D10",1,339,3125.1492311338,104.416471436325
"D10",1,340,3804.35046642187,144.026946914481
"D10",1,341,1900.32051780903,165.971784309136
"D10",1,342,3001.78229130736,189.808099730351
"D10",1,343,3517.73564078339,151.511948319185
"D10",1,344,2337.20396564493,289.352427492861
"D11",1,1,2228.11105791262,203.371488117007
"D11",1,2,3192.02341748642,142.939268938922
"D11",1,3,3161.89053558309,62.14237003272
"D11",1,4,1496.74218258425,168.655931114323
"D11",1,5,3673.41978789199,240.224600033792
"D11",1,6,2755.64676379841,132.246729248627
"D11",1,7,3740.34855135014,174.023085899565
"D11",1,8,3262.38350239618,170.691924552481
"D11",1,9,2722.12186909227,123.42233459983
"D11",1,10,3194.11803310799,36.5492932210524
"D11",1,11,3485.46712950036,206.466905576216
"D11",1,12,3211.71417508091,147.809201724989
"D11",1,13,4200.18048892545,125.568225706055
"D11",1,14,3277.95855335401,136.310211438109
"D11",1,15,3082.95413836297,200.900654772254
"D11",1,16,3150.92936187462,166.266058010723
"D11",1,17,2740.23762818249,165.711607024327
"D11",1,18,3819.97755020022,191.153299310212
"D11",1,19,2531.19499813467,221.392550791824
"D11",1,20,4141.84547218951,128.557088796155
"D11",1,21,3364.3464605399,177.534204784743
"D11",1,22,3380.15740671143,199.460397605994
"D11",1,23,3555.08104211779,102.934830019558
"D11",1,24,3812.18493936454,144.632066039366
"D11",1,25,3776.66651672272,172.955618263088
"D11",1,26,2107.20667510274,148.387609317446
"D11",1,27,3792.321738957,118.219532625107
"D11",1,28,3274.8963054487,168.722136777269
"D11",1,29,3478.64422426199,106.054026284492
"D11",1,30,3805.7194394781,97.0703995625415
"D11",1,31,2510.66036004002,161.728490675387
"D11",1,32,2843.28866811156,194.212804320917
"D11",1,33,3365.42655464117,92.7414916655877
"D11",1,34,2264.65762108641,199.432019988236
"D11",1,35,2857.73102607773,168.728456517213
"D11",1,36,1625.64859136822,167.396992366888
"D11",1,37,2404.75782554898,211.625117045163
"D11",1,38,3582.45848812262,104.741590161592
"D11",1,39,2133.33458240704,235.793784440314
"D11",1,40,3442.34828933483,101.812830966562
"D11",1,41,4522.70765729808,158.498824033917
"D11",1,42,1655.273894157,124.574733588214
"D11",1,43,2181.50786473087,199.195652673019
"D11",1,44,3483.1994643904,170.150998013175
"D11",1,45,2443.79032097411,262.270977100163
"D11",1,46,1653.60167377754,231.97475553036
"D11",1,47,5803.10008942967,96.929851588677
"D11",1,48,3035.0379719632,203.389092911319
"D11",1,49,2636.42303697719,177.044840457101
"D11",1,50,2686.0268547741,230.99131796534
"D11",1,51,3613.69576755669,105.638569036014
"D11",1,52,2693.88349166445,160.28761164509
"D11",1,53,4487.55846921901,94.9376178003778
"D11",1,54,2704.19468194908,188.215400329722
"D11",1,55,3080.79592540565,182.552488074353
"D11",1,56,2639.70183598803,149.85182284657
"D11",1,57,4484.2050839107,112.285291727737
"D11",1,58,3594.59175212716,205.998681873004
"D11",1,59,3128.54238420516,111.039865537236
"D11",1,60,2257.85293907198,188.723598694929
"D11",1,61,3431.21351895356,185.801835813093
"D11",1,62,3561.14651045509,98.9787151112843
"D11",1,63,3478.66712075688,190.204455893564
"D11",1,64,3899.18164533819,196.685163059251
"D11",1,65,2946.44784592798,146.724859148838
"D11",1,66,2842.95644664791,54.9668844368967
"D11",1,67,3119.60512209632,174.817180946547
"D11",1,68,3620.87168180323,157.882083395272
"D11",1,69,3435.05342723181,204.888639159832
"D11",1,70,3568.22938761635,165.710454689272
"D11",1,71,2823.28458638979,257.828780998657
"D11",1,72,2567.94088792075,215.023312665346
"D11",1,73,3299.06361579416,146.185585197588
"D11",1,74,2547.71238601792,147.616129933618
"D11",1,75,4950.45141581937,152.610089829858
"D11",1,76,3791.59509262885,196.475886801875
"D11",1,77,2475.3618838799,116.45780485986
"D11",1,78,3265.93392458828,130.733965080134
"D11",1,79,3874.93405894078,273.080067116295
"D11",1,80,3428.86970328153,154.40357458932
"D11",1,81,3908.47774223705,172.90669371592
"D11",1,82,2366.03307143103,177.100002607399
"D11",1,83,3250.97098145277,241.621137039048
"D11",1,84,3045.33688695609,120.524620108848
"D11",1,85,1627.81235767051,183.302027651882
"D11",1,86,2976.32733089801,193.099316834126
"D11",1,87,3319.53692516497,107.234138265299
"D11",1,88,4076.02610965459,119.614885487461
"D11",1,89,3841.60390278207,147.902556887657
"D11",1,90,2336.26757276306,159.753265391966
"D11",1,91,3469.13529704713,121.768570347886
"D11",1,92,4361.9739726233,179.243822644804
"D11",1,93,4645.95194926974,118.886324851637
"D11",1,94,3902.74219590988,127.722107224652
"D11",1,95,3574.27384048708,170.304223728455
"D11",1,96,3158.73716005885,112.975581256127
"D11",1,97,2239.63839331412,138.18792295788
"D11",1,98,2348.64872399481,134.293684471874
"D11",1,99,2958.47315294779,127.180494800853
"D11",1,100,4086.00952497405,113.739214519839
"D11",1,101,3412.71364129534,135.581570375862
"D11",1,102,3681.90936523893,179.762979130011
"D11",1,103,3429.50180004068,144.324691008259
"D11",1,104,3978.0078293863,116.868232266953
"D11",1,105,4071.31505017713,195.789181241693
"D11",1,106,2507.89304121563,180.149909854288
"D11",1,107,3725.96006566505,199.222205676829
"D11",1,108,3370.67794747438,235.367783338582
"D11",1,109,2399.12207293744,153.393179502292
"D11",1,110,3663.95179983399,160.97813340653
"D11",1,111,3986.07062428216,73.2756885374248
"D11",1,112,2399.59701853128,144.82504209618
"D11",1,113,2810.95405943835,122.290661385032
"D11",1,114,3214.74453520998,147.700533884712
"D11",1,115,3493.47227246709,208.986674843082
"D11",1,116,3899.89835373426,196.562953834884
"D11",1,117,3480.77616717639,125.027343015715
"D11",1,118,2276.99580910552,144.18871084811
"D11",1,119,4345.69734801697,80.7356117630442
"D11",1,120,3114.91290362675,271.733366508571
"D11",1,121,3139.83012772208,154.54092770412
"D11",1,122,4518.23603077401,253.738063890463
"D11",1,123,3444.97698345594,170.683325419091
"D11",1,124,4324.63407894048,135.754661324273
"D11",1,125,2375.27978748649,69.3058108054003
"D11",1,126,3400.8311542859,152.736936620319
"D11",1,127,2653.94770630208,146.498682160127
"D11",1,128,3521.80503069696,152.296338213304
"D11",1,129,3308.72320724414,154.827514687605
"D11",1,130,4377.54616412014,118.401282178092
"D11",1,131,2096.85661520402,102.21415530497
"D11",1,132,3279.74760377317,186.993027075279
"D11",1,133,2780.0532425011,245.518383627958
"D11",1,134,4175.42280242656,167.22650642231
"D11",1,135,2254.45536512897,65.4853439144099
"D11",1,136,4126.23848195813,143.601966658902
"D11",1,137,2277.60199953658,150.867882609432
"D11",1,138,2198.05512528619,115.590896569229
"D11",1,139,4128.50261617239,119.341454519622
"D11",1,140,2796.03714617007,187.768524194365
"D11",1,141,2917.49390522957,189.120451092516
"D11",1,142,3418.45843823398,189.775773025574
"D11",1,143,3135.05256482608,94.6545504324907
"D11",1,144,2342.27406039477,118.00388629491
"D11",1,145,4159.22592032658,195.503902785114
"D11",1,146,3352.28703624065,89.772699446696
"D11",1,147,2789.41255892979,165.771980362575
"D11",1,148,1063.11753720586,165.4751200487
"D11",1,149,3436.6620899845,210.17532884101
"D11",1,150,2093.0608862473,181.264190391908
"D11",1,151,4172.91852783788,150.71511278245
"D11",1,152,2755.81228430893,127.211840872577
"D11",1,153,3964.45475054523,142.503486345747
"D11",1,154,3226.37171375034,128.968074676716
"D11",1,155,3278.22348328751,173.730945471826
"D11",1,156,2068.77656324483,119.701783657937
"D11",1,157,2117.56342463544,152.036767871038
"D11",1,158,2475.15245109899,187.327314862731
"D11",1,159,1963.34205020596,117.366496658908
"D11",1,160,3792.93883345824,175.295169859406
"D11",1,161,2382.68777550768,149.695103108555
"D11",1,162,3097.46685598116,137.424964900394
"D11",1,163,2949.15897705008,160.335420793342
"D11",1,164,3401.22220854576,130.205069238013
"D11",1,165,2638.95618024249,129.060847211961
"D11",1,166,2904.43856706917,187.069569130733
"D11",1,167,2720.80026914741,163.809729434745
"D11",1,168,3301.29939861355,141.677929538352
"D11",1,169,3930.75328759939,197.742024312211
"D11",1,170,5104.95885765194,176.30314751694
"D11",1,171,2977.30143066607,143.070279324994
"D11",1,172,2405.59410422952,112.847383571448
"D11",1,173,2460.86956629437,216.271557146857
"D11",1,174,4261.79459959649,161.47200321497
"D11",1,175,3723.41477359015,204.163324942826
"D11",1,176,4425.0832097952,175.689401656467
"D11",1,177,3929.71809415326,77.6152584542856
"D11",1,178,1938.30822879379,180.045754339577
"D11",1,179,4028.29444107394,125.062124595218
"D11",1,180,2454.29167141992,95.3041544655336
"D11",1,181,1882.79351268803,217.947172523768
"D11",1,182,3009.54714194021,193.203293261441
"D11",1,183,2566.02506137931,183.454147018728
"D11",1,184,3654.66213999854,286.695192948596
"D11",1,185,3911.76764109422,149.750377715071
"D11",1,186,2950.7218871605,51.3725048961819
"D11",1,187,3688.64992264997,134.108058181814
"D11",1,188,2587.19879684775,208.285017386469
"D11",1,189,2088.86680508199,161.016687830967
"D11",1,190,2767.91377849164,15
"D11",1,191,2717.06802528642,214.833359478087
"D11",1,192,3634.63380991394,172.349341674629
"D11",1,193,2741.24440271046,102.10875222778
"D11",1,194,2951.19196408754,175.692540005089
"D11",1,195,3051.50251813223,119.74457235483
"D11",1,196,3348.17708935031,130.472359126837
"D11",1,197,2878.32328260897,198.04577553464
"D11",1,198,3531.09268249305,166.029996478912
"D11",1,199,2745.10196649928,93.1930868127948
"D11",1,200,2653.98865743135,131.958437801839
"D11",1,201,3153.00395824742,144.498352674706
"D11",1,202,2810.23807581209,165.025385923546
"D11",1,203,2489.65759316152,163.455593449551
"D11",1,204,3916.90832438332,105.255866628875
"D11",1,205,3323.51970677039,90.7257648235931
"D11",1,206,3005.33769979333,112.060763189917
"D11",1,207,1687.77709605738,170.981853920904
"D11",1,208,3159.25826011132,266.279194830691
"D11",1,209,3395.73750327751,232.347895072825
"D11",1,210,3306.50797393304,216.462034006475
"D11",1,211,2956.62555752289,163.481465868056
"D11",1,212,3661.34381621536,112.012134268706
"D11",1,213,3931.88258132493,159.488030626105
"D11",1,214,3468.68914293667,133.148173825843
"D11",1,215,2315.60589676067,156.313852275151
"D11",1,216,3438.80407062608,118.896871868469
"D11",1,217,3610.27763889577,229.497492550703
"D11",1,218,4399.29447697121,119.856190283761
"D11",1,219,3595.10992008975,189.409048677043
"D11",1,220,2936.04063544488,144.031412893945
"D11",1,221,3938.75433558447,275.363364347709
"D11",1,222,4081.33765994085,169.645829898726
"D11",1,223,2829.58999823342,155.599758897778
"D11",1,224,3576.39236016726,141.630616991289
"D11",1,225,2568.50097378197,164.995563549599
"D11",1,226,3957.74858460552,174.267678983384
"D11",1,227,1893.21010214321,124.960443933401
"D11",1,228,4445.1377789593,211.821627440705
"D11",1,229,2862.52537385425,35.4293707029392
"D11",1,230,4064.09277510346,157.83636567072
"D11",1,231,3093.728011033,163.306374732952
"D11",1,232,3546.25376665161,173.976732926511
"D11",1,233,4531.13727725499,192.975453966461
"D11",1,234,3118.96049758283,239.619080934888
"D11",1,235,2547.41225239359,210.517383722656
"D11",1,236,3324.90466624558,197.021334318023
"D11",1,237,3121.24798595917,194.276644855979
"D11",1,238,3274.77163551206,139.605367298526
"D11",1,239,3711.89534905913,208.018716234653
"D11",1,240,3797.07059386935,201.078372950796
"D11",1,241,3164.17022444392,57.1432557666483
"D11",1,242,3099.12581026827,119.182469498404
"D11",1,243,3252.61850453861,143.289010900323
"D11",1,244,3478.87258786491,158.697183458889
"D11",1,245,3106.31493990692,109.339086752451
"D11",1,246,3343.110472313,135.764421221052
"D11",1,247,3121.73814062991,195.749272503511
"D11",1,248,3336.54406574976,162.268536142475
"D11",1,249,2845.85290980965,151.702654573124
"D11",1,250,3377.42941635314,139.832005712665
"D11",1,251,2519.26628461943,224.056954040071
"D11",1,252,3117.2637971204,213.77152444037
"D11",1,253,3894.67221962837,207.337464049188
"D11",1,254,4062.87900005142,185.575668458264
"D11",1,255,1786.21825119035,160.802847417979
"D11",1,256,2369.98014255275,192.958920078567
"D11",1,257,1820.38985046152,155.855053542247
"D11",1,258,2793.08565707525,110.152865337223
"D11",1,259,3174.05815397999,134.970554434786
"D11",1,260,3112.23342520585,183.925605131083
"D11",1,261,2557.72960307828,135.713653874966
"D11",1,262,3490.15840474322,204.575759989269
"D11",1,263,2932.53790887205,235.777189369577
"D11",1,264,3032.21355839576,153.670982160569
"D11",1,265,3733.44640200297,170.394132322057
"D11",1,266,2784.22816904985,223.545973182301
"D11",1,267,2651.64285644904,105.536141165363
"D11",1,268,4030.5602611262,141.601778802387
"D11",1,269,1332.6881639337,201.254505106804
"D11",1,270,3014.65844678748,82.2418967286998
"D11",1,271,3556.29995721173,224.752870768064
"D11",1,272,2373.89103650552,184.893494882046
"D11",1,273,1841.14384533365,242.900598209579
"D11",1,274,3155.95376697745,147.671561005545
"D11",1,275,2915.6314346088,101.088089599177
"D11",1,276,2605.8299733719,191.010368601717
"D11",1,277,3408.82588371606,151.460371454734
"D11",1,278,3336.85535701421,120.052622652292
"D11",1,279,2640.51464242012,178.683581809502
"D11",1,280,3811.55134261148,194.424030055125
"D11",1,281,2992.21140709998,105.423226322919
"D11",1,282,3514.17894351282,183.48199908295
"D11",1,283,2798.32692241113,147.253826844068
"D11",1,284,3555.21250953407,154.606229515294
"D11",1,285,3778.99031811805,183.626858619791
"D11",1,286,2919.8741729999,208.876233869779
"D11",1,287,3568.75649988403,183.055826223112
"D11",1,288,4456.65081104482,206.825140200662
"D11",1,289,1806.17128345389,172.200496989689
"D11",1,290,2775.12980920464,86.0604422405649
"D11",1,291,2864.02286864781,175.317617716381
"D11",1,292,1522.48644323125,205.869046581299
"D11",1,293,2988.35254597102,223.192205910316
"D11",1,294,3385.50720535064,235.18799165662
"D11",1,295,4571.71516709221,130.842949317419
"D11",1,296,2886.80099627354,160.442247247974
"D11",1,297,4039.3978458274,186.312037328582
"D11",1,298,3137.12404085306,115.0248799529
"D11",1,299,4647.58113125218,92.4023529267625
"D11",1,300,3161.36451522565,193.162551431447
"D11",1,301,2580.21510688674,189.292543249078
"D11",1,302,2932.58740749465,240.113914951856
"D11",1,303,3660.98439330164,150.277461050901
"D11",1,304,3108.57260794907,193.736526671435
"D11",1,305,3916.81665057503,112.829741214148
"D11",1,306,2143.47877744758,75.1512563352517
"D11",1,307,1945.63612758673,225.88908715846
"D11",1,308,4396.77904675039,55.699023886755
"D11",1,309,2216.76457301886,155.398425430352
"D11",1,310,3119.01166142841,206.686813681297
"D11",1,311,2218.8236733125,58.4758827259881
"D11",1,312,3561.42963219902,132.028184347235
"D11",1,313,3747.56794340262,174.884890173892
"D11",1,314,3173.61998050236,205.899063012352
"D11",1,315,3140.74175235133,117.085265175819
"D11",1,316,3004.2473667686,143.492671954138
"D11",1,317,2961.50692542869,190.077499173233
"D11",1,318,4078.26659266024,202.819373477171
"D11",1,319,3805.78570631749,118.697754407592
"D11",1,320,4242.69076433532,121.458751648563
"D11",1,321,2782.49069724325,191.126387031653
"D11",1,322,4462.14755982746,185.646509743619
"D11",1,323,3697.0528233686,263.160789924413
"D11",1,324,3170.12625476656,137.141198338094
"D11",1,325,3248.88694545004,212.539686097814
"D11",1,326,1804.68688857667,91.9662180552722
"D11",1,327,3131.87119942662,71.2577245049017
"D11",1,328,3031.34800686874,248.705389790849
"D11",1,329,3373.52802518692,160.352873315858
"D11",1,330,1524.80078212013,188.739880219821
"D11",1,331,3835.79961560511,126.498116475137
"D12",1,1,2940.2754101657,78.2410390671902
"D12",1,2,3528.9667866318,175.828160353028
"D12",1,3,2751.79084621587,134.433787594447
"D12",1,4,3851.18136820109,166.421882709059
"D12",1,5,3856.13705172887,115.517403966036
"D12",1,6,3935.20555959472,169.374381364579
"D12",1,7,2600.05670881928,185.372937451029
"D12",1,8,3920.93881056395,174.517153832467
"D12",1,9,3745.46159804759,161.593719806048
"D12",1,10,3645.35972031334,154.219364217357
"D12",1,11,4865.6464723629,165.937792100913
"D12",1,12,2728.02854634734,191.847284067288
"D12",1,13,1611.66436805997,156.913699621433
"D12",1,14,3124.50945420306,128.939950773112
"D12",1,15,3186.13052581227,213.953996177138
"D12",1,16,3013.19147137915,256.618497945727
"D12",1,17,2405.9797850875,128.736677292417
"D12",1,18,4017.52152461239,84.5091658269384
"D12",1,19,4805.82878397352,122.777625332045
"D12",1,20,2695.31606305875,129.384556731129
"D12",1,21,3988.80190545045,89.9128180931061
"D12",1,22,3683.29825926111,187.63802468665
"D12",1,23,3152.55664288945,97.291144568288
"D12",1,24,3190.5989246126,136.332643312171
"D12",1,25,2559.19081338401,125.202601279878
"D12",1,26,1946.10253879384,197.234202977724
"D12",1,27,3395.02538151601,141.742876880132
"D12",1,28,3734.08858053125,101.262216281351
"D12",1,29,3400.92620504034,232.119838708677
"D12",1,30,2837.91653966622,170.351038499399
"D12",1,31,3567.02313215774,164.102377734171
"D12",1,32,2167.79122873393,264.873957032882
"D12",1,33,3969.12357493895,126.366631750012
"D12",1,34,3577.88972283374,229.255358792268
"D12",1,35,3249.58880915125,146.276186979341
"D12",1,36,3666.72766549883,178.138398014041
"D12",1,37,1871.51892985556,118.093899838975
"D12",1,38,2010.08939473534,257.648848458167
"D12",1,39,3789.6545440385,205.296422829803
"D12",1,40,3568.22219817137,174.280633518497
"D12",1,41,3022.28568748171,175.174932698475
"D12",1,42,3476.93359416323,152.620656416821
"D12",1,43,2904.54160682871,84.3095862885944
"D12",1,44,2532.72991264707,124.504722151357
"D12",1,45,2496.6154038552,139.10727337136
"D12",1,46,3365.787922686,147.079259466981
"D12",1,47,3409.53605162809,169.949944953953
"D12",1,48,3553.04351153979,199.799639687793
"D12",1,49,3117.07920957904,183.810266754285
"D12",1,50,3341.26135042615,136.388301719251
"D12",1,51,3551.60119093274,208.975880739494
"D12",1,52,3095.61198576691,156.942117078616
"D12",1,53,4518.31595553101,150.838913940762
"D12",1,54,2307.70321465776,224.479666903849
"D12",1,55,4322.06850674095,154.045830211762
"D12",1,56,3020.09740404616,136.741205922331
"D12",1,57,4019.89561969651,186.332730122178
"D12",1,58,2566.9026008692,189.540783065343
"D12",1,59,2599.85073427606,58.7881641563257
"D12",1,60,3221.42864606854,125.010902938026
"D12",1,61,3620.60674753448,152.4554595696
"D12",1,62,1439.63981094062,199.442004486829
"D12",1,63,2737.08724031944,144.72472950248
"D12",1,64,3327.93827819865,252.706525326723
"D12",1,65,3422.72435511403,262.399362946521
"D12",1,66,3696.89622189653,178.544543936536
"D12",1,67,2899.51957714804,237.469012206068
"D12",1,68,3357.04958097329,163.734480007729
"D12",1,69,3337.30864679252,179.922205427946
"D12",1,70,3219.33020600737,208.460322737018
"D12",1,71,3281.28690815153,225.503092973155
"D12",1,72,3482.13245626306,213.784554124517
"D12",1,73,3456.52646409541,184.49788116364
"D12",1,74,4092.50648642014,227.963021252979
"D12",1,75,3171.58317630953,235.521721516493
"D12",1,76,4509.97399854536,82.2133382362728
"D12",1,77,4210.99180064429,113.891712082901
"D12",1,78,2407.79706316941,111.786066393762
"D12",1,79,3421.2937966521,205.149943527845
"D12",1,80,3043.59796552214,64.2542371597323
"D12",1,81,3906.2392877087,93.1789507918351
"D12",1,82,3560.43464173025,97.2556836686468
"D12",1,83,2917.61631774738,158.186831551121
"D12",1,84,3459.01300338715,236.387155512772
"D12",1,85,4576.61753888788,119.796980256152
"D12",1,86,4822.54660479724,106.888343632485
"D12",1,87,4326.62686703848,150.458029869704
"D12",1,88,4600.62622849102,15
"D12",1,89,2835.90200570691,198.088370059205
"D12",1,90,3378.21388552057,148.783887076228
"D12",1,91,3983.98229582066,20.1872599411842
"D12",1,92,2371.22300308801,166.290955660646
"D12",1,93,2912.83356902899,163.615736994753
"D12",1,94,3858.65867911676,158.697162363678
"D12",1,95,3633.38090247272,160.035761916935
"D12",1,96,3134.9808967475,207.475241177018
"D12",1,97,4276.9410574544,132.913255155893
"D12",1,98,4117.25030145704,84.0753099946333
"D12",1,99,4370.26542957742,265.886838658164
"D12",1,100,2222.76693548703,154.123597405054
"D12",1,101,2475.70463793557,193.697329514908
"D12",1,102,3472.74996847538,139.272654380493
"D12",1,103,4107.38901760991,157.852436104332
"D12",1,104,3729.58123988548,108.000939177591
"D12",1,105,3149.55421392413,128.513173912497
"D12",1,106,3415.61786372565,101.207190670176
"D12",1,107,2843.37196686006,215.207430058666
"D12",1,108,1584.29528876736,234.624459507683
"D12",1,109,3559.50323643276,131.423361294923
"D12",1,110,3781.85092339787,135.49659784207
"D12",1,111,3423.34345178026,155.886249866971
"D12",1,112,2568.84620323637,250.45416610078
"D12",1,113,3079.57971158295,174.53242591905
"D12",1,114,3654.038943102,137.296539755842
"D12",1,115,3459.42940570706,117.059490226813
"D12",1,116,4443.48436025565,192.068529876384
"D12",1,117,3429.43606638949,87.5608179662725
"D12",1,118,2588.79858986422,164.337220124068
"D12",1,119,2647.47080931142,156.101529087172
"D12",1,120,3452.1101604597,144.441963492661
"D12",1,121,4406.36661156112,225.107148741335
"D12",1,122,1206.84819856652,241.001836606124
"D12",1,123,3585.07263621826,167.711328749355
"D12",1,124,3720.09357146704,172.450160584384
"D12",1,125,3935.25030175658,83.9625200637639
"D12",1,126,1761.53089035648,176.525445764768
"D12",1,127,4163.48789883159,108.04167025353
"D12",1,128,3352.62766964257,142.766877904061
"D12",1,129,2230.19109562566,217.967991714757
"D12",1,130,3584.18359580418,143.502173492504
"D12",1,131,3330.68135094233,226.910743589898
"D12",1,132,2808.08627800316,58.155301060979
"D12",1,133,3733.39671831608,174.067618583253
"D12",1,134,2911.36398969616,163.622526539803
"D12",1,135,2820.35973634546,107.885897134315
"D12",1,136,2328.18446200852,176.809103374981
"D12",1,137,2044.08316014934,150.542151004239
"D12",1,138,3204.07365441917,210.853934693051
"D12",1,139,3395.66881594703,172.002802922961
"D12",1,140,3543.40893436031,176.566943259517
"D12",1,141,3026.24173563112,144.12745620287
"D12",1,142,3407.9856859189,96.6529827874383
"D12",1,143,3535.67830050907,183.217808817263
"D12",1,144,3678.11510144781,134.403457237804
"D12",1,145,3370.02033045525,240.800203427064
"D12",1,146,3692.56978546697,177.127691645119
"D12",1,147,4006.96428649641,168.490317664833
"D12",1,148,3088.78956874464,190.800629640464
"D12",1,149,2248.57386161163,152.587141378127
"D12",1,150,2858.13832234333,84.9438109673365
"D12",1,151,5647.02628711512,194.917162879125
"D12",1,152,3440.81989608314,87.4624819212951
"D12",1,153,4072.45639470791,215.060574149656
"D12",1,154,2852.77819800597,208.188716156582
"D12",1,155,2462.2792925286,52.2531155360808
"D12",1,156,3978.2314773786,81.5059335587345
"D12",1,157,2882.31024527571,185.133725320754
"D12",1,158,2479.5911639051,119.79860187785
"D12",1,159,4377.7261856142,274.008784484338
"D12",1,160,2631.75954394367,190.634596477371
"D12",1,161,1570.77901847301,191.359923076697
"D12",1,162,4171.58691957591,206.992784716671
"D12",1,163,2275.33013844746,187.636309008079
"D12",1,164,4064.89424381155,259.449227008195
"D12",1,165,3066.23474319702,161.380675559219
"D12",1,166,2689.81300029706,188.748033291236
"D12",1,167,3649.06729965398,67.6339826628128
"D12",1,168,2891.09406873465,220.47431630327
"D12",1,169,2173.38365574056,147.706720057836
"D12",1,170,3738.11303458758,192.402773641233
"D12",1,171,3172.34904068302,102.602824683632
"D12",1,172,2320.96777519387,203.401287345126
"D12",1,173,2207.35149254329,195.097231096652
"D12",1,174,2758.37550254093,137.192044562065
"D12",1,175,2965.67532599189,134.963757178922
"D12",1,176,4298.49846741017,246.536668088572
"D12",1,177,2722.72273543133,178.598413576516
"D12",1,178,2734.43013295305,124.775136369428
"D12",1,179,4092.20667027144,186.868845274421
"D12",1,180,2570.30403306371,96.6832298917148
"D12",1,181,2413.34162081759,161.59635043421
"D12",1,182,2987.61706571177,80.4545612359237
"D12",1,183,2772.57733528941,136.550765815616
"D12",1,184,2865.9471864654,78.1800213121735
"D12",1,185,3679.26702058503,114.870438675319
"D12",1,186,3060.31885408459,238.870572675058
"D12",1,187,2745.36693535657,258.520267670991
"D12",1,188,3404.69216565523,145.648080500596
"D12",1,189,3151.83316143654,193.269588925567
"D12",1,190,3008.60699163861,118.240666523099
"D12",1,191,3672.85608693548,168.231094376262
"D12",1,192,2665.28108512586,100.635084199068
"D12",1,193,4005.21398555944,229.766854432117
"D12",1,194,2321.36062392282,127.480430846836
"D12",1,195,4236.79731924928,172.855539079011
"D12",1,196,2806.60635922233,186.438437629401
"D12",1,197,3667.06867427506,97.921543781114
"D12",1,198,4061.31153182588,188.923208326348
"D12",1,199,3122.67630907516,210.654273776447
"D12",1,200,2895.36509907819,75.8255378578847
"D12",1,201,3023.61604306803,270.1136743012
"D12",1,202,2240.72723943134,123.415354483148
"D12",1,203,3488.25912107615,175.459201304179
"D12",1,204,691.467120639988,141.626872140921
"D12",1,205,4278.71249806965,137.835546591794
"D12",1,206,2555.22770522039,135.844098367436
"D12",1,207,3353.22260236778,232.823661381823
"D12",1,208,5127.08563215754,180.726865722597
"D12",1,209,2310.76411248216,211.578314573879
"D12",1,210,2982.65278860417,240.836948546249
"D12",1,211,3016.95125255649,230.455334760422
"D12",1,212,2663.66551772311,40.6889596048447
"D12",1,213,2656.70927234873,176.202970930458
"D12",1,214,3326.48138754498,202.158155077265
"D12",1,215,3095.36797400787,66.1430050225301
"D12",1,216,3193.92372492798,78.7907414440072
"D12",1,217,2786.85309686234,165.265414007271
"D12",1,218,5206.37471331555,161.763767046495
"D12",1,219,3120.06100890248,55.6721683277024
"D12",1,220,3706.22202825334,106.373802780809
