"WellName","FieldIndex","ObjectNumber","(Virus) MeanIntensity CH2"
"C3",1,1,456.810825125638
"C3",1,2,264.115285227379
"C3",1,3,494.468074548122
"C3",1,4,216.253253921656
"C3",1,5,128.446030459728
"C3",1,6,86.4783865337608
"C3",1,7,452.48603299287
"C3",1,8,356.584653356655
"C3",1,9,304.349373206177
"C3",1,10,284.766393558573
"C3",1,11,510.350654648812
"C3",1,12,464.13746048711
"C3",1,13,199.55123465609
"C3",1,14,153.077962062053
"C3",1,15,450.235505711584
"C3",1,16,387.273416722081
"C3",1,17,258.682281789234
"C3",1,18,367.574235868532
"C3",1,19,77.2122675306366
"C3",1,20,240.183023247986
"C3",1,21,372.200864663132
"C3",1,22,311.250603317125
"C3",1,23,166.17348270616
"C3",1,24,441.831935681236
"C3",1,25,459.567120704242
"C3",1,26,207.19521938516
"C3",1,27,297.744004505238
"C3",1,28,407.67367273523
"C3",1,29,423.64698112624
"C3",1,30,256.550286243816
"C3",1,31,214.575219251828
"C3",1,32,361.409048821446
"C3",1,33,90.0778138364392
"C3",1,34,205.990689278196
"C3",1,35,412.830455246893
"C3",1,36,115.544191338284
"C3",1,37,175.906744786083
"C3",1,38,291.105792366276
"C3",1,39,283.751179863535
"C3",1,40,109.514629077526
"C3",1,41,381.12546102691
"C3",1,42,197.425239549948
"C3",1,43,301.032927511614
"C3",1,44,296.411335159885
"C3",1,45,403.595448899742
"C3",1,46,312.082224834367
"C3",1,47,303.878241734209
"C3",1,48,518.568901280266
"C3",1,49,364.627385842438
"C3",1,50,394.824855513212
"C3",1,51,376.987835219684
"C3",1,52,388.596155197429
"C3",1,53,480.288376044559
"C3",1,54,313.147500684009
"C3",1,55,349.141273570692
"C3",1,56,556.356095937712
"C3",1,57,256.395402388463
"C3",1,58,474.921077544348
"C3",1,59,247.150616471321
"C3",1,60,525.216761038428
"C3",1,61,240.050314428721
"C3",1,62,222.275326794169
"C3",1,63,444.368314933943
"C3",1,64,435.791783913549
"C3",1,65,386.20530049521
"C3",1,66,352.782623520834
"C3",1,67,349.023176401028
"C3",1,68,566.571284725581
"C3",1,69,148.09586057383
"C3",1,70,201.639641953608
"C3",1,71,166.503185251269
"C3",1,72,435.290658845161
"C3",1,73,290.522967759936
"C3",1,74,304.398985292384
"C3",1,75,533.996818200696
"C3",1,76,250.516825665856
"C3",1,77,562.735352149194
"C3",1,78,150.867102362764
"C3",1,79,478.140273565819
"C3",1,80,358.774520308979
"C3",1,81,273.367937601005
"C3",1,82,299.259571593551
"C3",1,83,480.67696013347
"C3",1,84,524.456704685226
"C3",1,85,118.583861473839
"C3",1,86,730.531353002846
"C3",1,87,629.353118525333
"C3",1,88,256.961379841326
"C3",1,89,312.274171375168
"C3",1,90,240.374317335599
"C3",1,91,308.839869369177
"C3",1,92,408.7831325895
"C3",1,93,332.403537791667
"C3",1,94,343.04083978452
"C3",1,95,497.456912323567
"C3",1,96,55.535782570298
"C3",1,97,261.026834311781
"C3",1,98,337.330072551547
"C3",1,99,226.027923521878
"C3",1,100,447.315948834445
"C3",1,101,266.539322945357
"C3",1,102,268.498381547268
"C3",1,103,462.681416063582
"C3",1,104,420.11528876738
"C3",1,105,301.963102656311
"C3",1,106,280.669144065625
"C3",1,107,146.220165177921
"C3",1,108,236.325849853805
"C3",1,109,631.818827855585
"C3",1,110,315.510198363914
"C3",1,111,429.619026853198
"C3",1,112,297.856820208233
"C3",1,113,393.178915539374
"C3",1,114,313.672782921443
"C3",1,115,483.670634681775
"C3",1,116,259.563989943874
"C3",1,117,114.912779758196
"C3",1,118,427.825961975324
"C3",1,119,291.471916820682
"C3",1,120,495.60890966363
"C3",1,121,334.925391977517
"C3",1,122,494.448901259973
"C3",1,123,362.027235140891
"C3",1,124,278.116942440827
"C3",1,125,407.071832938379
"C3",1,126,264.891388445424
"C3",1,127,522.171107750472
"C3",1,128,337.590082016421
"C3",1,129,76.417148848449
"C3",1,130,263.339590387277
"C3",1,131,124.115368785555
"C3",1,132,58.5973632686477
"C3",1,133,327.105038130513
"C3",1,134,397.743276403716
"C3",1,135,228.628773360162
"C3",1,136,160.538920865127
"C3",1,137,247.756310332596
"C3",1,138,133.936967317942
"C3",1,139,404.360215418008
"C3",1,140,388.940360612997
"C3",1,141,128.565018852054
"C3",1,142,245.111736611515
"C3",1,143,445.665926610753
"C3",1,144,299.832891760631
"C3",1,145,321.141907095786
"C3",1,146,370.06882687736
"C3",1,147,395.220103601692
"C3",1,148,464.749176645031
"C3",1,149,412.707844233635
"C3",1,150,154.691952312218
"C3",1,151,276.508768962178
"C3",1,152,356.275819495614
"C3",1,153,306.910414865824
"C3",1,154,58.5001662555287
"C3",1,155,229.026233000674
"C3",1,156,441.74613815877
"C3",1,157,338.965659447822
"C3",1,158,143.292747486234
"C3",1,159,345.911144747544
"C3",1,160,300.955103215058
"C3",1,161,400.622464808134
"C3",1,162,572.787032210116
"C3",1,163,138.091984272457
"C3",1,164,259.392377361104
"C3",1,165,303.348447158912
"C3",1,166,63.6553999539478
"C3",1,167,316.253600484781
"C3",1,168,248.819715450508
"C3",1,169,588.272332229557
"C3",1,170,40
"C3",1,171,498.586540184898
"C3",1,172,440.962960122935
"C3",1,173,408.210995554436
"C3",1,174,337.617439126977
"C3",1,175,234.703964575496
"C3",1,176,452.675768093794
"C3",1,177,213.710352195729
"C3",1,178,403.371418143425
"C3",1,179,368.316702237756
"C3",1,180,449.14858357222
"C3",1,181,248.414428221381
"C3",1,182,250.281484642757
"C3",1,183,356.249187657465
"C3",1,184,356.68221866172
"C3",1,185,484.87980248027
"C3",1,186,378.247931406328
"C3",1,187,337.380804721718
"C3",1,188,421.114381269854
"C3",1,189,254.767062108469
"C3",1,190,451.156627553491
"C3",1,191,197.295007536609
"C3",1,192,360.577684564745
"C3",1,193,115.178508366472
"C3",1,194,349.573910984801
"C3",1,195,131.844424262956
"C3",1,196,292.22180660416
"C3",1,197,109.105345992025
"C3",1,198,243.24562041215
"C3",1,199,226.859970807886
"C3",1,200,386.572958358556
"C3",1,201,250.145344389715
"C3",1,202,227.768587775294
"C3",1,203,466.581882537771
"C3",1,204,520.300449160649
"C3",1,205,451.21764610523
"C3",1,206,141.050899383026
"C3",1,207,473.198369911431
"C3",1,208,172.575491511236
"C3",1,209,311.365877362183
"C3",1,210,408.134984397528
"C3",1,211,294.333550353197
"C3",1,212,301.952863565862
"C3",1,213,335.045891147666
"C3",1,214,371.342962652783
"C3",1,215,369.362081488791
"C3",1,216,112.836649536004
"C3",1,217,298.922211912813
"C3",1,218,354.420622784597
"C3",1,219,390.888801396722
"C3",1,220,281.916765900484
"C3",1,221,235.681803147899
"C3",1,222,155.889463808482
"C3",1,223,232.54313012962
"C3",1,224,305.417008922849
"C3",1,225,243.775274135217
"C3",1,226,391.364322574469
"C3",1,227,364.100147707731
"C3",1,228,126.951387837647
"C3",1,229,358.079821375799
"C3",1,230,385.004558986153
"C3",1,231,288.640761210258
"C3",1,232,316.820508564036
"C3",1,233,268.131403165552
"C3",1,234,284.793590865607
"C3",1,235,199.155184955922
"C3",1,236,371.024911956788
"C3",1,237,173.022008919741
"C3",1,238,249.144241360746
"C3",1,239,210.363431703381
"C3",1,240,215.4898742772
"C3",1,241,275.773323224771
"C3",1,242,261.769698068869
"C3",1,243,236.004574498156
"C3",1,244,289.587932386085
"C3",1,245,129.812287030498
"C3",1,246,333.324604102559
"C3",1,247,395.821539074822
"C3",1,248,166.028156955931
"C3",1,249,150.427925408839
"C3",1,250,587.839653213255
"C3",1,251,348.740868897526
"C3",1,252,326.383151228576
"C3",1,253,296.179105330758
"C3",1,254,379.117731334489
"C3",1,255,324.468927331188
"C3",1,256,254.490565717192
"C3",1,257,268.102871957355
"C3",1,258,278.661835239974
"C3",1,259,281.63967250731
"C3",1,260,229.796135168363
"C3",1,261,448.892182812911
"C3",1,262,331.258658679139
"C3",1,263,227.231980461411
"C3",1,264,390.94984819381
"C3",1,265,362.027417441376
"C3",1,266,303.490450258051
"C3",1,267,368.105824044808
"C3",1,268,211.234520565868
"C3",1,269,296.139169692552
"C3",1,270,200.101435480733
"C3",1,271,177.942747869168
"C3",1,272,280.232161978197
"C3",1,273,340.162976149818
"C3",1,274,210.439336317979
"C3",1,275,298.993024605865
"C3",1,276,100.346465493652
"C3",1,277,266.391529767833
"C3",1,278,460.480072967131
"C3",1,279,181.830092278433
"C3",1,280,176.848157594397
"C3",1,281,293.616624979149
"C3",1,282,384.160487957975
"C3",1,283,468.333099862435
"C3",1,284,638.448887432458
"C3",1,285,416.10718856897
"C3",1,286,400.57442318644
"C3",1,287,563.350894047913
"C3",1,288,283.889083535664
"C3",1,289,294.398071338719
"C3",1,290,350.392417953494
"C3",1,291,149.589434619137
"C3",1,292,99.7476013486416
"C3",1,293,536.814724884592
"C3",1,294,251.000510898754
"C3",1,295,265.054297184834
"C3",1,296,200.845308081268
"C3",1,297,337.288711599919
"C3",1,298,390.936862692283
"C3",1,299,292.566651455191
"C3",1,300,321.764563225685
"C3",1,301,434.167149791448
"C3",1,302,318.707830758345
"C3",1,303,252.638783338759
"C3",1,304,312.726790226419
"C3",1,305,218.92083847424
"C3",1,306,332.226570036744
"C3",1,307,212.248905902198
"C3",1,308,487.271053433201
"C3",1,309,40
"C3",1,310,368.155296297281
"C3",1,311,261.436733244691
"C3",1,312,558.457856977976
"C3",1,313,291.864388317523
"C3",1,314,377.820483247927
"C3",1,315,366.427276304521
"C3",1,316,349.720689120413
"C3",1,317,382.174380242079
"C3",1,318,559.689648066091
"C3",1,319,431.301058841681
"C3",1,320,343.57089786531
"C3",1,321,534.831946278493
"C3",1,322,389.983729902795
"C3",1,323,398.040031892199
"C3",1,324,469.40361783422
"C3",1,325,339.332795122396
"C3",1,326,407.058882974917
"C3",1,327,287.062373824128
"C3",1,328,334.980327847538
"C3",1,329,324.757115279295
"C3",1,330,243.232035496125
"C3",1,331,564.158386271583
"C3",1,332,252.93228807334
"C3",1,333,277.306470719357
"C3",1,334,478.930086842894
"C3",1,335,317.525332492523
"C3",1,336,460.175171262708
"C3",1,337,247.117145490223
"C3",1,338,318.459000883347
"C3",1,339,289.88757458883
"C3",1,340,203.706363151201
"C3",1,341,283.602565595959
"C3",1,342,241.367943240178
"C3",1,343,422.893678993646
"C3",1,344,285.081970037165
"C3",1,345,310.066255466684
"C3",1,346,220.658636863424
"C3",1,347,345.823880673312
"C3",1,348,126.567637171564
"C3",1,349,40
"C3",1,350,545.6127611919
"C3",1,351,410.871403690724
"C3",1,352,396.167436087253
"C3",1,353,51.6190081036408
"C3",1,354,401.255494043263
"C3",1,355,382.377712469366
"C3",1,356,310.681395032006
"C3",1,357,419.00465151845
"C3",1,358,454.468283684744
"C3",1,359,305.340368097566
"C3",1,360,553.440449319059
"C3",1,361,438.603523939977
"C3",1,362,466.926245754294
"C3",1,363,282.185886220084
"C3",1,364,304.26525732062
"C3",1,365,209.289749305532
"C3",1,366,368.884290257643
"C3",1,367,351.681372125661
"C3",1,368,330.954026473
"C3",1,369,238.31750853611
"C3",1,370,292.163660584282
"C3",1,371,558.213413931751
"C3",1,372,208.500877147373
"C3",1,373,271.269172084857
"C3",1,374,151.588093542505
"C3",1,375,171.112511890888
"C3",1,376,285.588175827778
"C3",1,377,273.045523785551
"C3",1,378,245.971812292091
"C3",1,379,227.138682856054
"C3",1,380,296.404769213723
"C3",1,381,456.082465174452
"C3",1,382,277.063857736799
"C3",1,383,166.015536365227
"C3",1,384,191.713783459918
"C3",1,385,79.4782821114642
"C3",1,386,114.738041333831
"C4",1,1,331.842124784664
"C4",1,2,149.899927341725
"C4",1,3,292.10448094924
"C4",1,4,331.215530853767
"C4",1,5,218.733404502509
"C4",1,6,430.647523833704
"C4",1,7,439.405405038852
"C4",1,8,509.909461410235
"C4",1,9,572.405995612191
"C4",1,10,291.794459034446
"C4",1,11,319.320750319364
"C4",1,12,398.407303455536
"C4",1,13,232.423403863616
"C4",1,14,524.14996158918
"C4",1,15,306.028772514581
"C4",1,16,328.467670932539
"C4",1,17,232.882826718137
"C4",1,18,487.670772863386
"C4",1,19,281.478781219073
"C4",1,20,334.090821894466
"C4",1,21,370.453858501906
"C4",1,22,517.679918894983
"C4",1,23,477.288834390594
"C4",1,24,428.2380914129
"C4",1,25,275.436921581288
"C4",1,26,351.179467096732
"C4",1,27,485.753849267614
"C4",1,28,347.952153530463
"C4",1,29,263.677129242869
"C4",1,30,512.269101946415
"C4",1,31,412.040849393258
"C4",1,32,441.236171186992
"C4",1,33,387.568427458841
"C4",1,34,188.719858664499
"C4",1,35,297.049516330285
"C4",1,36,306.815733700686
"C4",1,37,550.844850182062
"C4",1,38,286.757793951383
"C4",1,39,241.414614349307
"C4",1,40,154.919437211441
"C4",1,41,230.481814377311
"C4",1,42,324.433607166923
"C4",1,43,255.496804934036
"C4",1,44,505.852291119499
"C4",1,45,257.221228310885
"C4",1,46,236.501470080418
"C4",1,47,198.056462921137
"C4",1,48,425.524477849155
"C4",1,49,434.380852267855
"C4",1,50,153.288147827115
"C4",1,51,166.795010272775
"C4",1,52,430.062010689734
"C4",1,53,529.690866016704
"C4",1,54,223.779354769112
"C4",1,55,121.59029899829
"C4",1,56,334.974265241078
"C4",1,57,483.415980486028
"C4",1,58,227.024334071521
"C4",1,59,176.944865402203
"C4",1,60,489.822398607218
"C4",1,61,264.104562034784
"C4",1,62,245.226132201152
"C4",1,63,321.943276657006
"C4",1,64,295.935253753256
"C4",1,65,375.400130081794
"C4",1,66,463.937142124699
"C4",1,67,212.434886991377
"C4",1,68,123.563678353743
"C4",1,69,469.229782073902
"C4",1,70,578.849901300894
"C4",1,71,280.093176735818
"C4",1,72,432.763821132161
"C4",1,73,311.191645751061
"C4",1,74,179.806948037181
"C4",1,75,314.34565425953
"C4",1,76,440.134658789214
"C4",1,77,420.014598878494
"C4",1,78,370.390317996107
"C4",1,79,340.563914130629
"C4",1,80,376.771728790229
"C4",1,81,335.790623331965
"C4",1,82,265.943863753769
"C4",1,83,416.812778378596
"C4",1,84,370.158871366092
"C4",1,85,574.568403436879
"C4",1,86,349.511771636528
"C4",1,87,341.453038505652
"C4",1,88,479.219630906593
"C4",1,89,167.123938642707
"C4",1,90,435.896761797735
"C4",1,91,174.58781795976
"C4",1,92,446.074030533867
"C4",1,93,382.789717573337
"C4",1,94,380.012126983817
"C4",1,95,108.745876978317
"C4",1,96,181.354783305733
"C4",1,97,556.454143573043
"C4",1,98,318.618427335347
"C4",1,99,120.256974395797
"C4",1,100,295.585540230093
"C4",1,101,280.118930495084
"C4",1,102,539.05734649806
"C4",1,103,322.997036885181
"C4",1,104,548.205734625666
"C4",1,105,361.215384042037
"C4",1,106,183.301472985755
"C4",1,107,354.290725105507
"C4",1,108,267.460632422668
"C4",1,109,410.412351307485
"C4",1,110,344.596839881411
"C4",1,111,282.599283037794
"C4",1,112,545.80051702226
"C4",1,113,180.6002861193
"C4",1,114,170.093872185181
"C4",1,115,230.787019550611
"C4",1,116,281.689899038316
"C4",1,117,179.853691182783
"C4",1,118,409.542247856082
"C4",1,119,237.531781029116
"C4",1,120,293.59018479137
"C4",1,121,224.322110729127
"C4",1,122,398.350172147265
"C4",1,123,440.766799419992
"C4",1,124,337.946855932897
"C4",1,125,419.81699435679
"C4",1,126,252.368857067249
"C4",1,127,276.650424189804
"C4",1,128,370.813950693985
"C4",1,129,392.815139671973
"C4",1,130,136.71427287905
"C4",1,131,457.754016377452
"C4",1,132,245.896302135373
"C4",1,133,291.740443332789
"C4",1,134,317.231482511405
"C4",1,135,169.371004118749
"C4",1,136,408.615231110521
"C4",1,137,295.714469027373
"C4",1,138,328.201032674091
"C4",1,139,269.444766855183
"C4",1,140,377.961775685828
"C4",1,141,367.588533850065
"C4",1,142,442.345567030111
"C4",1,143,241.007968722885
"C4",1,144,475.831442665668
"C4",1,145,324.764385382266
"C4",1,146,138.883188144592
"C4",1,147,235.913335660006
"C4",1,148,387.988252416048
"C4",1,149,187.83469259401
"C4",1,150,95.8173985013844
"C4",1,151,288.36291547584
"C4",1,152,380.962391783637
"C4",1,153,435.444798717481
"C4",1,154,136.634168982385
"C4",1,155,398.604895987628
"C4",1,156,255.154794638303
"C4",1,157,210.685427949186
"C4",1,158,256.697033208602
"C4",1,159,304.694702515312
"C4",1,160,321.56380896222
"C4",1,161,301.179447702279
"C4",1,162,219.484657273625
"C4",1,163,350.883938425482
"C4",1,164,351.933858147309
"C4",1,165,344.667197337596
"C4",1,166,284.129730887636
"C4",1,167,338.696105400192
"C4",1,168,142.983955114359
"C4",1,169,236.52205443228
"C4",1,170,132.868875423493
"C4",1,171,210.098124965015
"C4",1,172,279.709865988823
"C4",1,173,558.364772111431
"C4",1,174,321.847211866911
"C4",1,175,294.632745362893
"C4",1,176,245.928471191879
"C4",1,177,223.019534701084
"C4",1,178,266.252976917501
"C4",1,179,460.3489588854
"C4",1,180,456.484872467841
"C4",1,181,282.251922336153
"C4",1,182,330.798399239563
"C4",1,183,347.913092506756
"C4",1,184,271.10440580738
"C4",1,185,302.992253279202
"C4",1,186,322.360260928168
"C4",1,187,452.335870670418
"C4",1,188,333.76911490432
"C4",1,189,416.761979471212
"C4",1,190,525.120454213408
"C4",1,191,257.51470882469
"C4",1,192,407.263037161762
"C4",1,193,249.937312248695
"C4",1,194,90.3692201955516
"C4",1,195,153.388710973448
"C4",1,196,319.974032583035
"C4",1,197,420.957130426408
"C4",1,198,336.920523577883
"C4",1,199,387.386703616347
"C4",1,200,560.388563066508
"C4",1,201,127.705993462836
"C4",1,202,523.023184112582
"C4",1,203,415.860708871096
"C4",1,204,382.684582600362
"C4",1,205,301.871199235711
"C4",1,206,374.983321292092
"C4",1,207,503.275191155804
"C4",1,208,350.017630079085
"C4",1,209,504.123754185024
"C4",1,210,375.477972933172
"C4",1,211,297.43761973452
"C4",1,212,318.8057138262
"C4",1,213,448.580307117047
"C4",1,214,165.082801119874
"C4",1,215,343.259638400353
"C4",1,216,366.377619387083
"C4",1,217,431.411522299157
"C4",1,218,146.280487840263
"C4",1,219,275.676348810811
"C4",1,220,396.010157212755
"C4",1,221,153.96073403611
"C4",1,222,501.68819836852
"C4",1,223,206.703140171894
"C4",1,224,294.66117102269
"C4",1,225,462.76616299123
"C4",1,226,451.279477518926
"C4",1,227,122.918670541959
"C4",1,228,448.534334227512
"C4",1,229,217.56622241586
"C4",1,230,245.407535300678
"C4",1,231,366.908044137202
"C4",1,232,197.569401918376
"C4",1,233,203.023575236076
"C4",1,234,196.345080753706
"C4",1,235,493.533706619339
"C4",1,236,244.299955115919
"C4",1,237,163.181194828719
"C4",1,238,88.1843768436279
"C4",1,239,225.528186762065
"C4",1,240,234.764915199081
"C4",1,241,202.44068220044
"C4",1,242,500.932127407535
"C4",1,243,532.309950548462
"C4",1,244,409.225544013612
"C4",1,245,432.536620831453
"C4",1,246,335.519438468288
"C4",1,247,517.423581393559
"C4",1,248,409.643217499581
"C4",1,249,504.87226428074
"C4",1,250,313.199902675844
"C4",1,251,342.47536559029
"C4",1,252,291.794292666912
"C4",1,253,441.158047887334
"C4",1,254,246.317513452189
"C4",1,255,381.302420241881
"C4",1,256,268.629523181823
"C4",1,257,192.871103889863
"C4",1,258,283.064539232881
"C4",1,259,399.60747056132
"C4",1,260,272.109297366238
"C4",1,261,209.942038987637
"C4",1,262,317.049558798662
"C4",1,263,336.151794396024
"C4",1,264,270.718323450928
"C4",1,265,250.919113998311
"C4",1,266,305.976513800892
"C4",1,267,393.839793108134
"C4",1,268,524.292799526973
"C4",1,269,258.80814830782
"C4",1,270,246.769084847222
"C4",1,271,218.715155091369
"C4",1,272,405.906827913356
"C4",1,273,372.787099019714
"C4",1,274,331.963298980424
"C4",1,275,569.273115760548
"C4",1,276,282.365596097244
"C4",1,277,227.29107132271
"C4",1,278,222.090661904009
"C4",1,279,266.731247026207
"C4",1,280,264.36000898622
"C4",1,281,179.063155123028
"C4",1,282,330.383545249386
"C4",1,283,247.742591596403
"C4",1,284,345.454420507953
"C4",1,285,295.036843555169
"C4",1,286,294.433855659552
"C4",1,287,396.694130538471
"C4",1,288,371.622744187765
"C4",1,289,260.576175656422
"C4",1,290,466.467683027906
"C4",1,291,213.746612646107
"C4",1,292,338.972164923175
"C4",1,293,105.931086262571
"C4",1,294,467.987005682948
"C4",1,295,422.216072249287
"C4",1,296,435.916212204331
"C4",1,297,362.458858382183
"C4",1,298,243.089292563533
"C4",1,299,422.128188156543
"C4",1,300,312.872589491623
"C4",1,301,424.345755160052
"C4",1,302,415.07416243208
"C4",1,303,256.903253331667
"C4",1,304,214.14817516616
"C4",1,305,212.395932752432
"C4",1,306,115.198560407308
"C4",1,307,492.562883515479
"C4",1,308,170.422491863076
"C4",1,309,497.606535216829
"C4",1,310,407.176358321641
"C4",1,311,129.735685266721
"C4",1,312,236.483833504513
"C4",1,313,565.654144056423
"C4",1,314,282.642829809603
"C4",1,315,149.433785406162
"C4",1,316,364.456290825018
"C4",1,317,429.493077273417
"C4",1,318,407.637268859518
"C4",1,319,261.071100415179
"C4",1,320,391.626978083965
"C4",1,321,479.415245695202
"C4",1,322,169.747288347263
"C4",1,323,328.02946727135
"C4",1,324,276.960942378539
"C4",1,325,191.668912228952
"C4",1,326,140.43959898429
"C4",1,327,180.439177552882
"C4",1,328,285.954752217235
"C4",1,329,202.783399422875
"C4",1,330,139.629376768376
"C4",1,331,377.52315934836
"C4",1,332,280.169272888352
"C4",1,333,363.382792165212
"C4",1,334,423.086539157324
"C4",1,335,222.126402053903
"C4",1,336,381.340827159626
"C4",1,337,198.738479336338
"C4",1,338,239.68839264332
"C4",1,339,137.025558597307
"C4",1,340,415.195305536881
"C4",1,341,134.545376212436
"C4",1,342,209.542134243855
"C4",1,343,263.861679688599
"C4",1,344,437.289049623267
"C4",1,345,274.495032701443
"C4",1,346,257.872995776832
"C4",1,347,487.049096569103
"C4",1,348,195.686435331512
"C4",1,349,346.070475044142
"C4",1,350,288.348854947209
"C4",1,351,618.273017308974
"C4",1,352,348.831956588085
"C4",1,353,565.714527039409
"C4",1,354,285.055485836441
"C4",1,355,184.207667737254
"C4",1,356,232.179405701287
"C4",1,357,297.950804101163
"C4",1,358,354.092772345994
"C4",1,359,202.048996140047
"C4",1,360,255.48458089365
"C4",1,361,212.068597294106
"C4",1,362,363.048638571448
"C4",1,363,341.926568584616
"C4",1,364,158.549579177602
"C4",1,365,221.709282888439
"C4",1,366,216.767771853136
"C4",1,367,318.429796067926
"C4",1,368,316.27122868242
"C4",1,369,480.839952268751
"C4",1,370,454.092912305095
"C4",1,371,278.783525960508
"C4",1,372,302.496165760451
"C4",1,373,280.459822248524
"C4",1,374,304.245012655385
"C4",1,375,307.006742607971
"C4",1,376,417.17330531307
"C4",1,377,293.154606328319
"C4",1,378,236.002494737974
"C4",1,379,423.76513737862
"C4",1,380,266.283544968797
"C4",1,381,308.118594029895
"C5",1,1,304.825713587507
"C5",1,2,279.957946767878
"C5",1,3,491.858538915113
"C5",1,4,575.915737208996
"C5",1,5,233.316955145666
"C5",1,6,174.168903355692
"C5",1,7,310.629528574816
"C5",1,8,145.686990504254
"C5",1,9,245.480634744716
"C5",1,10,307.732096608749
"C5",1,11,257.060652556706
"C5",1,12,522.151158818621
"C5",1,13,348.032471482879
"C5",1,14,334.745131062026
"C5",1,15,520.644841428859
"C5",1,16,501.259701105256
"C5",1,17,281.96850549903
"C5",1,18,321.444700937033
"C5",1,19,204.631589295078
"C5",1,20,237.565146730286
"C5",1,21,146.454279107094
"C5",1,22,398.454605651799
"C5",1,23,292.677560595701
"C5",1,24,387.540799836156
"C5",1,25,294.614910787868
"C5",1,26,144.478144215698
"C5",1,27,192.704285300625
"C5",1,28,409.531007485996
"C5",1,29,228.212629104582
"C5",1,30,149.170971308583
"C5",1,31,125.647540100595
"C5",1,32,248.701719873703
"C5",1,33,361.402776571512
"C5",1,34,278.384436102399
"C5",1,35,256.294336269332
"C5",1,36,312.000247260022
"C5",1,37,329.538687825014
"C5",1,38,432.918828359215
"C5",1,39,327.764801154087
"C5",1,40,304.339295730679
"C5",1,41,275.615234016705
"C5",1,42,199.147858618236
"C5",1,43,304.915597702016
"C5",1,44,157.574897778019
"C5",1,45,495.863445810168
"C5",1,46,344.454473142443
"C5",1,47,89.5988222761957
"C5",1,48,167.125597752266
"C5",1,49,404.244360639764
"C5",1,50,45.7561053609851
"C5",1,51,402.285920706733
"C5",1,52,356.243416410286
"C5",1,53,233.967081672791
"C5",1,54,250.501527281131
"C5",1,55,163.972805386016
"C5",1,56,177.985149223472
"C5",1,57,274.903748034516
"C5",1,58,143.941019777727
"C5",1,59,284.559113897162
"C5",1,60,252.422437884824
"C5",1,61,338.391203493417
"C5",1,62,380.468142307748
"C5",1,63,351.017229029419
"C5",1,64,393.763698584978
"C5",1,65,339.211312904212
"C5",1,66,243.144021016875
"C5",1,67,291.927355444457
"C5",1,68,483.065641129142
"C5",1,69,511.625081303466
"C5",1,70,374.943214258564
"C5",1,71,194.873200042432
"C5",1,72,359.598545252629
"C5",1,73,466.326944361586
"C5",1,74,187.909744612391
"C5",1,75,453.798738012197
"C5",1,76,135.492360326711
"C5",1,77,295.602367197615
"C5",1,78,480.980717708598
"C5",1,79,324.222553029513
"C5",1,80,401.761431577893
"C5",1,81,306.009010302113
"C5",1,82,225.643030262332
"C5",1,83,478.134601294116
"C5",1,84,362.067589561209
"C5",1,85,261.372343833259
"C5",1,86,168.959463467353
"C5",1,87,357.556590670566
"C5",1,88,272.634747038559
"C5",1,89,406.723207169671
"C5",1,90,439.987714420551
"C5",1,91,542.26801683236
"C5",1,92,320.784856206063
"C5",1,93,339.226534435176
"C5",1,94,272.510188507852
"C5",1,95,234.859919980327
"C5",1,96,40
"C5",1,97,175.47297174648
"C5",1,98,396.460375857858
"C5",1,99,517.598760441839
"C5",1,100,153.477262507328
"C5",1,101,409.599974849603
"C5",1,102,268.167160483903
"C5",1,103,414.942606725497
"C5",1,104,529.216115972907
"C5",1,105,204.861558092052
"C5",1,106,70.3042447872053
"C5",1,107,284.28332983137
"C5",1,108,402.910398282615
"C5",1,109,434.01789051437
"C5",1,110,378.548254083314
"C5",1,111,304.043803809142
"C5",1,112,688.100097906657
"C5",1,113,435.113666353293
"C5",1,114,273.955886322908
"C5",1,115,341.078285363507
"C5",1,116,416.683527587007
"C5",1,117,374.785146239979
"C5",1,118,317.003485530796
"C5",1,119,342.935750229728
"C5",1,120,377.496034537773
"C5",1,121,249.178589495476
"C5",1,122,289.557905267323
"C5",1,123,415.482230286486
"C5",1,124,269.366677482161
"C5",1,125,396.048189454251
"C5",1,126,186.328572217501
"C5",1,127,429.145987058988
"C5",1,128,472.283130102194
"C5",1,129,265.340986574406
"C5",1,130,129.908829736842
"C5",1,131,356.509345292305
"C5",1,132,349.373481845856
"C5",1,133,133.39883226518
"C5",1,134,391.696714410593
"C5",1,135,75.9524526858126
"C5",1,136,228.068668600372
"C5",1,137,517.836889249443
"C5",1,138,413.823350640473
"C5",1,139,332.844232583305
"C5",1,140,40
"C5",1,141,330.08571224971
"C5",1,142,191.780992909174
"C5",1,143,324.982427974283
"C5",1,144,335.264432539911
"C5",1,145,374.643457553274
"C5",1,146,283.526857490024
"C5",1,147,301.684086734356
"C5",1,148,261.507134895
"C5",1,149,335.079027061985
"C5",1,150,241.817837381669
"C5",1,151,392.603906496591
"C5",1,152,205.315033698624
"C5",1,153,162.812373362206
"C5",1,154,309.635264978478
"C5",1,155,265.163476695873
"C5",1,156,373.949789112889
"C5",1,157,136.562766333133
"C5",1,158,351.356493687816
"C5",1,159,437.479871815698
"C5",1,160,212.772123247248
"C5",1,161,413.179907567721
"C5",1,162,419.251867510289
"C5",1,163,390.803091053573
"C5",1,164,188.189862397965
"C5",1,165,282.400683147809
"C5",1,166,358.921580840079
"C5",1,167,147.326472291909
"C5",1,168,218.436382304323
"C5",1,169,378.080472489931
"C5",1,170,448.842499521705
"C5",1,171,359.24886436192
"C5",1,172,260.377043612696
"C5",1,173,243.823541802962
"C5",1,174,551.033544922032
"C5",1,175,279.187436859179
"C5",1,176,403.042110151275
"C5",1,177,184.491091425718
"C5",1,178,199.309898007097
"C5",1,179,271.942121322847
"C5",1,180,362.96360845531
"C5",1,181,423.74438055391
"C5",1,182,321.015037065164
"C5",1,183,376.542990824235
"C5",1,184,308.161383655156
"C5",1,185,361.236500616106
"C5",1,186,147.246446668295
"C5",1,187,326.714813657226
"C5",1,188,295.216422933775
"C5",1,189,297.931610210315
"C5",1,190,245.406679091459
"C5",1,191,527.356614075665
"C5",1,192,219.227209296784
"C5",1,193,286.329383604259
"C5",1,194,219.524657711732
"C5",1,195,287.019829690796
"C5",1,196,376.681363515536
"C5",1,197,52.9174517785265
"C5",1,198,297.968991178074
"C5",1,199,284.70203836846
"C5",1,200,182.720242446507
"C5",1,201,300.463547873681
"C5",1,202,352.131649385881
"C5",1,203,350.816167716476
"C5",1,204,259.570793064416
"C5",1,205,597.641887780616
"C5",1,206,280.582712378238
"C5",1,207,127.916990922614
"C5",1,208,253.892929973262
"C5",1,209,435.180908430069
"C5",1,210,229.704415506272
"C5",1,211,311.876541815764
"C5",1,212,272.224166015952
"C5",1,213,237.74647223628
"C5",1,214,478.307563663966
"C5",1,215,97.5782455578869
"C5",1,216,317.498591462426
"C5",1,217,299.477891827397
"C5",1,218,492.02618811006
"C5",1,219,312.889743278011
"C5",1,220,444.141854205122
"C5",1,221,348.373842398768
"C5",1,222,219.653062967256
"C5",1,223,365.596410939851
"C5",1,224,187.447963743498
"C5",1,225,177.53602804496
"C5",1,226,465.658710662083
"C5",1,227,345.365497633484
"C5",1,228,129.851478770373
"C5",1,229,246.551228812491
"C5",1,230,393.007355672613
"C5",1,231,353.415023204049
"C5",1,232,266.655292800644
"C5",1,233,206.398488539995
"C5",1,234,287.866487819219
"C5",1,235,428.821445691523
"C5",1,236,251.982095399052
"C5",1,237,435.294146261171
"C5",1,238,398.3972505879
"C5",1,239,288.797405441441
"C5",1,240,101.506109144958
"C5",1,241,220.947874356537
"C5",1,242,398.345695621088
"C5",1,243,537.934714900882
"C5",1,244,419.749383196158
"C5",1,245,201.5706852035
"C5",1,246,348.3165978356
"C5",1,247,273.071284433104
"C5",1,248,252.458700016131
"C5",1,249,188.3669602574
"C5",1,250,228.025295192775
"C5",1,251,420.945642584475
"C5",1,252,545.683244535519
"C5",1,253,397.184421681891
"C5",1,254,179.004958188858
"C5",1,255,235.152258561812
"C5",1,256,573.064265003243
"C5",1,257,264.513547754196
"C5",1,258,225.536204388724
"C5",1,259,264.932507227476
"C5",1,260,607.069162960486
"C5",1,261,362.701154428443
"C5",1,262,285.282804872325
"C5",1,263,450.675477040858
"C5",1,264,152.591358103725
"C5",1,265,305.863141733064
"C5",1,266,404.159040015931
"C5",1,267,185.499817631452
"C5",1,268,261.752730180796
"C5",1,269,370.708552560316
"C5",1,270,153.161353441959
"C5",1,271,77.2305604258176
"C5",1,272,285.10783087727
"C5",1,273,564.300124291255
"C5",1,274,224.454499494333
"C5",1,275,154.120190306037
"C5",1,276,305.286716193934
"C5",1,277,467.931699033438
"C5",1,278,207.06097742521
"C5",1,279,394.046008658842
"C5",1,280,286.12738098071
"C5",1,281,83.9234277080332
"C5",1,282,312.770056740813
"C5",1,283,361.053269783344
"C5",1,284,293.592851533024
"C5",1,285,335.206566174094
"C5",1,286,215.901512750176
"C5",1,287,236.531367198854
"C5",1,288,303.620728740689
"C5",1,289,478.656321859433
"C5",1,290,158.032499675104
"C5",1,291,225.653934307384
"C5",1,292,314.7744126079
"C5",1,293,171.761227154882
"C5",1,294,159.369235312891
"C5",1,295,285.374863753539
"C5",1,296,260.289461870391
"C5",1,297,386.525686883329
"C5",1,298,273.293547094252
"C5",1,299,143.047805290888
"C5",1,300,614.828128649942
"C5",1,301,261.503462867219
"C5",1,302,606.884983464253
"C5",1,303,207.795740515247
"C5",1,304,384.699455451498
"C5",1,305,242.469317319088
"C5",1,306,447.997702083226
"C5",1,307,244.995313078393
"C5",1,308,318.058368852393
"C5",1,309,384.937595098321
"C5",1,310,279.86836567352
"C5",1,311,234.219185057769
"C5",1,312,295.46304376747
"C5",1,313,97.0188612923631
"C5",1,314,295.547450926876
"C5",1,315,257.369300273463
"C5",1,316,322.638750828255
"C5",1,317,126.126702951002
"C5",1,318,394.536745396989
"C5",1,319,312.393509432059
"C5",1,320,191.025025061292
"C5",1,321,473.06869554081
"C5",1,322,303.208381871101
"C5",1,323,113.50198186266
"C5",1,324,505.931568626168
"C5",1,325,250.616999116973
"C5",1,326,343.199301930219
"C5",1,327,514.605667201046
"C5",1,328,398.037232135588
"C5",1,329,327.316270480412
"C5",1,330,351.675502731652
"C5",1,331,257.817387093361
"C5",1,332,427.38442575738
"C5",1,333,345.100016303804
"C5",1,334,244.862650614495
"C5",1,335,255.750715378306
"C5",1,336,383.925723876411
"C5",1,337,206.335223279239
"C5",1,338,405.766446287326
"C5",1,339,420.5138918893
"C5",1,340,203.200009363696
"C5",1,341,464.360991246362
"C5",1,342,277.842800023129
"C5",1,343,495.105965193095
"C5",1,344,371.493541852089
"C5",1,345,142.564802964159
"C5",1,346,405.963000358112
"C5",1,347,223.120726096528
"C5",1,348,265.435210574993
"C5",1,349,365.650618581415
"C5",1,350,445.349295838408
"C5",1,351,262.675902664499
"C5",1,352,335.160730571306
"C5",1,353,133.368966797796
"C5",1,354,65.9742125741067
"C5",1,355,94.4514905889637
"C5",1,356,223.298127715792
"C5",1,357,442.871846549796
"C5",1,358,207.493039901005
"C5",1,359,203.414480625065
"C5",1,360,285.037118161004
"C5",1,361,188.610227258384
"C5",1,362,390.927843526566
"C5",1,363,344.141547099092
"C5",1,364,403.075809734141
"C5",1,365,208.026440038137
"C5",1,366,308.998828487564
"C5",1,367,321.124958306527
"C5",1,368,369.343262137893
"C5",1,369,334.293194632677
"C5",1,370,232.119154675701
"C5",1,371,407.977637713501
"C5",1,372,363.733365930571
"C5",1,373,305.770054516488
"C5",1,374,268.825574037
"C5",1,375,414.146596758619
"C5",1,376,529.52891515201
"C5",1,377,496.373337493628
"C5",1,378,264.382491241669
"C5",1,379,306.941769557758
"C5",1,380,263.207272142386
"C5",1,381,341.064173547405
"C5",1,382,279.998548910364
"C5",1,383,520.002709574973
"C5",1,384,278.406990152406
"C5",1,385,266.943274146494
"C5",1,386,306.104004120515
"C5",1,387,297.490363873398
"C5",1,388,402.240020902027
"C5",1,389,384.155547107215
"C5",1,390,130.478757177156
"C5",1,391,240.81343717058
"C5",1,392,268.196143209853
"C5",1,393,433.241620508705
"C5",1,394,317.533505385186
"C5",1,395,379.950763208812
"C5",1,396,310.591616022852
"C5",1,397,267.277798805788
"C5",1,398,399.750867045456
"C5",1,399,599.992166201892
"C5",1,400,320.843638711011
"C5",1,401,40
"C5",1,402,205.05366963767
"C5",1,403,292.820817046154
"C6",1,1,355.149304313341
"C6",1,2,318.926917819729
"C6",1,3,185.287709973968
"C6",1,4,141.414263645112
"C6",1,5,489.415729784954
"C6",1,6,275.19232203903
"C6",1,7,229.876876490201
"C6",1,8,239.847136208584
"C6",1,9,505.982685979444
"C6",1,10,231.912746935492
"C6",1,11,84.1113011803042
"C6",1,12,362.857588499673
"C6",1,13,306.112906248144
"C6",1,14,236.301890028665
"C6",1,15,180.531316453205
"C6",1,16,211.402417287061
"C6",1,17,193.374494835397
"C6",1,18,202.029698003351
"C6",1,19,387.861089847219
"C6",1,20,408.398940412188
"C6",1,21,325.562891762267
"C6",1,22,224.543152609706
"C6",1,23,515.692884584893
"C6",1,24,313.544274386669
"C6",1,25,195.416878010864
"C6",1,26,475.620908222616
"C6",1,27,445.114280320236
"C6",1,28,408.482254387233
"C6",1,29,250.864657930053
"C6",1,30,396.050457084284
"C6",1,31,217.353978231336
"C6",1,32,304.97065669696
"C6",1,33,271.003113757403
"C6",1,34,429.849557331757
"C6",1,35,323.980014217556
"C6",1,36,203.395980644947
"C6",1,37,247.104480454336
"C6",1,38,254.53076972312
"C6",1,39,541.972224205865
"C6",1,40,329.109873429743
"C6",1,41,304.014501973309
"C6",1,42,287.616061247479
"C6",1,43,306.455400840224
"C6",1,44,309.232163265331
"C6",1,45,87.8397734647981
"C6",1,46,303.743313094071
"C6",1,47,382.42199155522
"C6",1,48,227.953574719522
"C6",1,49,285.495476479764
"C6",1,50,187.743901907846
"C6",1,51,424.97867249613
"C6",1,52,227.17978937006
"C6",1,53,436.265772026267
"C6",1,54,259.494144570002
"C6",1,55,235.292225838463
"C6",1,56,532.60636528437
"C6",1,57,338.566555892494
"C6",1,58,487.774753270492
"C6",1,59,490.293845176155
"C6",1,60,392.484662137946
"C6",1,61,203.410507518464
"C6",1,62,234.612552225162
"C6",1,63,474.429789001172
"C6",1,64,185.043369686202
"C6",1,65,145.989408011263
"C6",1,66,122.813664805108
"C6",1,67,339.190826159223
"C6",1,68,457.017086333049
"C6",1,69,209.463821387771
"C6",1,70,431.311214829224
"C6",1,71,200.853424659221
"C6",1,72,405.65905405545
"C6",1,73,250.222549321931
"C6",1,74,232.044160240758
"C6",1,75,122.297147613145
"C6",1,76,361.353370790893
"C6",1,77,504.160570230096
"C6",1,78,269.633601891288
"C6",1,79,183.797283802532
"C6",1,80,152.413435499383
"C6",1,81,352.492686997648
"C6",1,82,304.505784706241
"C6",1,83,244.094750018405
"C6",1,84,323.070923047257
"C6",1,85,110.600460554063
"C6",1,86,470.418113838726
"C6",1,87,292.334496089382
"C6",1,88,319.152736548886
"C6",1,89,533.645123470257
"C6",1,90,465.167925535728
"C6",1,91,299.444375293898
"C6",1,92,441.740272525679
"C6",1,93,171.862111317872
"C6",1,94,406.874399932241
"C6",1,95,235.724384278773
"C6",1,96,589.859409731874
"C6",1,97,429.204313358288
"C6",1,98,359.565013441012
"C6",1,99,369.343701799836
"C6",1,100,219.470340926473
"C6",1,101,421.741522623282
"C6",1,102,338.854299527035
"C6",1,103,443.570452884677
"C6",1,104,411.853623149449
"C6",1,105,434.246827105344
"C6",1,106,353.1811320244
"C6",1,107,393.783018571143
"C6",1,108,316.368646109968
"C6",1,109,255.790716760634
"C6",1,110,136.746733279897
"C6",1,111,496.919403253298
"C6",1,112,464.705496996315
"C6",1,113,235.891371716743
"C6",1,114,499.053340588738
"C6",1,115,339.044882713304
"C6",1,116,192.768828471322
"C6",1,117,353.435269670576
"C6",1,118,542.666680642656
"C6",1,119,345.819360472664
"C6",1,120,302.895454042582
"C6",1,121,223.00801361007
"C6",1,122,474.967427116144
"C6",1,123,381.525436357967
"C6",1,124,459.189102547734
"C6",1,125,521.567659581967
"C6",1,126,402.129451680094
"C6",1,127,241.182794467022
"C6",1,128,433.578726815148
"C6",1,129,350.665869321007
"C6",1,130,145.558204292172
"C6",1,131,248.783757398315
"C6",1,132,325.001906050844
"C6",1,133,315.902483561283
"C6",1,134,334.288740039648
"C6",1,135,373.837499955942
"C6",1,136,557.655770452456
"C6",1,137,271.89186576241
"C6",1,138,254.73242341887
"C6",1,139,206.768617492924
"C6",1,140,511.098611486538
"C6",1,141,424.98560726495
"C6",1,142,231.977529368662
"C6",1,143,40
"C6",1,144,382.053543952164
"C6",1,145,365.390651596457
"C6",1,146,239.36975280765
"C6",1,147,646.203671465229
"C6",1,148,404.721131448333
"C6",1,149,283.804799044781
"C6",1,150,442.717604400665
"C6",1,151,212.614022804443
"C6",1,152,394.970647259787
"C6",1,153,473.916849304355
"C6",1,154,368.357518799633
"C6",1,155,56.2059431987904
"C6",1,156,282.514618429868
"C6",1,157,193.069268809007
"C6",1,158,226.396161362439
"C6",1,159,447.6587022119
"C6",1,160,392.142499795009
"C6",1,161,416.182966094176
"C6",1,162,331.348799234546
"C6",1,163,210.087704934765
"C6",1,164,592.668043075871
"C6",1,165,193.510186889471
"C6",1,166,272.936798645069
"C6",1,167,281.885703102367
"C6",1,168,392.806522967182
"C6",1,169,155.788558225573
"C6",1,170,414.646602349467
"C6",1,171,307.801207581553
"C6",1,172,181.378012642183
"C6",1,173,534.97695518787
"C6",1,174,413.210840172157
"C6",1,175,195.593558404131
"C6",1,176,454.253201026118
"C6",1,177,286.555541082862
"C6",1,178,288.964411232725
"C6",1,179,322.451731219968
"C6",1,180,102.079874143722
"C6",1,181,509.311456004968
"C6",1,182,260.484840484673
"C6",1,183,268.938538409379
"C6",1,184,324.771957502746
"C6",1,185,325.241415811523
"C6",1,186,374.356139366156
"C6",1,187,428.625011239919
"C6",1,188,469.850773750664
"C6",1,189,562.986616541737
"C6",1,190,45.3082925883093
"C6",1,191,271.129378082167
"C6",1,192,322.951942208223
"C6",1,193,258.211191132319
"C6",1,194,368.975474978927
"C6",1,195,485.544797736682
"C6",1,196,191.032155703323
"C6",1,197,40
"C6",1,198,143.433717007501
"C6",1,199,331.50622474402
"C6",1,200,571.085360925008
"C6",1,201,422.899022248411
"C6",1,202,523.333149123978
"C6",1,203,300.387349961752
"C6",1,204,480.02404623344
"C6",1,205,227.689500701133
"C6",1,206,238.532917830708
"C6",1,207,378.986273854438
"C6",1,208,427.062688983318
"C6",1,209,342.769034234688
"C6",1,210,639.982701498777
"C6",1,211,371.107624390801
"C6",1,212,40
"C6",1,213,387.397470145016
"C6",1,214,330.477996830649
"C6",1,215,446.456711982407
"C6",1,216,348.411194633445
"C6",1,217,326.370943949552
"C6",1,218,365.708970876805
"C6",1,219,157.10150338343
"C6",1,220,469.023817434282
"C6",1,221,484.650903338383
"C6",1,222,314.469577683648
"C6",1,223,399.107168179885
"C6",1,224,40
"C6",1,225,408.903968521903
"C6",1,226,226.06020974241
"C6",1,227,86.3191926664198
"C6",1,228,401.909966780642
"C6",1,229,354.659049213249
"C6",1,230,163.139361188853
"C6",1,231,431.916761401287
"C6",1,232,190.626452165411
"C6",1,233,226.325815902947
"C6",1,234,423.650890182831
"C6",1,235,195.743475118813
"C6",1,236,181.192781635551
"C6",1,237,273.407311402941
"C6",1,238,232.411365947168
"C6",1,239,196.6378295903
"C6",1,240,263.396935154256
"C6",1,241,243.96454176947
"C6",1,242,391.955843976403
"C6",1,243,523.828537799086
"C6",1,244,414.391526448743
"C6",1,245,334.726538044771
"C6",1,246,262.149253259447
"C6",1,247,307.102039026487
"C6",1,248,396.282791320036
"C6",1,249,297.98740392547
"C6",1,250,297.236737943201
"C6",1,251,252.619611455083
"C6",1,252,280.660630151377
"C6",1,253,380.849822755078
"C6",1,254,282.653145046445
"C6",1,255,230.192029181285
"C6",1,256,40
"C6",1,257,500.439942171445
"C6",1,258,443.118313488501
"C6",1,259,349.890448311149
"C6",1,260,362.591649822042
"C6",1,261,412.209154090707
"C6",1,262,307.937496846198
"C6",1,263,292.535402618765
"C6",1,264,433.721367471504
"C6",1,265,462.639694143444
"C6",1,266,134.142751729994
"C6",1,267,102.514431179158
"C6",1,268,367.989016056347
"C6",1,269,170.83505757083
"C6",1,270,95.5768068758173
"C6",1,271,393.19364939337
"C6",1,272,260.044514563329
"C6",1,273,295.538120687465
"C6",1,274,263.870519824233
"C6",1,275,274.441815853612
"C6",1,276,373.575644904
"C6",1,277,162.953260146267
"C6",1,278,509.691283270988
"C6",1,279,239.652351650805
"C6",1,280,339.891822327048
"C6",1,281,500.788144951755
"C6",1,282,100.185426031867
"C6",1,283,269.580604327941
"C6",1,284,425.890038306931
"C6",1,285,181.904675182765
"C6",1,286,351.718553094002
"C6",1,287,271.921338231558
"C6",1,288,362.355596330096
"C6",1,289,323.908865332162
"C6",1,290,119.420803998835
"C6",1,291,433.405975148008
"C6",1,292,215.663555008643
"C6",1,293,395.158253148842
"C6",1,294,257.566589553437
"C6",1,295,433.160376977632
"C6",1,296,452.406416125472
"C6",1,297,531.420782920971
"C6",1,298,138.075405108133
"C6",1,299,380.07702995337
"C6",1,300,245.107665195673
"C6",1,301,505.177007887603
"C6",1,302,386.613468961447
"C6",1,303,313.897607658758
"C6",1,304,441.859691333813
"C6",1,305,375.107432613921
"C6",1,306,328.214235416186
"C6",1,307,461.765266322266
"C6",1,308,256.181258317941
"C6",1,309,40
"C6",1,310,214.399612623179
"C6",1,311,396.466048271781
"C6",1,312,456.08664637876
"C6",1,313,70.9856296913665
"C6",1,314,309.330798720134
"C6",1,315,244.552077225595
"C6",1,316,162.095069369447
"C6",1,317,382.563399218161
"C6",1,318,223.233422438488
"C6",1,319,416.591544867128
"C6",1,320,361.048156027906
"C6",1,321,400.541971760442
"C6",1,322,478.519368827181
"C6",1,323,391.805123038639
"C6",1,324,186.275543507316
"C6",1,325,222.245987066838
"C6",1,326,207.74422205257
"C6",1,327,157.23278876143
"C6",1,328,313.068544315577
"C6",1,329,332.710799618578
"C6",1,330,335.264442545949
"C6",1,331,498.219717158325
"C6",1,332,581.368467808152
"C6",1,333,333.183981455709
"C6",1,334,479.668206135178
"C6",1,335,524.404560725165
"C6",1,336,225.571463551551
"C6",1,337,466.990854970575
"C6",1,338,218.857107998393
"C6",1,339,365.109064297682
"C6",1,340,401.594051467185
"C6",1,341,245.502264439856
"C6",1,342,127.943538042036
"C6",1,343,427.296581542064
"C6",1,344,236.456202042709
"C6",1,345,207.272973321307
"C6",1,346,540.278261450276
"C6",1,347,384.675835617908
"C6",1,348,601.532061810786
"C6",1,349,202.526458401582
"C6",1,350,170.876098934182
"C6",1,351,290.246696633303
"C6",1,352,423.848127105419
"C6",1,353,330.48825848335
"C6",1,354,337.071001869633
"C6",1,355,193.716027512225
"C6",1,356,285.124638617419
"C6",1,357,110.656960086789
"C6",1,358,333.371563234094
"C6",1,359,428.641353224988
"C6",1,360,285.056063567713
"C6",1,361,371.545188806714
"C11",1,1,212.550974991412
"C11",1,2,249.003060769273
"C11",1,3,337.470653621308
"C11",1,4,234.690624607136
"C11",1,5,414.402173167975
"C11",1,6,375.488180074181
"C11",1,7,165.850689557946
"C11",1,8,219.212181110873
"C11",1,9,89.894247695149
"C11",1,10,274.821415495256
"C11",1,11,420.674363588058
"C11",1,12,257.134679666299
"C11",1,13,294.20431603568
"C11",1,14,185.527635239172
"C11",1,15,142.724873746197
"C11",1,16,283.46909776483
"C11",1,17,241.531702571932
"C11",1,18,187.37493328795
"C11",1,19,327.647081162459
"C11",1,20,63.5491783577178
"C11",1,21,211.842407414598
"C11",1,22,412.534366334572
"C11",1,23,317.847339464287
"C11",1,24,489.388348203548
"C11",1,25,382.21420034278
"C11",1,26,192.519608358141
"C11",1,27,342.754452611637
"C11",1,28,337.712880704151
"C11",1,29,492.673128779001
"C11",1,30,312.776198308859
"C11",1,31,411.038004956781
"C11",1,32,338.354826068947
"C11",1,33,281.994424210926
"C11",1,34,451.083382627169
"C11",1,35,175.6407155698
"C11",1,36,142.326012091057
"C11",1,37,253.322161868447
"C11",1,38,340.034566048032
"C11",1,39,176.949306166601
"C11",1,40,161.679056521654
"C11",1,41,271.83479093483
"C11",1,42,482.885104269096
"C11",1,43,523.736105965079
"C11",1,44,511.619565687108
"C11",1,45,210.939699746914
"C11",1,46,309.642521299944
"C11",1,47,368.803941606154
"C11",1,48,317.982684848344
"C11",1,49,451.121257154491
"C11",1,50,473.337068021787
"C11",1,51,449.453916427083
"C11",1,52,165.315661091158
"C11",1,53,369.767941575509
"C11",1,54,239.655384202492
"C11",1,55,233.860071560415
"C11",1,56,296.137353050636
"C11",1,57,416.249544692437
"C11",1,58,426.65082209761
"C11",1,59,438.595540215939
"C11",1,60,191.666460451847
"C11",1,61,441.916281128195
"C11",1,62,278.186699055433
"C11",1,63,330.041527242478
"C11",1,64,265.620746283783
"C11",1,65,253.928414641578
"C11",1,66,377.750293086381
"C11",1,67,554.635641991465
"C11",1,68,231.870857595943
"C11",1,69,302.622578270527
"C11",1,70,224.590661372203
"C11",1,71,474.133290748893
"C11",1,72,345.018756774599
"C11",1,73,357.818013159212
"C11",1,74,286.918527663431
"C11",1,75,264.590680482448
"C11",1,76,298.614705293276
"C11",1,77,219.997461436951
"C11",1,78,90.648009241143
"C11",1,79,234.858640142357
"C11",1,80,275.828623444225
"C11",1,81,259.527099441298
"C11",1,82,410.042016275272
"C11",1,83,219.025156652898
"C11",1,84,314.033198214252
"C11",1,85,454.24462268188
"C11",1,86,106.503803547331
"C11",1,87,178.316286481587
"C11",1,88,77.6273815456817
"C11",1,89,427.095094133719
"C11",1,90,236.452980309102
"C11",1,91,316.401903435848
"C11",1,92,337.008149843778
"C11",1,93,158.625851379685
"C11",1,94,118.150491470453
"C11",1,95,109.107180040764
"C11",1,96,280.255522246153
"C11",1,97,243.494952283029
"C11",1,98,284.422556795086
"C11",1,99,351.851125832605
"C11",1,100,138.475297705633
"C11",1,101,326.28671364851
"C11",1,102,460.31351588853
"C11",1,103,335.827065246591
"C11",1,104,259.046110633654
"C11",1,105,504.675692947581
"C11",1,106,343.779944374959
"C11",1,107,188.95940242709
"C11",1,108,390.570046868825
"C11",1,109,243.373489544801
"C11",1,110,244.348035194889
"C11",1,111,382.700735585371
"C11",1,112,545.343202158461
"C11",1,113,369.883048509309
"C11",1,114,587.42058495091
"C11",1,115,432.492115754151
"C11",1,116,337.13433843938
"C11",1,117,356.466548255422
"C11",1,118,325.8658363522
"C11",1,119,346.261208764043
"C11",1,120,465.441018285307
"C11",1,121,115.054159124138
"C11",1,122,414.044556069248
"C11",1,123,315.350711126735
"C11",1,124,482.944773119161
"C11",1,125,235.669581014182
"C11",1,126,324.128054323016
"C11",1,127,367.666270516795
"C11",1,128,144.791947367816
"C11",1,129,329.496139989322
"C11",1,130,404.015796415141
"C11",1,131,544.199711068836
"C11",1,132,419.382647901963
"C11",1,133,442.118978086857
"C11",1,134,596.36392987026
"C11",1,135,313.98326002769
"C11",1,136,357.141238665743
"C11",1,137,461.310827287767
"C11",1,138,294.581749746083
"C11",1,139,443.103111445052
"C11",1,140,173.907161285583
"C11",1,141,474.377652077203
"C11",1,142,304.47656826852
"C11",1,143,237.891751812453
"C11",1,144,226.749186468784
"C11",1,145,457.027943016497
"C11",1,146,455.243779034986
"C11",1,147,265.591472035564
"C11",1,148,387.221536018938
"C11",1,149,583.896577448962
"C11",1,150,282.499933127332
"C11",1,151,301.580030427022
"C11",1,152,67.3398085865888
"C11",1,153,337.863878046344
"C11",1,154,247.238595696681
"C11",1,155,467.680292240621
"C11",1,156,254.259183057661
"C11",1,157,473.729236723937
"C11",1,158,450.522454622864
"C11",1,159,248.340862143364
"C11",1,160,442.364229677673
"C11",1,161,514.79666170884
"C11",1,162,413.950862795322
"C11",1,163,545.076114616559
"C11",1,164,469.340267326416
"C11",1,165,348.095879678834
"C11",1,166,62.2068682315842
"C11",1,167,184.118650574114
"C11",1,168,244.052525273987
"C11",1,169,204.807774855023
"C11",1,170,496.713972400612
"C11",1,171,424.211631794289
"C11",1,172,262.817085635777
"C11",1,173,387.165724383186
"C11",1,174,425.469980942275
"C11",1,175,413.592988818895
"C11",1,176,330.493947599317
"C11",1,177,351.700975052627
"C11",1,178,599.605880543315
"C11",1,179,361.714834369408
"C11",1,180,207.626560042764
"C11",1,181,530.588839650882
"C11",1,182,285.50682668247
"C11",1,183,150.050928038028
"C11",1,184,353.932359025186
"C11",1,185,458.003676861262
"C11",1,186,325.617643103905
"C11",1,187,351.389693427255
"C11",1,188,271.924719910333
"C11",1,189,343.384681424421
"C11",1,190,277.497729239097
"C11",1,191,349.583889264164
"C11",1,192,375.842138960483
"C11",1,193,412.35696972631
"C11",1,194,284.329676773651
"C11",1,195,302.339328769482
"C11",1,196,207.284455377246
"C11",1,197,362.396941572397
"C11",1,198,258.096443522301
"C11",1,199,272.223869397458
"C11",1,200,337.177714887239
"C11",1,201,103.061533478754
"C11",1,202,446.290405203196
"C11",1,203,181.889467554554
"C11",1,204,411.229098047134
"C11",1,205,270.133237633711
"C11",1,206,479.925258794825
"C11",1,207,377.874149988359
"C11",1,208,316.856891743298
"C11",1,209,314.877400762215
"C11",1,210,290.865950179419
"C11",1,211,571.073986881174
"C11",1,212,503.07145512851
"C11",1,213,313.346066539163
"C11",1,214,268.148341655477
"C11",1,215,259.458419810759
"C11",1,216,180.249607280962
"C11",1,217,290.785876699204
"C11",1,218,323.024171866257
"C11",1,219,341.368980912836
"C11",1,220,73.0562980763002
"C11",1,221,356.914050402847
"C11",1,222,307.989595305926
"C11",1,223,153.56383751281
"C11",1,224,211.629160447932
"C11",1,225,323.329912647817
"C11",1,226,355.642755673438
"C11",1,227,184.698968456579
"C11",1,228,182.646891465713
"C11",1,229,440.520165993491
"C11",1,230,285.717551617683
"C11",1,231,459.429307310626
"C11",1,232,428.278762511128
"C11",1,233,313.096157395074
"C11",1,234,137.276039620549
"C11",1,235,335.288655661438
"C11",1,236,283.533318307153
"C11",1,237,315.322872697185
"C11",1,238,374.80600175088
"C11",1,239,257.029368497006
"C11",1,240,429.996782222722
"C11",1,241,351.088785222125
"C11",1,242,258.442337736759
"C11",1,243,276.180159632653
"C11",1,244,578.852215287767
"C11",1,245,319.344821986097
"C11",1,246,631.509689911054
"C11",1,247,375.890730705065
"C11",1,248,398.135439255763
"C11",1,249,106.458898861823
"C11",1,250,432.923317378551
"C11",1,251,147.731116441601
"C11",1,252,259.509699828491
"C11",1,253,343.161845913683
"C11",1,254,77.9097577279222
"C11",1,255,516.807924169034
"C11",1,256,412.204540060518
"C11",1,257,266.544378122347
"C11",1,258,457.672574387086
"C11",1,259,151.679063301457
"C11",1,260,274.088893769797
"C11",1,261,160.571014958334
"C11",1,262,324.93151269755
"C11",1,263,408.943626422119
"C11",1,264,159.146901786565
"C11",1,265,431.422840343851
"C11",1,266,215.103869270596
"C11",1,267,367.251019959101
"C11",1,268,240.389779791446
"C11",1,269,380.952720129723
"C11",1,270,466.124345115539
"C11",1,271,179.547404284213
"C11",1,272,354.944571650604
"C11",1,273,248.903202587493
"C11",1,274,464.521956034352
"C11",1,275,319.458824034948
"C11",1,276,239.627781728959
"C11",1,277,425.799648084334
"C11",1,278,334.089636097567
"C11",1,279,562.746253363839
"C11",1,280,202.174891148519
"C11",1,281,485.770661542216
"C11",1,282,401.499762312017
"C11",1,283,282.337154730523
"C11",1,284,333.000817816414
"C11",1,285,158.270505661542
"C11",1,286,236.347064484311
"C11",1,287,300.436231251502
"C11",1,288,376.144575871952
"C11",1,289,360.836355135744
"C11",1,290,325.540488650271
"C11",1,291,331.183878203021
"C11",1,292,518.275084115409
"C11",1,293,286.101916202512
"C11",1,294,356.34203164104
"C11",1,295,247.940088689438
"C11",1,296,78.1307541579323
"C11",1,297,115.073440763103
"C11",1,298,248.952759906441
"C11",1,299,183.890777172187
"C11",1,300,162.150569093594
"C11",1,301,380.319083699381
"C11",1,302,347.598905476167
"C11",1,303,179.043678978702
"C11",1,304,289.712659067991
"C11",1,305,291.337876514808
"C11",1,306,417.831779907905
"C11",1,307,190.798263611588
"C11",1,308,372.077051664669
"C11",1,309,317.746809688796
"C11",1,310,313.414686221965
"C11",1,311,255.82342855931
"C11",1,312,386.223886956568
"C11",1,313,192.692279189123
"C11",1,314,289.791142310205
"C11",1,315,391.714572222578
"C11",1,316,395.579020873014
"C11",1,317,259.880230120621
"C11",1,318,447.722325878222
"C11",1,319,361.100472987644
"C11",1,320,160.820360809362
"C11",1,321,430.854786868575
"C11",1,322,500.943174292259
"C11",1,323,643.373637727792
"C11",1,324,158.726792727569
"C11",1,325,447.781964115904
"C11",1,326,324.439001450595
"C11",1,327,356.137870409612
"C11",1,328,275.518926012265
"C11",1,329,352.470386743577
"C11",1,330,335.911727416982
"C11",1,331,296.030374461669
"C11",1,332,432.348999999287
"C11",1,333,276.578260778618
"C11",1,334,284.975497638963
"C11",1,335,400.771753737632
"C11",1,336,469.11311164162
"C11",1,337,417.500912036057
"C11",1,338,385.811841883411
"C11",1,339,161.450781648379
"C11",1,340,382.378263107306
"C11",1,341,624.142261920845
"C11",1,342,354.206223960721
"C11",1,343,483.8110355259
"C11",1,344,226.02324194536
"C11",1,345,338.535992667481
"C11",1,346,161.411687321849
"C11",1,347,277.948928362923
"C11",1,348,340.149499061679
"C11",1,349,255.675054330948
"C11",1,350,340.320672681127
"C11",1,351,142.540295651419
"C11",1,352,405.164951404547
"C11",1,353,385.354260832836
"C11",1,354,264.523705134947
"C11",1,355,177.607933669181
"C11",1,356,427.239906750051
"C11",1,357,445.979849992249
"C11",1,358,269.612998983081
"C11",1,359,190.204785210656
"C11",1,360,332.563899014274
"C11",1,361,347.535698185255
"C11",1,362,552.252165255427
"C11",1,363,83.1935448233714
"C11",1,364,121.995251513887
"C11",1,365,446.587421911132
"C11",1,366,306.03571765606
"C11",1,367,103.320407129705
"C11",1,368,144.633939308238
"C11",1,369,268.995674965242
"C11",1,370,312.82913724951
"C11",1,371,338.795294331546
"C11",1,372,503.014342658401
"C11",1,373,312.879140714034
"C11",1,374,156.576461765427
"C11",1,375,370.69217100862
"C11",1,376,164.90044185258
"C11",1,377,321.159871466318
"C11",1,378,244.404259345265
"C11",1,379,74.288313612968
"C11",1,380,104.685486684232
"C11",1,381,434.045183049193
"C11",1,382,382.138912663004
"C11",1,383,266.892123383118
"C11",1,384,347.684066625699
"C11",1,385,270.990194417869
"C11",1,386,109.339399235357
"C11",1,387,508.60489812586
"C11",1,388,281.993085725537
"C11",1,389,371.999880715217
"C11",1,390,239.526397271301
"C11",1,391,311.781536861165
"C11",1,392,168.760954020897
"C11",1,393,494.772782289644
"C11",1,394,285.973608992547
"C11",1,395,305.017998299111
"C11",1,396,248.689808379352
"C11",1,397,199.30838956369
"C11",1,398,450.078408474831
"C11",1,399,281.230878771814
"C11",1,400,398.873706482074
"C7",1,1,5500.08352143995
"C7",1,2,3808.14457266308
"C7",1,3,3551.97087867327
"C7",1,4,6840.52426587719
"C7",1,5,5844.813502715
"C7",1,6,6848.77153884219
"C7",1,7,7657.1309591871
"C7",1,8,7820.6691231036
"C7",1,9,6392.46176601202
"C7",1,10,1968.60366474981
"C7",1,11,4415.2328038943
"C7",1,12,6548.33781907902
"C7",1,13,3795.19167840877
"C7",1,14,3718.52070822827
"C7",1,15,6612.16958406618
"C7",1,16,4393.01083289206
"C7",1,17,4969.14229327656
"C7",1,18,5411.84343330351
"C7",1,19,4466.53356732632
"C7",1,20,5652.19946958523
"C7",1,21,6462.66875132463
"C7",1,22,4144.78151122858
"C7",1,23,4874.06114711639
"C7",1,24,5888.55248757268
"C7",1,25,4573.76508743215
"C7",1,26,4613.50064624474
"C7",1,27,4790.86554955473
"C7",1,28,5249.99220413076
"C7",1,29,1283.74006208779
"C7",1,30,6457.57258468999
"C7",1,31,4699.22468229874
"C7",1,32,7400.68925945242
"C7",1,33,4359.5289090163
"C7",1,34,4472.28430667347
"C7",1,35,4473.67430324364
"C7",1,36,3569.81929103589
"C7",1,37,5227.94957207146
"C7",1,38,6136.69737362106
"C7",1,39,5128.66206729778
"C7",1,40,5938.98244457989
"C7",1,41,4337.06984988481
"C7",1,42,5546.11138545922
"C7",1,43,4085.50114320452
"C7",1,44,5901.94618004657
"C7",1,45,6074.10065850462
"C7",1,46,3625.18540029843
"C7",1,47,5086.04617804255
"C7",1,48,4656.15794486731
"C7",1,49,5858.47094197658
"C7",1,50,4812.04876548845
"C7",1,51,7729.59330753959
"C7",1,52,4581.93704901154
"C7",1,53,5322.11136055376
"C7",1,54,4887.80893075009
"C7",1,55,6982.70760279654
"C7",1,56,1186.77996403531
"C7",1,57,4995.01218760356
"C7",1,58,5180.55585932964
"C7",1,59,7626.7008537471
"C7",1,60,3672.14035713903
"C7",1,61,4139.09011353609
"C7",1,62,4216.637827337
"C7",1,63,4535.54011997012
"C7",1,64,2991.47983023642
"C7",1,65,2773.11741238521
"C7",1,66,3105.70878652541
"C7",1,67,4995.71516649243
"C7",1,68,4740.74512892185
"C7",1,69,5156.95976345214
"C7",1,70,4727.15573664485
"C7",1,71,3814.51765356366
"C7",1,72,4758.88561556374
"C7",1,73,2866.49194351532
"C7",1,74,6493.97230714248
"C7",1,75,3954.42583466693
"C7",1,76,3480.11179323836
"C7",1,77,6116.48648265867
"C7",1,78,4292.60110471733
"C7",1,79,3947.68103446495
"C7",1,80,3587.7583108372
"C7",1,81,7075.97866942904
"C7",1,82,5344.94709322687
"C7",1,83,7669.73537194617
"C7",1,84,2130.40589275998
"C7",1,85,4598.95016592556
"C7",1,86,5597.31473956972
"C7",1,87,3972.15546918432
"C7",1,88,5568.70707536987
"C7",1,89,5201.73879324288
"C7",1,90,3700.1671121913
"C7",1,91,4099.38391755029
"C7",1,92,4274.89567190731
"C7",1,93,4521.53442390015
"C7",1,94,6371.34238186721
"C7",1,95,3812.80204099898
"C7",1,96,6635.79660988603
"C7",1,97,5637.10399906042
"C7",1,98,4504.9825653117
"C7",1,99,2084.04774570334
"C7",1,100,4835.79641446193
"C7",1,101,6467.86659323408
"C7",1,102,7581.89302007956
"C7",1,103,4283.01008774423
"C7",1,104,4877.90243849056
"C7",1,105,4457.06887011185
"C7",1,106,5415.65335129418
"C7",1,107,5958.71512026225
"C7",1,108,6411.65267703463
"C7",1,109,4102.43904224074
"C7",1,110,4781.85250536466
"C7",1,111,3216.01232225301
"C7",1,112,5041.58421505186
"C7",1,113,6815.72705262268
"C7",1,114,3392.14473116922
"C7",1,115,4620.20217636649
"C7",1,116,4757.2220020704
"C7",1,117,2819.31294860761
"C7",1,118,4863.18823100864
"C7",1,119,5391.597888073
"C7",1,120,5628.33894811645
"C7",1,121,5229.66255914267
"C7",1,122,2537.76907715699
"C7",1,123,6029.83595926644
"C7",1,124,6491.08841725772
"C7",1,125,5447.01566118766
"C7",1,126,6611.99889879565
"C7",1,127,4192.23174433043
"C7",1,128,5147.96428397373
"C7",1,129,4821.56543557102
"C7",1,130,5569.62068933833
"C7",1,131,5633.00033590762
"C7",1,132,5347.31678348526
"C7",1,133,6498.61306042129
"C7",1,134,5783.2380785663
"C7",1,135,4949.12270889532
"C7",1,136,3361.27978349692
"C7",1,137,5034.20896286395
"C7",1,138,7721.40074476749
"C7",1,139,2158.40503120776
"C7",1,140,3462.29741525163
"C7",1,141,3905.4244051599
"C7",1,142,5800.46916525071
"C7",1,143,5765.24925580591
"C7",1,144,7186.00807919231
"C7",1,145,3923.93407538736
"C7",1,146,4917.47666283958
"C7",1,147,4115.38021620125
"C7",1,148,5744.15053296809
"C7",1,149,4320.21947425452
"C7",1,150,5780.76576108939
"C7",1,151,2813.04076030812
"C7",1,152,3981.07129562262
"C7",1,153,4635.1618679832
"C7",1,154,1020.23272297101
"C7",1,155,4021.08948404872
"C7",1,156,5723.64956028578
"C7",1,157,3340.83370350643
"C7",1,158,4019.4987041463
"C7",1,159,6304.11099048307
"C7",1,160,5942.65333543865
"C7",1,161,5362.55908964424
"C7",1,162,5729.63908165997
"C7",1,163,5217.32375970361
"C7",1,164,2457.76935296562
"C7",1,165,6864.74299713546
"C7",1,166,6201.48137575844
"C7",1,167,2614.1719452791
"C7",1,168,5674.76245086985
"C7",1,169,2075.93433343246
"C7",1,170,4324.59276535503
"C7",1,171,4476.21744440857
"C7",1,172,1134.81413416775
"C7",1,173,4300.70538718054
"C7",1,174,6831.4030299629
"C7",1,175,6361.39924002938
"C7",1,176,4840.75234686113
"C7",1,177,9199.49384688004
"C7",1,178,4915.04118798248
"C7",1,179,5240.89101978382
"C7",1,180,4363.47566257392
"C7",1,181,4389.34406588526
"C7",1,182,5703.71706040523
"C7",1,183,6217.55535168378
"C7",1,184,4530.7751872139
"C7",1,185,6684.54303523687
"C7",1,186,3403.13501484599
"C7",1,187,4664.21952182346
"C7",1,188,3626.87877796868
"C7",1,189,5588.04407631583
"C7",1,190,6030.28966608387
"C7",1,191,2936.64929960012
"C7",1,192,4018.35008679227
"C7",1,193,4067.37163060405
"C7",1,194,4775.07916287218
"C7",1,195,3474.0932955787
"C7",1,196,4608.33819514565
"C7",1,197,7175.30905638055
"C7",1,198,7004.98776558981
"C7",1,199,6229.52234285288
"C7",1,200,5917.52088636212
"C7",1,201,5345.95869656262
"C7",1,202,5058.93332554819
"C7",1,203,5544.40466818405
"C7",1,204,4282.27487194245
"C7",1,205,4745.39999510886
"C7",1,206,2455.61687379783
"C7",1,207,3883.8276099098
"C7",1,208,6782.07841412958
"C7",1,209,5831.68271692467
"C7",1,210,6773.75263276683
"C7",1,211,4650.30336334897
"C7",1,212,8496.35411865619
"C7",1,213,5421.85849146112
"C7",1,214,3453.95540996301
"C7",1,215,3864.76004365077
"C7",1,216,2754.4505236557
"C7",1,217,3140.43871377676
"C7",1,218,5333.88987239557
"C7",1,219,1203.35775197668
"C7",1,220,3120.84013429741
"C7",1,221,3308.62807571258
"C7",1,222,5684.54676493456
"C7",1,223,5006.31165304647
"C7",1,224,6138.75265867537
"C7",1,225,7381.59528948309
"C7",1,226,2010.34651918602
"C7",1,227,3654.28405535551
"C7",1,228,4359.48971773869
"C7",1,229,6116.2841776711
"C7",1,230,5635.0406804964
"C7",1,231,6944.16955104782
"C7",1,232,3830.5778933427
"C7",1,233,6732.36524837264
"C7",1,234,6901.02889241704
"C7",1,235,5263.88394659478
"C7",1,236,4718.54701441471
"C7",1,237,5189.0439019017
"C7",1,238,4710.81143275446
"C7",1,239,6068.50624101858
"C7",1,240,4321.74528855408
"C7",1,241,4178.85651459462
"C7",1,242,3936.77376930208
"C7",1,243,3995.14456696638
"C7",1,244,4915.19290258201
"C7",1,245,5375.75109857785
"C7",1,246,4642.77839162396
"C7",1,247,3186.0345030942
"C7",1,248,231.409528408183
"C7",1,249,448.405321915657
"C7",1,250,384.880535407582
"C7",1,251,371.424664192578
"C7",1,252,397.517957119627
"C7",1,253,355.603972001625
"C7",1,254,315.858947618162
"C7",1,255,377.522655377692
"C7",1,256,289.800249995438
"C7",1,257,349.522061179677
"C7",1,258,412.274764183791
"C7",1,259,398.704928899003
"C7",1,260,596.594510559554
"C7",1,261,274.01273490993
"C7",1,262,345.270288414247
"C7",1,263,190.792682481787
"C7",1,264,368.805125665526
"C7",1,265,229.571814155569
"C7",1,266,165.261601285348
"C7",1,267,334.278510861961
"C7",1,268,329.415060708488
"C7",1,269,441.68554657026
"C7",1,270,199.335132062925
"C7",1,271,446.495234694205
"C7",1,272,194.071753048382
"C7",1,273,511.227759099277
"C7",1,274,451.263939381586
"C7",1,275,398.853711019525
"C7",1,276,385.094473362577
"C7",1,277,431.449871158593
"C7",1,278,328.387112058699
"C7",1,279,216.906302614215
"C7",1,280,548.048471576494
"C7",1,281,233.446320671962
"C7",1,282,308.433910954121
"C7",1,283,376.492214843393
"C7",1,284,315.610381423024
"C7",1,285,253.386169241772
"C7",1,286,550.214303094894
"C7",1,287,125.409945955059
"C7",1,288,185.584295096654
"C7",1,289,492.631632347263
"C7",1,290,169.27205992755
"C7",1,291,467.663219102526
"C7",1,292,500.026617265256
"C7",1,293,275.336349355843
"C7",1,294,512.317155225261
"C7",1,295,387.228516956558
"C7",1,296,272.572862802277
"C7",1,297,246.245742081959
"C7",1,298,244.494666239394
"C7",1,299,389.536678922781
"C7",1,300,215.79088210113
"C7",1,301,441.194539354121
"C7",1,302,179.180633029057
"C7",1,303,340.931891702295
"C7",1,304,348.422531951766
"C7",1,305,414.170870523552
"C7",1,306,245.099926006627
"C7",1,307,241.211551454623
"C7",1,308,556.306567965954
"C7",1,309,210.052295874679
"C7",1,310,427.516991652039
"C7",1,311,220.041215259027
"C7",1,312,354.600821842894
"C7",1,313,258.640859127358
"C7",1,314,368.501724544344
"C7",1,315,322.1301024287
"C7",1,316,541.077100156818
"C7",1,317,470.263427886488
"C7",1,318,387.687069003006
"C7",1,319,248.509505297959
"C7",1,320,258.36911145926
"C7",1,321,308.172917409385
"C7",1,322,139.468521920032
"C7",1,323,309.432471827818
"C7",1,324,450.147745344655
"C7",1,325,87.0382532491897
"C7",1,326,352.661332914913
"C7",1,327,288.164616343931
"C7",1,328,320.620239939595
"C7",1,329,287.144774914589
"C7",1,330,342.085578538967
"C7",1,331,201.6401488267
"C7",1,332,411.585517988778
"C7",1,333,87.7543438134271
"C7",1,334,348.608567167264
"C7",1,335,257.702724811105
"C7",1,336,273.108491254547
"C7",1,337,396.709348683346
"C7",1,338,323.789046596166
"C7",1,339,270.708263301493
"C7",1,340,410.978543328978
"C7",1,341,289.081006768907
"C7",1,342,393.43106297092
"C7",1,343,158.188252606198
"C7",1,344,626.138823368186
"C7",1,345,295.325689049293
"C7",1,346,58.9677736973968
"C7",1,347,84.5059830767506
"C7",1,348,368.320518051574
"C7",1,349,404.915128303022
"C7",1,350,248.998220340322
"C7",1,351,313.408583426646
"C7",1,352,233.456543964401
"C7",1,353,270.316885685831
"C7",1,354,285.672480779638
"C7",1,355,179.979950890591
"C7",1,356,340.778950294699
"C7",1,357,373.979321440423
"C7",1,358,484.638381403363
"C7",1,359,418.45082988896
"C7",1,360,353.104157456146
"C7",1,361,501.875077601267
"C7",1,362,393.011457490806
"C7",1,363,408.292087027084
"C7",1,364,417.411789791014
"C7",1,365,180.962404420116
"C7",1,366,256.988624414206
"C7",1,367,149.275278651773
"C7",1,368,312.912675707701
"C7",1,369,300.511373989447
"C7",1,370,318.969006219504
"C7",1,371,220.644775088692
"C7",1,372,134.984798267421
"C7",1,373,408.320022730414
"C7",1,374,195.369082792953
"C7",1,375,198.039999675357
"C7",1,376,187.047006045194
"C7",1,377,292.022069870107
"C7",1,378,405.102221675936
"C7",1,379,327.528672259162
"C7",1,380,190.881489640572
"C7",1,381,249.049477070974
"C7",1,382,415.21385874495
"C7",1,383,509.679815882157
"C7",1,384,413.59658402697
"C7",1,385,307.473987276363
"C7",1,386,301.872001846795
"C7",1,387,642.475804527122
"C7",1,388,409.677150414724
"C7",1,389,434.44102532163
"C7",1,390,342.604724980403
"C7",1,391,233.162772089451
"C7",1,392,187.369277870237
"C8",1,1,7027.9295701421
"C8",1,2,3552.10710653068
"C8",1,3,3633.52301075776
"C8",1,4,4598.037437303
"C8",1,5,2851.89274852099
"C8",1,6,4944.98756647628
"C8",1,7,4931.65642439002
"C8",1,8,6993.31518546258
"C8",1,9,2604.76426352905
"C8",1,10,7017.37540613508
"C8",1,11,5278.45164960427
"C8",1,12,6309.684048517
"C8",1,13,6966.09728215485
"C8",1,14,5885.66145720657
"C8",1,15,4986.23872237263
"C8",1,16,5115.18744287684
"C8",1,17,4080.42948604325
"C8",1,18,4758.39106005586
"C8",1,19,6169.04169294083
"C8",1,20,5165.02154509248
"C8",1,21,4835.21532347338
"C8",1,22,3495.21168984753
"C8",1,23,5048.26721697521
"C8",1,24,2333.34982893811
"C8",1,25,3149.24223012339
"C8",1,26,4184.09321915205
"C8",1,27,4086.38924606559
"C8",1,28,3159.2844859305
"C8",1,29,7190.61103232642
"C8",1,30,6532.2877099708
"C8",1,31,3461.01139688846
"C8",1,32,5337.77598000827
"C8",1,33,7470.08245085199
"C8",1,34,5053.41472905457
"C8",1,35,5602.01375941767
"C8",1,36,6115.2063500013
"C8",1,37,6978.60856888323
"C8",1,38,4670.57111396112
"C8",1,39,6067.28413307583
"C8",1,40,4057.63624130681
"C8",1,41,5943.53257344387
"C8",1,42,3514.55854331447
"C8",1,43,4020.29258246473
"C8",1,44,7235.81751557241
"C8",1,45,5942.66684872553
"C8",1,46,2638.45843966546
"C8",1,47,3968.94726612266
"C8",1,48,4542.76068885983
"C8",1,49,3805.01876995132
"C8",1,50,4037.67920787409
"C8",1,51,3683.08419439659
"C8",1,52,4115.69738112071
"C8",1,53,4347.80457418147
"C8",1,54,5837.58014884716
"C8",1,55,3941.89128611996
"C8",1,56,1972.68596372851
"C8",1,57,5270.42924578317
"C8",1,58,4102.35591219637
"C8",1,59,5728.14134695611
"C8",1,60,3153.32248705888
"C8",1,61,4270.58963520837
"C8",1,62,6088.9679564162
"C8",1,63,4724.49905673241
"C8",1,64,2635.52253920169
"C8",1,65,6676.10374694174
"C8",1,66,4682.71785767501
"C8",1,67,4735.07930849466
"C8",1,68,3109.97514344322
"C8",1,69,3327.49576909017
"C8",1,70,3240.67641086098
"C8",1,71,5999.45704106487
"C8",1,72,5685.8260412484
"C8",1,73,4776.56649518664
"C8",1,74,2120.1463048395
"C8",1,75,3974.6952614819
"C8",1,76,6009.0361735459
"C8",1,77,5315.71142231676
"C8",1,78,6133.5362852395
"C8",1,79,5859.2194046391
"C8",1,80,3284.06429962101
"C8",1,81,1415.91597698649
"C8",1,82,2114.24763852256
"C8",1,83,5035.83289893542
"C8",1,84,5644.64729511406
"C8",1,85,5855.87774874872
"C8",1,86,4436.12461403686
"C8",1,87,3195.81534022569
"C8",1,88,4006.27829472018
"C8",1,89,9488.6830124866
"C8",1,90,2057.38783834719
"C8",1,91,5297.2000188416
"C8",1,92,4926.61226084719
"C8",1,93,4772.87204594336
"C8",1,94,6142.81133424014
"C8",1,95,5457.95769223331
"C8",1,96,4416.84846867193
"C8",1,97,4773.2713202372
"C8",1,98,5922.83119789178
"C8",1,99,2658.85254482949
"C8",1,100,5252.66369137415
"C8",1,101,2374.6296189446
"C8",1,102,5810.36548311506
"C8",1,103,3997.12224355747
"C8",1,104,5703.93967808596
"C8",1,105,4635.5743871579
"C8",1,106,6349.08377943958
"C8",1,107,8016.61574110156
"C8",1,108,2769.09898428418
"C8",1,109,4564.55586199184
"C8",1,110,8790.63821896381
"C8",1,111,4134.98094323279
"C8",1,112,4139.83613429841
"C8",1,113,4379.30619213073
"C8",1,114,6781.8455714565
"C8",1,115,3265.69277106976
"C8",1,116,3713.85257896406
"C8",1,117,3750.31295681591
"C8",1,118,5421.02047641519
"C8",1,119,3119.88051329455
"C8",1,120,6297.08937868424
"C8",1,121,3955.88893298896
"C8",1,122,3289.03388783558
"C8",1,123,3218.2817805781
"C8",1,124,3244.31658528987
"C8",1,125,1680.88889074452
"C8",1,126,5361.46629635114
"C8",1,127,4681.87078864603
"C8",1,128,5896.00122738592
"C8",1,129,4302.8753244659
"C8",1,130,3731.61072590721
"C8",1,131,5677.82691284813
"C8",1,132,5511.35147192569
"C8",1,133,4084.53924708503
"C8",1,134,2354.35058519911
"C8",1,135,2668.9479690321
"C8",1,136,4420.8911169587
"C8",1,137,7449.60378094761
"C8",1,138,5059.95770479377
"C8",1,139,2153.41699519037
"C8",1,140,3828.25396517505
"C8",1,141,2887.76406975573
"C8",1,142,5467.27256407472
"C8",1,143,3149.86807954266
"C8",1,144,6392.79374995829
"C8",1,145,5259.22039833159
"C8",1,146,10851.941289734
"C8",1,147,3997.16100212077
"C8",1,148,4475.99564927181
"C8",1,149,5923.16912436222
"C8",1,150,5315.51301520085
"C8",1,151,3706.24508255555
"C8",1,152,5659.6606680581
"C8",1,153,4484.03230470564
"C8",1,154,4326.91358263663
"C8",1,155,3000.29960998612
"C8",1,156,3815.05472423472
"C8",1,157,7488.88942611297
"C8",1,158,3564.9371780684
"C8",1,159,4712.38022617809
"C8",1,160,3043.91919814229
"C8",1,161,3759.75563028773
"C8",1,162,7015.68340789268
"C8",1,163,6035.45414637993
"C8",1,164,4960.6650621277
"C8",1,165,4689.83071629106
"C8",1,166,2816.72772453596
"C8",1,167,5424.3705590881
"C8",1,168,7016.41674069629
"C8",1,169,4972.271348189
"C8",1,170,4265.14011856729
"C8",1,171,3585.05129874769
"C8",1,172,5221.41079886415
"C8",1,173,5008.26962499541
"C8",1,174,3368.94994479383
"C8",1,175,7862.46699500521
"C8",1,176,3713.28188511867
"C8",1,177,3914.56167613622
"C8",1,178,3151.65296633328
"C8",1,179,3710.30154506509
"C8",1,180,5145.7134742815
"C8",1,181,4821.46584714438
"C8",1,182,2349.53232880234
"C8",1,183,6669.82584413466
"C8",1,184,4906.77347421436
"C8",1,185,4018.94293663566
"C8",1,186,4572.13881658153
"C8",1,187,5968.31242968576
"C8",1,188,4117.28782185875
"C8",1,189,5253.69413499356
"C8",1,190,5359.42238964657
"C8",1,191,5657.12638332171
"C8",1,192,5250.80629241662
"C8",1,193,5193.266152763
"C8",1,194,6406.86719234896
"C8",1,195,5443.55626661897
"C8",1,196,4951.493626616
"C8",1,197,5985.83594245476
"C8",1,198,5015.1888100646
"C8",1,199,3786.79347147251
"C8",1,200,5325.95386971367
"C8",1,201,5853.50252630122
"C8",1,202,4046.53252092894
"C8",1,203,5343.06875799902
"C8",1,204,2069.48041041269
"C8",1,205,5961.56191741554
"C8",1,206,5561.89428286878
"C8",1,207,5100.43974695309
"C8",1,208,4137.43357241745
"C8",1,209,2596.43313091831
"C8",1,210,5923.61953220663
"C8",1,211,3716.02405211052
"C8",1,212,7014.09052812136
"C8",1,213,4639.25275309548
"C8",1,214,4214.81135988654
"C8",1,215,4899.84012473137
"C8",1,216,2057.19524052979
"C8",1,217,3392.33847142912
"C8",1,218,5894.02630271133
"C8",1,219,6125.29162223811
"C8",1,220,5128.92438112311
"C8",1,221,5855.63687083814
"C8",1,222,5122.9772672091
"C8",1,223,4588.35364849032
"C8",1,224,4549.37704025798
"C8",1,225,4009.65867362879
"C8",1,226,5171.35891602488
"C8",1,227,5142.12684585571
"C8",1,228,2480.23897863341
"C8",1,229,2906.05183949617
"C8",1,230,5298.90294839506
"C8",1,231,4807.50932279173
"C8",1,232,7217.69646687103
"C8",1,233,4492.21245854856
"C8",1,234,3385.76013892116
"C8",1,235,6144.67181957848
"C8",1,236,7048.72882407311
"C8",1,237,7424.92573206161
"C8",1,238,5976.76599028025
"C8",1,239,3333.42999639539
"C8",1,240,3465.17065665825
"C8",1,241,3125.0675549517
"C8",1,242,5646.84462104121
"C8",1,243,4530.25893718912
"C8",1,244,7141.51494060441
"C8",1,245,3312.00910763923
"C8",1,246,5514.34955169262
"C8",1,247,5990.42737635952
"C8",1,248,5944.53962759203
"C8",1,249,4927.93160462329
"C8",1,250,2469.84508844651
"C8",1,251,3431.87744360117
"C8",1,252,6144.90091892231
"C8",1,253,3674.05108064663
"C8",1,254,6353.95007990305
"C8",1,255,2933.07765939976
"C8",1,256,4326.26114483175
"C8",1,257,5891.14043992796
"C8",1,258,5514.3604663873
"C8",1,259,5145.7707957617
"C8",1,260,4136.08659722183
"C8",1,261,4014.60582445467
"C8",1,262,5201.92205947227
"C8",1,263,3736.11466297916
"C8",1,264,5385.92235267603
"C8",1,265,3115.33525976222
"C8",1,266,5956.37290327356
"C8",1,267,5621.73921288784
"C8",1,268,5314.59877700881
"C8",1,269,4007.59395946172
"C8",1,270,6611.40938740398
"C8",1,271,6517.16989322956
"C8",1,272,5725.68150996229
"C8",1,273,4799.12794849768
"C8",1,274,7835.13326798761
"C8",1,275,3994.06596088147
"C8",1,276,4241.50981575213
"C8",1,277,2067.71451053629
"C8",1,278,5973.20475556584
"C8",1,279,5307.45041372212
"C8",1,280,4305.49348179168
"C8",1,281,5320.08281204187
"C8",1,282,5701.65743619614
"C8",1,283,5353.39031483565
"C8",1,284,3941.60657956499
"C8",1,285,3967.15700633891
"C8",1,286,5174.97775866089
"C8",1,287,2698.28466986605
"C8",1,288,3092.91667027109
"C8",1,289,5465.57592333892
"C8",1,290,3383.18357233425
"C8",1,291,4056.09665653123
"C8",1,292,7046.2031322629
"C8",1,293,5095.65018055005
"C8",1,294,380.097635294107
"C8",1,295,540.258613533273
"C8",1,296,339.68910771214
"C8",1,297,230.699104856426
"C8",1,298,411.079325883632
"C8",1,299,209.765121668981
"C8",1,300,260.381235341514
"C8",1,301,312.749322443539
"C8",1,302,314.646806895531
"C8",1,303,403.721779155444
"C8",1,304,214.475283330365
"C8",1,305,355.225610454188
"C8",1,306,660.700672563211
"C8",1,307,202.982386195226
"C8",1,308,402.056007367856
"C8",1,309,241.773447796917
"C8",1,310,411.329605726721
"C8",1,311,508.355021562943
"C8",1,312,240.910514918064
"C8",1,313,183.106227573725
"C8",1,314,256.912225715889
"C8",1,315,321.006461179967
"C8",1,316,404.97949636382
"C8",1,317,229.654926358297
"C8",1,318,309.260493523659
"C8",1,319,425.210402497061
"C8",1,320,227.06674941483
"C8",1,321,238.716200968914
"C8",1,322,323.975465605274
"C8",1,323,164.118210140199
"C8",1,324,398.132760570375
"C8",1,325,346.312525468932
"C8",1,326,287.145980142253
"C8",1,327,425.499670168105
"C8",1,328,500.864724460637
"C8",1,329,134.092819126478
"C8",1,330,300.798357308634
"C8",1,331,287.254849851462
"C8",1,332,420.583940890905
"C8",1,333,420.977605517258
"C8",1,334,321.029094279222
"C8",1,335,245.256435244004
"C8",1,336,210.483116619388
"C8",1,337,549.998464029346
"C8",1,338,320.5945911001
"C8",1,339,323.179866004152
"C8",1,340,84.0046506222139
"C8",1,341,291.735308823421
"C8",1,342,487.522774440553
"C8",1,343,297.251977215481
"C8",1,344,245.014762472733
"C8",1,345,293.139478582403
"C8",1,346,394.997634571195
"C8",1,347,174.037442955509
"C8",1,348,55.7841335837332
"C8",1,349,322.370482964882
"C8",1,350,354.4068429026
"C8",1,351,284.590612028323
"C8",1,352,408.483021473547
"C8",1,353,394.978861166441
"C8",1,354,266.058785204944
"C8",1,355,357.52925188518
"C8",1,356,390.34887063432
"C8",1,357,308.251655780592
"C8",1,358,350.923558792965
"C8",1,359,433.007404608807
"C8",1,360,441.610352162748
"C8",1,361,396.967300745995
"C8",1,362,405.97057345927
"C8",1,363,488.499168874316
"C8",1,364,449.298178126482
"C8",1,365,210.027095245786
"C8",1,366,181.353415154407
"C8",1,367,339.613635043942
"C8",1,368,326.607961183069
"C8",1,369,334.293433137563
"C8",1,370,324.001861528946
"C8",1,371,168.863793171445
"C8",1,372,551.162553410982
"C8",1,373,498.648595572968
"C8",1,374,670.870211257778
"C8",1,375,462.437697884459
"C8",1,376,352.772730772609
"C8",1,377,264.582572261221
"C8",1,378,223.648331725355
"C8",1,379,294.976349981153
"C8",1,380,223.056460295572
"C8",1,381,348.742972373816
"C8",1,382,367.970844214259
"C8",1,383,53.3321320786801
"C8",1,384,282.842902869031
"C8",1,385,460.557603939635
"C8",1,386,463.905619201398
"C8",1,387,278.369596788701
"C8",1,388,379.906725265667
"C8",1,389,348.831431012183
"C8",1,390,431.525732743581
"C8",1,391,515.656405667215
"C8",1,392,325.251740947972
"C8",1,393,511.452384616136
"C8",1,394,443.56320699855
"C8",1,395,306.899977095145
"C8",1,396,433.647146147571
"C8",1,397,129.531180641434
"C8",1,398,498.263672178526
"C8",1,399,320.508818419983
"C8",1,400,250.863868226407
"C8",1,401,393.614221394918
"C8",1,402,339.586007647231
"C8",1,403,343.012633658406
"C8",1,404,223.068642756396
"C8",1,405,288.385733996929
"C8",1,406,400.323539857199
"C8",1,407,474.114801461425
"C8",1,408,152.990406233594
"C8",1,409,390.307845004064
"C8",1,410,128.714208695935
"C8",1,411,384.863175257056
"C8",1,412,425.369145796438
"C8",1,413,321.129934717928
"C8",1,414,322.066242670764
"C8",1,415,331.048717877947
"C8",1,416,281.86249899722
"C8",1,417,452.714026209736
"C8",1,418,181.030134318656
"C8",1,419,381.967136276185
"C8",1,420,317.005323359284
"C8",1,421,178.984604843858
"C8",1,422,544.592418222541
"C8",1,423,221.651996405132
"C8",1,424,164.429592027984
"C8",1,425,235.497059447123
"C8",1,426,345.841015852985
"C8",1,427,183.160806696727
"E1",1,1,4379.88171145791
"E1",1,2,5480.86612362215
"E1",1,3,4795.61023612881
"E1",1,4,3409.55579890779
"E1",1,5,5259.26467929115
"E1",1,6,6163.06357907125
"E1",1,7,5975.75734964265
"E1",1,8,4908.91845601928
"E1",1,9,6183.40894470499
"E1",1,10,4260.95605450903
"E1",1,11,6048.28569608835
"E1",1,12,4086.39798413092
"E1",1,13,5522.11920272087
"E1",1,14,4633.05866639992
"E1",1,15,7039.82744608286
"E1",1,16,7019.28426618894
"E1",1,17,4669.7088239726
"E1",1,18,5669.66530545395
"E1",1,19,6068.04730719764
"E1",1,20,2638.56115091758
"E1",1,21,5491.92865295241
"E1",1,22,5424.35053485077
"E1",1,23,4988.27180777096
"E1",1,24,4865.38153655389
"E1",1,25,3424.6176581743
"E1",1,26,4423.23171698064
"E1",1,27,3246.01237084155
"E1",1,28,3239.19216077147
"E1",1,29,2973.26682793373
"E1",1,30,5487.35668841274
"E1",1,31,6040.0087058975
"E1",1,32,3598.4777916735
"E1",1,33,3989.65783976619
"E1",1,34,2399.82740283779
"E1",1,35,4621.26484256676
"E1",1,36,3334.64284371887
"E1",1,37,3588.57928679806
"E1",1,38,4186.27939852362
"E1",1,39,5647.89926289278
"E1",1,40,4456.15839577356
"E1",1,41,6127.48530978077
"E1",1,42,5406.9968961189
"E1",1,43,6830.52031475929
"E1",1,44,6081.20618106272
"E1",1,45,5120.2418583498
"E1",1,46,9328.16186453567
"E1",1,47,5527.60800277964
"E1",1,48,4625.00493549699
"E1",1,49,3681.7987656101
"E1",1,50,5769.65727382274
"E1",1,51,5240.43143453778
"E1",1,52,4539.1481106203
"E1",1,53,7862.96884521849
"E1",1,54,6102.19345078411
"E1",1,55,4071.10071132434
"E1",1,56,6197.09931700884
"E1",1,57,6156.96756059512
"E1",1,58,5421.18236741717
"E1",1,59,4074.75023109816
"E1",1,60,3684.05543928904
"E1",1,61,5022.98268613932
"E1",1,62,5978.66290124377
"E1",1,63,4957.26201050871
"E1",1,64,4861.57658875403
"E1",1,65,2054.62520730524
"E1",1,66,2024.00075135261
"E1",1,67,5633.25555632785
"E1",1,68,6574.43160152601
"E1",1,69,3354.31302131369
"E1",1,70,3175.91928785051
"E1",1,71,2625.57725710109
"E1",1,72,3823.64922683754
"E1",1,73,4715.96602139615
"E1",1,74,5601.05925094815
"E1",1,75,5801.7722733947
"E1",1,76,5826.41042398861
"E1",1,77,5873.33250563908
"E1",1,78,2930.95980148271
"E1",1,79,3319.45075561132
"E1",1,80,5448.92239168362
"E1",1,81,4654.32026677293
"E1",1,82,3918.64208402649
"E1",1,83,4749.08444578614
"E1",1,84,3976.73161837376
"E1",1,85,3608.9532464346
"E1",1,86,4209.01328004246
"E1",1,87,6156.14022266224
"E1",1,88,6443.91067444398
"E1",1,89,5147.43156059342
"E1",1,90,5811.33435263563
"E1",1,91,4674.75188672152
"E1",1,92,5454.12990179467
"E1",1,93,4326.98272606549
"E1",1,94,3423.69699609937
"E1",1,95,3444.97497562298
"E1",1,96,4999.34256693148
"E1",1,97,4445.98591801334
"E1",1,98,5732.46392635612
"E1",1,99,7879.86171717779
"E1",1,100,4304.82602535572
"E1",1,101,4275.87126740531
"E1",1,102,2004.18426921491
"E1",1,103,4047.01654394486
"E1",1,104,3641.9454196491
"E1",1,105,2246.51409504197
"E1",1,106,3925.65480860409
"E1",1,107,5332.07639100793
"E1",1,108,2711.48478057557
"E1",1,109,6329.04049705546
"E1",1,110,5345.42742646927
"E1",1,111,4870.60280432201
"E1",1,112,5210.34976330303
"E1",1,113,5635.59837870477
"E1",1,114,4441.63264678457
"E1",1,115,8048.14677497544
"E1",1,116,4419.52944460607
"E1",1,117,3945.09263827925
"E1",1,118,4214.200097035
"E1",1,119,2970.66082555566
"E1",1,120,7544.36042946851
"E1",1,121,5969.63543239388
"E1",1,122,4893.68584200265
"E1",1,123,6993.17093384479
"E1",1,124,5682.43481656355
"E1",1,125,5141.50391461523
"E1",1,126,6440.55171049839
"E1",1,127,6368.7992330232
"E1",1,128,3811.59473107959
"E1",1,129,6327.76959856248
"E1",1,130,4721.51819878803
"E1",1,131,4969.9994138489
"E1",1,132,6864.28266176398
"E1",1,133,3663.13862796864
"E1",1,134,3571.36069918053
"E1",1,135,4090.64762625875
"E1",1,136,4472.12747925736
"E1",1,137,5498.61681432198
"E1",1,138,5284.75380878292
"E1",1,139,5389.67843323561
"E1",1,140,2617.26897530587
"E1",1,141,2019.30868878337
"E1",1,142,5052.7246957438
"E1",1,143,7320.8435757425
"E1",1,144,4061.08856719028
"E1",1,145,5606.72309525388
"E1",1,146,4356.04021284328
"E1",1,147,6704.47257817946
"E1",1,148,4104.82537195833
"E1",1,149,2157.73315482912
"E1",1,150,4261.05586278898
"E1",1,151,3601.53599094576
"E1",1,152,2259.07229634361
"E1",1,153,8778.28314505012
"E1",1,154,5168.87070680982
"E1",1,155,1781.87919944546
"E1",1,156,6383.22008182411
"E1",1,157,4318.38514708325
"E1",1,158,5954.18123971411
"E1",1,159,5104.60476048408
"E1",1,160,6300.3939328929
"E1",1,161,6078.60732538577
"E1",1,162,3833.1398997431
"E1",1,163,5847.54979476852
"E1",1,164,5879.39960383995
"E1",1,165,3510.00121336777
"E1",1,166,5727.6946665194
"E1",1,167,2940.12383468252
"E1",1,168,3760.8910354501
"E1",1,169,4161.60061409566
"E1",1,170,1977.59750809258
"E1",1,171,2523.84312546367
"E1",1,172,5286.13458415402
"E1",1,173,3409.65085559241
"E1",1,174,4578.5012942854
"E1",1,175,2651.19583553958
"E1",1,176,5047.50534266638
"E1",1,177,4082.0829016588
"E1",1,178,3591.15687862203
"E1",1,179,4437.76583150075
"E1",1,180,3571.46737413985
"E1",1,181,5086.00704922929
"E1",1,182,6527.11027616815
"E1",1,183,3848.73389852445
"E1",1,184,6065.81038474054
"E1",1,185,5851.78951901254
"E1",1,186,5740.74871656412
"E1",1,187,7865.93039737455
"E1",1,188,7252.17776766806
"E1",1,189,7543.3976286855
"E1",1,190,5203.96631623583
"E1",1,191,1541.90200826281
"E1",1,192,3768.76885589323
"E1",1,193,3907.62932695259
"E1",1,194,7357.1775534538
"E1",1,195,2619.79492381563
"E1",1,196,6352.41219313562
"E1",1,197,3016.25255212051
"E1",1,198,3438.39195212718
"E1",1,199,3548.26435045636
"E1",1,200,4205.67512255937
"E1",1,201,5566.19300644687
"E1",1,202,3486.48707588848
"E1",1,203,7168.56892247307
"E1",1,204,5568.34612601356
"E1",1,205,5766.23225243388
"E1",1,206,6511.17652522291
"E1",1,207,5618.06258855081
"E1",1,208,4101.44250793369
"E1",1,209,4112.37318314016
"E1",1,210,5347.28488119443
"E1",1,211,5538.52751828504
"E1",1,212,4381.77110571717
"E1",1,213,4353.79626297093
"E1",1,214,6390.35450783506
"E1",1,215,4104.93396566902
"E1",1,216,4081.86733398413
"E1",1,217,4709.90858149815
"E1",1,218,5668.6395816081
"E1",1,219,3469.89266374846
"E1",1,220,5036.11093585204
"E1",1,221,6185.74117147448
"E1",1,222,2978.13634623796
"E1",1,223,4436.38926632257
"E1",1,224,4946.75445001654
"E1",1,225,3174.14207043994
"E1",1,226,4144.72032682233
"E1",1,227,5985.64185527836
"E1",1,228,3129.11651978017
"E1",1,229,4419.50684141698
"E1",1,230,4270.60792954756
"E1",1,231,6447.46334751582
"E1",1,232,4806.19709558612
"E1",1,233,8352.65564549643
"E1",1,234,3350.2637337559
"E1",1,235,3173.24586877885
"E1",1,236,6835.300732365
"E1",1,237,3244.6717395003
"E1",1,238,5901.26765336
"E1",1,239,4862.8626651854
"E1",1,240,5103.22260918881
"E1",1,241,5723.7776939067
"E1",1,242,3187.37627662209
"E1",1,243,696.425370068619
"E1",1,244,392.225144408851
"E1",1,245,195.945212228393
"E1",1,246,284.19084960601
"E1",1,247,217.385698733152
"E1",1,248,322.631980041258
"E1",1,249,295.075668103125
"E1",1,250,530.987632555624
"E1",1,251,269.592261766763
"E1",1,252,360.816874346989
"E1",1,253,186.569471435174
"E1",1,254,284.401895158037
"E1",1,255,467.297142523897
"E1",1,256,396.595923258044
"E1",1,257,532.022871430195
"E1",1,258,355.267176956
"E1",1,259,304.324521433926
"E1",1,260,351.916130453847
"E1",1,261,255.2958260279
"E1",1,262,152.483573789369
"E1",1,263,370.537656331956
"E1",1,264,214.435895591091
"E1",1,265,389.063633734056
"E1",1,266,450.888042068955
"E1",1,267,339.437205296284
"E1",1,268,374.75930741245
"E1",1,269,440.605686051293
"E1",1,270,241.276050470287
"E1",1,271,255.072737111505
"E1",1,272,522.839440256504
"E1",1,273,476.717996073119
"E1",1,274,563.269503274166
"E1",1,275,368.735273317031
"E1",1,276,429.641293292726
"E1",1,277,313.453505607602
"E1",1,278,471.166500634738
"E1",1,279,202.497253862589
"E1",1,280,318.424571040185
"E1",1,281,381.175176540354
"E1",1,282,277.437919881777
"E1",1,283,537.559983224369
"E1",1,284,247.180170286296
"E1",1,285,520.794222488634
"E1",1,286,371.886083449015
"E1",1,287,268.624620257369
"E1",1,288,202.915294667427
"E1",1,289,334.689433636477
"E1",1,290,276.706391554712
"E1",1,291,215.9901957404
"E1",1,292,440.939082571219
"E1",1,293,511.492394941897
"E1",1,294,434.780112678828
"E1",1,295,431.111311848121
"E1",1,296,435.76396327109
"E1",1,297,347.931307622683
"E1",1,298,421.771187056457
"E1",1,299,287.453360348493
"E1",1,300,445.109634450151
"E1",1,301,237.119741468304
"E1",1,302,433.187980833476
"E1",1,303,330.672719413807
"E1",1,304,386.87606854807
"E1",1,305,263.379940885403
"E1",1,306,431.425292337591
"E1",1,307,301.511793120679
"E1",1,308,366.624319980845
"E1",1,309,403.286285055514
"E1",1,310,232.324327715832
"E1",1,311,373.928003402366
"E1",1,312,95.1338806482099
"E1",1,313,309.248529783168
"E1",1,314,464.488528205228
"E1",1,315,429.812226790475
"E1",1,316,215.5127092599
"E1",1,317,81.5885463898997
"E1",1,318,168.539739481423
"E1",1,319,194.822485321644
"E1",1,320,129.707314469849
"E1",1,321,256.215891512484
"E1",1,322,370.391475290775
"E1",1,323,92.9576453673212
"E1",1,324,653.027781632445
"E1",1,325,187.650488478549
"E1",1,326,359.919305415812
"E1",1,327,428.677022133401
"E1",1,328,623.28056469073
"E1",1,329,298.281997934547
"E1",1,330,560.055565595565
"E1",1,331,468.883712913277
"E1",1,332,487.919020490868
"E1",1,333,575.699674360688
"E1",1,334,229.864791699965
"E1",1,335,160.171234521905
"E1",1,336,328.022152355796
"E1",1,337,421.377858465054
"E1",1,338,379.062634287036
"E1",1,339,255.348701196855
"E1",1,340,331.315932582381
"E1",1,341,387.69038879698
"E1",1,342,307.457469157311
"E1",1,343,395.853501326163
"E1",1,344,157.345502004795
"E1",1,345,222.792389071211
"E1",1,346,126.630339045303
"E1",1,347,365.275426736671
"E1",1,348,210.406004093113
"E1",1,349,360.28936224497
"E1",1,350,562.082914600898
"E1",1,351,79.4684985485958
"E1",1,352,236.396401144585
"E1",1,353,138.581192347464
"E1",1,354,415.924497089795
"E1",1,355,279.696767369252
"E1",1,356,197.06811001474
"E1",1,357,276.43522850879
"E1",1,358,364.445573449537
"E1",1,359,459.311030893269
"E1",1,360,252.903015875127
"E1",1,361,417.064444249643
"E1",1,362,281.55830649888
"E1",1,363,147.791885289555
"E2",1,1,3543.53117863546
"E2",1,2,1686.33359768352
"E2",1,3,6291.87450012262
"E2",1,4,5602.89131816787
"E2",1,5,4947.8282373981
"E2",1,6,2493.53374666691
"E2",1,7,5068.19889333875
"E2",1,8,4215.52787899485
"E2",1,9,5332.83507977803
"E2",1,10,4852.96987363671
"E2",1,11,4399.23775820836
"E2",1,12,5072.95658895402
"E2",1,13,5703.31446791596
"E2",1,14,3790.03525477735
"E2",1,15,5611.87342145166
"E2",1,16,5044.69012922346
"E2",1,17,4920.63086312433
"E2",1,18,3338.29961133122
"E2",1,19,6018.12646268421
"E2",1,20,3748.74415240323
"E2",1,21,6927.20631773259
"E2",1,22,2017.68512072161
"E2",1,23,5396.5157986061
"E2",1,24,5266.39271526465
"E2",1,25,4667.38414835311
"E2",1,26,3825.39140516356
"E2",1,27,4372.33683956393
"E2",1,28,3739.99789457866
"E2",1,29,3902.24173331815
"E2",1,30,2709.469961648
"E2",1,31,6895.40949478099
"E2",1,32,4485.71630649558
"E2",1,33,5331.63081945445
"E2",1,34,7822.43047773175
"E2",1,35,4957.65490112459
"E2",1,36,5985.88453986958
"E2",1,37,7219.82045786596
"E2",1,38,3855.0570380151
"E2",1,39,4322.68154331392
"E2",1,40,4958.56600265611
"E2",1,41,6100.00405133484
"E2",1,42,4997.83396130587
"E2",1,43,7912.4660941702
"E2",1,44,3117.86185717607
"E2",1,45,5167.3645444394
"E2",1,46,6326.41064530715
"E2",1,47,5982.45734302126
"E2",1,48,4860.39725699376
"E2",1,49,3980.98554202016
"E2",1,50,3571.56164826054
"E2",1,51,4402.29626013983
"E2",1,52,3236.43570844471
"E2",1,53,5583.95838102385
"E2",1,54,4631.7470850449
"E2",1,55,2325.19731045958
"E2",1,56,6430.92229175422
"E2",1,57,7663.04071694465
"E2",1,58,6038.68561191695
"E2",1,59,5809.11394762183
"E2",1,60,6717.98743514386
"E2",1,61,6380.05909598299
"E2",1,62,6950.03596970698
"E2",1,63,6387.63122174316
"E2",1,64,7222.18114660636
"E2",1,65,2898.48876821515
"E2",1,66,4544.82751672088
"E2",1,67,4511.00794931908
"E2",1,68,5229.59725129699
"E2",1,69,5183.3387564783
"E2",1,70,5800.11290299628
"E2",1,71,4308.48351677403
"E2",1,72,5412.73993581685
"E2",1,73,6153.53634722687
"E2",1,74,4761.13165663683
"E2",1,75,3570.91847355023
"E2",1,76,6816.87946563962
"E2",1,77,5186.6904534959
"E2",1,78,7368.7246141548
"E2",1,79,4203.15970821053
"E2",1,80,2713.42996095342
"E2",1,81,4102.0636192498
"E2",1,82,4293.56527088986
"E2",1,83,4354.77081214037
"E2",1,84,4083.23984965049
"E2",1,85,4240.19949172252
"E2",1,86,6946.11727296588
"E2",1,87,7562.92769509773
"E2",1,88,2557.04652877863
"E2",1,89,4533.6572078845
"E2",1,90,4882.24120912159
"E2",1,91,4370.14485580738
"E2",1,92,4351.70313916655
"E2",1,93,1905.39685198712
"E2",1,94,4466.54337603095
"E2",1,95,7387.06002598097
"E2",1,96,7255.80089727893
"E2",1,97,5120.61987490999
"E2",1,98,4807.08969301509
"E2",1,99,3696.18387712812
"E2",1,100,4799.20785012697
"E2",1,101,5960.50131517274
"E2",1,102,4607.38664854528
"E2",1,103,7062.62387888324
"E2",1,104,3200.05922584695
"E2",1,105,6601.18860308539
"E2",1,106,5264.56478311303
"E2",1,107,5073.24237414347
"E2",1,108,5046.65949606013
"E2",1,109,7123.41446626848
"E2",1,110,6773.86064610463
"E2",1,111,6082.66822494975
"E2",1,112,6410.474705697
"E2",1,113,6516.11519621911
"E2",1,114,4398.11578858576
"E2",1,115,5514.08389359954
"E2",1,116,4369.85240100823
"E2",1,117,5735.48589426263
"E2",1,118,3764.52288801653
"E2",1,119,5804.01275178891
"E2",1,120,4833.58809395058
"E2",1,121,6490.34418293532
"E2",1,122,3515.91351657678
"E2",1,123,5276.43738218658
"E2",1,124,2759.24797654864
"E2",1,125,6059.47959247532
"E2",1,126,4122.37023107536
"E2",1,127,3964.73399647387
"E2",1,128,2148.39270803007
"E2",1,129,3181.53417958623
"E2",1,130,5375.56640133687
"E2",1,131,2990.57138362634
"E2",1,132,5841.02902833558
"E2",1,133,3206.89993040197
"E2",1,134,3548.43355233086
"E2",1,135,4041.07029392385
"E2",1,136,3811.22078226693
"E2",1,137,6134.74485124934
"E2",1,138,3464.34730951893
"E2",1,139,5765.20005946354
"E2",1,140,6736.29929305662
"E2",1,141,4552.96271157108
"E2",1,142,4567.08172201175
"E2",1,143,4641.07184620978
"E2",1,144,4528.95102251661
"E2",1,145,5161.40619396424
"E2",1,146,4046.36239725557
"E2",1,147,3149.31206422759
"E2",1,148,6060.90639158057
"E2",1,149,4777.25063343888
"E2",1,150,5050.08268578337
"E2",1,151,5642.67262739948
"E2",1,152,5165.58813141517
"E2",1,153,5225.69192424855
"E2",1,154,3896.98544008889
"E2",1,155,5372.94254072392
"E2",1,156,3347.06397573235
"E2",1,157,5133.98621205474
"E2",1,158,6502.4527652945
"E2",1,159,3969.3181330384
"E2",1,160,2976.24463073758
"E2",1,161,4512.09075462325
"E2",1,162,3387.40315088657
"E2",1,163,5325.67363967693
"E2",1,164,4832.4872277178
"E2",1,165,6430.27953271919
"E2",1,166,4737.18873906245
"E2",1,167,5430.26153248519
"E2",1,168,4748.43079912813
"E2",1,169,6346.81335934436
"E2",1,170,4271.61070673148
"E2",1,171,5199.66382703164
"E2",1,172,4963.85833370673
"E2",1,173,8116.26893900619
"E2",1,174,5449.56913744104
"E2",1,175,6695.79442519739
"E2",1,176,3004.35842251118
"E2",1,177,5169.54834351346
"E2",1,178,3598.13209622664
"E2",1,179,5261.31911748988
"E2",1,180,5669.43428030138
"E2",1,181,4644.66604918068
"E2",1,182,3017.71602333317
"E2",1,183,4886.20869804551
"E2",1,184,4719.92126061604
"E2",1,185,7097.54366831193
"E2",1,186,5190.84674971933
"E2",1,187,5837.83359925337
"E2",1,188,2219.91638225226
"E2",1,189,8089.44255841258
"E2",1,190,3405.72770715471
"E2",1,191,3469.83263332526
"E2",1,192,6916.23963984887
"E2",1,193,4871.99698310183
"E2",1,194,3385.77141632677
"E2",1,195,7639.60818443392
"E2",1,196,4128.85697486217
"E2",1,197,1149.36853303534
"E2",1,198,6526.35425945309
"E2",1,199,5044.68800251667
"E2",1,200,4877.88361776318
"E2",1,201,3423.45074786391
"E2",1,202,5092.93929279034
"E2",1,203,5366.87672196259
"E2",1,204,3565.96536797156
"E2",1,205,5998.68504002014
"E2",1,206,6649.04757409065
"E2",1,207,5716.41909484745
"E2",1,208,5927.0211208768
"E2",1,209,6730.1512952678
"E2",1,210,3368.55055720214
"E2",1,211,5776.42888306703
"E2",1,212,4388.24240358723
"E2",1,213,2407.17970977718
"E2",1,214,4242.45379768959
"E2",1,215,2910.66379696463
"E2",1,216,4422.1434192663
"E2",1,217,3363.17202925461
"E2",1,218,3554.32012554123
"E2",1,219,5020.35466312225
"E2",1,220,8008.68229170513
"E2",1,221,4900.7282502979
"E2",1,222,6719.10789007945
"E2",1,223,5890.84949656841
"E2",1,224,2829.73438814535
"E2",1,225,3466.32743287805
"E2",1,226,6833.41306656711
"E2",1,227,5314.05112203316
"E2",1,228,5390.10658897777
"E2",1,229,7837.94813602179
"E2",1,230,2765.59667428215
"E2",1,231,6490.39739160184
"E2",1,232,4405.51061259157
"E2",1,233,5777.72486791977
"E2",1,234,6595.87093187487
"E2",1,235,6902.94012405706
"E2",1,236,5239.949684501
"E2",1,237,5449.97767603265
"E2",1,238,3077.74864861326
"E2",1,239,7545.29986314587
"E2",1,240,5077.26955127582
"E2",1,241,5258.90433275271
"E2",1,242,4444.07549074259
"E2",1,243,1821.90448939695
"E2",1,244,5584.5190786616
"E2",1,245,6122.84830136229
"E2",1,246,4113.47564236994
"E2",1,247,5754.74701667471
"E2",1,248,4344.5577265463
"E2",1,249,6303.94854745857
"E2",1,250,4362.60998253389
"E2",1,251,6585.63642357069
"E2",1,252,6483.90449193811
"E2",1,253,3332.36392558483
"E2",1,254,7338.22222838906
"E2",1,255,4126.03387394498
"E2",1,256,5575.53400826899
"E2",1,257,5224.40986270562
"E2",1,258,7067.36209674292
"E2",1,259,7157.27373589772
"E2",1,260,4274.86952296155
"E2",1,261,2607.60685124294
"E2",1,262,4881.27151100385
"E2",1,263,4403.11626930413
"E2",1,264,5123.43344258517
"E2",1,265,3660.42591001227
"E2",1,266,5623.19072931292
"E2",1,267,5465.35296336273
"E2",1,268,7154.97676643323
"E2",1,269,6121.37499190219
"E2",1,270,5229.40453931354
"E2",1,271,3018.0040014131
"E2",1,272,5289.83478232508
"E2",1,273,5602.36564372361
"E2",1,274,5164.27221031623
"E2",1,275,4917.21282144486
"E2",1,276,4945.28307427255
"E2",1,277,7165.85989549463
"E2",1,278,2494.2737356722
"E2",1,279,4888.49179614693
"E2",1,280,5706.11490556291
"E2",1,281,3932.5298760506
"E2",1,282,6386.38617113265
"E2",1,283,5561.01732757128
"E2",1,284,7506.62001230725
"E2",1,285,5634.67473313617
"E2",1,286,3602.04547757373
"E2",1,287,4829.94018982696
"E2",1,288,8207.94227555305
"E2",1,289,7298.08817097718
"E2",1,290,5924.93850126798
"E2",1,291,7479.24887732238
"E2",1,292,5395.19131988054
"E2",1,293,3632.08800118336
"E2",1,294,4671.11772564802
"E2",1,295,6791.14654120509
"E2",1,296,3479.32953670847
"E2",1,297,6097.57986543749
"E2",1,298,4786.16311043061
"E2",1,299,4741.26157523628
"E2",1,300,4591.85954697666
"E2",1,301,5186.81886129759
"E2",1,302,3235.52101559477
"E2",1,303,3298.48334733724
"E2",1,304,2717.51550129638
"E2",1,305,2802.4022072608
"E2",1,306,7418.57258463921
"E2",1,307,4717.52315721174
"E2",1,308,6616.30869101088
"E2",1,309,4375.6521884711
"E2",1,310,4553.58548660828
"E2",1,311,3565.28517984192
"E2",1,312,4960.35857299136
"E2",1,313,5681.09107274571
"E2",1,314,3591.35977465756
"E2",1,315,4549.404330386
"E2",1,316,6119.31188697903
"E2",1,317,2771.8252893628
"E2",1,318,4972.40727719405
"E2",1,319,1431.15475188801
"E2",1,320,2043.09906325383
"E2",1,321,285.047543565053
"E2",1,322,383.138229537399
"E2",1,323,507.90222903474
"E2",1,324,410.778239332088
"E2",1,325,308.681570056956
"E2",1,326,315.166582606702
"E2",1,327,346.041180753404
"E2",1,328,258.192356543828
"E2",1,329,495.220390089051
"E2",1,330,459.340730772794
"E2",1,331,72.7330006359279
"E2",1,332,356.598690967751
"E2",1,333,389.448800514176
"E2",1,334,314.083963909632
"E2",1,335,402.502772030233
"E2",1,336,427.593567032367
"E2",1,337,425.364986225855
"E2",1,338,402.155456818724
"E2",1,339,113.177396332553
"E2",1,340,374.518003996784
"E2",1,341,261.073360036891
"E2",1,342,333.235050459943
"E2",1,343,307.762260447433
"E2",1,344,371.818120793797
"E2",1,345,302.817498804647
"E2",1,346,411.96590219706
"E2",1,347,131.157157796153
"E2",1,348,437.519393363815
"E2",1,349,270.04532653518
"E2",1,350,118.806482797393
"E2",1,351,192.169051166021
"E2",1,352,201.580424568775
"E2",1,353,427.609320492754
"E2",1,354,225.278305267405
"E2",1,355,301.569783951409
"E2",1,356,101.846275562769
"E2",1,357,418.492070031739
"E2",1,358,323.579453063226
"E2",1,359,556.910542448005
"E2",1,360,253.297087671389
"E2",1,361,296.462089796619
"E2",1,362,258.901475255134
"E2",1,363,376.661314704789
"E2",1,364,105.245200407949
"E2",1,365,169.280614133492
"E2",1,366,186.421312038639
"E2",1,367,356.741537776464
"E2",1,368,158.128798601724
"E2",1,369,456.504200024114
"E2",1,370,351.643313295306
"E2",1,371,336.408500725189
"E2",1,372,140.503187706398
"E2",1,373,362.251785681344
"E2",1,374,430.267953692363
"E2",1,375,136.195155510997
"E2",1,376,416.925805783693
"E2",1,377,215.647414034039
"E2",1,378,414.491859341191
"E2",1,379,485.314217852388
"E2",1,380,319.028018286652
"E2",1,381,359.014619064022
"E2",1,382,478.639958503429
"E2",1,383,201.040483876922
"E2",1,384,258.880883668792
"E2",1,385,479.378883449436
"E2",1,386,287.886879548095
"E2",1,387,149.819852375089
"E2",1,388,318.441531961633
"E2",1,389,224.903997115415
"E2",1,390,433.636365070816
"E2",1,391,432.907313311746
"E2",1,392,332.065469393094
"E2",1,393,268.178920417406
"E2",1,394,333.43907159943
"E2",1,395,284.972320404668
"E2",1,396,251.771202104702
"E2",1,397,449.352743108116
"E2",1,398,251.947521428743
"E2",1,399,295.493937868109
"E2",1,400,387.656681155832
"E2",1,401,243.323323262023
"E2",1,402,230.069813003988
"E2",1,403,400.296435111045
"E2",1,404,198.31225559647
"E2",1,405,401.338078105074
"E2",1,406,595.093773363712
"E2",1,407,176.021036227845
"E2",1,408,119.220588341621
"E2",1,409,395.197700807614
"E2",1,410,405.546432112133
"E2",1,411,353.475482273788
"E2",1,412,408.067099919429
"E2",1,413,291.013704673618
"E2",1,414,323.137963203876
"E2",1,415,296.527282983827
"E2",1,416,337.563002740851
"E2",1,417,583.731627375067
"E2",1,418,319.562028567588
"E2",1,419,77.2797652655896
"E2",1,420,383.113024270993
"E2",1,421,326.393880719546
"E2",1,422,220.431200864559
"E2",1,423,229.96991531458
"E2",1,424,391.670401627929
"E2",1,425,246.678993327846
"E2",1,426,457.884050523631
"E2",1,427,275.066172322652
"E2",1,428,40
"E2",1,429,183.383107322239
"E2",1,430,155.076214515117
"E2",1,431,149.107658972772
"E2",1,432,367.62909193119
"E2",1,433,442.000403623708
"E2",1,434,412.652856731677
"E2",1,435,313.261107143446
"E2",1,436,406.673581802056
"E2",1,437,40
"E2",1,438,239.813973628814
"E2",1,439,358.760799307223
"E2",1,440,186.920328259645
"E2",1,441,375.872674296157
"E2",1,442,390.865324816255
"E2",1,443,135.1277358529
"E2",1,444,277.088354138915
"E2",1,445,449.855917685268
"E2",1,446,420.110066399578
"E2",1,447,491.012204113742
"E2",1,448,552.485881908276
"E2",1,449,303.35320038556
"E2",1,450,244.583549521305
"E2",1,451,364.761730852618
"E3",1,1,4116.8795660034
"E3",1,2,6361.77508005742
"E3",1,3,5392.92289629954
"E3",1,4,2872.07956448691
"E3",1,5,3357.76925391833
"E3",1,6,4927.60871361536
"E3",1,7,4469.90519111701
"E3",1,8,4998.54344005577
"E3",1,9,3031.30215378081
"E3",1,10,5763.80652406859
"E3",1,11,7039.7212258538
"E3",1,12,3582.75811188529
"E3",1,13,4969.68037145754
"E3",1,14,2815.09717496052
"E3",1,15,8082.36156781549
"E3",1,16,2960.3915213249
"E3",1,17,5326.99772543135
"E3",1,18,5834.52086936396
"E3",1,19,3265.06810380983
"E3",1,20,5958.37475370727
"E3",1,21,4626.65675686354
"E3",1,22,3579.88724805367
"E3",1,23,5126.14660932986
"E3",1,24,6582.2549058603
"E3",1,25,5371.86914036094
"E3",1,26,5611.67473717609
"E3",1,27,5824.66933453132
"E3",1,28,3030.09820913744
"E3",1,29,8128.84605152816
"E3",1,30,5313.21496861711
"E3",1,31,4913.91663615554
"E3",1,32,4297.98070860343
"E3",1,33,4422.54605616753
"E3",1,34,3850.15390596602
"E3",1,35,6306.60710264091
"E3",1,36,2441.5062551455
"E3",1,37,4688.01013055798
"E3",1,38,3165.88779559188
"E3",1,39,1551.7861498313
"E3",1,40,6102.75966140133
"E3",1,41,3894.38833113197
"E3",1,42,4098.22760735791
"E3",1,43,3972.90089165048
"E3",1,44,3965.95497893797
"E3",1,45,3597.71327392607
"E3",1,46,4776.39619771447
"E3",1,47,5661.33912437702
"E3",1,48,4095.57842997597
"E3",1,49,5205.64908962313
"E3",1,50,5271.2980726704
"E3",1,51,2364.95246913707
"E3",1,52,4221.37064555428
"E3",1,53,5757.65342929576
"E3",1,54,5184.18471092162
"E3",1,55,5053.88963363124
"E3",1,56,5934.64505886489
"E3",1,57,4738.79902787025
"E3",1,58,5964.81196557926
"E3",1,59,4382.85925506088
"E3",1,60,3688.23608821692
"E3",1,61,5188.4221811823
"E3",1,62,5756.82282623369
"E3",1,63,4430.93434553414
"E3",1,64,6798.12276727116
"E3",1,65,4488.18542089312
"E3",1,66,2116.73421952153
"E3",1,67,5345.81605439918
"E3",1,68,4401.29680659772
"E3",1,69,3874.06730993096
"E3",1,70,4194.58504529203
"E3",1,71,5281.76407407741
"E3",1,72,7534.81084787622
"E3",1,73,2308.3136441567
"E3",1,74,5781.80161147199
"E3",1,75,2739.33705818684
"E3",1,76,6275.65742014621
"E3",1,77,6139.14328989361
"E3",1,78,6451.05900688449
"E3",1,79,3992.79576775134
"E3",1,80,5439.92800453782
"E3",1,81,4112.30046268103
"E3",1,82,5660.26173707487
"E3",1,83,5244.62732000196
"E3",1,84,4263.83005972315
"E3",1,85,7913.3561609791
"E3",1,86,4115.22807348046
"E3",1,87,6546.93955502275
"E3",1,88,2585.74089527718
"E3",1,89,3458.49766505488
"E3",1,90,4656.4303061832
"E3",1,91,3332.09331005894
"E3",1,92,6014.36428610555
"E3",1,93,4294.93369403086
"E3",1,94,5100.67399293887
"E3",1,95,5627.86317014581
"E3",1,96,3089.36910450614
"E3",1,97,7964.63035039659
"E3",1,98,4138.93065771323
"E3",1,99,4604.16874944823
"E3",1,100,5574.77852736086
"E3",1,101,3539.10649479505
"E3",1,102,4034.13590836056
"E3",1,103,5167.88986642299
"E3",1,104,5353.43104540601
"E3",1,105,5152.16269445164
"E3",1,106,6244.29564530494
"E3",1,107,3473.51383374347
"E3",1,108,4441.1756745781
"E3",1,109,5707.96039064937
"E3",1,110,2587.82440703073
"E3",1,111,4362.24150348431
"E3",1,112,6988.96266500196
"E3",1,113,4968.50911940075
"E3",1,114,3865.62501977059
"E3",1,115,5442.04550031513
"E3",1,116,3104.8758512786
"E3",1,117,4238.71500641474
"E3",1,118,4491.32873654374
"E3",1,119,1446.04767961591
"E3",1,120,2797.40422466168
"E3",1,121,4491.25726618981
"E3",1,122,5506.10881494872
"E3",1,123,5724.59862129315
"E3",1,124,4078.34587893697
"E3",1,125,1977.0434213117
"E3",1,126,5485.22461888203
"E3",1,127,5154.97325809956
"E3",1,128,6808.24889497396
"E3",1,129,5434.66824040189
"E3",1,130,6081.14326225891
"E3",1,131,1497.3521822739
"E3",1,132,2746.88225039295
"E3",1,133,2339.14535390865
"E3",1,134,3898.75840987195
"E3",1,135,4163.14731725186
"E3",1,136,3049.42835562542
"E3",1,137,3922.90399136708
"E3",1,138,5152.73518027102
"E3",1,139,7121.28560277799
"E3",1,140,5852.73140940075
"E3",1,141,7258.89735200568
"E3",1,142,6179.77512753888
"E3",1,143,3159.36792634518
"E3",1,144,5302.0994526531
"E3",1,145,6436.9655903115
"E3",1,146,5904.06003889384
"E3",1,147,4562.79262554239
"E3",1,148,4094.7757744007
"E3",1,149,3921.83791956982
"E3",1,150,4708.81983759454
"E3",1,151,4367.47060460468
"E3",1,152,5371.16201758996
"E3",1,153,6308.74910171418
"E3",1,154,4534.95783181096
"E3",1,155,4328.80228240476
"E3",1,156,6113.16992520552
"E3",1,157,5216.46593372751
"E3",1,158,6795.36684179083
"E3",1,159,5817.62191633555
"E3",1,160,5072.01013795221
"E3",1,161,4372.75750519519
"E3",1,162,4027.77365341426
"E3",1,163,3648.00851050958
"E3",1,164,3465.44458949683
"E3",1,165,5359.04955024331
"E3",1,166,3336.73509692266
"E3",1,167,4632.55819139863
"E3",1,168,5876.8182375189
"E3",1,169,6251.1099272817
"E3",1,170,7861.24609335071
"E3",1,171,2652.09874852556
"E3",1,172,3772.92375932453
"E3",1,173,6727.92406921488
"E3",1,174,7482.35854807538
"E3",1,175,6097.59744097721
"E3",1,176,4192.32752310172
"E3",1,177,2638.66827110505
"E3",1,178,6605.41789609059
"E3",1,179,4866.2287771677
"E3",1,180,5115.34428220155
"E3",1,181,4373.52298098962
"E3",1,182,4738.94178143235
"E3",1,183,2529.06069737996
"E3",1,184,4825.37605809219
"E3",1,185,4263.74874210963
"E3",1,186,5815.83577419486
"E3",1,187,5593.5628468105
"E3",1,188,4446.37281635651
"E3",1,189,4634.53206621095
"E3",1,190,4194.8737615573
"E3",1,191,4859.63732923011
"E3",1,192,5346.07210446098
"E3",1,193,6119.70918651027
"E3",1,194,4202.51281177075
"E3",1,195,6465.05460332089
"E3",1,196,3551.04215753871
"E3",1,197,6081.43481731242
"E3",1,198,6857.30874968086
"E3",1,199,5537.56305268138
"E3",1,200,4529.79468310209
"E3",1,201,6838.09869010219
"E3",1,202,6915.44369328942
"E3",1,203,4712.37244386712
"E3",1,204,3399.01085069971
"E3",1,205,4424.80604766873
"E3",1,206,4593.84957236376
"E3",1,207,495.168964116476
"E3",1,208,352.323729455486
"E3",1,209,376.85190618186
"E3",1,210,96.0860674217343
"E3",1,211,524.337436421512
"E3",1,212,393.845651827578
"E3",1,213,281.380414328207
"E3",1,214,454.78731348114
"E3",1,215,230.953025957188
"E3",1,216,320.403319179994
"E3",1,217,213.414268110736
"E3",1,218,274.175488654716
"E3",1,219,399.284121857676
"E3",1,220,420.285555021037
"E3",1,221,346.63668961848
"E3",1,222,109.690793506369
"E3",1,223,301.968664705234
"E3",1,224,212.409509455546
"E3",1,225,256.755507458217
"E3",1,226,314.876876978755
"E3",1,227,67.9936988633409
"E3",1,228,431.627786618348
"E3",1,229,268.926038005264
"E3",1,230,393.466337281554
"E3",1,231,232.240065505337
"E3",1,232,261.048759432996
"E3",1,233,467.412955317684
"E3",1,234,539.063699133456
"E3",1,235,217.636107750736
"E3",1,236,424.245475862736
"E3",1,237,258.210492586736
"E3",1,238,313.262389794777
"E3",1,239,442.623977143179
"E3",1,240,200.665455078064
"E3",1,241,321.480503630951
"E3",1,242,498.06915535886
"E3",1,243,263.21185353364
"E3",1,244,105.358455483577
"E3",1,245,250.066068508948
"E3",1,246,300.839092790619
"E3",1,247,313.690254452304
"E3",1,248,259.856565283501
"E3",1,249,257.224472930202
"E3",1,250,401.191314471887
"E3",1,251,365.176756781468
"E3",1,252,281.219789151674
"E3",1,253,307.90039392389
"E3",1,254,245.803813460653
"E3",1,255,262.009616915468
"E3",1,256,125.046417264398
"E3",1,257,380.025569502222
"E3",1,258,565.889275214611
"E3",1,259,256.821334148502
"E3",1,260,497.880016178189
"E3",1,261,162.760611878873
"E3",1,262,222.52956957637
"E3",1,263,372.476106119136
"E3",1,264,275.011963973777
"E3",1,265,294.505562266469
"E3",1,266,380.252868154886
"E3",1,267,152.094603177224
"E3",1,268,40
"E3",1,269,449.283112917298
"E3",1,270,252.354405853613
"E3",1,271,191.334296613903
"E3",1,272,167.894522406118
"E3",1,273,177.771882400415
"E3",1,274,438.231708100716
"E3",1,275,284.907253007689
"E3",1,276,489.304235521888
"E3",1,277,334.70408601205
"E3",1,278,344.313210887836
"E3",1,279,403.781727249757
"E3",1,280,384.818794298949
"E3",1,281,117.520813204027
"E3",1,282,293.747982766787
"E3",1,283,472.178808979803
"E3",1,284,304.304910857171
"E3",1,285,172.896840681422
"E3",1,286,375.976502067193
"E3",1,287,314.888524831468
"E3",1,288,96.1189257335182
"E3",1,289,359.779957109033
"E3",1,290,572.10816140909
"E3",1,291,340.21868141613
"E3",1,292,279.973261500786
"E3",1,293,147.028850896898
"E3",1,294,168.858549252097
"E3",1,295,400.95710742044
"E3",1,296,264.251774711562
"E3",1,297,337.473037798425
"E3",1,298,383.184425953686
"E3",1,299,392.930786669412
"E3",1,300,205.578577911596
"E3",1,301,328.072593243957
"E3",1,302,242.126410884153
"E3",1,303,466.785062290128
"E3",1,304,229.08704598209
"E3",1,305,509.626174215632
"E3",1,306,467.527176340101
"E3",1,307,236.9398876181
"E3",1,308,358.062750498367
"E3",1,309,439.627963200165
"E3",1,310,171.609646726806
"E3",1,311,40
"E3",1,312,341.57707174085
"E3",1,313,335.248618539499
"E3",1,314,426.752713813083
"E3",1,315,181.485406784076
"E3",1,316,139.23924636737
"E3",1,317,169.320435352158
"E3",1,318,238.654843292415
"E3",1,319,266.494648120897
"E3",1,320,262.689620171027
"E3",1,321,353.449612622285
"E3",1,322,41.5165691898204
"E3",1,323,345.848569655589
"E3",1,324,211.760707762254
"E3",1,325,220.796361914577
"E3",1,326,442.669054527026
"E3",1,327,246.266185745743
"E3",1,328,443.802672192744
"E3",1,329,276.214110234524
"E3",1,330,278.862618461224
"E3",1,331,133.949925911976
"E3",1,332,353.720643854411
"E3",1,333,208.802519468292
"E3",1,334,459.197909888854
"E3",1,335,135.89453551184
"E3",1,336,499.612673615497
"E3",1,337,344.02045855032
"E3",1,338,331.458573285772
"E3",1,339,242.714190817431
"E3",1,340,239.702183833846
"E3",1,341,360.535593368733
"E3",1,342,529.983514730819
"E3",1,343,449.517485171349
"E3",1,344,558.510689027435
"E3",1,345,189.093918276621
"E3",1,346,110.138439754116
"E3",1,347,224.035196189839
"E3",1,348,393.472126801505
"E3",1,349,380.537400713501
"E3",1,350,211.062281272443
"E3",1,351,328.456277880284
"E3",1,352,339.518288430551
"E3",1,353,431.580759547489
"E3",1,354,422.021853981714
"E3",1,355,274.037883485231
"E3",1,356,398.43769287672
"E3",1,357,380.591970008124
"E3",1,358,392.521158460298
"E3",1,359,275.440799504718
"E3",1,360,251.553246451303
"E3",1,361,80.1424552800596
"E3",1,362,194.619752704634
"E3",1,363,196.198962218893
"E3",1,364,537.233942034723
"E3",1,365,432.222211393612
"E3",1,366,482.887284385534
"E3",1,367,410.590314452399
"E3",1,368,304.043304540492
"E3",1,369,237.987012095708
"E3",1,370,380.753143054594
"E3",1,371,243.367169268242
"E3",1,372,605.479563612769
"E3",1,373,332.109458170425
"E3",1,374,411.160058074955
"E3",1,375,211.155148769599
"E3",1,376,361.368773489289
"E3",1,377,203.509259559372
"E3",1,378,420.301687575161
"E3",1,379,460.196348370252
"E3",1,380,221.026769914984
"E3",1,381,311.789708314963
"E3",1,382,575.476448812217
"E3",1,383,352.441069823668
"E3",1,384,172.944122864436
"E3",1,385,108.780836337593
"E3",1,386,563.450103671195
"E3",1,387,201.144432004123
"E3",1,388,373.936948629991
"E3",1,389,400.945836948237
"E3",1,390,299.240981549183
"E3",1,391,212.947266490597
"E3",1,392,482.27546693298
"E3",1,393,420.674888241181
"E3",1,394,345.097209976274
"E3",1,395,357.990401789471
"E3",1,396,228.164062075853
"E3",1,397,199.305398377204
"E3",1,398,299.118142766755
"E3",1,399,400.387773366908
"E4",1,1,5339.06991404388
"E4",1,2,4397.59724631814
"E4",1,3,5546.87487521193
"E4",1,4,4579.85371346422
"E4",1,5,2907.06092244427
"E4",1,6,6846.40196774741
"E4",1,7,6212.47225838987
"E4",1,8,5379.85728734124
"E4",1,9,3152.99268191964
"E4",1,10,6044.08897215662
"E4",1,11,4598.77589613574
"E4",1,12,3991.65065210582
"E4",1,13,5209.63482934079
"E4",1,14,4163.60112303254
"E4",1,15,3681.28894619304
"E4",1,16,5659.9114060991
"E4",1,17,4752.00223812663
"E4",1,18,2924.09498741764
"E4",1,19,2263.82717892351
"E4",1,20,3777.24401006386
"E4",1,21,4081.90765687828
"E4",1,22,6360.78083242341
"E4",1,23,5655.32926968795
"E4",1,24,5297.24929991485
"E4",1,25,3719.6942015133
"E4",1,26,3153.02030164718
"E4",1,27,5860.65006687143
"E4",1,28,3912.91965205729
"E4",1,29,6986.25047955757
"E4",1,30,6681.04499548021
"E4",1,31,6383.58961907513
"E4",1,32,4099.62751667576
"E4",1,33,4827.00552056117
"E4",1,34,6071.14444948112
"E4",1,35,6064.13756749135
"E4",1,36,1639.01797564719
"E4",1,37,6327.53022591635
"E4",1,38,4132.96938575117
"E4",1,39,6038.45115169798
"E4",1,40,3124.70542906922
"E4",1,41,5474.42968662093
"E4",1,42,3054.46140909866
"E4",1,43,4543.63793366827
"E4",1,44,7243.02792658039
"E4",1,45,3726.92582567529
"E4",1,46,3652.46656813099
"E4",1,47,4203.32669353681
"E4",1,48,3535.81212906694
"E4",1,49,4100.35176982331
"E4",1,50,5944.85268314676
"E4",1,51,3967.8959262439
"E4",1,52,5895.27941552018
"E4",1,53,4042.80187001779
"E4",1,54,6983.63847733888
"E4",1,55,2829.00399601781
"E4",1,56,5744.52792860031
"E4",1,57,3183.15057054606
"E4",1,58,5432.39698423715
"E4",1,59,2674.43055960864
"E4",1,60,4222.09919517568
"E4",1,61,5260.01544284557
"E4",1,62,4571.51562292359
"E4",1,63,4173.00337063376
"E4",1,64,3934.49920392699
"E4",1,65,6295.23922487039
"E4",1,66,6338.74078841348
"E4",1,67,5810.16250966528
"E4",1,68,4253.21965539403
"E4",1,69,2897.24111001815
"E4",1,70,5854.56042002417
"E4",1,71,2759.94093945739
"E4",1,72,4496.02204138526
"E4",1,73,5317.13492540154
"E4",1,74,5292.94708072136
"E4",1,75,2501.44588500115
"E4",1,76,4945.24445249251
"E4",1,77,5628.14613919292
"E4",1,78,6369.58736437735
"E4",1,79,4200.24398569313
"E4",1,80,4693.54359831499
"E4",1,81,5372.87049649197
"E4",1,82,6372.85317167098
"E4",1,83,4589.01374929856
"E4",1,84,4675.95215865605
"E4",1,85,4758.84949986929
"E4",1,86,5911.64103179369
"E4",1,87,4547.23262876229
"E4",1,88,5536.63243712248
"E4",1,89,4060.17517459548
"E4",1,90,6289.49950191125
"E4",1,91,5326.23877908201
"E4",1,92,2040.80419294366
"E4",1,93,2234.1121951943
"E4",1,94,4710.72055660208
"E4",1,95,5398.8754804441
"E4",1,96,6176.52941381468
"E4",1,97,3930.24089919879
"E4",1,98,6298.80057851824
"E4",1,99,5147.31007336115
"E4",1,100,4766.65811151656
"E4",1,101,2760.8056942693
"E4",1,102,6761.78873202023
"E4",1,103,5494.91962112737
"E4",1,104,4076.73351454498
"E4",1,105,6925.86291152532
"E4",1,106,4571.03990638004
"E4",1,107,7870.09638204742
"E4",1,108,3743.24176853578
"E4",1,109,4837.69530802041
"E4",1,110,2845.98447468792
"E4",1,111,5724.96590418633
"E4",1,112,5202.11757868155
"E4",1,113,5293.31768689508
"E4",1,114,6156.85827477706
"E4",1,115,3969.71387986955
"E4",1,116,6190.78299379703
"E4",1,117,6030.55964657725
"E4",1,118,2987.32087398991
"E4",1,119,2752.98163632138
"E4",1,120,5575.70512022938
"E4",1,121,3999.35704262101
"E4",1,122,5092.97052822834
"E4",1,123,3951.63769596676
"E4",1,124,5276.21399687025
"E4",1,125,4424.40724985293
"E4",1,126,4492.67845626087
"E4",1,127,6152.87640518769
"E4",1,128,5378.54565256181
"E4",1,129,7040.198189821
"E4",1,130,3189.11897926362
"E4",1,131,6091.83694056523
"E4",1,132,2535.16918682329
"E4",1,133,4330.49151602779
"E4",1,134,6098.69978769796
"E4",1,135,5655.19025708806
"E4",1,136,3571.41189615301
"E4",1,137,3087.29314615198
"E4",1,138,4865.77633567815
"E4",1,139,4221.04442280376
"E4",1,140,4450.62252585425
"E4",1,141,1000.58794696412
"E4",1,142,4189.53580550193
"E4",1,143,4868.20719494325
"E4",1,144,6834.33186662006
"E4",1,145,6884.53127701159
"E4",1,146,5441.45065736754
"E4",1,147,4079.68447645228
"E4",1,148,3819.75522231822
"E4",1,149,5592.90738790979
"E4",1,150,8858.62248304632
"E4",1,151,3717.63601853339
"E4",1,152,4393.96844507358
"E4",1,153,3924.99032041965
"E4",1,154,6174.24075755734
"E4",1,155,5890.85874142311
"E4",1,156,6371.74060236224
"E4",1,157,6898.50507065503
"E4",1,158,5769.26195736268
"E4",1,159,3753.90409998144
"E4",1,160,4778.41251165615
"E4",1,161,3514.50836876278
"E4",1,162,4276.22760896002
"E4",1,163,3450.07831559296
"E4",1,164,888.884171386421
"E4",1,165,3281.84697069852
"E4",1,166,4847.49681565222
"E4",1,167,5214.30885875853
"E4",1,168,3314.70160886754
"E4",1,169,4958.40754192282
"E4",1,170,5525.30692444086
"E4",1,171,5769.04901366606
"E4",1,172,7112.17137883457
"E4",1,173,3971.9225180862
"E4",1,174,5398.96595525058
"E4",1,175,4730.59884062411
"E4",1,176,5281.04841086563
"E4",1,177,4542.38633675428
"E4",1,178,3162.11247957226
"E4",1,179,3675.20730555943
"E4",1,180,2799.57748510928
"E4",1,181,4483.34826896331
"E4",1,182,6556.78141952301
"E4",1,183,5001.95826322778
"E4",1,184,5934.01666900669
"E4",1,185,2771.31200320028
"E4",1,186,5849.03593933097
"E4",1,187,6572.95716381568
"E4",1,188,5040.71667332715
"E4",1,189,2638.02308763827
"E4",1,190,3196.53929236979
"E4",1,191,6488.99178766488
"E4",1,192,6261.91345052041
"E4",1,193,4467.99461547154
"E4",1,194,2502.76767701092
"E4",1,195,4930.22034910033
"E4",1,196,2502.13522741652
"E4",1,197,3169.78164781943
"E4",1,198,5792.27047126209
"E4",1,199,8315.33579421396
"E4",1,200,5343.16711717951
"E4",1,201,6176.10259882868
"E4",1,202,6193.82277831976
"E4",1,203,7309.08810072826
"E4",1,204,5252.99761288243
"E4",1,205,5136.68805598665
"E4",1,206,5530.15547671337
"E4",1,207,5001.37826860266
"E4",1,208,4949.21562175722
"E4",1,209,5017.95027640808
"E4",1,210,2463.74201785948
"E4",1,211,8013.38706601128
"E4",1,212,4669.15180824418
"E4",1,213,5164.43079157832
"E4",1,214,3796.32564304589
"E4",1,215,2420.96613416058
"E4",1,216,4080.62763781081
"E4",1,217,5009.23065110315
"E4",1,218,5788.80174090354
"E4",1,219,4380.71160776822
"E4",1,220,4812.43237248844
"E4",1,221,3656.08185695855
"E4",1,222,2780.6935305868
"E4",1,223,5434.07197424188
"E4",1,224,4690.32712260682
"E4",1,225,4375.19262972484
"E4",1,226,3472.56938775476
"E4",1,227,4982.38099689474
"E4",1,228,4764.5252948194
"E4",1,229,5428.93917189275
"E4",1,230,5269.84280345984
"E4",1,231,4802.98704563151
"E4",1,232,5990.10984753231
"E4",1,233,6082.17913830211
"E4",1,234,7747.65982017905
"E4",1,235,4984.19213014522
"E4",1,236,5993.78439263619
"E4",1,237,7537.04579192547
"E4",1,238,4631.34038628303
"E4",1,239,6492.96438024061
"E4",1,240,4863.17786554766
"E4",1,241,3249.41084638978
"E4",1,242,4266.14169976034
"E4",1,243,3044.50128924634
"E4",1,244,6708.14439145233
"E4",1,245,5554.632907087
"E4",1,246,3226.99039057732
"E4",1,247,6050.78473581785
"E4",1,248,2575.97653548609
"E4",1,249,3684.69106889379
"E4",1,250,3701.30185460918
"E4",1,251,4435.8362541798
"E4",1,252,3972.00470083462
"E4",1,253,5261.40946906016
"E4",1,254,300.45796643674
"E4",1,255,200.677533691312
"E4",1,256,209.750066508231
"E4",1,257,210.287009143762
"E4",1,258,385.571803514595
"E4",1,259,410.059950725331
"E4",1,260,557.567647179981
"E4",1,261,270.609555043137
"E4",1,262,297.698180191548
"E4",1,263,285.909346247687
"E4",1,264,199.437828850926
"E4",1,265,478.272262086657
"E4",1,266,208.912493113204
"E4",1,267,197.563897397038
"E4",1,268,82.1526826462486
"E4",1,269,229.985522631423
"E4",1,270,198.532162452666
"E4",1,271,318.144355717787
"E4",1,272,70.3141170106649
"E4",1,273,386.461393997053
"E4",1,274,624.9309164882
"E4",1,275,77.6109765841037
"E4",1,276,269.501750333221
"E4",1,277,401.31338231175
"E4",1,278,459.022339000239
"E4",1,279,175.888680584039
"E4",1,280,380.529217479966
"E4",1,281,201.364603530194
"E4",1,282,143.722696342165
"E4",1,283,490.148888304269
"E4",1,284,160.770746041441
"E4",1,285,418.049287212809
"E4",1,286,417.290877824973
"E4",1,287,329.723062025158
"E4",1,288,249.336175837583
"E4",1,289,298.302262271705
"E4",1,290,192.060179992025
"E4",1,291,532.7395833419
"E4",1,292,304.642859504322
"E4",1,293,422.732883372894
"E4",1,294,217.339186153828
"E4",1,295,271.750657671318
"E4",1,296,40
"E4",1,297,289.944289043271
"E4",1,298,342.627385207018
"E4",1,299,359.544465582645
"E4",1,300,351.889136055325
"E4",1,301,468.175879914335
"E4",1,302,258.067247115208
"E4",1,303,507.983433628165
"E4",1,304,436.482005734747
"E4",1,305,258.144146957483
"E4",1,306,356.500783250899
"E4",1,307,332.443278053535
"E4",1,308,662.199781085446
"E4",1,309,305.781546459607
"E4",1,310,306.245952218024
"E4",1,311,322.632474304552
"E4",1,312,236.159610080411
"E4",1,313,262.074276739718
"E4",1,314,344.104914380307
"E4",1,315,442.700276426209
"E4",1,316,401.237573790055
"E4",1,317,501.494190996049
"E4",1,318,380.684878417383
"E4",1,319,390.936848128212
"E4",1,320,195.504386726432
"E4",1,321,165.754889433417
"E4",1,322,373.406123882138
"E4",1,323,313.521516510615
"E4",1,324,324.457007710939
"E4",1,325,208.973693425215
"E4",1,326,440.792990675534
"E4",1,327,440.13205283305
"E4",1,328,433.849627423215
"E4",1,329,528.542977563382
"E4",1,330,300.017223944714
"E4",1,331,417.121039043498
"E4",1,332,376.665566107906
"E4",1,333,195.047645521978
"E4",1,334,333.799903554705
"E4",1,335,333.086346969505
"E4",1,336,356.179478526358
"E4",1,337,365.360771551016
"E4",1,338,286.359241869175
"E4",1,339,95.0769574411311
"E4",1,340,211.201807531531
"E4",1,341,478.38025173034
"E4",1,342,577.549896844074
"E4",1,343,349.562087851626
"E4",1,344,165.044614551556
"E4",1,345,377.559742186904
"E4",1,346,97.3092893464508
"E4",1,347,297.796248418337
"E4",1,348,349.528592854686
"E4",1,349,257.291887834803
"E4",1,350,449.525324755293
"E4",1,351,522.906139112368
"E4",1,352,290.99280850784
"E4",1,353,163.304074506276
"E4",1,354,284.786902823523
"E4",1,355,42.24304010795
"E4",1,356,249.05711512207
"E4",1,357,258.305107563059
"E4",1,358,328.466095087182
"E4",1,359,188.180446737747
"E4",1,360,266.063581249174
"E4",1,361,592.824061773103
"E4",1,362,373.506489709105
"E4",1,363,200.050151877744
"E4",1,364,376.209690329333
"E4",1,365,331.035796298847
"E4",1,366,184.421765470464
"E4",1,367,425.957318713322
"E4",1,368,221.017383590766
"E4",1,369,245.255611163008
"E4",1,370,155.164244562588
"E4",1,371,143.704469847386
"E4",1,372,177.415933126507
"E4",1,373,314.705669131988
"E4",1,374,320.293370254542
"E4",1,375,245.2478605902
"E4",1,376,389.238899845601
"E4",1,377,217.199389100536
"E4",1,378,227.437786848864
"E4",1,379,183.418977911683
"E4",1,380,467.657720260082
"E4",1,381,371.92367254698
"E4",1,382,94.1763662501004
"E4",1,383,208.54476178794
"E4",1,384,251.056181438016
"E4",1,385,288.137162147653
"E4",1,386,455.680263588393
"E4",1,387,238.510150016627
"E4",1,388,518.837120817968
"E4",1,389,271.503781186743
"E4",1,390,283.471783998496
"E4",1,391,225.930662904044
"E4",1,392,296.625256975497
"E4",1,393,222.295090503097
"E4",1,394,181.802499912505
"E4",1,395,40.3267251087268
"E4",1,396,383.804912856751
"E4",1,397,397.042792597514
"E4",1,398,175.997151388585
"E4",1,399,392.276409803199
"E4",1,400,206.984720261599
"E4",1,401,229.654163633921
"E4",1,402,467.720457935196
"E4",1,403,330.597732022433
"E4",1,404,286.093823789095
"E4",1,405,390.183888850544
"E4",1,406,329.589885609964
"E4",1,407,409.838813047645
"E4",1,408,422.772961102062
"E4",1,409,476.999817666127
"E4",1,410,342.622824663419
"E4",1,411,229.698725109207
"E4",1,412,196.796002085333
"E4",1,413,342.662534890143
"E4",1,414,297.368473480079
"E4",1,415,342.90901143415
"E4",1,416,248.539422293793
"E4",1,417,458.085027964089
"E4",1,418,367.259849483723
"E4",1,419,283.49271779943
"E4",1,420,349.05699497928
"E4",1,421,488.75094161289
"E4",1,422,355.366318175231
"E4",1,423,258.840633687177
"E5",1,1,3217.24075312571
"E5",1,2,4567.39916246028
"E5",1,3,4706.38169813183
"E5",1,4,6243.65105751279
"E5",1,5,3993.36539662409
"E5",1,6,6168.23435320834
"E5",1,7,6278.28100448187
"E5",1,8,5989.94167613152
"E5",1,9,6186.37954814715
"E5",1,10,3755.46176770348
"E5",1,11,2752.70983481045
"E5",1,12,2986.90173090412
"E5",1,13,5719.06960169905
"E5",1,14,4573.70242015182
"E5",1,15,4324.68638092365
"E5",1,16,2555.58622549509
"E5",1,17,4157.87798252934
"E5",1,18,4735.32971303937
"E5",1,19,4941.26532917527
"E5",1,20,6128.7688244553
"E5",1,21,6789.27076895138
"E5",1,22,5338.44124098618
"E5",1,23,7140.0908587029
"E5",1,24,3144.19415630258
"E5",1,25,5585.20842095607
"E5",1,26,5523.14459369156
"E5",1,27,3615.74739898609
"E5",1,28,2497.37643465865
"E5",1,29,6345.16965770247
"E5",1,30,3625.19567861703
"E5",1,31,2497.04612341577
"E5",1,32,8029.05843488753
"E5",1,33,5631.28564856415
"E5",1,34,1249.03023191317
"E5",1,35,4230.81120161362
"E5",1,36,4553.03854776523
"E5",1,37,4929.83966200681
"E5",1,38,5005.81883030762
"E5",1,39,5705.42102189684
"E5",1,40,4905.90945373557
"E5",1,41,3946.39580037574
"E5",1,42,5152.65162188063
"E5",1,43,5859.52071159023
"E5",1,44,6524.75705886882
"E5",1,45,5087.90246994257
"E5",1,46,4527.99902987933
"E5",1,47,4417.46724426793
"E5",1,48,5426.07561150343
"E5",1,49,4177.40501963952
"E5",1,50,1705.83365832231
"E5",1,51,5703.53198995973
"E5",1,52,2817.92517414934
"E5",1,53,6258.65030506978
"E5",1,54,5636.44943856311
"E5",1,55,4381.46530716883
"E5",1,56,6288.86409650368
"E5",1,57,3145.720627174
"E5",1,58,5539.7555214834
"E5",1,59,5794.83228560434
"E5",1,60,6581.32599748776
"E5",1,61,3364.38246622463
"E5",1,62,3805.39017972902
"E5",1,63,5245.23218541717
"E5",1,64,6675.83438398772
"E5",1,65,2387.07837701075
"E5",1,66,4812.03630957928
"E5",1,67,5583.95762875562
"E5",1,68,6245.7169375352
"E5",1,69,5496.92894711111
"E5",1,70,4194.35312479094
"E5",1,71,5171.42013999142
"E5",1,72,4744.15870323886
"E5",1,73,7649.19503434364
"E5",1,74,5598.04707349565
"E5",1,75,4055.87415176582
"E5",1,76,4428.35859642363
"E5",1,77,6187.17474833569
"E5",1,78,6054.06189671128
"E5",1,79,4478.88399713546
"E5",1,80,1715.15965715847
"E5",1,81,5105.31678657137
"E5",1,82,5841.97746807269
"E5",1,83,6119.40161953511
"E5",1,84,3783.91427508752
"E5",1,85,5350.93794356328
"E5",1,86,5028.55665312679
"E5",1,87,5985.24065997609
"E5",1,88,5468.93486125429
"E5",1,89,3875.69276245229
"E5",1,90,4835.63906166748
"E5",1,91,2522.90601874343
"E5",1,92,4932.53065083152
"E5",1,93,5752.59773268924
"E5",1,94,4566.73726766455
"E5",1,95,3314.91773661951
"E5",1,96,3513.24519144039
"E5",1,97,5137.7658290102
"E5",1,98,4334.41880313174
"E5",1,99,5942.91064946641
"E5",1,100,4302.35206098967
"E5",1,101,4205.44223770319
"E5",1,102,3402.12976307815
"E5",1,103,3504.12820058895
"E5",1,104,2030.47864456793
"E5",1,105,4772.99111851823
"E5",1,106,5089.41596241567
"E5",1,107,4270.8136103212
"E5",1,108,5871.10884979608
"E5",1,109,4375.98141622059
"E5",1,110,6339.67816012672
"E5",1,111,4439.92862156163
"E5",1,112,4160.53520710468
"E5",1,113,5427.55220025204
"E5",1,114,5426.59311315649
"E5",1,115,6126.11934253433
"E5",1,116,6634.19350015801
"E5",1,117,3362.14132441468
"E5",1,118,4117.00436899984
"E5",1,119,4788.7445818699
"E5",1,120,3709.21670855258
"E5",1,121,7786.37391768495
"E5",1,122,6325.31640887672
"E5",1,123,3987.57099291244
"E5",1,124,3769.19681403689
"E5",1,125,2725.7356664233
"E5",1,126,5343.38658445461
"E5",1,127,5542.52612874965
"E5",1,128,3611.78993829837
"E5",1,129,2692.8665109899
"E5",1,130,4680.65203434126
"E5",1,131,40
"E5",1,132,5404.82670377166
"E5",1,133,5269.46000328728
"E5",1,134,3393.38685895513
"E5",1,135,4448.21090485064
"E5",1,136,6719.01502678684
"E5",1,137,5166.30461089823
"E5",1,138,7067.37021457456
"E5",1,139,3531.38839844138
"E5",1,140,3940.77466326541
"E5",1,141,4814.39526328004
"E5",1,142,6597.90578402893
"E5",1,143,5636.24184297227
"E5",1,144,5133.46552553953
"E5",1,145,4087.95970423058
"E5",1,146,5217.85497235505
"E5",1,147,4944.60227852702
"E5",1,148,3053.15355875925
"E5",1,149,6897.02422411321
"E5",1,150,4474.61604260357
"E5",1,151,5612.62355969268
"E5",1,152,6988.20187915788
"E5",1,153,4827.45854080623
"E5",1,154,3873.4575223983
"E5",1,155,4267.0791184097
"E5",1,156,4502.46589181156
"E5",1,157,5855.37659871139
"E5",1,158,5988.42751653466
"E5",1,159,4348.53197493457
"E5",1,160,4111.60790323046
"E5",1,161,4084.15559369226
"E5",1,162,2915.06224512789
"E5",1,163,2543.02918572144
"E5",1,164,5643.09325267455
"E5",1,165,4662.55871818698
"E5",1,166,7131.57019062399
"E5",1,167,2352.09278429871
"E5",1,168,5484.29420012756
"E5",1,169,6913.01182776632
"E5",1,170,3320.7436914512
"E5",1,171,5300.74448965086
"E5",1,172,4668.79515308571
"E5",1,173,5674.26808773184
"E5",1,174,1962.18195516774
"E5",1,175,7128.1626382204
"E5",1,176,4336.86413525936
"E5",1,177,5182.81975471563
"E5",1,178,7444.23209062264
"E5",1,179,5703.43750673433
"E5",1,180,2856.29038994438
"E5",1,181,4269.89354262289
"E5",1,182,4903.14244453405
"E5",1,183,2996.40487008985
"E5",1,184,6445.12240747549
"E5",1,185,2743.04377914354
"E5",1,186,3023.06424288131
"E5",1,187,4689.5340537468
"E5",1,188,3382.86862935314
"E5",1,189,4329.28798098006
"E5",1,190,6751.33552616378
"E5",1,191,6595.29843669065
"E5",1,192,5315.95046841466
"E5",1,193,3231.37039552901
"E5",1,194,6963.41935475556
"E5",1,195,296.062731214449
"E5",1,196,168.870956441619
"E5",1,197,287.172043623616
"E5",1,198,352.52147236023
"E5",1,199,410.54195218082
"E5",1,200,365.869638185647
"E5",1,201,118.930439167924
"E5",1,202,98.2230657086783
"E5",1,203,313.931662004452
"E5",1,204,184.250864109087
"E5",1,205,447.142997618978
"E5",1,206,484.990679344982
"E5",1,207,294.043551105075
"E5",1,208,253.516491707115
"E5",1,209,411.402802764713
"E5",1,210,351.834476717202
"E5",1,211,136.500269529524
"E5",1,212,273.118724899947
"E5",1,213,560.827561434188
"E5",1,214,193.225481107055
"E5",1,215,251.793905555366
"E5",1,216,253.481713562096
"E5",1,217,493.886525793668
"E5",1,218,366.029802950432
"E5",1,219,203.610135868148
"E5",1,220,437.480607839586
"E5",1,221,484.311184452707
"E5",1,222,227.486868523636
"E5",1,223,361.866607384395
"E5",1,224,268.845841620419
"E5",1,225,460.532110571546
"E5",1,226,315.548202503282
"E5",1,227,305.339143823946
"E5",1,228,321.987647081558
"E5",1,229,387.892814556885
"E5",1,230,213.330876517508
"E5",1,231,348.128663469523
"E5",1,232,355.646646676309
"E5",1,233,389.058441741506
"E5",1,234,550.671126765257
"E5",1,235,218.999487444349
"E5",1,236,369.438359841404
"E5",1,237,548.144233450274
"E5",1,238,346.194818590458
"E5",1,239,406.398211055593
"E5",1,240,356.965384355888
"E5",1,241,390.232966721381
"E5",1,242,523.01504139698
"E5",1,243,194.900168013549
"E5",1,244,404.138451179419
"E5",1,245,382.711716062142
"E5",1,246,515.286562902068
"E5",1,247,402.026607171245
"E5",1,248,300.242507288817
"E5",1,249,372.459628440222
"E5",1,250,40
"E5",1,251,375.672963795402
"E5",1,252,447.524128804588
"E5",1,253,401.962677329637
"E5",1,254,298.013103417119
"E5",1,255,374.024807277215
"E5",1,256,410.326073026921
"E5",1,257,62.8678214242346
"E5",1,258,336.016262414566
"E5",1,259,269.142684408499
"E5",1,260,366.125664045397
"E5",1,261,365.580732431235
"E5",1,262,270.933936587962
"E5",1,263,455.419103232097
"E5",1,264,200.055659620144
"E5",1,265,151.143460970099
"E5",1,266,338.613833960732
"E5",1,267,435.323686592897
"E5",1,268,62.9809399187423
"E5",1,269,245.153501157854
"E5",1,270,40
"E5",1,271,376.072483072987
"E5",1,272,219.85891858062
"E5",1,273,234.270899749998
"E5",1,274,441.252916722546
"E5",1,275,330.131585747354
"E5",1,276,239.256767260567
"E5",1,277,275.608584247757
"E5",1,278,191.574275901652
"E5",1,279,176.904501191691
"E5",1,280,320.332861696515
"E5",1,281,245.788869125978
"E5",1,282,449.734623705365
"E5",1,283,165.543148909653
"E5",1,284,518.05841879742
"E5",1,285,479.293758156875
"E5",1,286,417.854726036163
"E5",1,287,250.302127687257
"E5",1,288,454.440914573879
"E5",1,289,313.142111490181
"E5",1,290,476.759891879273
"E5",1,291,283.254923152978
"E5",1,292,421.655466695923
"E5",1,293,400.734191568385
"E5",1,294,325.489492696363
"E5",1,295,237.693126843675
"E5",1,296,502.878965848322
"E5",1,297,548.098656522042
"E5",1,298,351.570273241582
"E5",1,299,314.682347101982
"E5",1,300,276.345163100214
"E5",1,301,423.219985850727
"E5",1,302,537.223549003366
"E5",1,303,424.935856468848
"E5",1,304,278.578511463416
"E5",1,305,393.920758300467
"E5",1,306,314.687274551273
"E5",1,307,306.107278367356
"E5",1,308,392.262984685866
"E5",1,309,109.305136439637
"E5",1,310,380.077723586342
"E5",1,311,356.53862558899
"E5",1,312,556.254845184504
"E5",1,313,272.83924788518
"E5",1,314,451.802247701235
"E5",1,315,531.066846870747
"E5",1,316,316.851850158323
"E5",1,317,299.507558642921
"E5",1,318,328.968624514142
"E5",1,319,366.028532426601
"E5",1,320,162.993710798931
"E5",1,321,243.026571266924
"E5",1,322,456.470656007198
"E5",1,323,312.23449886568
"E5",1,324,345.16249729826
"E5",1,325,473.947394154841
"E5",1,326,301.3958018586
"E5",1,327,427.73757725066
"E5",1,328,458.172637325317
"E5",1,329,246.602225197712
"E5",1,330,366.633064387872
"E5",1,331,270.185168102518
"E5",1,332,516.792122090991
"E5",1,333,375.872851641973
"E5",1,334,267.262477168901
"E5",1,335,513.272356212336
"E5",1,336,358.151829042323
"E5",1,337,280.476387244584
"E5",1,338,455.05983842531
"E5",1,339,548.909727506086
"E5",1,340,265.529085383711
"E5",1,341,355.96836180581
"E5",1,342,383.64523589057
"E5",1,343,351.580570319443
"E5",1,344,258.128312730309
"E5",1,345,295.95811829962
"E5",1,346,296.739239303183
"E5",1,347,373.695935648252
"E5",1,348,495.147061237452
"E5",1,349,474.349838317405
"E5",1,350,384.882656828542
"E5",1,351,314.735647209981
"E5",1,352,398.371562037419
"E5",1,353,376.544944342156
"E5",1,354,346.948318270649
"E5",1,355,289.768144818142
"E5",1,356,408.524559084947
"E5",1,357,459.485860970599
"E5",1,358,357.698815317221
"E5",1,359,468.458815735967
"E5",1,360,243.545879726317
"E5",1,361,243.482360134637
"E5",1,362,402.234006623611
"E5",1,363,440.383962672048
"E5",1,364,297.914219943452
"E5",1,365,142.823476069786
"E5",1,366,133.445662038129
"E5",1,367,157.334863460447
"E5",1,368,290.358654130954
"E5",1,369,212.360069582996
"E5",1,370,165.983917390775
"E6",1,1,6317.76769322386
"E6",1,2,5080.36312587254
"E6",1,3,4708.06081024855
"E6",1,4,4925.77383654252
"E6",1,5,5233.62975398535
"E6",1,6,6686.37771750078
"E6",1,7,5589.43945205298
"E6",1,8,6163.71583860564
"E6",1,9,3970.88802945144
"E6",1,10,5185.4083820335
"E6",1,11,6757.07299136121
"E6",1,12,4950.31312556069
"E6",1,13,5279.48217059923
"E6",1,14,5020.89978196714
"E6",1,15,4550.80417354894
"E6",1,16,1304.15480943318
"E6",1,17,4221.82029784776
"E6",1,18,4066.29047558464
"E6",1,19,5091.59350384805
"E6",1,20,4292.13720043703
"E6",1,21,6687.25503553124
"E6",1,22,6921.80574378815
"E6",1,23,4059.33121291152
"E6",1,24,5907.13483357499
"E6",1,25,4914.84184474937
"E6",1,26,5030.39087127181
"E6",1,27,3424.65026191614
"E6",1,28,3218.56338306067
"E6",1,29,4052.59332471875
"E6",1,30,4421.77693581
"E6",1,31,3244.84596330967
"E6",1,32,3406.47044200223
"E6",1,33,2582.83380776389
"E6",1,34,3302.35505569462
"E6",1,35,4877.90861331128
"E6",1,36,3105.78529180881
"E6",1,37,5859.72101749912
"E6",1,38,5718.72567503618
"E6",1,39,5503.07401188289
"E6",1,40,4866.27082194264
"E6",1,41,5803.26677515091
"E6",1,42,4355.72592739785
"E6",1,43,5700.46077257154
"E6",1,44,5096.87296663897
"E6",1,45,4744.32200769017
"E6",1,46,3921.425965123
"E6",1,47,4926.54094260431
"E6",1,48,5611.68055039151
"E6",1,49,4925.06458067908
"E6",1,50,3535.07841733457
"E6",1,51,3160.30650519829
"E6",1,52,4298.45598040353
"E6",1,53,6155.5337621007
"E6",1,54,7129.48334939588
"E6",1,55,5277.28328227939
"E6",1,56,4981.57606415937
"E6",1,57,3322.89423867653
"E6",1,58,5664.81352660585
"E6",1,59,6430.77303751226
"E6",1,60,4759.03412990188
"E6",1,61,4427.39418201012
"E6",1,62,4146.32690429258
"E6",1,63,6814.15938877913
"E6",1,64,4815.06706626864
"E6",1,65,5848.86252448474
"E6",1,66,4988.72484986134
"E6",1,67,6291.9802130543
"E6",1,68,6963.06910433246
"E6",1,69,3065.84612116031
"E6",1,70,6032.20831873067
"E6",1,71,2955.18484142577
"E6",1,72,4014.80312416015
"E6",1,73,4514.37197239796
"E6",1,74,5956.3799116182
"E6",1,75,3185.44445782669
"E6",1,76,5045.26254551508
"E6",1,77,6542.3225835399
"E6",1,78,5309.56020723601
"E6",1,79,3983.60685147106
"E6",1,80,5498.13604438567
"E6",1,81,5511.83968494132
"E6",1,82,4212.56456152784
"E6",1,83,4500.94929028119
"E6",1,84,4478.48815802649
"E6",1,85,1821.45020953857
"E6",1,86,2663.87917607039
"E6",1,87,7100.74098541664
"E6",1,88,2912.16888269679
"E6",1,89,6494.01056896272
"E6",1,90,3679.65379757932
"E6",1,91,5355.68925842918
"E6",1,92,5584.3383846089
"E6",1,93,5085.38828863573
"E6",1,94,5480.06932515919
"E6",1,95,5162.48150590804
"E6",1,96,4190.57650992504
"E6",1,97,3179.80731118617
"E6",1,98,3458.02447657142
"E6",1,99,4709.19750445405
"E6",1,100,4570.3014609826
"E6",1,101,5199.81806024208
"E6",1,102,5322.91039322847
"E6",1,103,5977.76745358542
"E6",1,104,3906.12074779475
"E6",1,105,4985.31751504279
"E6",1,106,8083.12451684109
"E6",1,107,5650.44400123916
"E6",1,108,4927.14084050821
"E6",1,109,5277.71611241506
"E6",1,110,7022.05714139759
"E6",1,111,3080.87552903008
"E6",1,112,3781.75551098315
"E6",1,113,3956.01398362769
"E6",1,114,7301.341310555
"E6",1,115,4996.58700139677
"E6",1,116,4593.55733463655
"E6",1,117,5023.53514179756
"E6",1,118,4722.73619297169
"E6",1,119,5872.91888167352
"E6",1,120,3673.65023406899
"E6",1,121,3538.4401881041
"E6",1,122,3828.98771109089
"E6",1,123,3351.85652899887
"E6",1,124,3812.38016325011
"E6",1,125,4300.66794896171
"E6",1,126,3715.37414603003
"E6",1,127,2968.92676452896
"E6",1,128,3287.65483696105
"E6",1,129,8835.54326375574
"E6",1,130,6633.92984388954
"E6",1,131,4862.44747559156
"E6",1,132,6018.69203110351
"E6",1,133,4040.23621742195
"E6",1,134,6868.96771578099
"E6",1,135,205.470764095018
"E6",1,136,348.351138097112
"E6",1,137,114.820916399282
"E6",1,138,320.202760896666
"E6",1,139,133.727193258273
"E6",1,140,362.855373586558
"E6",1,141,425.514842446358
"E6",1,142,242.211570561529
"E6",1,143,327.346837806614
"E6",1,144,463.395605736397
"E6",1,145,240.145678816899
"E6",1,146,487.719021621573
"E6",1,147,329.893670896508
"E6",1,148,382.859371777666
"E6",1,149,226.334755441741
"E6",1,150,365.885528472198
"E6",1,151,413.209418894409
"E6",1,152,215.123211644562
"E6",1,153,178.491008046288
"E6",1,154,261.199939916878
"E6",1,155,326.544703965397
"E6",1,156,251.898108452578
"E6",1,157,203.039325346906
"E6",1,158,323.646728979652
"E6",1,159,138.403793153509
"E6",1,160,230.407766725494
"E6",1,161,194.248531728138
"E6",1,162,293.708940808714
"E6",1,163,378.90711055029
"E6",1,164,375.716022162207
"E6",1,165,340.101490345839
"E6",1,166,291.641565002238
"E6",1,167,371.065543081858
"E6",1,168,159.663284019428
"E6",1,169,344.529504027579
"E6",1,170,325.227307201155
"E6",1,171,337.285566074325
"E6",1,172,199.157041955964
"E6",1,173,546.467697870127
"E6",1,174,252.028445370796
"E6",1,175,525.713506477064
"E6",1,176,399.710348163819
"E6",1,177,538.202398855308
"E6",1,178,137.800183319224
"E6",1,179,278.4823580068
"E6",1,180,530.677925467466
"E6",1,181,396.465631014928
"E6",1,182,251.902014556273
"E6",1,183,278.326510407338
"E6",1,184,178.60153707871
"E6",1,185,305.859969253406
"E6",1,186,395.810607235912
"E6",1,187,242.193119356994
"E6",1,188,277.981186920904
"E6",1,189,387.135714646225
"E6",1,190,442.299234998459
"E6",1,191,132.347659987939
"E6",1,192,325.558093688215
"E6",1,193,207.174069326251
"E6",1,194,412.319605820438
"E6",1,195,379.618382895983
"E6",1,196,170.043813954366
"E6",1,197,140.758250540713
"E6",1,198,277.239952805998
"E6",1,199,169.128144817756
"E6",1,200,253.716594086504
"E6",1,201,151.13787474969
"E6",1,202,411.301532021966
"E6",1,203,343.937179717391
"E6",1,204,237.365278394189
"E6",1,205,399.23033365218
"E6",1,206,379.876726577183
"E6",1,207,377.189780446882
"E6",1,208,575.44004587538
"E6",1,209,343.136260378885
"E6",1,210,350.425095884985
"E6",1,211,373.595751105263
"E6",1,212,328.642254330441
"E6",1,213,210.00871269911
"E6",1,214,533.445203342018
"E6",1,215,70.010792236558
"E6",1,216,340.423397788842
"E6",1,217,169.951676999639
"E6",1,218,398.170352214131
"E6",1,219,365.622045942926
"E6",1,220,368.644674639431
"E6",1,221,365.201026044933
"E6",1,222,349.352584557948
"E6",1,223,344.522985341468
"E6",1,224,409.700176637681
"E6",1,225,457.319639930082
"E6",1,226,342.018764618885
"E6",1,227,133.668785500455
"E6",1,228,232.472991217912
"E6",1,229,232.90240982372
"E6",1,230,227.43935239192
"E6",1,231,312.962676839786
"E6",1,232,297.614259966996
"E6",1,233,541.08105510491
"E6",1,234,349.957242340322
"E6",1,235,370.47915916367
"E6",1,236,92.8308134927088
"E6",1,237,414.649176603544
"E6",1,238,483.425153690227
"E6",1,239,232.206555753179
"E6",1,240,449.34289116834
"E6",1,241,575.59651417207
"E6",1,242,429.084223919718
"E6",1,243,97.9036407686307
"E6",1,244,544.63788036392
"E6",1,245,282.755730703396
"E6",1,246,471.327871942723
"E6",1,247,327.253086385667
"E6",1,248,420.994317780081
"E6",1,249,370.89637429067
"E6",1,250,223.924015773059
"E6",1,251,405.813158038584
"E6",1,252,312.303808225137
"E6",1,253,289.73020207417
"E6",1,254,228.422571701836
"E6",1,255,337.198068733478
"E6",1,256,264.487286095225
"E6",1,257,259.347608044734
"E6",1,258,232.357975691016
"E6",1,259,468.670001308238
"E6",1,260,339.179684093328
"E6",1,261,370.463762386116
"E6",1,262,469.134731833418
"E6",1,263,225.854591108087
"E6",1,264,335.944287561513
"E6",1,265,263.598075948793
"E6",1,266,348.207247306847
"E6",1,267,526.573488420361
"E6",1,268,192.599480239669
"E6",1,269,213.959030711375
"E6",1,270,466.825726063068
"E6",1,271,239.845398045625
"E6",1,272,298.739525566231
"E6",1,273,351.654103250151
"E6",1,274,267.6753994505
"E6",1,275,299.093479421705
"E6",1,276,333.906494717325
"E6",1,277,240.629981566789
"E6",1,278,224.303670855177
"E6",1,279,206.613171164377
"E6",1,280,224.681451580081
"E6",1,281,360.234331174939
"E6",1,282,428.277675633422
"E6",1,283,222.825347803672
"E6",1,284,253.487289675753
"E6",1,285,212.668620302413
"E6",1,286,409.245459929037
"E6",1,287,324.675483276948
"E6",1,288,477.356785034362
"E6",1,289,406.263252836773
"E6",1,290,275.386488768175
"E6",1,291,276.198764709918
"E6",1,292,291.816003909773
"E6",1,293,251.881593232011
"E6",1,294,475.065670713679
"E6",1,295,336.500449879273
"E6",1,296,560.135446418784
"E6",1,297,418.302308281459
"E6",1,298,382.750679842371
"E6",1,299,328.189944680639
"E6",1,300,258.278802751556
"E6",1,301,469.414350170245
"E6",1,302,428.465951719642
"E6",1,303,214.792048937353
"E6",1,304,103.856377973404
"E6",1,305,365.387996136812
"E6",1,306,444.601794577493
"E6",1,307,418.41118072113
"E6",1,308,262.875788760474
"E6",1,309,139.711559456638
"E6",1,310,145.364197767204
"E6",1,311,365.950801475974
"E6",1,312,332.862651621898
"E6",1,313,295.163010217579
"E6",1,314,440.966726848535
"E6",1,315,399.914001517457
"E6",1,316,426.153162246501
"E6",1,317,403.590804664065
"E6",1,318,464.314352580246
"E6",1,319,429.741963601829
"E6",1,320,398.457325060111
"E6",1,321,94.6562677642439
"E6",1,322,468.95030186309
"E6",1,323,336.920136791813
"E6",1,324,250.324053955385
"E6",1,325,384.907816627359
"E6",1,326,217.564613658137
"E6",1,327,416.396768847397
"E6",1,328,261.874910410756
"E6",1,329,230.376384661444
"E6",1,330,73.7871017901847
"E6",1,331,220.405048245595
"E6",1,332,359.793830689511
"E6",1,333,453.355643733767
"E6",1,334,169.294514344186
"E6",1,335,265.5672759575
"E6",1,336,394.134144674923
"E6",1,337,341.280446304802
"E6",1,338,212.465640041959
"E6",1,339,515.429070094803
"E6",1,340,297.381754761775
"E6",1,341,344.414001073775
"E6",1,342,207.913899064077
"E6",1,343,162.828159109984
"E6",1,344,481.0032279283
"E6",1,345,114.61463337022
"E6",1,346,219.355130167519
"E6",1,347,321.689879423354
"E6",1,348,356.710784128321
"E6",1,349,318.333540350897
"E6",1,350,160.169940309998
"E6",1,351,389.875362333723
"E6",1,352,204.801033064217
"E6",1,353,296.603674604702
"E6",1,354,345.60363831233
"E6",1,355,286.559543883897
"E7",1,1,2673.97092196114
"E7",1,2,4346.49891264984
"E7",1,3,3607.48143454009
"E7",1,4,3316.65808919703
"E7",1,5,5146.60137472174
"E7",1,6,4083.97683968158
"E7",1,7,5395.99516400928
"E7",1,8,5737.41937533213
"E7",1,9,5507.00312956961
"E7",1,10,5636.50882872822
"E7",1,11,4488.83808456362
"E7",1,12,4418.17667597458
"E7",1,13,4993.95918892808
"E7",1,14,6169.76964924416
"E7",1,15,5166.96409366804
"E7",1,16,4126.39598351196
"E7",1,17,4750.50840722331
"E7",1,18,6344.79536183412
"E7",1,19,6016.93952206318
"E7",1,20,2824.91959189281
"E7",1,21,3416.3086843945
"E7",1,22,4771.70971774731
"E7",1,23,3118.95371253344
"E7",1,24,6486.47007861749
"E7",1,25,5661.2372429444
"E7",1,26,5262.68037314979
"E7",1,27,4637.03493885188
"E7",1,28,5435.40452175959
"E7",1,29,5008.80645727831
"E7",1,30,8114.135745904
"E7",1,31,4099.26528118661
"E7",1,32,5613.34456044587
"E7",1,33,4592.16220468749
"E7",1,34,5716.09529737796
"E7",1,35,6419.49030831517
"E7",1,36,5996.54353778418
"E7",1,37,3436.68896502166
"E7",1,38,3563.24874382416
"E7",1,39,4987.70108269089
"E7",1,40,5681.38554153203
"E7",1,41,6697.69018794401
"E7",1,42,3328.02900825106
"E7",1,43,1687.59359940331
"E7",1,44,5771.20676202954
"E7",1,45,3560.31958796885
"E7",1,46,4430.86935561046
"E7",1,47,1837.20904050385
"E7",1,48,4593.55648130517
"E7",1,49,5213.45093814141
"E7",1,50,5777.68311536057
"E7",1,51,6341.26726056835
"E7",1,52,5897.83472114111
"E7",1,53,4846.82254266904
"E7",1,54,5215.78706145423
"E7",1,55,6603.72405059354
"E7",1,56,6765.75203295436
"E7",1,57,7409.10786097618
"E7",1,58,6605.38459863063
"E7",1,59,3536.96300837812
"E7",1,60,6083.87487777551
"E7",1,61,3871.37359930093
"E7",1,62,5545.9939432358
"E7",1,63,6954.38893307431
"E7",1,64,3532.93628300082
"E7",1,65,4247.01626542019
"E7",1,66,6205.03092370989
"E7",1,67,3793.58549783467
"E7",1,68,4905.20059184372
"E7",1,69,3352.01050742539
"E7",1,70,4425.36764392482
"E7",1,71,4594.59421505842
"E7",1,72,4790.54080986454
"E7",1,73,6308.97976519529
"E7",1,74,4930.32506522587
"E7",1,75,7775.47332372038
"E7",1,76,5758.65316640439
"E7",1,77,709.063957749538
"E7",1,78,4887.19493702902
"E7",1,79,4363.41308238724
"E7",1,80,7263.78142383791
"E7",1,81,7033.99396755195
"E7",1,82,5852.48870254629
"E7",1,83,6012.73938198554
"E7",1,84,3685.82742764918
"E7",1,85,3038.66187089954
"E7",1,86,3933.66372859579
"E7",1,87,3155.95589375793
"E7",1,88,4178.35945628025
"E7",1,89,5811.96471290884
"E7",1,90,3537.28147697728
"E7",1,91,6682.29770916545
"E7",1,92,4883.52474968354
"E7",1,93,5068.73243648086
"E7",1,94,5514.82818988071
"E7",1,95,6098.38862235803
"E7",1,96,6465.71322140028
"E7",1,97,3200.32263034471
"E7",1,98,4318.4738089155
"E7",1,99,5536.99817692395
"E7",1,100,3627.42770411471
"E7",1,101,3771.29785096781
"E7",1,102,3763.70245274093
"E7",1,103,5652.05404971519
"E7",1,104,5187.32098579111
"E7",1,105,5945.77389326414
"E7",1,106,5079.00431659182
"E7",1,107,4664.11204695633
"E7",1,108,4761.5730302691
"E7",1,109,5067.17766296193
"E7",1,110,5632.87851627721
"E7",1,111,4733.00418118283
"E7",1,112,5577.70895516582
"E7",1,113,3735.91219885158
"E7",1,114,5266.27650932951
"E7",1,115,4743.47442712733
"E7",1,116,2863.95451084722
"E7",1,117,5150.59755174916
"E7",1,118,3042.3507904937
"E7",1,119,3425.11440684784
"E7",1,120,3076.29053200802
"E7",1,121,5303.70545420305
"E7",1,122,2556.93524782931
"E7",1,123,4668.88547298445
"E7",1,124,6246.31002597864
"E7",1,125,4906.91512694979
"E7",1,126,4562.48259283214
"E7",1,127,5067.95083723489
"E7",1,128,4840.8540615872
"E7",1,129,3112.03191617248
"E7",1,130,5538.37334964293
"E7",1,131,5689.22847212378
"E7",1,132,4767.06648747764
"E7",1,133,6120.15477637229
"E7",1,134,7089.04111902146
"E7",1,135,3954.04999591296
"E7",1,136,3674.31225051977
"E7",1,137,2057.99147994198
"E7",1,138,2428.9968611
"E7",1,139,5387.55540315521
"E7",1,140,4897.81939886117
"E7",1,141,6132.95300681449
"E7",1,142,3835.11412636484
"E7",1,143,6392.9159983686
"E7",1,144,5463.91423371771
"E7",1,145,5411.35531261204
"E7",1,146,4655.1100170127
"E7",1,147,6597.63476106754
"E7",1,148,3845.88279598788
"E7",1,149,5433.79137226286
"E7",1,150,262.753280461035
"E7",1,151,163.48357234253
"E7",1,152,261.534403657674
"E7",1,153,56.0240394239071
"E7",1,154,288.284403542141
"E7",1,155,376.965191117111
"E7",1,156,309.430240667643
"E7",1,157,305.619183690903
"E7",1,158,145.728376156994
"E7",1,159,428.216768117093
"E7",1,160,138.279489361103
"E7",1,161,492.849457533094
"E7",1,162,612.753164757343
"E7",1,163,181.989171828552
"E7",1,164,244.152259606303
"E7",1,165,311.62675329189
"E7",1,166,270.243145118133
"E7",1,167,317.054728804202
"E7",1,168,115.214395488164
"E7",1,169,483.263836505311
"E7",1,170,204.140785437793
"E7",1,171,336.622116932664
"E7",1,172,453.541041974934
"E7",1,173,612.924547170821
"E7",1,174,320.83338401828
"E7",1,175,73.075720215219
"E7",1,176,211.791691933359
"E7",1,177,333.283432198716
"E7",1,178,476.594074436144
"E7",1,179,198.400821564951
"E7",1,180,493.010790818025
"E7",1,181,259.739231875953
"E7",1,182,450.9369964457
"E7",1,183,503.117366853596
"E7",1,184,330.463330776636
"E7",1,185,513.379814732021
"E7",1,186,212.934103528607
"E7",1,187,168.620513459533
"E7",1,188,184.43658570517
"E7",1,189,464.13565904197
"E7",1,190,303.081970599247
"E7",1,191,261.897416450259
"E7",1,192,263.703125422446
"E7",1,193,341.39374025917
"E7",1,194,196.663240939651
"E7",1,195,526.270167630679
"E7",1,196,301.604231290797
"E7",1,197,392.5181504883
"E7",1,198,359.604400735377
"E7",1,199,256.739482836173
"E7",1,200,171.427238452231
"E7",1,201,314.760270466749
"E7",1,202,84.2363991119272
"E7",1,203,239.557745847817
"E7",1,204,362.662894700641
"E7",1,205,285.44539437557
"E7",1,206,362.498076937591
"E7",1,207,69.3389371659304
"E7",1,208,122.50718448488
"E7",1,209,584.875709081149
"E7",1,210,275.227695601254
"E7",1,211,410.941154211881
"E7",1,212,363.203723194271
"E7",1,213,426.585298468511
"E7",1,214,50.7354644287633
"E7",1,215,179.461620070075
"E7",1,216,287.586618876164
"E7",1,217,445.198752852767
"E7",1,218,233.622406500989
"E7",1,219,271.009715897265
"E7",1,220,405.434688083036
"E7",1,221,146.620284303394
"E7",1,222,263.816553315982
"E7",1,223,372.294504216351
"E7",1,224,134.549706599089
"E7",1,225,527.068787848654
"E7",1,226,459.035954252751
"E7",1,227,227.708960990153
"E7",1,228,657.611098682198
"E7",1,229,306.56011574569
"E7",1,230,205.245376804901
"E7",1,231,503.816419795787
"E7",1,232,403.53654058608
"E7",1,233,497.932552498872
"E7",1,234,305.75625410754
"E7",1,235,336.986929346089
"E7",1,236,416.981735954576
"E7",1,237,391.516057594357
"E7",1,238,447.486094308283
"E7",1,239,302.879314247666
"E7",1,240,437.499521257947
"E7",1,241,317.998455948479
"E7",1,242,207.67451424965
"E7",1,243,225.687158277555
"E7",1,244,359.883440321457
"E7",1,245,427.962164246672
"E7",1,246,476.767311503157
"E7",1,247,279.541191158912
"E7",1,248,466.727621526695
"E7",1,249,474.02097234066
"E7",1,250,413.611151943281
"E7",1,251,428.304869980671
"E7",1,252,238.280264976623
"E7",1,253,305.362708290957
"E7",1,254,265.584086735765
"E7",1,255,509.522659598672
"E7",1,256,619.448588972315
"E7",1,257,382.018484170135
"E7",1,258,413.006148853376
"E7",1,259,297.759092767334
"E7",1,260,340.621376304878
"E7",1,261,477.601304438104
"E7",1,262,402.063673380582
"E7",1,263,203.615727214061
"E7",1,264,283.921568046827
"E7",1,265,136.423524726981
"E7",1,266,314.896592537487
"E7",1,267,280.440437506006
"E7",1,268,292.688252088436
"E7",1,269,447.335731376755
"E7",1,270,394.478648835333
"E7",1,271,371.521582461169
"E7",1,272,195.491094547609
"E7",1,273,272.059583881451
"E7",1,274,284.820138325672
"E7",1,275,345.568378138828
"E7",1,276,160.452349408755
"E7",1,277,485.190936728383
"E7",1,278,577.069015429656
"E7",1,279,257.796662392371
"E7",1,280,394.576180625945
"E7",1,281,341.352799150058
"E7",1,282,349.184324766336
"E7",1,283,313.839274029358
"E7",1,284,446.763710133858
"E7",1,285,309.738420880809
"E7",1,286,456.928691414796
"E7",1,287,383.662810532988
"E7",1,288,421.536551825653
"E7",1,289,416.782955233485
"E7",1,290,176.551046700524
"E7",1,291,461.636974698187
"E7",1,292,296.719956970531
"E7",1,293,297.993790951604
"E7",1,294,350.690138996154
"E7",1,295,478.026722972612
"E7",1,296,283.938771854695
"E7",1,297,323.226818425605
"E7",1,298,438.182061024309
"E7",1,299,111.052218594713
"E7",1,300,552.228955752509
"E7",1,301,305.747450812567
"E7",1,302,161.242317313576
"E7",1,303,152.212578472815
"E7",1,304,265.668543912521
"E7",1,305,272.918625829341
"E7",1,306,561.040866333763
"E7",1,307,202.069557272617
"E7",1,308,288.063357674292
"E7",1,309,396.105661449346
"E7",1,310,378.222931866594
"E7",1,311,374.355966204276
"E7",1,312,297.829029816046
"E7",1,313,259.047950928731
"E7",1,314,429.166978457718
"E7",1,315,183.735636878216
"E7",1,316,222.735768016254
"E7",1,317,539.879788543641
"E7",1,318,220.108485480063
"E7",1,319,525.164626388179
"E7",1,320,336.117294545594
"E7",1,321,394.199978330886
"E7",1,322,408.886511861967
"E7",1,323,274.15880524173
"E7",1,324,300.552962778882
"E7",1,325,540.297216189994
"E7",1,326,340.26387191499
"E7",1,327,412.946130768742
"E7",1,328,233.884399323494
"E7",1,329,204.03145412256
"E7",1,330,277.292501106991
"E7",1,331,387.309111191664
"E7",1,332,347.495920437788
"E7",1,333,171.419248208416
"E7",1,334,346.107339758782
"E7",1,335,439.278164137976
"E7",1,336,309.483599992348
"E7",1,337,316.558282179861
"E7",1,338,502.645848035584
"E7",1,339,156.765213793998
"E7",1,340,539.044952399188
"E7",1,341,389.298603547314
"E7",1,342,251.500283002342
"E7",1,343,128.899544409932
"E7",1,344,430.619434859774
"E7",1,345,438.488257986868
"E7",1,346,355.733388995423
"E7",1,347,312.559260964615
"E7",1,348,390.148541449175
"E7",1,349,457.356062894177
"E7",1,350,364.792512148488
"E7",1,351,298.872396739561
"E7",1,352,138.097344290008
"E7",1,353,282.044138382372
"E7",1,354,323.663326527885
"E7",1,355,278.856790846474
"E7",1,356,505.538246232933
"E7",1,357,184.188734284551
"E7",1,358,356.416903732327
"E7",1,359,287.544553166286
"E7",1,360,287.983140142629
"E7",1,361,305.419268738719
"E7",1,362,357.49084774117
"E7",1,363,385.228633346156
"E7",1,364,586.568812498139
"E7",1,365,448.568827718844
"E7",1,366,216.311279556336
"E7",1,367,481.388542110851
"E7",1,368,504.317084617151
"E7",1,369,277.102959547131
"E7",1,370,473.37070399576
"E7",1,371,488.913569018401
"E7",1,372,174.402954544622
"E7",1,373,384.902866773293
"E7",1,374,66.6765491330481
"E7",1,375,534.682196496501
"E7",1,376,321.856203218805
"E7",1,377,167.567483015772
"E7",1,378,330.36525374696
"E7",1,379,421.946616327658
"E7",1,380,270.56464198963
"E7",1,381,186.855789100655
"E7",1,382,268.805901558962
"E7",1,383,186.59953144718
"E7",1,384,281.664672594755
"E7",1,385,334.332282341925
"E7",1,386,391.539439352842
"E7",1,387,299.628675966044
"E7",1,388,630.445825982866
"E7",1,389,501.974190831903
"E7",1,390,253.06006386584
"E7",1,391,375.416166721148
"E7",1,392,67.9081249416038
"E7",1,393,407.002127079883
"E7",1,394,236.292187119541
"E7",1,395,311.272275044163
"E7",1,396,490.837097486463
"E7",1,397,401.663993746776
"E7",1,398,382.451812505302
"E7",1,399,406.985488022861
"E7",1,400,284.819526601073
"E7",1,401,40
"E7",1,402,435.958444073177
"E7",1,403,297.162431898485
"E7",1,404,387.819190749666
"E7",1,405,272.667248793647
"E7",1,406,259.298567227246
"E7",1,407,397.530664817518
"E7",1,408,468.860312440828
"E7",1,409,209.790799285994
"E7",1,410,416.319017944192
"E7",1,411,421.131138320022
"E7",1,412,538.425639767741
"E7",1,413,281.891478364063
"E7",1,414,449.074869171099
"E7",1,415,350.701264190995
"E7",1,416,258.192843089391
"E7",1,417,177.303836161751
"E7",1,418,264.496813892014
"E7",1,419,250.593483061913
"E7",1,420,430.913541226775
"E7",1,421,218.889027144195
"E7",1,422,582.998541411942
"E7",1,423,156.033087033464
"E7",1,424,278.358111921096
"E7",1,425,101.937660527742
"E7",1,426,298.739061644102
"E7",1,427,581.954992102709
"E7",1,428,643.906863501986
"E7",1,429,204.376332085943
"E7",1,430,447.699348442467
"E7",1,431,252.984426232599
"E7",1,432,326.096716546731
"E7",1,433,382.618315285685
"E7",1,434,380.861675021069
"E7",1,435,338.261959269756
"E7",1,436,439.451397942999
"E7",1,437,221.380451376721
"E7",1,438,376.52717142787
"E7",1,439,309.896883483262
"E7",1,440,312.442646401576
"E7",1,441,422.710645475944
"E7",1,442,355.287366326536
"E7",1,443,326.764386218909
"E7",1,444,421.219328293138
"E7",1,445,245.038227300022
"E7",1,446,256.195812792868
"E7",1,447,301.846221337635
"E7",1,448,227.013962884062
"E7",1,449,392.841283777387
"E7",1,450,147.541316751582
"E7",1,451,309.874862798937
"E7",1,452,272.162024641931
"E7",1,453,349.131664375607
"E7",1,454,445.607619240244
"E7",1,455,490.616589421818
"E7",1,456,339.241920701865
"E7",1,457,373.582892980327
"E7",1,458,356.209452743951
"E7",1,459,40
"E7",1,460,304.430009968178
"E7",1,461,331.145604414119
"E7",1,462,362.53670991413
"E7",1,463,594.835059810518
"E7",1,464,370.029345815174
"E7",1,465,556.438622719823
"E7",1,466,539.480037286304
"E7",1,467,364.857612270872
"E7",1,468,56.10111482561
"E7",1,469,156.702947312092
"E7",1,470,297.860354159946
"E7",1,471,332.112337494044
"E7",1,472,369.369246395699
"E7",1,473,386.474360704609
"E7",1,474,367.070223379857
"E7",1,475,269.525449288626
"E7",1,476,423.331400678607
"E7",1,477,314.804778219527
"E7",1,478,253.091543550033
"E7",1,479,285.838322363845
"E7",1,480,323.714639817754
"E7",1,481,40
"E7",1,482,331.887804171253
"E7",1,483,281.840144593363
"E7",1,484,193.052437933719
"E7",1,485,296.598157001531
"E7",1,486,251.835605568302
"E7",1,487,478.503263065713
"E8",1,1,3424.48757832807
"E8",1,2,4233.57620814993
"E8",1,3,7935.99051169231
"E8",1,4,4054.16330801786
"E8",1,5,5355.18298270546
"E8",1,6,4886.04968186506
"E8",1,7,6949.56369604254
"E8",1,8,6132.95144144472
"E8",1,9,4048.40748990812
"E8",1,10,4828.04111752621
"E8",1,11,6235.73864031024
"E8",1,12,7281.98642850494
"E8",1,13,5771.55126379414
"E8",1,14,3686.54758866928
"E8",1,15,3217.94648541567
"E8",1,16,3917.41092556791
"E8",1,17,2713.58297789834
"E8",1,18,4823.78564916165
"E8",1,19,5373.79945002134
"E8",1,20,6769.29534899728
"E8",1,21,5801.04275707989
"E8",1,22,6050.61305798807
"E8",1,23,2714.6660061237
"E8",1,24,5953.55586352323
"E8",1,25,5892.51962089928
"E8",1,26,2593.57465412653
"E8",1,27,6818.02069950502
"E8",1,28,5293.7216620896
"E8",1,29,4308.03714242049
"E8",1,30,5737.15858030612
"E8",1,31,3225.3221084939
"E8",1,32,7086.25576302336
"E8",1,33,6777.47564684763
"E8",1,34,4988.65395532127
"E8",1,35,6015.99631128048
"E8",1,36,7602.04899875822
"E8",1,37,6358.82092815391
"E8",1,38,4626.6434996753
"E8",1,39,8371.2395693883
"E8",1,40,5060.1979875935
"E8",1,41,8768.60322639444
"E8",1,42,5322.46635891718
"E8",1,43,6212.91139398965
"E8",1,44,6798.40038903725
"E8",1,45,4005.3523078171
"E8",1,46,6458.22286210713
"E8",1,47,2769.94257891354
"E8",1,48,6052.919904479
"E8",1,49,3188.88056716745
"E8",1,50,4707.73630501421
"E8",1,51,5069.08257045012
"E8",1,52,3653.64752892398
"E8",1,53,7983.16868835536
"E8",1,54,4857.48837744627
"E8",1,55,4679.85018322372
"E8",1,56,5218.52210424259
"E8",1,57,4535.81219421778
"E8",1,58,4106.20072262958
"E8",1,59,2939.43747578535
"E8",1,60,3892.62481043704
"E8",1,61,2063.84894133931
"E8",1,62,5655.86679751915
"E8",1,63,2890.87535567472
"E8",1,64,4991.66694938264
"E8",1,65,2047.18504574415
"E8",1,66,5233.55740934691
"E8",1,67,5767.45966712523
"E8",1,68,3198.4854878504
"E8",1,69,4787.32231971488
"E8",1,70,6056.97384868149
"E8",1,71,7049.42029766278
"E8",1,72,5616.9235777916
"E8",1,73,5362.55138064615
"E8",1,74,6068.00058734933
"E8",1,75,4096.27330095752
"E8",1,76,5040.45697997275
"E8",1,77,2820.36291701672
"E8",1,78,4945.02758032989
"E8",1,79,7411.11431045457
"E8",1,80,3694.40132061689
"E8",1,81,4760.97531114336
"E8",1,82,4625.20623600552
"E8",1,83,5361.40106931489
"E8",1,84,6524.61707225367
"E8",1,85,2750.84816670575
"E8",1,86,6191.81557636656
"E8",1,87,3582.15251541077
"E8",1,88,4161.18570333596
"E8",1,89,5808.55228165491
"E8",1,90,6058.01257160422
"E8",1,91,5693.33314476281
"E8",1,92,304.838040151938
"E8",1,93,3867.30233363309
"E8",1,94,3661.20191627046
"E8",1,95,3048.00807235176
"E8",1,96,896.151128164297
"E8",1,97,7773.78922703217
"E8",1,98,5160.12949561492
"E8",1,99,6286.07659327984
"E8",1,100,5176.54252217803
"E8",1,101,2675.06959847394
"E8",1,102,4730.4094331789
"E8",1,103,5126.17760028019
"E8",1,104,5171.1346028965
"E8",1,105,5552.69535823216
"E8",1,106,4204.61652349584
"E8",1,107,1768.35684149334
"E8",1,108,7248.82281547764
"E8",1,109,4109.32015653872
"E8",1,110,3443.80584271614
"E8",1,111,3596.82414704506
"E8",1,112,6358.70604627651
"E8",1,113,5388.60557788651
"E8",1,114,3531.37449760859
"E8",1,115,3402.45247114904
"E8",1,116,6588.42480549538
"E8",1,117,193.382515680087
"E8",1,118,118.242783582695
"E8",1,119,81.8311496503756
"E8",1,120,361.35680695436
"E8",1,121,326.085997759253
"E8",1,122,355.061987649914
"E8",1,123,315.084806656389
"E8",1,124,166.777890865607
"E8",1,125,267.592281887068
"E8",1,126,40
"E8",1,127,390.775512307876
"E8",1,128,208.885291210407
"E8",1,129,498.608281515765
"E8",1,130,347.658056961943
"E8",1,131,341.528861693816
"E8",1,132,298.892248121468
"E8",1,133,355.259835461763
"E8",1,134,123.098990528313
"E8",1,135,570.511181233272
"E8",1,136,189.156705802772
"E8",1,137,409.470834914614
"E8",1,138,436.043078778288
"E8",1,139,354.105839618993
"E8",1,140,498.688965886018
"E8",1,141,141.971497891274
"E8",1,142,195.419489960694
"E8",1,143,389.740357327591
"E8",1,144,406.63673447548
"E8",1,145,395.512814975046
"E8",1,146,600.846010947632
"E8",1,147,398.269282107808
"E8",1,148,265.557710095338
"E8",1,149,343.673833178225
"E8",1,150,403.018390426248
"E8",1,151,319.798439690443
"E8",1,152,350.090569420693
"E8",1,153,672.944706584664
"E8",1,154,419.485855278854
"E8",1,155,368.743752267388
"E8",1,156,428.714652507598
"E8",1,157,379.491171068434
"E8",1,158,282.342284132895
"E8",1,159,246.959854094417
"E8",1,160,356.121249764219
"E8",1,161,254.927988328079
"E8",1,162,291.861757603516
"E8",1,163,258.586727937776
"E8",1,164,428.0533462825
"E8",1,165,248.93863971355
"E8",1,166,287.226080045916
"E8",1,167,375.9622942758
"E8",1,168,260.62560848276
"E8",1,169,369.488611563735
"E8",1,170,208.436361265914
"E8",1,171,243.029081247246
"E8",1,172,478.106364331003
"E8",1,173,460.671031156363
"E8",1,174,364.404956840721
"E8",1,175,154.817850353734
"E8",1,176,125.790132436678
"E8",1,177,330.143796797416
"E8",1,178,488.06489898379
"E8",1,179,445.210127776928
"E8",1,180,275.439949185583
"E8",1,181,143.085024472357
"E8",1,182,387.607298962146
"E8",1,183,344.549889465359
"E8",1,184,283.251626265474
"E8",1,185,40
"E8",1,186,55.4148391765041
"E8",1,187,321.6376836406
"E8",1,188,392.380466017859
"E8",1,189,155.950118112948
"E8",1,190,361.8046341432
"E8",1,191,284.172140554225
"E8",1,192,345.096120645269
"E8",1,193,361.203108249317
"E8",1,194,338.873281105515
"E8",1,195,259.575250936131
"E8",1,196,310.280051063005
"E8",1,197,352.264694982068
"E8",1,198,290.891497158959
"E8",1,199,269.069241256043
"E8",1,200,357.773340752622
"E8",1,201,443.744239507709
"E8",1,202,376.447802673468
"E8",1,203,244.467191439581
"E8",1,204,296.460752917711
"E8",1,205,297.981026649203
"E8",1,206,232.838483067932
"E8",1,207,351.095271019428
"E8",1,208,380.667235262139
"E8",1,209,288.42021889282
"E8",1,210,330.918070910149
"E8",1,211,372.633906208135
"E8",1,212,198.908328523431
"E8",1,213,296.926537444483
"E8",1,214,362.270449489058
"E8",1,215,293.839393894126
"E8",1,216,40
"E8",1,217,340.678282078507
"E8",1,218,429.576923117405
"E8",1,219,177.949405506937
"E8",1,220,399.333635750548
"E8",1,221,272.062424079503
"E8",1,222,88.1974705789813
"E8",1,223,469.201813506
"E8",1,224,292.778715368883
"E8",1,225,223.504481184319
"E8",1,226,345.209646838641
"E8",1,227,252.193967209775
"E8",1,228,304.279495411323
"E8",1,229,357.128024524089
"E8",1,230,349.533284558686
"E8",1,231,584.187599182847
"E8",1,232,271.282208098038
"E8",1,233,425.38349481941
"E8",1,234,202.512311581143
"E8",1,235,396.741035198399
"E8",1,236,311.664227110567
"E8",1,237,243.215190542082
"E8",1,238,487.919911660116
"E8",1,239,214.576201447842
"E8",1,240,384.118625212129
"E8",1,241,357.549275202203
"E8",1,242,218.954055855886
"E8",1,243,200.417839811176
"E8",1,244,270.404039596283
"E8",1,245,481.517668194214
"E8",1,246,533.043747488474
"E8",1,247,274.609868381182
"E8",1,248,212.689496499377
"E8",1,249,325.311211497409
"E8",1,250,394.997169211613
"E8",1,251,295.6474254108
"E8",1,252,278.280966627963
"E8",1,253,471.832657846878
"E8",1,254,376.030341251663
"E8",1,255,447.298632215516
"E8",1,256,279.032737834695
"E8",1,257,334.77474713469
"E8",1,258,203.228912110022
"E8",1,259,189.731876711307
"E8",1,260,435.411556982426
"E8",1,261,501.612105139883
"E8",1,262,392.447697752873
"E8",1,263,189.93923783173
"E8",1,264,356.987578010852
"E8",1,265,380.889518640186
"E8",1,266,339.140862069296
"E8",1,267,334.641361900595
"E8",1,268,468.37552734279
"E8",1,269,236.756457137588
"E8",1,270,365.266647423172
"E8",1,271,501.359198370427
"E8",1,272,348.458125582962
"E8",1,273,84.3203702782011
"E8",1,274,224.342896255417
"E8",1,275,261.058917442097
"E8",1,276,362.770336473235
"E8",1,277,316.34289166704
"E8",1,278,330.01134124579
"E8",1,279,423.396131621323
"E8",1,280,185.780556347885
"E8",1,281,436.077976480257
"E8",1,282,298.520799843507
"E8",1,283,381.135464208605
"E8",1,284,223.434661556368
"E8",1,285,391.153242808955
"E8",1,286,329.768593373297
"E8",1,287,563.282365293021
"E8",1,288,408.711871474276
"E8",1,289,350.132692646617
"E8",1,290,469.905896728715
"E8",1,291,361.614475767118
"E8",1,292,368.829301123585
"E8",1,293,339.827651680384
"E8",1,294,243.162680505989
"E8",1,295,381.115337603387
"E8",1,296,351.251699505483
"E8",1,297,423.89962311576
"E8",1,298,452.83898373839
"E8",1,299,417.214725816812
"E8",1,300,461.260217055406
"E8",1,301,332.301313773132
"E8",1,302,376.102936152265
"E8",1,303,278.173034831597
"E8",1,304,451.048351254213
"E8",1,305,276.658929762051
"E8",1,306,397.518136429453
"E8",1,307,358.125212973294
"E8",1,308,338.489796390787
"E8",1,309,125.334981594923
"E8",1,310,286.965182491516
"E8",1,311,347.463668491618
"E8",1,312,209.464415476714
"E8",1,313,306.595919556714
"E8",1,314,289.933919710617
"E8",1,315,261.478042210299
"E8",1,316,458.825566212748
"E8",1,317,444.67114654832
"E8",1,318,402.597214745291
"E8",1,319,310.377977396166
"E8",1,320,322.177289023783
"E8",1,321,249.803036688749
"E8",1,322,497.76802386345
"E8",1,323,489.295864599903
"E8",1,324,292.803958292072
"E8",1,325,213.326699351722
"E8",1,326,422.222764656911
"E8",1,327,381.891565710973
"E8",1,328,445.969944695556
"E8",1,329,270.018881675406
"E8",1,330,257.829208572404
"E8",1,331,386.864339527553
"E8",1,332,293.388440952593
"E8",1,333,369.030453135545
"E8",1,334,189.564810329779
"E8",1,335,278.985880319384
"E8",1,336,536.388912834999
"E8",1,337,451.595281001932
"E8",1,338,380.704848487642
"E8",1,339,293.837892572412
"E8",1,340,239.861303028498
"E8",1,341,366.668282600218
"E8",1,342,437.739755039202
"E8",1,343,150.949162321453
"E8",1,344,150.112400796235
"E8",1,345,228.071218207622
"E8",1,346,227.873846783945
"E8",1,347,179.658899724241
"E8",1,348,155.617381094777
"E8",1,349,570.429090632653
"E8",1,350,248.135905579855
"E8",1,351,151.425150699138
"E8",1,352,317.127092061546
"E8",1,353,467.330738066801
"E8",1,354,266.143818173307
"E8",1,355,381.568506524053
"E8",1,356,437.734388640274
"E8",1,357,246.734374207055
"E8",1,358,40
"E8",1,359,318.744036290443
"E8",1,360,568.210650097516
"E8",1,361,233.043162543619
"E8",1,362,223.633280635939
"E8",1,363,440.310350233373
"E8",1,364,209.853882346636
"E8",1,365,384.825069748288
"E8",1,366,375.588053401209
"E8",1,367,270.033325225565
"E8",1,368,158.521122151986
"E8",1,369,515.16410567739
"E8",1,370,553.869203040692
"E8",1,371,618.948774133813
"E8",1,372,367.30777831869
"E8",1,373,250.544073680466
"E8",1,374,308.10857538866
"E8",1,375,421.254983984719
"E8",1,376,398.702911812023
"E8",1,377,251.187158789812
"E8",1,378,337.119230775259
"E8",1,379,415.406809519728
"E8",1,380,606.887927465169
"E8",1,381,94.293551631549
"E8",1,382,556.511891636707
"E8",1,383,565.114106290069
"E8",1,384,210.989399940835
"E8",1,385,365.18156996239
"E8",1,386,418.623881198366
"E8",1,387,237.247993281891
"E8",1,388,271.9528483882
"E9",1,1,4658.93660021472
"E9",1,2,5630.02305170862
"E9",1,3,4777.34233859728
"E9",1,4,5313.68189500584
"E9",1,5,3882.30641153034
"E9",1,6,3090.09129350297
"E9",1,7,6041.2317247131
"E9",1,8,3316.64866821824
"E9",1,9,6025.15176938723
"E9",1,10,6201.2913993814
"E9",1,11,2908.17754700935
"E9",1,12,6223.3027103327
"E9",1,13,3619.62905874503
"E9",1,14,6661.08636807255
"E9",1,15,4757.13501727665
"E9",1,16,6098.99644219358
"E9",1,17,2151.61407327258
"E9",1,18,3117.13416328595
"E9",1,19,4664.66294449451
"E9",1,20,2852.5596776735
"E9",1,21,5457.38892227105
"E9",1,22,5062.36080726241
"E9",1,23,5113.73585310584
"E9",1,24,4135.70697171809
"E9",1,25,4621.78719743122
"E9",1,26,4310.38641272483
"E9",1,27,4846.00801413133
"E9",1,28,6814.50887618101
"E9",1,29,5547.87768135969
"E9",1,30,8544.94689383082
"E9",1,31,3334.38409068898
"E9",1,32,5609.20226647593
"E9",1,33,2867.32167357513
"E9",1,34,4650.42547233385
"E9",1,35,4016.35068567716
"E9",1,36,5073.92046386571
"E9",1,37,3914.59688208347
"E9",1,38,6160.9270279462
"E9",1,39,4851.48740043705
"E9",1,40,6278.38098951938
"E9",1,41,3798.04529959833
"E9",1,42,7512.59726693147
"E9",1,43,5608.14970022011
"E9",1,44,7995.64605176234
"E9",1,45,3394.27357151204
"E9",1,46,4754.54577906065
"E9",1,47,4203.26092044105
"E9",1,48,4585.84293560613
"E9",1,49,4247.86035047517
"E9",1,50,5953.73686065796
"E9",1,51,3856.46756243575
"E9",1,52,5805.18231817871
"E9",1,53,4167.86283073285
"E9",1,54,4207.91978634439
"E9",1,55,4403.74820875327
"E9",1,56,4758.44499597448
"E9",1,57,4529.49528292428
"E9",1,58,5718.21701577824
"E9",1,59,5461.17428536359
"E9",1,60,2975.75166941404
"E9",1,61,4516.97343839613
"E9",1,62,3826.00063150317
"E9",1,63,3925.05523511969
"E9",1,64,5569.87294998997
"E9",1,65,5391.42620706232
"E9",1,66,4929.83513787845
"E9",1,67,6831.6964442563
"E9",1,68,5625.68165135413
"E9",1,69,5948.13219468359
"E9",1,70,5201.68983731526
"E9",1,71,4116.18947409339
"E9",1,72,507.056936391205
"E9",1,73,367.577567377052
"E9",1,74,329.253264872446
"E9",1,75,377.447602308297
"E9",1,76,103.886797787356
"E9",1,77,431.079265162264
"E9",1,78,163.046118790906
"E9",1,79,370.076594483764
"E9",1,80,491.391996517152
"E9",1,81,327.099601933124
"E9",1,82,238.775745107954
"E9",1,83,380.481660425314
"E9",1,84,226.378397788822
"E9",1,85,414.134430123096
"E9",1,86,325.396356064367
"E9",1,87,446.606241215764
"E9",1,88,629.644409221301
"E9",1,89,477.095788228509
"E9",1,90,392.653794180568
"E9",1,91,369.905553078283
"E9",1,92,369.562257627752
"E9",1,93,227.373968194613
"E9",1,94,172.9861130528
"E9",1,95,338.516896619155
"E9",1,96,271.243175473336
"E9",1,97,167.624793573355
"E9",1,98,216.731482471236
"E9",1,99,305.988589290388
"E9",1,100,188.172841486561
"E9",1,101,236.646589665782
"E9",1,102,620.518468898653
"E9",1,103,88.930657018649
"E9",1,104,106.850623908565
"E9",1,105,234.81056222573
"E9",1,106,454.592934348687
"E9",1,107,378.207214605255
"E9",1,108,340.104389764388
"E9",1,109,329.173314083352
"E9",1,110,340.89167711501
"E9",1,111,390.19495969039
"E9",1,112,396.680160495794
"E9",1,113,242.878387837513
"E9",1,114,452.230981204182
"E9",1,115,338.231926668814
"E9",1,116,226.714065724251
"E9",1,117,361.404607831659
"E9",1,118,369.353251765725
"E9",1,119,208.15196594041
"E9",1,120,265.901497914531
"E9",1,121,393.727800795781
"E9",1,122,328.548325477621
"E9",1,123,602.865395202029
"E9",1,124,227.686537315746
"E9",1,125,56.3129056874118
"E9",1,126,343.918892026358
"E9",1,127,365.922986862846
"E9",1,128,484.83423654003
"E9",1,129,245.535654131229
"E9",1,130,292.426249276772
"E9",1,131,373.163544885538
"E9",1,132,161.828413103633
"E9",1,133,440.817119728203
"E9",1,134,391.762848775833
"E9",1,135,85.9601010867351
"E9",1,136,265.144470816187
"E9",1,137,190.92217300685
"E9",1,138,314.202382775176
"E9",1,139,260.057344316719
"E9",1,140,266.880515720652
"E9",1,141,347.312366834301
"E9",1,142,465.921997312789
"E9",1,143,394.286776238121
"E9",1,144,280.084867176548
"E9",1,145,466.184118380719
"E9",1,146,409.860718292689
"E9",1,147,362.250355162314
"E9",1,148,303.346319263383
"E9",1,149,220.440330791054
"E9",1,150,93.9779524078549
"E9",1,151,298.719275222482
"E9",1,152,379.462900920044
"E9",1,153,133.940822445807
"E9",1,154,168.192303282244
"E9",1,155,372.186849891537
"E9",1,156,395.292531412895
"E9",1,157,255.732988248359
"E9",1,158,521.502826367408
"E9",1,159,350.863806092923
"E9",1,160,346.21944451282
"E9",1,161,214.347643987065
"E9",1,162,367.980623732836
"E9",1,163,403.628954435236
"E9",1,164,392.046334643727
"E9",1,165,194.518603240979
"E9",1,166,473.438976463162
"E9",1,167,442.439251062501
"E9",1,168,310.875494765227
"E9",1,169,471.444413270907
"E9",1,170,306.317476662846
"E9",1,171,45.5113213482118
"E9",1,172,450.775197917013
"E9",1,173,314.393284952964
"E9",1,174,266.966232176437
"E9",1,175,240.164011864209
"E9",1,176,427.940332669539
"E9",1,177,235.599551560776
"E9",1,178,187.193310930655
"E9",1,179,133.070586669252
"E9",1,180,515.343334470387
"E9",1,181,226.011754680435
"E9",1,182,186.863991105246
"E9",1,183,380.907714136656
"E9",1,184,82.2251224430832
"E9",1,185,266.039325470616
"E9",1,186,355.200152413231
"E9",1,187,340.020643891154
"E9",1,188,220.594652846342
"E9",1,189,334.45069637654
"E9",1,190,248.410326458973
"E9",1,191,398.618493687155
"E9",1,192,100.995568232709
"E9",1,193,306.527504389337
"E9",1,194,328.822068454612
"E9",1,195,209.184599526219
"E9",1,196,255.153083640205
"E9",1,197,310.526385349122
"E9",1,198,223.027916271887
"E9",1,199,305.798387387498
"E9",1,200,287.253202919849
"E9",1,201,284.078391180173
"E9",1,202,324.754234665578
"E9",1,203,388.99869533234
"E9",1,204,400.140548662482
"E9",1,205,231.66577099672
"E9",1,206,254.214177073308
"E9",1,207,334.148255951326
"E9",1,208,447.754535982385
"E9",1,209,425.11152395475
"E9",1,210,345.445342830332
"E9",1,211,402.60305628807
"E9",1,212,217.946869765054
"E9",1,213,195.32650921067
"E9",1,214,242.01305278396
"E9",1,215,238.887149078333
"E9",1,216,271.230926547486
"E9",1,217,321.32042670372
"E9",1,218,225.860959181254
"E9",1,219,368.695935137181
"E9",1,220,152.847729157268
"E9",1,221,302.256315747265
"E9",1,222,545.423849182631
"E9",1,223,493.534292045834
"E9",1,224,394.58681796413
"E9",1,225,319.493383542378
"E9",1,226,381.006878082587
"E9",1,227,495.18283362764
"E9",1,228,183.57565121021
"E9",1,229,339.726487406479
"E9",1,230,52.693643353985
"E9",1,231,346.085993738038
"E9",1,232,334.455582647819
"E9",1,233,447.205053723289
"E9",1,234,231.225141949928
"E9",1,235,71.9469978609653
"E9",1,236,266.427677170669
"E9",1,237,364.388554322316
"E9",1,238,218.37336585559
"E9",1,239,160.564533204995
"E9",1,240,297.267679505053
"E9",1,241,366.66096134924
"E9",1,242,346.806154539931
"E9",1,243,150.615018436812
"E9",1,244,342.54033033945
"E9",1,245,198.807178402192
"E9",1,246,187.144687686074
"E9",1,247,286.127672160158
"E9",1,248,381.165505939255
"E9",1,249,207.84530765339
"E9",1,250,494.549748840265
"E9",1,251,373.261736458779
"E9",1,252,303.44986023197
"E9",1,253,314.493101997252
"E9",1,254,275.600771752856
"E9",1,255,98.3662039323602
"E9",1,256,412.553532961535
"E9",1,257,302.458477525885
"E9",1,258,246.752548583274
"E9",1,259,416.378139270187
"E9",1,260,366.912163917569
"E9",1,261,422.803805143418
"E9",1,262,231.255002020521
"E9",1,263,292.095025815128
"E9",1,264,326.911066926349
"E9",1,265,205.258085748416
"E9",1,266,363.570205042911
"E9",1,267,289.097086529265
"E9",1,268,281.69691561893
"E9",1,269,413.180879032821
"E9",1,270,483.85999850075
"E9",1,271,111.846960875669
"E9",1,272,211.197012135894
"E9",1,273,402.967920572635
"E9",1,274,295.292818182647
"E9",1,275,470.523694942619
"E9",1,276,295.194105085103
"E9",1,277,260.412646821344
"E9",1,278,310.671467550366
"E9",1,279,292.38239565307
"E9",1,280,440.231318625041
"E9",1,281,393.53810430292
"E9",1,282,57.2608736284338
"E9",1,283,442.119336870803
"E9",1,284,476.427604800061
"E9",1,285,124.44472669417
"E9",1,286,272.0903063905
"E9",1,287,449.347714665779
"E9",1,288,335.538524882132
"E9",1,289,299.314907203728
"E9",1,290,332.299906143933
"E9",1,291,414.949792161848
"E9",1,292,580.879943767374
"E9",1,293,575.111111521541
"E9",1,294,293.550519484204
"E9",1,295,371.167686981207
"E9",1,296,199.623803228723
"E9",1,297,451.998211499282
"E9",1,298,322.913816269246
"E9",1,299,179.51189601829
"E9",1,300,451.592587420105
"E9",1,301,420.096598383557
"E9",1,302,270.114133581366
"E9",1,303,305.190699591073
"E9",1,304,469.186029524615
"E9",1,305,325.985159678223
"E9",1,306,588.706959099716
"E9",1,307,261.775942563281
"E9",1,308,465.031869981156
"E9",1,309,351.766899792789
"E9",1,310,413.797655360051
"E9",1,311,238.639243761229
"E9",1,312,378.074289129496
"E9",1,313,172.312310199941
"E9",1,314,232.832134926899
"E9",1,315,278.613033838129
"E9",1,316,363.884464857562
"E9",1,317,323.868203246776
"E9",1,318,142.660248685629
"E9",1,319,337.639583210602
"E9",1,320,285.74902378106
"E9",1,321,302.423252127351
"E9",1,322,223.383733990633
"E9",1,323,146.342755339177
"E9",1,324,319.052395328052
"E9",1,325,478.214758047068
"E9",1,326,277.370790807328
"E9",1,327,154.873118356799
"E9",1,328,447.744559690615
"E9",1,329,253.194480924874
"E9",1,330,401.50739387488
"E9",1,331,327.570730259349
"E9",1,332,282.916551579526
"E9",1,333,437.649073028178
"E9",1,334,398.270971527348
"E9",1,335,440.346155013548
"E9",1,336,514.127881037862
"E9",1,337,408.851960353203
"E9",1,338,415.939710829164
"E9",1,339,383.922346537948
"E9",1,340,269.83618111439
"E9",1,341,133.571744157176
"E9",1,342,113.990744578577
"E9",1,343,413.042490404118
"E9",1,344,280.307079679087
"E9",1,345,319.017041292989
"E9",1,346,108.24151706279
"E9",1,347,448.660867659264
"E9",1,348,92.3822502975179
"E9",1,349,550.988465338258
"E9",1,350,395.615899997541
"E9",1,351,141.952806104622
"E9",1,352,337.643243187918
"E9",1,353,494.132378666266
"E9",1,354,328.912490953272
"E9",1,355,69.9556048755524
"E9",1,356,413.192798340942
"E9",1,357,313.157713031815
"E9",1,358,276.573904073236
"E9",1,359,336.704485345419
"E9",1,360,249.00748091498
"E9",1,361,538.303344299832
"E9",1,362,194.495777542585
"E9",1,363,129.868747572152
"E9",1,364,251.562820239645
"E9",1,365,592.030358512748
"E9",1,366,154.226415840535
"E9",1,367,256.131732117058
"E9",1,368,313.697094690106
"E9",1,369,437.200974402977
"E9",1,370,312.863768499383
"E9",1,371,267.476603242999
"E9",1,372,366.175008853083
"E9",1,373,409.487387277704
"E9",1,374,294.423101206209
"E9",1,375,189.08108750315
"E9",1,376,554.459517188878
"E9",1,377,517.631658481062
"E9",1,378,420.935572821927
"E9",1,379,235.806410151804
"E9",1,380,104.043171055631
"E9",1,381,367.597892503156
"E9",1,382,156.1218862139
"E9",1,383,428.391333343931
"E9",1,384,303.916034800151
"E9",1,385,365.532374575243
"E9",1,386,391.011472710433
"E9",1,387,373.382430493607
"E9",1,388,470.611437243172
"E9",1,389,214.922024273526
"E9",1,390,429.094368189214
"E9",1,391,206.691452601235
"E9",1,392,272.143133108472
"E9",1,393,185.793595019108
"E9",1,394,525.867772964211
"E9",1,395,402.294872167896
"E9",1,396,491.035359162065
"E9",1,397,432.383970621244
"E9",1,398,243.949393170625
"E9",1,399,278.27776857943
"E9",1,400,200.563159377625
"E9",1,401,416.386705634117
"E9",1,402,195.395184838546
"E9",1,403,193.770004137892
"E9",1,404,312.531454576407
"E9",1,405,319.534083812238
"E9",1,406,310.885623173608
"E9",1,407,189.950736347193
"E9",1,408,228.5856965507
"E9",1,409,278.795930784481
"E9",1,410,451.604605070612
"E9",1,411,252.44827719258
"E9",1,412,333.532360099249
"E9",1,413,177.269932042278
"E10",1,1,3010.80842241732
"E10",1,2,7642.56384530592
"E10",1,3,5494.53326083054
"E10",1,4,4539.17771639116
"E10",1,5,6047.26757290708
"E10",1,6,4684.60355202178
"E10",1,7,4793.81171890652
"E10",1,8,5297.60790422338
"E10",1,9,4077.11168156879
"E10",1,10,6722.83281092642
"E10",1,11,3598.27013406505
"E10",1,12,3792.56539481092
"E10",1,13,5779.98363841931
"E10",1,14,4016.38472190627
"E10",1,15,3988.41684274247
"E10",1,16,5805.39674867149
"E10",1,17,6002.25396923612
"E10",1,18,4816.6286990183
"E10",1,19,5352.23977077747
"E10",1,20,3565.34045143322
"E10",1,21,6670.61723170885
"E10",1,22,5668.03868980911
"E10",1,23,3280.13006388547
"E10",1,24,4733.09656151598
"E10",1,25,3829.86888614954
"E10",1,26,4332.47322881804
"E10",1,27,6969.79804905761
"E10",1,28,4710.65660502449
"E10",1,29,5094.43153067577
"E10",1,30,3622.35613055254
"E10",1,31,4018.1109143215
"E10",1,32,4306.31419388176
"E10",1,33,5473.31338613759
"E10",1,34,4558.82399162596
"E10",1,35,7070.51301168425
"E10",1,36,5007.86680241995
"E10",1,37,4553.08499195568
"E10",1,38,8066.92599519232
"E10",1,39,4136.26227527597
"E10",1,40,5076.17108658354
"E10",1,41,5497.79991249337
"E10",1,42,5142.94001683057
"E10",1,43,4207.10788781055
"E10",1,44,4552.65136998533
"E10",1,45,3541.26880468642
"E10",1,46,5464.51181159856
"E10",1,47,4396.52581391677
"E10",1,48,5618.60419089292
"E10",1,49,5781.31180303904
"E10",1,50,8532.65308757984
"E10",1,51,3714.51105222457
"E10",1,52,2890.87583070157
"E10",1,53,8099.79609042867
"E10",1,54,4106.91652342256
"E10",1,55,3511.32016850032
"E10",1,56,4166.31724235233
"E10",1,57,5801.69558713623
"E10",1,58,4968.8783297628
"E10",1,59,4087.71431245495
"E10",1,60,5470.83609927606
"E10",1,61,6422.22818048698
"E10",1,62,354.098761779417
"E10",1,63,338.808848648122
"E10",1,64,361.39902196449
"E10",1,65,136.652865951156
"E10",1,66,425.375481200662
"E10",1,67,377.005006954382
"E10",1,68,244.020975494086
"E10",1,69,172.292293128842
"E10",1,70,401.418806763397
"E10",1,71,128.218702133529
"E10",1,72,331.241166000417
"E10",1,73,401.167407577395
"E10",1,74,371.695589995049
"E10",1,75,331.88196001755
"E10",1,76,379.371714707225
"E10",1,77,245.017791792707
"E10",1,78,388.855447958642
"E10",1,79,223.736633466743
"E10",1,80,341.251747228109
"E10",1,81,394.180769466407
"E10",1,82,276.673942111671
"E10",1,83,281.253530178512
"E10",1,84,235.333180340554
"E10",1,85,307.577906966513
"E10",1,86,472.855243051785
"E10",1,87,218.20765258853
"E10",1,88,140.321127991726
"E10",1,89,383.466567297963
"E10",1,90,466.00478796103
"E10",1,91,352.976215041859
"E10",1,92,278.120047592432
"E10",1,93,269.974755174943
"E10",1,94,240.094706735893
"E10",1,95,379.49751594473
"E10",1,96,433.351033693841
"E10",1,97,325.264829416426
"E10",1,98,217.362686575192
"E10",1,99,160.054309958595
"E10",1,100,473.734648908988
"E10",1,101,359.448136961612
"E10",1,102,241.759531968329
"E10",1,103,247.093116580698
"E10",1,104,177.493647548541
"E10",1,105,341.373217593779
"E10",1,106,264.643914453326
"E10",1,107,365.670074219383
"E10",1,108,287.040215523067
"E10",1,109,502.267128084368
"E10",1,110,397.243286258672
"E10",1,111,357.186470945822
"E10",1,112,446.434952327023
"E10",1,113,346.508821232719
"E10",1,114,240.436901954588
"E10",1,115,372.523503120831
"E10",1,116,292.902382417627
"E10",1,117,356.8894022176
"E10",1,118,80.4046690803772
"E10",1,119,381.523054264645
"E10",1,120,242.244628396048
"E10",1,121,417.597052003048
"E10",1,122,69.1592106883432
"E10",1,123,57.3609536520211
"E10",1,124,491.064400389588
"E10",1,125,481.624806072709
"E10",1,126,428.884713267126
"E10",1,127,287.412082288781
"E10",1,128,280.276651470427
"E10",1,129,291.427102879453
"E10",1,130,197.713088379449
"E10",1,131,293.962847501037
"E10",1,132,375.059233535647
"E10",1,133,424.190966200951
"E10",1,134,383.936431617949
"E10",1,135,190.815492379635
"E10",1,136,118.570399109833
"E10",1,137,348.602988706844
"E10",1,138,313.203239469434
"E10",1,139,123.02526771576
"E10",1,140,418.142205350557
"E10",1,141,288.253966911207
"E10",1,142,264.960478155745
"E10",1,143,202.433177039783
"E10",1,144,307.110038961254
"E10",1,145,459.920359826605
"E10",1,146,244.159956066969
"E10",1,147,158.831288288856
"E10",1,148,242.085754929065
"E10",1,149,267.223515699805
"E10",1,150,279.374367461666
"E10",1,151,260.544756090072
"E10",1,152,403.212356457195
"E10",1,153,143.010046989863
"E10",1,154,412.914752970956
"E10",1,155,158.373485447102
"E10",1,156,357.041155756394
"E10",1,157,208.281488209839
"E10",1,158,255.857506080505
"E10",1,159,40
"E10",1,160,225.787524961016
"E10",1,161,294.917473140473
"E10",1,162,304.207545868236
"E10",1,163,283.780510675942
"E10",1,164,373.6837285952
"E10",1,165,266.576984852477
"E10",1,166,252.908454278621
"E10",1,167,297.590473113337
"E10",1,168,490.005034158286
"E10",1,169,320.53634146636
"E10",1,170,217.190038115964
"E10",1,171,428.784685689478
"E10",1,172,415.256793173728
"E10",1,173,85.6914817837306
"E10",1,174,472.548988464337
"E10",1,175,286.58409609389
"E10",1,176,351.008018449058
"E10",1,177,200.214600716679
"E10",1,178,316.358530571105
"E10",1,179,430.743126560072
"E10",1,180,175.50778806604
"E10",1,181,475.021996498889
"E10",1,182,593.966559037515
"E10",1,183,302.780525550011
"E10",1,184,279.348586167358
"E10",1,185,387.601076767763
"E10",1,186,252.181720354121
"E10",1,187,283.983362331684
"E10",1,188,393.931161575347
"E10",1,189,505.291025217323
"E10",1,190,196.067994129045
"E10",1,191,258.857962514607
"E10",1,192,354.324218290903
"E10",1,193,348.752446362303
"E10",1,194,143.414731567716
"E10",1,195,278.296106590078
"E10",1,196,76.7570368753027
"E10",1,197,268.47925517408
"E10",1,198,184.665726381157
"E10",1,199,40
"E10",1,200,160.20659810641
"E10",1,201,385.737701511048
"E10",1,202,370.821007995259
"E10",1,203,402.631414984111
"E10",1,204,489.361492470179
"E10",1,205,339.344515034112
"E10",1,206,450.411274412964
"E10",1,207,311.367162396745
"E10",1,208,137.585429794499
"E10",1,209,217.680504286536
"E10",1,210,404.710194194266
"E10",1,211,338.975547644809
"E10",1,212,420.751637022019
"E10",1,213,417.822945310178
"E10",1,214,307.743711932214
"E10",1,215,393.840486874606
"E10",1,216,138.657685549554
"E10",1,217,293.841132407435
"E10",1,218,67.9343421159933
"E10",1,219,378.613779162533
"E10",1,220,40
"E10",1,221,140.700944041562
"E10",1,222,350.903197737485
"E10",1,223,340.363224790431
"E10",1,224,375.020341612948
"E10",1,225,420.898623166153
"E10",1,226,285.238142445369
"E10",1,227,280.903012930904
"E10",1,228,338.528906596724
"E10",1,229,343.096236219885
"E10",1,230,310.851156978314
"E10",1,231,334.813919677858
"E10",1,232,533.838127491028
"E10",1,233,288.851811436881
"E10",1,234,304.081348736609
"E10",1,235,124.666579475065
"E10",1,236,246.411468911033
"E10",1,237,227.376554561727
"E10",1,238,469.906385835309
"E10",1,239,65.0497240080778
"E10",1,240,231.931072603422
"E10",1,241,351.933430244156
"E10",1,242,167.00070906298
"E10",1,243,344.863562909476
"E10",1,244,253.750467250677
"E10",1,245,196.087522679652
"E10",1,246,341.454611574794
"E10",1,247,222.418443445088
"E10",1,248,322.607272068506
"E10",1,249,403.566401733308
"E10",1,250,495.632272408391
"E10",1,251,267.490340281126
"E10",1,252,239.418125848862
"E10",1,253,593.935238423533
"E10",1,254,308.096575803744
"E10",1,255,162.461850712231
"E10",1,256,285.324613842534
"E10",1,257,431.819031559444
"E10",1,258,341.670257060964
"E10",1,259,401.668118598577
"E10",1,260,209.969556808025
"E10",1,261,479.10255225119
"E10",1,262,221.081298189325
"E10",1,263,293.494249424702
"E10",1,264,218.875528571275
"E10",1,265,488.327451760432
"E10",1,266,242.89877659869
"E10",1,267,244.716904596763
"E10",1,268,370.618423695219
"E10",1,269,128.782166052842
"E10",1,270,280.793319218172
"E10",1,271,403.604682480013
"E10",1,272,514.799225716064
"E10",1,273,370.76980937165
"E10",1,274,268.530804464065
"E10",1,275,222.061479761186
"E10",1,276,364.206826773722
"E10",1,277,293.882163210277
"E10",1,278,136.536602011011
"E10",1,279,295.4837192938
"E10",1,280,381.728173208119
"E10",1,281,400.055425094542
"E10",1,282,316.10031030945
"E10",1,283,608.279556117927
"E10",1,284,248.809180873173
"E10",1,285,240.560038153757
"E10",1,286,148.239610793023
"E10",1,287,321.384085210364
"E10",1,288,264.762162467692
"E10",1,289,316.512265101541
"E10",1,290,306.812500265563
"E10",1,291,256.97372430846
"E10",1,292,223.550318725039
"E10",1,293,493.078092756232
"E10",1,294,224.598674297222
"E10",1,295,281.665101295478
"E10",1,296,327.631121750399
"E10",1,297,100.671495492992
"E10",1,298,323.236964937422
"E10",1,299,644.900266017167
"E10",1,300,400.202654532202
"E10",1,301,404.138162145108
"E10",1,302,260.267317503691
"E10",1,303,300.410692834535
"E10",1,304,254.547970583972
"E10",1,305,447.860147064233
"E10",1,306,277.068244494924
"E10",1,307,350.137058111708
"E10",1,308,390.067425781599
"E10",1,309,235.379986854685
"E10",1,310,373.124379809351
"E10",1,311,323.728661452637
"E10",1,312,547.660432221017
"E10",1,313,169.119512762003
"E10",1,314,444.779134391771
"E10",1,315,384.241310664104
"E10",1,316,196.39308111172
"E10",1,317,445.852281714794
"E10",1,318,340.255881408762
"E10",1,319,217.782575027338
"E10",1,320,409.129310510813
"E10",1,321,496.641584978704
"E10",1,322,281.385774697222
"E10",1,323,262.617357741531
"E10",1,324,462.514927624936
"E10",1,325,337.269072037057
"E10",1,326,281.799461357906
"E10",1,327,355.378826172404
"E10",1,328,352.652266845131
"E10",1,329,183.212073588654
"E10",1,330,299.126193639916
"E10",1,331,387.473760001784
"E10",1,332,245.331606136703
"E10",1,333,337.108010682539
"E10",1,334,527.89564517472
"E10",1,335,233.954619233653
"E10",1,336,472.381004586167
"E10",1,337,374.576319883879
"E10",1,338,463.61543721885
"E10",1,339,108.693692373795
"E10",1,340,308.048291281893
"E10",1,341,459.810393551726
"E10",1,342,423.281353016897
"E10",1,343,370.285500325125
"E10",1,344,278.575651824075
"E10",1,345,433.722782305691
"E10",1,346,299.043617390567
"E10",1,347,502.229545762604
"E10",1,348,353.054759634147
"E10",1,349,179.620117189319
"E10",1,350,481.806541598696
"E10",1,351,259.961502997472
"E10",1,352,423.474994731091
"E10",1,353,82.6421362890336
"E10",1,354,341.19491059729
"E10",1,355,208.872905412374
"E10",1,356,257.537239705079
"E10",1,357,278.744795703685
"E10",1,358,350.307927536798
"E10",1,359,46.5209825653017
"E10",1,360,563.110400237332
"E10",1,361,286.250770606505
"E10",1,362,502.796092987712
"E10",1,363,199.598893172355
"E10",1,364,362.572245321589
"E10",1,365,278.509146054457
"E11",1,1,8348.18632916633
"E11",1,2,4347.19061442144
"E11",1,3,3664.59047940266
"E11",1,4,4423.2888806093
"E11",1,5,2784.6608495787
"E11",1,6,3669.50347256234
"E11",1,7,4514.66278369998
"E11",1,8,6235.79886149868
"E11",1,9,6127.06586296009
"E11",1,10,4190.60560116493
"E11",1,11,1779.08454341381
"E11",1,12,3872.37253859538
"E11",1,13,5158.89029385845
"E11",1,14,5411.76673098936
"E11",1,15,6321.77222418244
"E11",1,16,4690.4733333803
"E11",1,17,5776.7493582797
"E11",1,18,226.872584775423
"E11",1,19,427.536102114811
"E11",1,20,563.663053422643
"E11",1,21,331.400460182152
"E11",1,22,309.244299453547
"E11",1,23,412.563670427265
"E11",1,24,450.470419411725
"E11",1,25,205.70941278034
"E11",1,26,381.081070714009
"E11",1,27,141.875950338512
"E11",1,28,623.548428303889
"E11",1,29,376.863701235502
"E11",1,30,348.050987865284
"E11",1,31,313.912107882953
"E11",1,32,395.662238324237
"E11",1,33,317.978842924811
"E11",1,34,455.690418549629
"E11",1,35,192.332699626348
"E11",1,36,142.521549912207
"E11",1,37,393.970475409868
"E11",1,38,361.094786273041
"E11",1,39,152.744188849825
"E11",1,40,400.015815881032
"E11",1,41,284.373234362518
"E11",1,42,490.812121985283
"E11",1,43,281.327588379552
"E11",1,44,263.564545521886
"E11",1,45,355.533695045127
"E11",1,46,316.409378039893
"E11",1,47,309.604471253828
"E11",1,48,115.098714775666
"E11",1,49,448.528385041672
"E11",1,50,217.239736662279
"E11",1,51,156.249281739722
"E11",1,52,315.173313998799
"E11",1,53,333.010610870197
"E11",1,54,212.986328449469
"E11",1,55,145.216122522781
"E11",1,56,451.592199665112
"E11",1,57,109.069732638303
"E11",1,58,453.781818402722
"E11",1,59,509.178183102165
"E11",1,60,460.307279098899
"E11",1,61,380.345161116646
"E11",1,62,393.277948856941
"E11",1,63,272.778827171374
"E11",1,64,363.958124519792
"E11",1,65,396.982915582749
"E11",1,66,77.5491319864787
"E11",1,67,229.17414292794
"E11",1,68,398.123424879071
"E11",1,69,210.8584672694
"E11",1,70,469.59194111241
"E11",1,71,195.372139222229
"E11",1,72,396.584744128425
"E11",1,73,220.9943748479
"E11",1,74,268.275841809322
"E11",1,75,197.136949620826
"E11",1,76,275.159954534931
"E11",1,77,389.485450619719
"E11",1,78,479.519119569746
"E11",1,79,194.833187727277
"E11",1,80,238.060243548532
"E11",1,81,246.619634875897
"E11",1,82,472.072546588195
"E11",1,83,190.180759242375
"E11",1,84,374.877598330418
"E11",1,85,461.295808678622
"E11",1,86,372.453926644021
"E11",1,87,371.073094261342
"E11",1,88,172.222576144419
"E11",1,89,227.919570435236
"E11",1,90,233.96035565427
"E11",1,91,630.298805922085
"E11",1,92,264.830328319063
"E11",1,93,448.25415135854
"E11",1,94,355.166386644301
"E11",1,95,437.389149994699
"E11",1,96,260.798603134666
"E11",1,97,325.696195255885
"E11",1,98,264.556465414364
"E11",1,99,303.508483274877
"E11",1,100,425.510266874758
"E11",1,101,258.241023134744
"E11",1,102,294.628310241648
"E11",1,103,472.100337977118
"E11",1,104,301.83815602808
"E11",1,105,103.241339128191
"E11",1,106,293.750045760236
"E11",1,107,303.328598620684
"E11",1,108,236.677630372025
"E11",1,109,367.489626519293
"E11",1,110,398.604514850694
"E11",1,111,395.45037408687
"E11",1,112,465.147855949494
"E11",1,113,276.396124749073
"E11",1,114,358.823250700439
"E11",1,115,329.627480744621
"E11",1,116,366.167740166659
"E11",1,117,220.912680983534
"E11",1,118,183.450219222342
"E11",1,119,208.355543385212
"E11",1,120,338.543772417964
"E11",1,121,279.936482856302
"E11",1,122,571.636030275968
"E11",1,123,395.98891628345
"E11",1,124,327.805616355259
"E11",1,125,290.160494770393
"E11",1,126,256.854231130581
"E11",1,127,262.739530086104
"E11",1,128,428.934696655688
"E11",1,129,383.164026661586
"E11",1,130,467.958921315524
"E11",1,131,78.1606199833596
"E11",1,132,548.580259272444
"E11",1,133,246.413110471589
"E11",1,134,444.98330592095
"E11",1,135,196.830341449264
"E11",1,136,190.224099328875
"E11",1,137,177.867252390491
"E11",1,138,412.83346007969
"E11",1,139,340.095034429953
"E11",1,140,366.918577292312
"E11",1,141,403.438230374122
"E11",1,142,320.795442817235
"E11",1,143,231.237225359502
"E11",1,144,235.97545389461
"E11",1,145,72.3329917515509
"E11",1,146,385.552436286186
"E11",1,147,249.016535071612
"E11",1,148,344.254222484074
"E11",1,149,290.878841371185
"E11",1,150,92.7185173094508
"E11",1,151,369.897535178712
"E11",1,152,351.594137057739
"E11",1,153,136.249640145428
"E11",1,154,259.256046583831
"E11",1,155,261.933701183011
"E11",1,156,216.454669913084
"E11",1,157,395.811433225173
"E11",1,158,366.454789342137
"E11",1,159,308.439449914754
"E11",1,160,359.478041752334
"E11",1,161,40
"E11",1,162,368.896858613366
"E11",1,163,354.891132002623
"E11",1,164,554.734083265273
"E11",1,165,204.32258918766
"E11",1,166,390.447191224157
"E11",1,167,291.962500775699
"E11",1,168,221.506897470304
"E11",1,169,150.372794875069
"E11",1,170,236.500914180846
"E11",1,171,311.878114268127
"E11",1,172,365.130952567311
"E11",1,173,467.718963491562
"E11",1,174,230.479128355661
"E11",1,175,388.337385236052
"E11",1,176,277.039984520498
"E11",1,177,350.757560838611
"E11",1,178,394.333773936129
"E11",1,179,61.4308373089598
"E11",1,180,237.753448207461
"E11",1,181,90.8481421870303
"E11",1,182,282.645573658101
"E11",1,183,386.955242448624
"E11",1,184,306.912504297513
"E11",1,185,415.864426497417
"E11",1,186,174.200297047283
"E11",1,187,168.812572275722
"E11",1,188,248.480282749557
"E11",1,189,382.893248269347
"E11",1,190,277.398810587768
"E11",1,191,365.768911974551
"E11",1,192,175.333330425538
"E11",1,193,394.894866197756
"E11",1,194,472.686684401219
"E11",1,195,201.051581587632
"E11",1,196,221.999868190081
"E11",1,197,185.300626664206
"E11",1,198,369.950069699676
"E11",1,199,198.582643195998
"E11",1,200,142.429696231142
"E11",1,201,246.374840750001
"E11",1,202,353.363821117691
"E11",1,203,556.755338018288
"E11",1,204,252.398609118225
"E11",1,205,462.148781955008
"E11",1,206,363.477295545704
"E11",1,207,306.063130110863
"E11",1,208,390.747484476582
"E11",1,209,255.267182997182
"E11",1,210,306.919936562001
"E11",1,211,261.913198004791
"E11",1,212,235.399240022357
"E11",1,213,381.707683183278
"E11",1,214,392.883144514868
"E11",1,215,312.797948718877
"E11",1,216,573.602941829049
"E11",1,217,361.840078549016
"E11",1,218,126.044800803359
"E11",1,219,443.898704557318
"E11",1,220,285.575925145411
"E11",1,221,195.12439011709
"E11",1,222,340.897604847461
"E11",1,223,274.045363566667
"E11",1,224,405.68277627317
"E11",1,225,383.540482052382
"E11",1,226,311.697279285692
"E11",1,227,125.389229546996
"E11",1,228,342.273464802118
"E11",1,229,81.8993610814102
"E11",1,230,463.722572497333
"E11",1,231,132.745088645897
"E11",1,232,352.093086291626
"E11",1,233,248.916461551413
"E11",1,234,202.672601162832
"E11",1,235,321.290941746353
"E11",1,236,283.202838566358
"E11",1,237,398.945942983622
"E11",1,238,242.398192416934
"E11",1,239,259.078275483
"E11",1,240,452.86361173353
"E11",1,241,468.519734754031
"E11",1,242,99.9313691935487
"E11",1,243,333.466532333929
"E11",1,244,287.598539467334
"E11",1,245,301.532295186975
"E11",1,246,380.909701568405
"E11",1,247,267.881517247721
"E11",1,248,451.841945050456
"E11",1,249,135.518771875744
"E11",1,250,353.246408656391
"E11",1,251,286.814969137219
"E11",1,252,127.961175558102
"E11",1,253,148.905250338645
"E11",1,254,365.05040914916
"E11",1,255,425.718497215695
"E11",1,256,40
"E11",1,257,356.838592955918
"E11",1,258,220.762631496488
"E11",1,259,208.240115269825
"E11",1,260,287.08634640177
"E11",1,261,427.942367093906
"E11",1,262,293.343112321795
"E11",1,263,577.012315510788
"E11",1,264,232.965162991176
"E11",1,265,281.578015041687
"E11",1,266,297.955662613345
"E11",1,267,414.888207833012
"E12",1,1,4072.08166890393
"E12",1,2,4609.0140398873
"E12",1,3,5535.43398265536
"E12",1,4,2666.16360159221
"E12",1,5,3239.37593426421
"E12",1,6,3587.98964435049
"E12",1,7,4232.56394128386
"E12",1,8,5266.84264178524
"E12",1,9,5944.56332691388
"E12",1,10,5048.50306877642
"E12",1,11,6250.23794305185
"E12",1,12,3803.18676701498
"E12",1,13,3696.41789612569
"E12",1,14,4303.06494132427
"E12",1,15,4845.86850080434
"E12",1,16,330.604001614547
"E12",1,17,230.59207389782
"E12",1,18,258.245366059888
"E12",1,19,354.554501141402
"E12",1,20,409.18545274057
"E12",1,21,336.839919249367
"E12",1,22,500.30105094973
"E12",1,23,228.34003646609
"E12",1,24,384.25953779217
"E12",1,25,421.553946419403
"E12",1,26,245.102542940433
"E12",1,27,320.711120827074
"E12",1,28,423.705592829305
"E12",1,29,352.359934743906
"E12",1,30,317.865056068191
"E12",1,31,403.638322693685
"E12",1,32,60.5095087482724
"E12",1,33,214.618974828893
"E12",1,34,358.394834480543
"E12",1,35,285.548500723503
"E12",1,36,288.839828354166
"E12",1,37,247.317921341329
"E12",1,38,448.457244783555
"E12",1,39,83.4055037220097
"E12",1,40,231.252756038751
"E12",1,41,288.758990899783
"E12",1,42,104.171678489106
"E12",1,43,366.01879906375
"E12",1,44,267.791459054428
"E12",1,45,481.390225270051
"E12",1,46,359.860515549564
"E12",1,47,260.910334054762
"E12",1,48,532.703242012416
"E12",1,49,431.137369675761
"E12",1,50,227.070716089591
"E12",1,51,264.281716019505
"E12",1,52,332.459237328451
"E12",1,53,135.335551536768
"E12",1,54,489.236508292637
"E12",1,55,159.625947778255
"E12",1,56,128.694471330164
"E12",1,57,436.769240199684
"E12",1,58,450.515019664217
"E12",1,59,436.963208349918
"E12",1,60,385.905205435501
"E12",1,61,274.190589888719
"E12",1,62,491.510067243358
"E12",1,63,161.490588940807
"E12",1,64,434.007286657152
"E12",1,65,266.095908239703
"E12",1,66,432.324885114457
"E12",1,67,184.411849922742
"E12",1,68,405.411469621564
"E12",1,69,175.474959904013
"E12",1,70,432.416189642135
"E12",1,71,472.157346010627
"E12",1,72,221.383517322052
"E12",1,73,367.502659505499
"E12",1,74,310.670378939645
"E12",1,75,340.290937564745
"E12",1,76,268.583170783016
"E12",1,77,227.828634560368
"E12",1,78,267.192352322838
"E12",1,79,268.443536802294
"E12",1,80,518.303108570416
"E12",1,81,279.334242185113
"E12",1,82,135.708249283798
"E12",1,83,431.606048415334
"E12",1,84,384.879649632914
"E12",1,85,85.0548358945458
"E12",1,86,245.352109670555
"E12",1,87,263.691861272263
"E12",1,88,232.072244195366
"E12",1,89,381.74118990739
"E12",1,90,244.569881162936
"E12",1,91,428.44471722145
"E12",1,92,193.165664495418
"E12",1,93,303.047187868658
"E12",1,94,173.75482410081
"E12",1,95,40
"E12",1,96,249.068386319343
"E12",1,97,450.59044597264
"E12",1,98,395.196340720634
"E12",1,99,143.089767067337
"E12",1,100,347.837226213934
"E12",1,101,290.381816453495
"E12",1,102,109.658995049292
"E12",1,103,155.71676427392
"E12",1,104,163.496932964642
"E12",1,105,226.151121100352
"E12",1,106,277.057218786825
"E12",1,107,490.911857350287
"E12",1,108,353.263000485213
"E12",1,109,196.997605209738
"E12",1,110,288.440222252035
"E12",1,111,159.318809611908
"E12",1,112,198.890958914878
"E12",1,113,377.555838131354
"E12",1,114,451.851133701638
"E12",1,115,245.759680839956
"E12",1,116,339.513469394118
"E12",1,117,361.341445095187
"E12",1,118,354.868034558056
"E12",1,119,511.644690619832
"F1",1,1,5109.35800054585
"F1",1,2,5702.65660643088
"F1",1,3,5415.53373079099
"F1",1,4,4033.12379904532
"F1",1,5,2181.42175388596
"F1",1,6,4446.10023450726
"F1",1,7,6344.81038222557
"F1",1,8,3543.81998352605
"F1",1,9,5761.63199468641
"F1",1,10,4923.72008934072
"F1",1,11,4729.56051784871
"F1",1,12,7081.65121763116
"F1",1,13,5332.02868369116
"F1",1,14,4847.2844395224
"F1",1,15,6000.59896228983
"F1",1,16,4183.57085536444
"F1",1,17,1704.42321679975
"F1",1,18,5507.25629758141
"F1",1,19,5255.84443147153
"F1",1,20,3263.55935810552
"F1",1,21,3522.61435828514
"F1",1,22,5623.5490476336
"F1",1,23,3518.3657820737
"F1",1,24,4322.75776101422
"F1",1,25,5528.03545267517
"F1",1,26,7146.90882228467
"F1",1,27,6832.11440032005
"F1",1,28,2788.46476876303
"F1",1,29,4926.32140656127
"F1",1,30,5804.30962329814
"F1",1,31,2658.72006104982
"F1",1,32,6384.50604681457
"F1",1,33,6028.6201886476
"F1",1,34,7007.00195634645
"F1",1,35,5148.61530379213
"F1",1,36,4085.68580482581
"F1",1,37,3961.61701212108
"F1",1,38,6571.38619190764
"F1",1,39,4162.56669610954
"F1",1,40,5015.69164237566
"F1",1,41,2769.16388306994
"F1",1,42,2922.69767182125
"F1",1,43,4607.34791723771
"F1",1,44,2226.85021900781
"F1",1,45,1205.42785722416
"F1",1,46,5198.50133097946
"F1",1,47,4216.7584417792
"F1",1,48,5611.12535872116
"F1",1,49,4368.73839254504
"F1",1,50,5622.86047594027
"F1",1,51,4029.28151483177
"F1",1,52,5591.45346854855
"F1",1,53,5624.25591182384
"F1",1,54,4189.15948220899
"F1",1,55,3903.67994535696
"F1",1,56,5613.76536285038
"F1",1,57,4893.43708780227
"F1",1,58,5171.22288145667
"F1",1,59,6544.53019693981
"F1",1,60,691.967768693758
"F1",1,61,5013.94644518377
"F1",1,62,4458.16172782325
"F1",1,63,3206.86185814349
"F1",1,64,4025.07213950606
"F1",1,65,4196.6561347301
"F1",1,66,3596.65772940213
"F1",1,67,4392.61739533334
"F1",1,68,5106.45476466455
"F1",1,69,2917.68092102435
"F1",1,70,7469.84233307712
"F1",1,71,7254.02219481511
"F1",1,72,6139.62161703283
"F1",1,73,6815.26552811349
"F1",1,74,3852.82914877783
"F1",1,75,4950.32359190886
"F1",1,76,6060.8956778619
"F1",1,77,6568.76781946055
"F1",1,78,6328.14830463904
"F1",1,79,3989.0601273037
"F1",1,80,5824.6627084254
"F1",1,81,3809.91114602699
"F1",1,82,5691.62850334837
"F1",1,83,8733.98293633685
"F1",1,84,5879.51294643901
"F1",1,85,4680.73446542456
"F1",1,86,4664.70555964229
"F1",1,87,2330.59804279657
"F1",1,88,3669.89754478911
"F1",1,89,4917.2027991529
"F1",1,90,4577.91984724321
"F1",1,91,3884.65296337762
"F1",1,92,2706.62650554992
"F1",1,93,2205.41253826326
"F1",1,94,5914.82082760325
"F1",1,95,4895.7810417874
"F1",1,96,5129.80885985506
"F1",1,97,4754.19922477768
"F1",1,98,4058.02063232552
"F1",1,99,3692.95022404807
"F1",1,100,6290.23199406041
"F1",1,101,2253.24280374384
"F1",1,102,3016.80101040071
"F1",1,103,3796.20499968317
"F1",1,104,5253.70341781147
"F1",1,105,5423.14317149584
"F1",1,106,5214.10572207314
"F1",1,107,5629.47073964953
"F1",1,108,2515.55778021066
"F1",1,109,3790.98615376845
"F1",1,110,3853.13587182627
"F1",1,111,5896.53216586773
"F1",1,112,4172.00752597883
"F1",1,113,4245.17319381214
"F1",1,114,6587.88264832896
"F1",1,115,4392.97795746915
"F1",1,116,3993.56129124523
"F1",1,117,3846.41022155714
"F1",1,118,3201.06712952967
"F1",1,119,4254.1206252151
"F1",1,120,5070.17556750611
"F1",1,121,6726.50567361685
"F1",1,122,4207.71973461469
"F1",1,123,4908.26969226791
"F1",1,124,3205.06744857203
"F1",1,125,3607.53159017519
"F1",1,126,1558.5188684931
"F1",1,127,4456.75852912621
"F1",1,128,5138.89895048717
"F1",1,129,2259.33988356871
"F1",1,130,5030.25940638695
"F1",1,131,5167.60184314982
"F1",1,132,4851.94157991372
"F1",1,133,4595.78605589449
"F1",1,134,4014.01029462089
"F1",1,135,4971.71382919972
"F1",1,136,2160.52918747383
"F1",1,137,4433.94816103617
"F1",1,138,5637.09034460546
"F1",1,139,3616.37195066216
"F1",1,140,4333.62580694127
"F1",1,141,4843.35409714933
"F1",1,142,6197.11748117723
"F1",1,143,3197.13540799883
"F1",1,144,6580.08390213788
"F1",1,145,5396.95491963406
"F1",1,146,5163.27210558346
"F1",1,147,3604.46136997512
"F1",1,148,4428.0134428564
"F1",1,149,5676.75736358396
"F1",1,150,6791.93840953635
"F1",1,151,4728.65704608745
"F1",1,152,4764.57266833587
"F1",1,153,4587.84400648486
"F1",1,154,6219.81256385398
"F1",1,155,5586.08530065543
"F1",1,156,4833.50454934382
"F1",1,157,4323.8641631191
"F1",1,158,2139.75689783415
"F1",1,159,2834.41748850178
"F1",1,160,6086.35548919168
"F1",1,161,4897.41132196236
"F1",1,162,5483.26141878052
"F1",1,163,4099.21106014296
"F1",1,164,4651.67668673338
"F1",1,165,4192.01596100866
"F1",1,166,6696.57209198982
"F1",1,167,2377.50240756726
"F1",1,168,3838.3904528826
"F1",1,169,3582.72041633026
"F1",1,170,3485.39595444161
"F1",1,171,5232.13363898581
"F1",1,172,4035.07757285656
"F1",1,173,3977.35674191068
"F1",1,174,4862.69389939014
"F1",1,175,2227.06836213506
"F1",1,176,5531.16729219913
"F1",1,177,3806.74405969881
"F1",1,178,6377.02673075547
"F1",1,179,4076.27816335247
"F1",1,180,6270.57131153042
"F1",1,181,4308.24443905657
"F1",1,182,4156.23678706749
"F1",1,183,7345.75757974833
"F1",1,184,5736.83439753572
"F1",1,185,2157.96159914134
"F1",1,186,4455.54972321684
"F1",1,187,4877.6891063899
"F1",1,188,6328.5381484897
"F1",1,189,5855.4533868195
"F1",1,190,4919.04012382965
"F1",1,191,4649.57106471693
"F1",1,192,5322.48089859268
"F1",1,193,4423.10492452487
"F1",1,194,5485.19110665445
"F1",1,195,3153.16869057958
"F1",1,196,5867.61399034577
"F1",1,197,4216.48078755006
"F1",1,198,5370.91284569125
"F1",1,199,3296.94447886417
"F1",1,200,6412.06040653246
"F1",1,201,4764.47240011584
"F1",1,202,5045.68201628802
"F1",1,203,5940.02245275835
"F1",1,204,3074.89652541467
"F1",1,205,570.224610012872
"F1",1,206,3890.91688501783
"F1",1,207,4639.78278950887
"F1",1,208,2593.55870127718
"F1",1,209,2495.57926108169
"F1",1,210,5697.79798754453
"F1",1,211,3597.30740132826
"F1",1,212,4199.40846496933
"F1",1,213,7013.25378593399
"F1",1,214,4838.91883589784
"F1",1,215,3510.33134430186
"F1",1,216,4451.91862711066
"F1",1,217,2560.02154088231
"F1",1,218,3285.61525109033
"F1",1,219,3731.16544219574
"F1",1,220,7022.18126076256
"F1",1,221,7068.42867068932
"F1",1,222,4796.13220403945
"F1",1,223,6249.76005360081
"F1",1,224,3939.57599033451
"F1",1,225,3178.01496708306
"F1",1,226,4898.96331661994
"F1",1,227,4476.51570240986
"F1",1,228,4578.98663486678
"F1",1,229,4725.14182130605
"F1",1,230,5596.89922348599
"F1",1,231,4663.14889296532
"F1",1,232,4516.60814665697
"F1",1,233,6298.50541075101
"F1",1,234,3655.05962617498
"F1",1,235,4086.95438338327
"F1",1,236,4313.62382062787
"F1",1,237,6273.13946991108
"F1",1,238,2736.4724568538
"F1",1,239,3707.73763082327
"F1",1,240,7223.4057962941
"F1",1,241,4396.25886176442
"F1",1,242,5688.1961439666
"F1",1,243,4003.23657804029
"F1",1,244,4676.72857151104
"F1",1,245,4301.33276200803
"F1",1,246,4633.50053392231
"F1",1,247,6487.39747213094
"F1",1,248,5657.8250741978
"F1",1,249,390.056698714541
"F1",1,250,329.549974162345
"F1",1,251,128.388755835706
"F1",1,252,402.969224937016
"F1",1,253,208.601208078121
"F1",1,254,433.077899941153
"F1",1,255,226.678968058961
"F1",1,256,383.344348893765
"F1",1,257,453.283815208573
"F1",1,258,212.654873404059
"F1",1,259,227.070674662242
"F1",1,260,391.441090997696
"F1",1,261,453.977943800325
"F1",1,262,247.539648210678
"F1",1,263,295.018522626621
"F1",1,264,40
"F1",1,265,345.636297745697
"F1",1,266,371.859258751995
"F1",1,267,336.183577897352
"F1",1,268,201.91404753964
"F1",1,269,397.440139642049
"F1",1,270,265.088422125182
"F1",1,271,219.38557618941
"F1",1,272,134.022398425508
"F1",1,273,343.596436846386
"F1",1,274,173.889867941386
"F1",1,275,348.933099530029
"F1",1,276,326.326599323337
"F1",1,277,407.012291340313
"F1",1,278,445.716176520103
"F1",1,279,120.123131005269
"F1",1,280,542.927470077481
"F1",1,281,340.105093156596
"F1",1,282,566.78548292247
"F1",1,283,477.551769986639
"F1",1,284,239.21212428359
"F1",1,285,383.002693962264
"F1",1,286,296.078479988885
"F1",1,287,262.49336829716
"F1",1,288,347.680897925084
"F1",1,289,272.363865172243
"F1",1,290,418.393455486258
"F1",1,291,242.045366760739
"F1",1,292,459.927319211985
"F1",1,293,260.310390155367
"F1",1,294,157.968212357859
"F1",1,295,303.182482285541
"F1",1,296,379.822663141972
"F1",1,297,219.707247409107
"F1",1,298,292.039411439387
"F1",1,299,399.409499451081
"F1",1,300,244.298058800867
"F1",1,301,362.5659285622
"F1",1,302,223.004248764077
"F1",1,303,300.554482099616
"F1",1,304,251.068869277633
"F1",1,305,317.220028878739
"F1",1,306,455.18859699047
"F1",1,307,97.9746084383991
"F1",1,308,356.847107879107
"F1",1,309,412.64514364666
"F1",1,310,241.898570006353
"F1",1,311,229.651483599129
"F1",1,312,579.732407160619
"F1",1,313,420.564138090781
"F1",1,314,241.750894199413
"F1",1,315,161.703380223882
"F1",1,316,88.7916547256193
"F1",1,317,243.101890102021
"F1",1,318,286.966698200207
"F1",1,319,312.440439053571
"F1",1,320,479.755576119146
"F1",1,321,195.574156359725
"F1",1,322,160.954015298823
"F1",1,323,323.176952302033
"F1",1,324,556.289228421462
"F1",1,325,304.002493981895
"F1",1,326,323.0820648289
"F1",1,327,227.474875241647
"F1",1,328,231.404338639276
"F1",1,329,349.956113721098
"F1",1,330,317.349816558985
"F1",1,331,282.971811070417
"F1",1,332,363.660745983161
"F1",1,333,245.321560327261
"F1",1,334,167.16319536524
"F1",1,335,351.847078066465
"F1",1,336,402.438007954747
"F1",1,337,40
"F1",1,338,379.341651488431
"F1",1,339,444.552506517433
"F1",1,340,465.632675973703
"F1",1,341,237.195965367518
"F1",1,342,265.100935066424
"F1",1,343,286.612168436082
"F1",1,344,296.005120422701
"F1",1,345,98.7226574873746
"F1",1,346,471.811463100199
"F1",1,347,316.844603423215
"F1",1,348,152.570438718017
"F1",1,349,226.653400891179
"F1",1,350,390.836601636971
"F1",1,351,299.317887529601
"F1",1,352,388.45300101629
"F1",1,353,375.307421471906
"F1",1,354,389.747390549553
"F1",1,355,469.875148940224
"F1",1,356,366.176979191392
"F1",1,357,382.174523050268
"F1",1,358,475.574863264012
"F1",1,359,157.942003645661
"F1",1,360,410.118689808293
"F1",1,361,515.837223766853
"F1",1,362,321.256501811732
"F1",1,363,243.246457317925
"F1",1,364,209.206371622998
"F1",1,365,179.444824136693
"F1",1,366,199.921363126697
"F1",1,367,374.931852550135
"F1",1,368,627.314851535995
"F1",1,369,417.83794663293
"F1",1,370,218.899732073098
"F1",1,371,403.854957943717
"F1",1,372,548.72507412741
"F1",1,373,268.925020379696
"F1",1,374,262.246197728894
"F1",1,375,243.038640074181
"F1",1,376,313.631832039665
"F1",1,377,526.32419584529
"F1",1,378,135.674798551196
"F1",1,379,309.920752568016
"F1",1,380,493.575641370494
"F1",1,381,229.212626243436
"F1",1,382,340.011532313133
"F1",1,383,341.969856840811
"F1",1,384,400.941845651839
"F1",1,385,359.371898736691
"F1",1,386,407.06330976376
"F1",1,387,197.164919868106
"F1",1,388,419.145248989355
"F1",1,389,271.118235439392
"F1",1,390,322.060366482993
"F1",1,391,526.918690971618
"F1",1,392,440.591470466644
"F1",1,393,51.7684774593631
"F1",1,394,414.121406753038
"F1",1,395,284.353766122261
"F1",1,396,248.050031246916
"F1",1,397,393.49102159872
"F1",1,398,72.1782626085883
"F1",1,399,460.117711095434
"F1",1,400,379.596064806317
"F1",1,401,338.031542523976
"F1",1,402,246.553332421541
"F1",1,403,584.85162574211
"F1",1,404,449.292085056203
"F1",1,405,398.20146947228
"F1",1,406,252.007687224142
"F1",1,407,190.465143946378
"F1",1,408,399.016879073026
"F1",1,409,231.379932710429
"F1",1,410,336.090213272359
"F1",1,411,407.783413816005
"F1",1,412,389.582031239229
"F1",1,413,299.964082105289
"F1",1,414,208.174031452874
"F1",1,415,320.241512027022
"F1",1,416,528.461715185771
"F1",1,417,372.809086197439
"F2",1,1,6128.6791853297
"F2",1,2,3559.60886569855
"F2",1,3,3927.60362364896
"F2",1,4,6061.70279132885
"F2",1,5,4333.15223146119
"F2",1,6,3565.99167029722
"F2",1,7,4905.02563879984
"F2",1,8,672.51133633496
"F2",1,9,5323.43257788728
"F2",1,10,3124.8735743287
"F2",1,11,6716.73858325637
"F2",1,12,3054.50003821695
"F2",1,13,4558.30556060312
"F2",1,14,5162.48801795526
"F2",1,15,6214.89938728288
"F2",1,16,3502.12618021904
"F2",1,17,6343.28329649075
"F2",1,18,4385.43679350492
"F2",1,19,4165.52663545756
"F2",1,20,4899.00750133158
"F2",1,21,4453.78686008515
"F2",1,22,3197.56021646377
"F2",1,23,3100.27884748851
"F2",1,24,6485.83197010886
"F2",1,25,4184.75590112924
"F2",1,26,2676.27540771533
"F2",1,27,6772.80195333171
"F2",1,28,4535.75966126518
"F2",1,29,7175.24422000602
"F2",1,30,3352.08110056626
"F2",1,31,3738.96391174484
"F2",1,32,6316.12729025379
"F2",1,33,6256.65482934459
"F2",1,34,2676.77394307584
"F2",1,35,2456.45384367821
"F2",1,36,5100.66140284368
"F2",1,37,5687.77921634801
"F2",1,38,4781.50776251222
"F2",1,39,6379.33540975157
"F2",1,40,6426.65231400525
"F2",1,41,3482.97809886167
"F2",1,42,4493.15012461758
"F2",1,43,3531.60765434329
"F2",1,44,3500.66115174185
"F2",1,45,4452.8874316883
"F2",1,46,1135.4390690743
"F2",1,47,6398.79707259904
"F2",1,48,5293.57098535605
"F2",1,49,4676.16416884805
"F2",1,50,5424.17211681378
"F2",1,51,3569.29461872286
"F2",1,52,6709.99218339519
"F2",1,53,4699.44462276389
"F2",1,54,4442.59223127852
"F2",1,55,2272.85995919834
"F2",1,56,7964.88261967916
"F2",1,57,3741.97390203318
"F2",1,58,5391.96483039552
"F2",1,59,2004.52241839713
"F2",1,60,5924.65431137312
"F2",1,61,6860.82414554033
"F2",1,62,5606.09164431966
"F2",1,63,4725.34408521918
"F2",1,64,8237.19581766702
"F2",1,65,3589.7706171509
"F2",1,66,3979.05486263204
"F2",1,67,4538.37286041354
"F2",1,68,4099.55600896351
"F2",1,69,2470.59146000447
"F2",1,70,6069.19916243956
"F2",1,71,5314.33710470963
"F2",1,72,5776.55811736919
"F2",1,73,4021.89257889597
"F2",1,74,4298.90585318184
"F2",1,75,6408.87480537777
"F2",1,76,5018.24626196142
"F2",1,77,5555.9496284109
"F2",1,78,4554.61507626452
"F2",1,79,7141.24613120124
"F2",1,80,4064.85128222806
"F2",1,81,4436.10592165571
"F2",1,82,8402.7154544954
"F2",1,83,5351.85990994366
"F2",1,84,4693.73610371182
"F2",1,85,4646.46393440814
"F2",1,86,4832.0709804018
"F2",1,87,4107.17202930274
"F2",1,88,7021.19122141307
"F2",1,89,6460.24952818978
"F2",1,90,4836.13966661453
"F2",1,91,6351.28685354924
"F2",1,92,5122.4167370458
"F2",1,93,4477.0089996426
"F2",1,94,2554.71424599582
"F2",1,95,4858.59577341581
"F2",1,96,4990.33704687763
"F2",1,97,3459.00534501718
"F2",1,98,5083.94562101039
"F2",1,99,4555.02077636508
"F2",1,100,4774.29526252344
"F2",1,101,3435.44980901424
"F2",1,102,4697.04724406279
"F2",1,103,6236.82536688506
"F2",1,104,5247.87416965597
"F2",1,105,3963.38365680196
"F2",1,106,1007.516015882
"F2",1,107,3386.25850106549
"F2",1,108,2916.3947406134
"F2",1,109,5637.25308144768
"F2",1,110,2764.37706133679
"F2",1,111,2863.2395574092
"F2",1,112,5516.58031762448
"F2",1,113,5459.51893773741
"F2",1,114,5146.06418226906
"F2",1,115,3805.99425924172
"F2",1,116,5343.76639948344
"F2",1,117,3156.90027728084
"F2",1,118,4328.75018382186
"F2",1,119,5554.25535735044
"F2",1,120,3163.26676272319
"F2",1,121,3748.78055488812
"F2",1,122,4060.90843408936
"F2",1,123,5406.1510514933
"F2",1,124,2826.25822998018
"F2",1,125,2692.39928064687
"F2",1,126,4472.0357156
"F2",1,127,3834.94010866041
"F2",1,128,6739.68873720053
"F2",1,129,5606.32238014918
"F2",1,130,5113.6993865093
"F2",1,131,4061.12883192675
"F2",1,132,3691.96026298626
"F2",1,133,3370.14955833124
"F2",1,134,3387.6621500442
"F2",1,135,3266.29029968424
"F2",1,136,2672.24207968075
"F2",1,137,4491.38401062162
"F2",1,138,6212.9260078981
"F2",1,139,4373.20987753226
"F2",1,140,7230.91702278054
"F2",1,141,5950.05961864668
"F2",1,142,6312.63932986894
"F2",1,143,3537.04435791893
"F2",1,144,2304.687875228
"F2",1,145,7303.90367330525
"F2",1,146,6877.32363374427
"F2",1,147,2124.77087990388
"F2",1,148,5389.42588540008
"F2",1,149,6031.42126458876
"F2",1,150,6256.49401303237
"F2",1,151,3824.90234210883
"F2",1,152,6596.68797867244
"F2",1,153,4810.7962249424
"F2",1,154,6981.00569782221
"F2",1,155,4359.68125934044
"F2",1,156,4936.5519129579
"F2",1,157,4273.43412450047
"F2",1,158,4884.33080936741
"F2",1,159,6959.29516668915
"F2",1,160,2851.04204070706
"F2",1,161,3198.83739016388
"F2",1,162,5035.22234705966
"F2",1,163,5624.73243337354
"F2",1,164,5818.57281252479
"F2",1,165,4238.89331735866
"F2",1,166,1196.9002316576
"F2",1,167,4377.41904835736
"F2",1,168,9352.7611346769
"F2",1,169,7038.53049758892
"F2",1,170,6509.57287363306
"F2",1,171,4678.24324477989
"F2",1,172,3545.88944863684
"F2",1,173,4124.12593324215
"F2",1,174,4085.92457706396
"F2",1,175,4375.40529203718
"F2",1,176,7872.90884090893
"F2",1,177,5831.72754670202
"F2",1,178,5263.35897680558
"F2",1,179,3627.16698471193
"F2",1,180,3372.46168940955
"F2",1,181,4564.22288294377
"F2",1,182,6765.56649871739
"F2",1,183,4201.06045501303
"F2",1,184,2788.62331785601
"F2",1,185,4983.36004307887
"F2",1,186,6644.95186400983
"F2",1,187,4599.93563960817
"F2",1,188,4521.15959440479
"F2",1,189,3986.93882004069
"F2",1,190,5339.99085874407
"F2",1,191,1923.36584682295
"F2",1,192,4941.12383797184
"F2",1,193,5887.32264311781
"F2",1,194,5431.35419655883
"F2",1,195,7002.22263282242
"F2",1,196,6774.14759429657
"F2",1,197,3867.03243862545
"F2",1,198,4910.22388016883
"F2",1,199,2028.45687622994
"F2",1,200,5931.1512412286
"F2",1,201,5021.61064517701
"F2",1,202,5197.76809104268
"F2",1,203,6645.24373234402
"F2",1,204,5811.09538788356
"F2",1,205,6083.65434792173
"F2",1,206,4472.50967023705
"F2",1,207,7656.65803570235
"F2",1,208,3405.9566544753
"F2",1,209,4241.65286174919
"F2",1,210,3704.22986919883
"F2",1,211,3798.52786577098
"F2",1,212,6061.62845097236
"F2",1,213,4422.2029915553
"F2",1,214,6530.6551781893
"F2",1,215,4000.37999377989
"F2",1,216,4847.48177550849
"F2",1,217,5431.02140116416
"F2",1,218,3103.51556480955
"F2",1,219,7558.37083153057
"F2",1,220,3448.22886465559
"F2",1,221,4270.05423871458
"F2",1,222,3711.20755330956
"F2",1,223,2396.0157618296
"F2",1,224,6851.05675115667
"F2",1,225,6317.87521438701
"F2",1,226,5447.51644769757
"F2",1,227,4223.25160612306
"F2",1,228,2890.88306078332
"F2",1,229,3564.05878403339
"F2",1,230,5870.25259460073
"F2",1,231,4525.05631980871
"F2",1,232,4464.71631439808
"F2",1,233,4736.02002820832
"F2",1,234,5859.90458024789
"F2",1,235,4275.5531978713
"F2",1,236,3779.76531135279
"F2",1,237,5609.22680052663
"F2",1,238,5560.00793565003
"F2",1,239,4499.6438694614
"F2",1,240,1902.39792179927
"F2",1,241,4109.59041894589
"F2",1,242,3168.91746659547
"F2",1,243,4770.85950677881
"F2",1,244,2112.72415624541
"F2",1,245,6623.58767125113
"F2",1,246,456.058921553151
"F2",1,247,239.08319505938
"F2",1,248,519.995076992785
"F2",1,249,479.80507500285
"F2",1,250,370.922290416786
"F2",1,251,43.9070680321323
"F2",1,252,637.228415710629
"F2",1,253,319.283681601337
"F2",1,254,359.00250581679
"F2",1,255,77.2931159585117
"F2",1,256,276.577616129185
"F2",1,257,417.82427032613
"F2",1,258,448.504004241136
"F2",1,259,331.422738775536
"F2",1,260,289.544948976705
"F2",1,261,368.311104809878
"F2",1,262,275.42769538801
"F2",1,263,382.731020676049
"F2",1,264,404.635753543433
"F2",1,265,313.886659287948
"F2",1,266,186.507173245623
"F2",1,267,481.57393947418
"F2",1,268,480.161856478388
"F2",1,269,143.504424795052
"F2",1,270,339.074764516432
"F2",1,271,322.688920163833
"F2",1,272,411.954272370591
"F2",1,273,137.145604265893
"F2",1,274,276.343646085945
"F2",1,275,435.356779847282
"F2",1,276,386.748980323601
"F2",1,277,274.737338052863
"F2",1,278,221.629385930588
"F2",1,279,633.70541279016
"F2",1,280,479.934626134081
"F2",1,281,141.481027658282
"F2",1,282,400.06119175167
"F2",1,283,366.423177726408
"F2",1,284,353.185812049786
"F2",1,285,467.116199048524
"F2",1,286,434.234586187678
"F2",1,287,160.646950647163
"F2",1,288,299.621875211122
"F2",1,289,233.533720927357
"F2",1,290,511.298443829782
"F2",1,291,361.697348234451
"F2",1,292,472.163942080602
"F2",1,293,251.12438738252
"F2",1,294,500.246063355649
"F2",1,295,488.85479336012
"F2",1,296,422.048783279144
"F2",1,297,141.598419386369
"F2",1,298,444.270487658327
"F2",1,299,98.771009851719
"F2",1,300,428.85237338032
"F2",1,301,371.752558150637
"F2",1,302,287.086160639242
"F2",1,303,586.060173787213
"F2",1,304,448.032688805169
"F2",1,305,471.68229729424
"F2",1,306,108.726197685044
"F2",1,307,465.515042006324
"F2",1,308,406.718503591579
"F2",1,309,116.487282793658
"F2",1,310,497.122672607955
"F2",1,311,300.91025527079
"F2",1,312,324.005550660029
"F2",1,313,123.040916540373
"F2",1,314,273.663915854803
"F2",1,315,454.144514847152
"F2",1,316,390.694933359269
"F2",1,317,428.693260084903
"F2",1,318,279.890573104073
"F2",1,319,542.390802829857
"F2",1,320,377.568421577897
"F2",1,321,363.294544552383
"F2",1,322,240.667395687972
"F2",1,323,240.951554233752
"F2",1,324,338.817278793015
"F2",1,325,229.229173017936
"F2",1,326,337.640354584651
"F2",1,327,385.646018865682
"F2",1,328,402.812560006324
"F2",1,329,236.231022532552
"F2",1,330,314.313430895835
"F2",1,331,237.860967339931
"F2",1,332,456.730512781889
"F2",1,333,236.194163928049
"F2",1,334,398.406073159462
"F2",1,335,259.012669598869
"F2",1,336,250.933731608954
"F2",1,337,349.4258968581
"F2",1,338,372.149228196296
"F2",1,339,345.450530390174
"F2",1,340,343.730275673393
"F2",1,341,266.164727283854
"F2",1,342,307.862444698683
"F2",1,343,369.61636559131
"F2",1,344,402.491946757136
"F2",1,345,260.39094632655
"F2",1,346,259.907889856407
"F2",1,347,293.091770680919
"F2",1,348,277.254123706499
"F2",1,349,414.342453343005
"F2",1,350,276.916174361575
"F2",1,351,375.172545373855
"F2",1,352,532.359760202649
"F2",1,353,166.786738775258
"F2",1,354,288.494966355253
"F2",1,355,250.422513276021
"F2",1,356,398.448868299207
"F2",1,357,117.88248227552
"F2",1,358,177.762667798309
"F2",1,359,398.151518584369
"F2",1,360,339.679761972226
"F2",1,361,438.310637717484
"F2",1,362,295.440796795954
"F2",1,363,192.959910135989
"F2",1,364,370.738869602419
"F2",1,365,361.099320404126
"F2",1,366,350.998832359287
"F3",1,1,4511.7463438388
"F3",1,2,4691.34207640856
"F3",1,3,3474.82502579461
"F3",1,4,6470.44574785242
"F3",1,5,6720.81676564242
"F3",1,6,2943.94990382098
"F3",1,7,5933.48649939474
"F3",1,8,5457.75482983881
"F3",1,9,5012.79767343418
"F3",1,10,5490.56648975141
"F3",1,11,5486.53802848438
"F3",1,12,5130.51601529809
"F3",1,13,5957.20502650015
"F3",1,14,5059.2932298046
"F3",1,15,6380.41086115344
"F3",1,16,6932.60081712859
"F3",1,17,5620.06554510582
"F3",1,18,5786.96120096801
"F3",1,19,4380.85848963858
"F3",1,20,8681.35057518818
"F3",1,21,4859.40708158017
"F3",1,22,6103.92983563277
"F3",1,23,4946.44281990073
"F3",1,24,1932.38766412194
"F3",1,25,5268.91027025705
"F3",1,26,4426.06707397109
"F3",1,27,3141.17145417391
"F3",1,28,5005.64294811684
"F3",1,29,5146.10965223289
"F3",1,30,3724.86071083656
"F3",1,31,4186.29207443159
"F3",1,32,4062.1541718646
"F3",1,33,5614.62493983188
"F3",1,34,4988.65261904697
"F3",1,35,5872.51303582464
"F3",1,36,4233.40396981707
"F3",1,37,5498.71077159893
"F3",1,38,6053.9655207896
"F3",1,39,2913.07286718719
"F3",1,40,7710.46443661102
"F3",1,41,6311.6048330916
"F3",1,42,6686.18734152634
"F3",1,43,4388.60604049188
"F3",1,44,4602.23414284852
"F3",1,45,4986.05558332427
"F3",1,46,3889.96421402634
"F3",1,47,5391.80180272079
"F3",1,48,4900.13482942614
"F3",1,49,6109.09772833768
"F3",1,50,4359.95724425437
"F3",1,51,5347.83245741865
"F3",1,52,5053.83969902214
"F3",1,53,4319.10206143858
"F3",1,54,5513.55325189139
"F3",1,55,5914.87642529436
"F3",1,56,5458.18636833103
"F3",1,57,6633.69109744113
"F3",1,58,3045.2950560319
"F3",1,59,5102.15350394437
"F3",1,60,6132.43635049466
"F3",1,61,3528.7261818818
"F3",1,62,2951.79249982608
"F3",1,63,5609.86743540366
"F3",1,64,5825.72774994929
"F3",1,65,6037.6651686202
"F3",1,66,4587.26109721595
"F3",1,67,4491.78420682297
"F3",1,68,2814.88070853457
"F3",1,69,6360.29723040202
"F3",1,70,3226.46248983265
"F3",1,71,7535.19126113292
"F3",1,72,3249.93274052807
"F3",1,73,4207.48025056139
"F3",1,74,5596.6054325292
"F3",1,75,5364.22794311684
"F3",1,76,5290.22671841968
"F3",1,77,2744.07080335328
"F3",1,78,4074.9771866756
"F3",1,79,3677.14762262732
"F3",1,80,5180.38302297955
"F3",1,81,3534.26600591312
"F3",1,82,4397.07838785077
"F3",1,83,5584.0965623232
"F3",1,84,5654.06334748323
"F3",1,85,3946.43332090436
"F3",1,86,3337.48430838521
"F3",1,87,4647.47073330959
"F3",1,88,1663.94992253254
"F3",1,89,3324.44359940481
"F3",1,90,3718.32318005435
"F3",1,91,7545.7991259764
"F3",1,92,5860.67344894075
"F3",1,93,3889.91819111294
"F3",1,94,3862.03818389161
"F3",1,95,6366.91185672924
"F3",1,96,4117.74518133484
"F3",1,97,3721.88410014725
"F3",1,98,3957.18849505689
"F3",1,99,4155.08637903508
"F3",1,100,2787.66542425783
"F3",1,101,4517.02364166525
"F3",1,102,3149.30011062856
"F3",1,103,3947.29193046002
"F3",1,104,5126.48021864627
"F3",1,105,4730.85292771233
"F3",1,106,5104.15521833067
"F3",1,107,5226.25574368374
"F3",1,108,4740.89674432209
"F3",1,109,5883.17660648991
"F3",1,110,4209.017686583
"F3",1,111,5655.45409449114
"F3",1,112,1740.44119428349
"F3",1,113,5772.19658531169
"F3",1,114,3073.3797505318
"F3",1,115,5596.88846867359
"F3",1,116,4855.46547653941
"F3",1,117,5739.8295140305
"F3",1,118,3215.37242615961
"F3",1,119,4925.87965000633
"F3",1,120,5259.1041254966
"F3",1,121,8230.50283417786
"F3",1,122,5045.9023670001
"F3",1,123,4253.99990781092
"F3",1,124,5169.66906722336
"F3",1,125,3470.99077833304
"F3",1,126,5374.78729008181
"F3",1,127,4940.58445802505
"F3",1,128,6415.47816329138
"F3",1,129,4715.0639112611
"F3",1,130,6448.24856813015
"F3",1,131,6861.9653734398
"F3",1,132,4199.69490595657
"F3",1,133,6951.72270735499
"F3",1,134,2203.91261993273
"F3",1,135,5679.17685385393
"F3",1,136,5354.20592928743
"F3",1,137,4402.8008534509
"F3",1,138,5488.596010168
"F3",1,139,5586.74114156462
"F3",1,140,4455.44667506592
"F3",1,141,3085.10573398501
"F3",1,142,6080.9471251441
"F3",1,143,4498.69867417097
"F3",1,144,3871.9468429401
"F3",1,145,3722.63224828492
"F3",1,146,5655.94353656929
"F3",1,147,5610.07973818524
"F3",1,148,6379.34896979801
"F3",1,149,6217.68485878301
"F3",1,150,7094.63786485787
"F3",1,151,6413.71750518147
"F3",1,152,2588.88120315046
"F3",1,153,3246.548625644
"F3",1,154,2807.84133104078
"F3",1,155,4724.74602569538
"F3",1,156,3125.76407981469
"F3",1,157,3777.66552916684
"F3",1,158,6596.500531537
"F3",1,159,4074.03473140272
"F3",1,160,5824.02788014475
"F3",1,161,3468.01151902545
"F3",1,162,5110.46751054097
"F3",1,163,4878.05352167145
"F3",1,164,5042.61927323635
"F3",1,165,4870.70603121221
"F3",1,166,5898.58235832346
"F3",1,167,6457.72419562709
"F3",1,168,4235.0641927779
"F3",1,169,6476.33745822087
"F3",1,170,5046.28507792582
"F3",1,171,3145.92214217751
"F3",1,172,3351.9696247541
"F3",1,173,6881.40876996292
"F3",1,174,5787.86836000247
"F3",1,175,4873.6300838789
"F3",1,176,4537.87380583918
"F3",1,177,5927.31383389779
"F3",1,178,6817.82766839119
"F3",1,179,6458.78532103199
"F3",1,180,2143.12110457686
"F3",1,181,4128.41118054324
"F3",1,182,3180.96814716572
"F3",1,183,6325.10476829973
"F3",1,184,8112.91342239119
"F3",1,185,6113.60655195655
"F3",1,186,6129.17687732962
"F3",1,187,5745.23537020141
"F3",1,188,5146.90019669578
"F3",1,189,4591.65281245881
"F3",1,190,6598.98598886316
"F3",1,191,5017.24792008832
"F3",1,192,4732.07290968119
"F3",1,193,5802.21319544924
"F3",1,194,3482.31831862462
"F3",1,195,2711.58442410964
"F3",1,196,4430.08058920793
"F3",1,197,3664.27740091357
"F3",1,198,6926.52502587266
"F3",1,199,4166.29361211452
"F3",1,200,6612.7257112858
"F3",1,201,4564.48729603531
"F3",1,202,5785.55317528951
"F3",1,203,5131.0204850838
"F3",1,204,620.197539367236
"F3",1,205,7464.8775384669
"F3",1,206,3385.13269337969
"F3",1,207,6820.89988663612
"F3",1,208,6892.69180259255
"F3",1,209,4059.61169021314
"F3",1,210,5813.27151867831
"F3",1,211,6797.58207774167
"F3",1,212,5811.09915851445
"F3",1,213,2848.26108234004
"F3",1,214,6371.6484854317
"F3",1,215,3348.24680713041
"F3",1,216,4267.89436095771
"F3",1,217,4505.56599823116
"F3",1,218,5442.89891625157
"F3",1,219,3756.45545824944
"F3",1,220,6022.65828096886
"F3",1,221,6151.91029021192
"F3",1,222,3261.42220433183
"F3",1,223,205.320171264388
"F3",1,224,110.582782271254
"F3",1,225,390.944696109892
"F3",1,226,379.321348220219
"F3",1,227,409.744684434771
"F3",1,228,291.005500592536
"F3",1,229,199.608324413193
"F3",1,230,297.47902343354
"F3",1,231,272.517461655162
"F3",1,232,176.19718643615
"F3",1,233,275.000357223034
"F3",1,234,376.530638484749
"F3",1,235,334.55810154223
"F3",1,236,251.090504746854
"F3",1,237,185.822674382034
"F3",1,238,125.484985802338
"F3",1,239,492.812021592431
"F3",1,240,154.84784120817
"F3",1,241,406.351095874536
"F3",1,242,477.789314720844
"F3",1,243,110.034404745495
"F3",1,244,393.19551610383
"F3",1,245,361.592240634898
"F3",1,246,469.783005513601
"F3",1,247,267.976830706953
"F3",1,248,223.291273149053
"F3",1,249,52.3243497728837
"F3",1,250,515.211660829192
"F3",1,251,452.796311375527
"F3",1,252,438.557080401974
"F3",1,253,200.195765542227
"F3",1,254,355.639117612256
"F3",1,255,337.30462941871
"F3",1,256,287.758726541952
"F3",1,257,526.112682729498
"F3",1,258,507.246125050676
"F3",1,259,430.873964432417
"F3",1,260,448.283652987339
"F3",1,261,543.727529947821
"F3",1,262,109.214296709963
"F3",1,263,385.508954831725
"F3",1,264,103.918917577363
"F3",1,265,274.748367756313
"F3",1,266,216.555874437278
"F3",1,267,338.980527332777
"F3",1,268,204.222239106408
"F3",1,269,264.421063595419
"F3",1,270,201.24600782576
"F3",1,271,272.117354742245
"F3",1,272,235.916098813672
"F3",1,273,168.713807039233
"F3",1,274,242.397324955392
"F3",1,275,240.875287578666
"F3",1,276,290.431796843329
"F3",1,277,478.844163898669
"F3",1,278,350.851383633635
"F3",1,279,537.449004479029
"F3",1,280,309.075820773278
"F3",1,281,288.0819277319
"F3",1,282,330.836639342616
"F3",1,283,373.551171044478
"F3",1,284,364.926197683489
"F3",1,285,430.759666887137
"F3",1,286,412.810174899235
"F3",1,287,248.775739093689
"F3",1,288,422.881357439697
"F3",1,289,416.422260223397
"F3",1,290,490.670047991809
"F3",1,291,40
"F3",1,292,133.134031391654
"F3",1,293,303.219287601964
"F3",1,294,446.111070847164
"F3",1,295,337.126724864361
"F3",1,296,387.594168080564
"F3",1,297,419.513093714875
"F3",1,298,272.600617644494
"F3",1,299,78.5898866209466
"F3",1,300,283.331561191537
"F3",1,301,279.203782941185
"F3",1,302,345.837854450979
"F3",1,303,300.044844170098
"F3",1,304,265.875193452084
"F3",1,305,438.35006406503
"F3",1,306,282.619367820288
"F3",1,307,434.293103523745
"F3",1,308,303.125523896735
"F3",1,309,317.527838509587
"F3",1,310,314.102793345614
"F3",1,311,368.834794155968
"F3",1,312,304.883417646174
"F3",1,313,132.175181037136
"F3",1,314,456.368789243438
"F3",1,315,380.018022732952
"F3",1,316,310.829376032459
"F3",1,317,262.413178713867
"F3",1,318,363.35941444716
"F3",1,319,409.586177482329
"F3",1,320,338.280736804236
"F3",1,321,525.60486151362
"F3",1,322,431.139955972721
"F3",1,323,256.743852441886
"F3",1,324,581.195607533557
"F3",1,325,409.120175283293
"F3",1,326,466.720516940648
"F3",1,327,343.790078337677
"F3",1,328,522.316044390112
"F3",1,329,357.659396083336
"F3",1,330,316.230232648736
"F3",1,331,320.041728453336
"F3",1,332,211.541032744062
"F3",1,333,134.24289142708
"F3",1,334,40
"F3",1,335,404.708967377737
"F3",1,336,312.89125504763
"F3",1,337,410.850856926517
"F3",1,338,293.917067065933
"F3",1,339,279.557189406847
"F3",1,340,189.790691266757
"F3",1,341,606.107407964636
"F3",1,342,322.86594019823
"F3",1,343,345.364841614519
"F3",1,344,135.658088989622
"F3",1,345,229.518468338734
"F3",1,346,272.758236550209
"F3",1,347,114.592187158682
"F3",1,348,503.288008224559
"F3",1,349,314.245558943693
"F3",1,350,171.537260608817
"F3",1,351,596.529337234967
"F3",1,352,237.306003374488
"F3",1,353,396.304222021389
"F3",1,354,380.064359135076
"F3",1,355,482.566025665174
"F3",1,356,79.0237278586887
"F3",1,357,359.032144785955
"F3",1,358,379.177460966413
"F3",1,359,478.211126653908
"F3",1,360,333.350723104672
"F3",1,361,180.731528317275
"F3",1,362,145.679589093708
"F3",1,363,402.250629971859
"F3",1,364,390.361424465019
"F4",1,1,1231.22536074938
"F4",1,2,5408.93926385718
"F4",1,3,2882.47048751179
"F4",1,4,3396.74534856896
"F4",1,5,3936.85088335241
"F4",1,6,5656.2077261372
"F4",1,7,5184.30709563569
"F4",1,8,6088.94301108779
"F4",1,9,1832.06644747636
"F4",1,10,5758.97193644093
"F4",1,11,5831.37753053578
"F4",1,12,3435.36979210067
"F4",1,13,3576.99570397557
"F4",1,14,5869.14776624358
"F4",1,15,5376.00890078162
"F4",1,16,6378.27730124443
"F4",1,17,4686.21332924052
"F4",1,18,6910.1307973444
"F4",1,19,5219.2359597496
"F4",1,20,7413.32668799343
"F4",1,21,6587.77562563538
"F4",1,22,5853.87015354472
"F4",1,23,4769.66858481917
"F4",1,24,4721.26857684593
"F4",1,25,7248.54199999805
"F4",1,26,8473.34506421933
"F4",1,27,2480.16745947477
"F4",1,28,4404.99532058544
"F4",1,29,4411.03470283313
"F4",1,30,1894.82695586649
"F4",1,31,2778.53793984301
"F4",1,32,4552.65522732378
"F4",1,33,3406.33974252349
"F4",1,34,3281.55102184014
"F4",1,35,4785.73430036527
"F4",1,36,5964.71114940478
"F4",1,37,4973.92694475743
"F4",1,38,5126.47364218831
"F4",1,39,4216.14700803919
"F4",1,40,6939.81721802236
"F4",1,41,4918.59996590906
"F4",1,42,3211.46624207134
"F4",1,43,3943.62472477278
"F4",1,44,3775.83941617207
"F4",1,45,4992.97744553015
"F4",1,46,4375.82992563753
"F4",1,47,2673.06816084129
"F4",1,48,6749.63097302165
"F4",1,49,5909.52072138711
"F4",1,50,4443.09502727654
"F4",1,51,5066.99787776501
"F4",1,52,6589.04006757209
"F4",1,53,5800.67465999776
"F4",1,54,4095.44776614047
"F4",1,55,3138.08909615226
"F4",1,56,4155.65290755115
"F4",1,57,4806.48889989939
"F4",1,58,5215.80741189741
"F4",1,59,6023.2185589768
"F4",1,60,3152.84287268282
"F4",1,61,8665.37658727288
"F4",1,62,4391.02703769711
"F4",1,63,4574.10249354291
"F4",1,64,4353.69447874969
"F4",1,65,5114.18862846726
"F4",1,66,2809.14651985098
"F4",1,67,5837.43269019626
"F4",1,68,3462.02573789095
"F4",1,69,5148.31564009012
"F4",1,70,3831.83315560824
"F4",1,71,3131.29821351128
"F4",1,72,3149.86968173594
"F4",1,73,6792.29707494868
"F4",1,74,6274.74770913549
"F4",1,75,4399.04021577636
"F4",1,76,5239.51226375927
"F4",1,77,5230.17109049978
"F4",1,78,5222.71838432628
"F4",1,79,5019.71744389951
"F4",1,80,6642.82745520954
"F4",1,81,5930.55737011771
"F4",1,82,4430.19539131342
"F4",1,83,6150.89178811579
"F4",1,84,5120.88802715092
"F4",1,85,4604.80363364921
"F4",1,86,3471.73945220661
"F4",1,87,4979.155188703
"F4",1,88,4455.29287311945
"F4",1,89,4169.77016132309
"F4",1,90,2900.27049927583
"F4",1,91,4137.45881558786
"F4",1,92,4811.38605827732
"F4",1,93,8799.65754473361
"F4",1,94,5811.03469387733
"F4",1,95,3323.48342916955
"F4",1,96,5621.47515739406
"F4",1,97,7380.74866894449
"F4",1,98,5797.95779197806
"F4",1,99,5362.47667390129
"F4",1,100,5009.12400709998
"F4",1,101,5478.55145452445
"F4",1,102,3520.4305370078
"F4",1,103,6713.67728740743
"F4",1,104,3353.11889857159
"F4",1,105,3923.8959898651
"F4",1,106,5624.98306186312
"F4",1,107,5498.13781020667
"F4",1,108,6714.97139799344
"F4",1,109,6215.57808001319
"F4",1,110,3447.85999107299
"F4",1,111,7029.88482071576
"F4",1,112,2816.93552628989
"F4",1,113,7688.24893673101
"F4",1,114,1830.38485112337
"F4",1,115,7062.57342865392
"F4",1,116,4266.42136779138
"F4",1,117,1018.54858917933
"F4",1,118,3597.15270272509
"F4",1,119,3463.98636935552
"F4",1,120,4463.63313779331
"F4",1,121,4081.75594899066
"F4",1,122,3963.76541904226
"F4",1,123,4102.41278516724
"F4",1,124,4991.74046862049
"F4",1,125,5203.93928383675
"F4",1,126,4215.36265488026
"F4",1,127,2537.8949613314
"F4",1,128,5785.08414243365
"F4",1,129,5178.84531675374
"F4",1,130,2893.17192733907
"F4",1,131,2975.10879202023
"F4",1,132,4845.10347898505
"F4",1,133,4417.67178628485
"F4",1,134,4844.27021728664
"F4",1,135,4900.25592211888
"F4",1,136,4481.64773327294
"F4",1,137,6281.95840829125
"F4",1,138,3772.83069411205
"F4",1,139,2644.59570792675
"F4",1,140,7377.23150448962
"F4",1,141,5244.03093814348
"F4",1,142,4020.99130527727
"F4",1,143,5143.74208046697
"F4",1,144,6136.49499795398
"F4",1,145,2095.4789162608
"F4",1,146,5307.49287025086
"F4",1,147,7248.15014363275
"F4",1,148,4103.62255818452
"F4",1,149,5380.71261926773
"F4",1,150,5319.27637895874
"F4",1,151,4405.39246671291
"F4",1,152,3661.69407137698
"F4",1,153,6465.77252084935
"F4",1,154,2956.61679752683
"F4",1,155,3998.61955152218
"F4",1,156,4288.32587755243
"F4",1,157,2885.53384692327
"F4",1,158,6291.09483260193
"F4",1,159,7268.21940281935
"F4",1,160,4124.41374425285
"F4",1,161,6838.38180696398
"F4",1,162,5288.3320274937
"F4",1,163,6145.86765281498
"F4",1,164,4483.39368623889
"F4",1,165,4650.00483199914
"F4",1,166,3494.60491015359
"F4",1,167,5578.86492974585
"F4",1,168,3026.08612878392
"F4",1,169,5921.19195040967
"F4",1,170,5403.444741296
"F4",1,171,4383.7678819116
"F4",1,172,3709.15202118143
"F4",1,173,5322.6842102143
"F4",1,174,5369.92247116668
"F4",1,175,5050.42119099938
"F4",1,176,3030.18915382676
"F4",1,177,5566.60185503131
"F4",1,178,5252.95689056516
"F4",1,179,5548.07480153238
"F4",1,180,7317.68011313317
"F4",1,181,5640.76392001971
"F4",1,182,4574.98788834463
"F4",1,183,4080.8336700838
"F4",1,184,7723.78270778944
"F4",1,185,3923.4743138645
"F4",1,186,5014.11660080569
"F4",1,187,4300.22213414925
"F4",1,188,1591.54697680743
"F4",1,189,5708.83580547672
"F4",1,190,4608.5040719862
"F4",1,191,4172.67738318454
"F4",1,192,3499.40981511019
"F4",1,193,6156.81564429958
"F4",1,194,6878.43497886173
"F4",1,195,4071.56035689734
"F4",1,196,4616.39096207336
"F4",1,197,4694.63709914309
"F4",1,198,7253.32995461595
"F4",1,199,3473.07279334463
"F4",1,200,5400.26070807454
"F4",1,201,4766.79065985946
"F4",1,202,6803.97217559962
"F4",1,203,4569.5074629373
"F4",1,204,6164.9791142752
"F4",1,205,4090.97939483164
"F4",1,206,4823.25727548299
"F4",1,207,4875.13074347125
"F4",1,208,5855.80164001906
"F4",1,209,5844.06764355496
"F4",1,210,7417.40695928703
"F4",1,211,7007.76653853337
"F4",1,212,5213.77932221329
"F4",1,213,3461.42347014652
"F4",1,214,3442.00166826674
"F4",1,215,4870.20280181123
"F4",1,216,2597.09002613792
"F4",1,217,5900.85986085926
"F4",1,218,5212.89408187892
"F4",1,219,2814.31474617261
"F4",1,220,5678.16467919164
"F4",1,221,5729.07734550898
"F4",1,222,3928.38828548731
"F4",1,223,5466.78086726214
"F4",1,224,5616.92936399754
"F4",1,225,5472.99986985343
"F4",1,226,2044.38970107703
"F4",1,227,4667.39509935368
"F4",1,228,2926.34475061043
"F4",1,229,4921.0222379941
"F4",1,230,4685.16976021965
"F4",1,231,5463.59842116457
"F4",1,232,6637.37566133856
"F4",1,233,3287.41751282488
"F4",1,234,4907.4678039375
"F4",1,235,6686.62947480001
"F4",1,236,3784.03811339158
"F4",1,237,4000.54246449146
"F4",1,238,5317.12777758875
"F4",1,239,4079.64887394361
"F4",1,240,3528.34827044741
"F4",1,241,500.734133883226
"F4",1,242,180.975157446442
"F4",1,243,437.624988987532
"F4",1,244,418.323875135619
"F4",1,245,157.536310589727
"F4",1,246,253.67385291749
"F4",1,247,226.998559337006
"F4",1,248,299.026625585563
"F4",1,249,334.235289726867
"F4",1,250,470.528268912785
"F4",1,251,169.312361371292
"F4",1,252,356.175906928628
"F4",1,253,288.978675643906
"F4",1,254,298.612105837
"F4",1,255,373.672506565613
"F4",1,256,239.597998362021
"F4",1,257,338.374078849203
"F4",1,258,325.812730312562
"F4",1,259,314.519026234364
"F4",1,260,305.491085500825
"F4",1,261,313.180945961303
"F4",1,262,372.620987230616
"F4",1,263,434.67854753711
"F4",1,264,163.876540974206
"F4",1,265,250.563216647214
"F4",1,266,361.668130173435
"F4",1,267,334.904630713618
"F4",1,268,362.160398914115
"F4",1,269,296.324621712393
"F4",1,270,485.07537749507
"F4",1,271,209.509324572321
"F4",1,272,617.270215435043
"F4",1,273,275.817970017876
"F4",1,274,414.158244196366
"F4",1,275,195.863320285513
"F4",1,276,144.893633656703
"F4",1,277,323.381248883776
"F4",1,278,324.97951372375
"F4",1,279,301.717378553898
"F4",1,280,259.862775796785
"F4",1,281,377.092398668944
"F4",1,282,341.373605972358
"F4",1,283,452.989927232239
"F4",1,284,551.385365238435
"F4",1,285,427.37518097396
"F4",1,286,40
"F4",1,287,247.408956347333
"F4",1,288,442.566162786909
"F4",1,289,278.00781296224
"F4",1,290,656.468723847632
"F4",1,291,427.973231736724
"F4",1,292,431.362117410683
"F4",1,293,327.76798353661
"F4",1,294,385.542833026398
"F4",1,295,418.639172713773
"F4",1,296,262.299004843258
"F4",1,297,406.888175077091
"F4",1,298,363.685630365474
"F4",1,299,239.528400382226
"F4",1,300,201.993930738049
"F4",1,301,495.619877402793
"F4",1,302,573.62637577412
"F4",1,303,95.3203023544101
"F4",1,304,120.348341387695
"F4",1,305,416.326995025114
"F4",1,306,354.287268446715
"F4",1,307,312.016062562095
"F4",1,308,273.961072688548
"F4",1,309,335.539336682574
"F4",1,310,101.057015806177
"F4",1,311,248.141881228607
"F4",1,312,481.847824105674
"F4",1,313,318.228242412707
"F4",1,314,318.023210864119
"F4",1,315,40
"F4",1,316,602.501927447839
"F4",1,317,152.191769207434
"F4",1,318,391.597499157535
"F4",1,319,121.430473003278
"F4",1,320,410.330793983257
"F4",1,321,240.105251350307
"F4",1,322,368.760877673913
"F4",1,323,460.441205392778
"F4",1,324,172.59602958517
"F4",1,325,529.315505378438
"F4",1,326,331.174725392126
"F4",1,327,337.884791231087
"F4",1,328,162.733935943969
"F4",1,329,445.154551265207
"F4",1,330,174.213095804504
"F4",1,331,40
"F4",1,332,499.949919001931
"F4",1,333,391.998674682156
"F4",1,334,512.884057909972
"F4",1,335,191.065276346987
"F4",1,336,94.0391258573021
"F4",1,337,506.114641696166
"F4",1,338,40
"F4",1,339,194.094325175847
"F4",1,340,401.735905919233
"F4",1,341,377.847587578324
"F4",1,342,244.300517516565
"F4",1,343,406.23078180278
"F4",1,344,345.343766965522
"F4",1,345,473.842411279549
"F4",1,346,251.518112165793
"F4",1,347,360.201328372811
"F4",1,348,367.865028871996
"F4",1,349,510.87579345134
"F4",1,350,177.248182565336
"F4",1,351,382.973235493327
"F4",1,352,331.313445569459
"F4",1,353,350.080850993683
"F4",1,354,209.293684794086
"F4",1,355,486.096677619139
"F4",1,356,182.341983941549
"F4",1,357,494.784143650051
"F4",1,358,168.01680716271
"F4",1,359,211.354559358179
"F4",1,360,221.870199903807
"F4",1,361,314.969718569447
"F4",1,362,148.288866471744
"F4",1,363,204.57983921101
"F4",1,364,531.921990651413
"F4",1,365,355.365557054139
"F4",1,366,200.247864593425
"F4",1,367,241.6678679573
"F4",1,368,327.489967406506
"F4",1,369,335.598302705653
"F4",1,370,369.876041149712
"F4",1,371,447.554692106103
"F4",1,372,124.477663246039
"F4",1,373,452.9634181454
"F4",1,374,400.95618177716
"F4",1,375,261.622378018508
"F4",1,376,149.360700768942
"F4",1,377,465.553810079429
"F4",1,378,199.347637362957
"F4",1,379,152.467613141385
"F4",1,380,258.277165990636
"F4",1,381,109.962513376621
"F4",1,382,268.956788672036
"F4",1,383,252.373155925912
"F4",1,384,505.46568648278
"F4",1,385,525.554214090807
"F4",1,386,295.26340803302
"F4",1,387,402.475192930726
"F4",1,388,202.747443498178
"F4",1,389,414.722451084251
"F4",1,390,43.1522585636828
"F4",1,391,424.719864388694
"F4",1,392,92.3624922488806
"F4",1,393,493.575417395217
"F4",1,394,316.919023848825
"F4",1,395,285.78144044481
"F4",1,396,420.271219869097
"F4",1,397,234.088291455329
"F4",1,398,370.84540247486
"F4",1,399,225.843230219432
"F4",1,400,85.4103807796909
"F4",1,401,360.634559510894
"F4",1,402,436.050175944991
"F4",1,403,368.328795690365
"F4",1,404,351.573128455446
"F4",1,405,236.693494157785
"F4",1,406,323.849818863662
"F4",1,407,355.325433843942
"F4",1,408,324.36869617737
"F4",1,409,423.568631879235
"F4",1,410,298.320814932458
"F4",1,411,392.964958925738
"F4",1,412,302.973613085351
"F4",1,413,172.371454139291
"F4",1,414,73.023275327577
"F4",1,415,290.675833605398
"F4",1,416,212.228420884289
"F5",1,1,7741.07069173991
"F5",1,2,6682.30006706039
"F5",1,3,5248.44643529399
"F5",1,4,4856.76464389694
"F5",1,5,2815.89729478762
"F5",1,6,6940.2847418767
"F5",1,7,3404.80587686934
"F5",1,8,5171.91273102483
"F5",1,9,2776.6154571463
"F5",1,10,6377.99667138724
"F5",1,11,2732.09936830132
"F5",1,12,4134.06388113683
"F5",1,13,3864.36200193791
"F5",1,14,6028.72443973488
"F5",1,15,4039.3827744256
"F5",1,16,4413.31142080121
"F5",1,17,6181.07139379476
"F5",1,18,5009.19970306075
"F5",1,19,4023.79444388253
"F5",1,20,2920.39116016739
"F5",1,21,4030.51257828888
"F5",1,22,5366.99325788728
"F5",1,23,6520.97245245601
"F5",1,24,4939.62432767264
"F5",1,25,6539.41076614764
"F5",1,26,5936.1680837044
"F5",1,27,4243.05316948532
"F5",1,28,5310.33580960467
"F5",1,29,3258.70538658209
"F5",1,30,4147.50802039373
"F5",1,31,5291.75694528909
"F5",1,32,6253.46603946385
"F5",1,33,5609.87983608346
"F5",1,34,3245.20487901866
"F5",1,35,5638.59341621952
"F5",1,36,4515.41673217962
"F5",1,37,7321.31173649659
"F5",1,38,4547.52582361555
"F5",1,39,3002.17566085969
"F5",1,40,1338.0729717537
"F5",1,41,2560.448661237
"F5",1,42,6000.93814584236
"F5",1,43,5283.58245393033
"F5",1,44,4320.57003515916
"F5",1,45,5533.9158317929
"F5",1,46,3491.2300743771
"F5",1,47,3815.56996132575
"F5",1,48,4253.11563242894
"F5",1,49,5251.21096441007
"F5",1,50,5502.66726241834
"F5",1,51,3480.99461615973
"F5",1,52,3843.88051903954
"F5",1,53,4335.35115223502
"F5",1,54,4138.86687293679
"F5",1,55,2690.54557388822
"F5",1,56,5126.64551127348
"F5",1,57,5016.58692091393
"F5",1,58,5956.33781635034
"F5",1,59,4794.45587755794
"F5",1,60,3682.70545294314
"F5",1,61,6279.09153617745
"F5",1,62,4993.88178310696
"F5",1,63,3278.20906559501
"F5",1,64,5437.97469639385
"F5",1,65,6282.30667095561
"F5",1,66,5342.66334815108
"F5",1,67,5198.32119024642
"F5",1,68,1380.74085205718
"F5",1,69,4113.08600602193
"F5",1,70,5470.70900560739
"F5",1,71,3269.23645214136
"F5",1,72,1535.98898919966
"F5",1,73,4130.10187622892
"F5",1,74,1747.60477737794
"F5",1,75,2982.9299898635
"F5",1,76,3252.88602997454
"F5",1,77,3405.31221891915
"F5",1,78,6215.68290594368
"F5",1,79,2921.07452366206
"F5",1,80,4209.30019943105
"F5",1,81,4257.31915268192
"F5",1,82,5824.21263314069
"F5",1,83,5262.25897798322
"F5",1,84,5457.09663363432
"F5",1,85,3030.39183414915
"F5",1,86,4229.58671912841
"F5",1,87,4095.76682318347
"F5",1,88,2801.98291730912
"F5",1,89,4853.85472206271
"F5",1,90,5961.4844516812
"F5",1,91,5113.65638735318
"F5",1,92,6739.67468095817
"F5",1,93,4173.74393647084
"F5",1,94,4874.18653317695
"F5",1,95,4322.51306633845
"F5",1,96,4830.2608153868
"F5",1,97,5402.12287097071
"F5",1,98,5253.18885315182
"F5",1,99,2297.54310836335
"F5",1,100,6040.15331785336
"F5",1,101,5179.30206068382
"F5",1,102,2417.09413514146
"F5",1,103,5329.28711708541
"F5",1,104,3358.55259814295
"F5",1,105,5117.70189137566
"F5",1,106,5661.7858799414
"F5",1,107,3185.12820191658
"F5",1,108,5893.67044352332
"F5",1,109,1223.27576638929
"F5",1,110,4934.40410618395
"F5",1,111,5521.25020094148
"F5",1,112,6185.72816685565
"F5",1,113,4095.08545900446
"F5",1,114,4705.83199445278
"F5",1,115,4636.0433602718
"F5",1,116,5205.64399973825
"F5",1,117,5210.38322333893
"F5",1,118,4475.10047445655
"F5",1,119,3216.38623324062
"F5",1,120,5889.29376852779
"F5",1,121,5174.19374087386
"F5",1,122,1855.74079175212
"F5",1,123,5326.02695993068
"F5",1,124,3681.00883957236
"F5",1,125,3292.4150397323
"F5",1,126,4381.87583970301
"F5",1,127,3105.55618803576
"F5",1,128,2918.93182471395
"F5",1,129,7192.87201657019
"F5",1,130,6900.50399171477
"F5",1,131,6347.05540454877
"F5",1,132,4629.82184680543
"F5",1,133,4176.12199459271
"F5",1,134,7789.25332806347
"F5",1,135,4835.03868011149
"F5",1,136,2941.95284621488
"F5",1,137,4846.45902606275
"F5",1,138,4381.60933159309
"F5",1,139,4931.26987367103
"F5",1,140,1412.37053317794
"F5",1,141,4003.27045685567
"F5",1,142,7434.84357605709
"F5",1,143,6007.28904350313
"F5",1,144,6013.37462541409
"F5",1,145,4502.41994306058
"F5",1,146,4252.38629514058
"F5",1,147,2848.74971520131
"F5",1,148,4860.19678476236
"F5",1,149,2132.74522098644
"F5",1,150,5802.45145080325
"F5",1,151,7182.37274469448
"F5",1,152,4507.20335334685
"F5",1,153,4034.61961526737
"F5",1,154,3078.32860237389
"F5",1,155,4443.91538491226
"F5",1,156,2569.56568590238
"F5",1,157,5789.70997970319
"F5",1,158,5911.54423588462
"F5",1,159,4244.72496899096
"F5",1,160,4215.64272305178
"F5",1,161,4524.38551086285
"F5",1,162,4190.21259919822
"F5",1,163,4113.611914351
"F5",1,164,6129.22387881889
"F5",1,165,5137.70482894817
"F5",1,166,5285.17984493058
"F5",1,167,4130.26522332781
"F5",1,168,3981.74923441776
"F5",1,169,5052.48430401904
"F5",1,170,3231.63959026293
"F5",1,171,2894.02245365624
"F5",1,172,2065.85743291073
"F5",1,173,5140.24423368035
"F5",1,174,5816.89028343081
"F5",1,175,4843.83757531501
"F5",1,176,4493.94492233157
"F5",1,177,3861.67915442097
"F5",1,178,5758.72685701369
"F5",1,179,7073.14978963527
"F5",1,180,6397.66997658893
"F5",1,181,3675.40806668152
"F5",1,182,3972.11616860743
"F5",1,183,5839.00937398514
"F5",1,184,5235.06034897243
"F5",1,185,6301.556798207
"F5",1,186,1442.56691613974
"F5",1,187,6834.91089974048
"F5",1,188,3349.77377482147
"F5",1,189,3637.36751593868
"F5",1,190,1821.94461110222
"F5",1,191,7041.9514633219
"F5",1,192,6512.9440401566
"F5",1,193,234.748858900575
"F5",1,194,248.565993252452
"F5",1,195,216.084484348297
"F5",1,196,585.133046337784
"F5",1,197,273.978382435103
"F5",1,198,294.06472780338
"F5",1,199,316.214477407694
"F5",1,200,112.243445414647
"F5",1,201,87.2603670313985
"F5",1,202,275.599907154635
"F5",1,203,440.249157715408
"F5",1,204,373.894421396404
"F5",1,205,438.760830098302
"F5",1,206,206.679857255235
"F5",1,207,635.179917028654
"F5",1,208,364.482850867335
"F5",1,209,385.995150128636
"F5",1,210,216.843966653786
"F5",1,211,40
"F5",1,212,300.640361117234
"F5",1,213,306.87596223669
"F5",1,214,191.344399396212
"F5",1,215,284.993513599424
"F5",1,216,101.97954275204
"F5",1,217,320.514341105861
"F5",1,218,205.319899767203
"F5",1,219,292.368907396599
"F5",1,220,229.877408532365
"F5",1,221,228.068243080952
"F5",1,222,139.431798736725
"F5",1,223,207.255299706056
"F5",1,224,379.819168902819
"F5",1,225,388.383691553761
"F5",1,226,285.43838054559
"F5",1,227,364.116094670633
"F5",1,228,465.503666604961
"F5",1,229,309.774892581855
"F5",1,230,250.823040265031
"F5",1,231,304.283503111464
"F5",1,232,429.878154692907
"F5",1,233,173.486950250974
"F5",1,234,374.63004487951
"F5",1,235,303.888938734605
"F5",1,236,361.774367437564
"F5",1,237,456.373504531508
"F5",1,238,482.443843838198
"F5",1,239,249.750170723378
"F5",1,240,390.773570206999
"F5",1,241,336.208033007184
"F5",1,242,374.274813043694
"F5",1,243,246.027344588991
"F5",1,244,357.251773041932
"F5",1,245,258.219420596454
"F5",1,246,193.635759326801
"F5",1,247,383.26108777879
"F5",1,248,328.68186005523
"F5",1,249,341.205556522687
"F5",1,250,251.307945567185
"F5",1,251,460.902722821783
"F5",1,252,405.281995439248
"F5",1,253,225.912015910719
"F5",1,254,398.019577089756
"F5",1,255,439.127924206775
"F5",1,256,275.133378729874
"F5",1,257,145.313227567815
"F5",1,258,248.687075277747
"F5",1,259,110.040086940225
"F5",1,260,204.50094846047
"F5",1,261,165.911173602597
"F5",1,262,340.79075107749
"F5",1,263,490.040633061342
"F5",1,264,526.249709818463
"F5",1,265,323.427894869414
"F5",1,266,208.580985930576
"F5",1,267,392.359165874644
"F5",1,268,273.957514920976
"F5",1,269,88.2388219926937
"F5",1,270,332.181290442827
"F5",1,271,329.553673913713
"F5",1,272,291.465584246105
"F5",1,273,363.710539860625
"F5",1,274,225.990620796322
"F5",1,275,431.707277949492
"F5",1,276,244.025687328499
"F5",1,277,350.321118637594
"F5",1,278,310.271211424177
"F5",1,279,112.10608921091
"F5",1,280,442.824602891039
"F5",1,281,236.443226147742
"F5",1,282,191.952912338996
"F5",1,283,309.47840672315
"F5",1,284,651.214058517181
"F5",1,285,363.325286863091
"F5",1,286,311.954289064834
"F5",1,287,273.945818612632
"F5",1,288,223.464364777953
"F5",1,289,337.332841536221
"F5",1,290,345.132360923927
"F5",1,291,504.518981241209
"F5",1,292,179.772351917545
"F5",1,293,330.504298877031
"F5",1,294,417.847137510357
"F5",1,295,202.606147821651
"F5",1,296,303.832606121196
"F5",1,297,207.922159811036
"F5",1,298,152.353082728596
"F5",1,299,237.628916954722
"F5",1,300,192.948882499681
"F5",1,301,163.805948031074
"F5",1,302,268.071588058509
"F5",1,303,300.905248484341
"F5",1,304,311.86011375695
"F5",1,305,410.765819601322
"F5",1,306,346.804557401919
"F5",1,307,378.053432121754
"F5",1,308,258.638559022724
"F5",1,309,477.682094475341
"F5",1,310,335.639677755174
"F5",1,311,272.41455863452
"F5",1,312,390.321216948917
"F5",1,313,141.481933808726
"F5",1,314,291.116572796337
"F5",1,315,126.218882140684
"F5",1,316,322.989288644144
"F5",1,317,320.984614083556
"F5",1,318,442.153784054273
"F5",1,319,277.525712314516
"F5",1,320,252.205815334239
"F5",1,321,454.524943877437
"F5",1,322,303.626176698443
"F5",1,323,273.002057520106
"F5",1,324,251.479275851113
"F5",1,325,258.522593325445
"F5",1,326,342.628743177482
"F5",1,327,496.722607835083
"F5",1,328,447.885186819992
"F5",1,329,469.692855063576
"F5",1,330,369.849696241307
"F5",1,331,308.952354417195
"F5",1,332,160.272383007907
"F5",1,333,310.551646481693
"F5",1,334,289.359762626671
"F5",1,335,326.086693513051
"F5",1,336,433.898257047038
"F5",1,337,283.019670528177
"F5",1,338,542.003113121581
"F5",1,339,209.263016177344
"F5",1,340,466.68719301217
"F5",1,341,294.996311634493
"F5",1,342,242.022077768532
"F5",1,343,409.50013130716
"F5",1,344,296.187093078749
"F5",1,345,252.4547966854
"F5",1,346,420.083684477559
"F5",1,347,305.12777574004
"F5",1,348,458.098764522891
"F5",1,349,201.006043450477
"F5",1,350,233.06584345994
"F5",1,351,562.049054364327
"F5",1,352,384.903082993672
"F5",1,353,297.460374711562
"F5",1,354,459.633203060584
"F5",1,355,336.341502026275
"F5",1,356,464.783119038748
"F5",1,357,251.12821560535
"F5",1,358,268.401651048569
"F5",1,359,231.025241395007
"F5",1,360,419.608996645935
"F5",1,361,99.864318872226
"F5",1,362,258.585390368863
"F5",1,363,167.215773528809
"F6",1,1,6329.73071250854
"F6",1,2,7086.57731645452
"F6",1,3,4008.61360128249
"F6",1,4,7805.55859738353
"F6",1,5,6367.46653596375
"F6",1,6,3352.68885400494
"F6",1,7,3991.32689679941
"F6",1,8,6001.65708568341
"F6",1,9,4941.75913372301
"F6",1,10,4236.42192769645
"F6",1,11,5837.63444277526
"F6",1,12,5625.87015191947
"F6",1,13,7412.66398051022
"F6",1,14,2894.14386980176
"F6",1,15,3276.48383275784
"F6",1,16,3286.63893072762
"F6",1,17,4054.36664490652
"F6",1,18,3333.3904023182
"F6",1,19,4186.59247549213
"F6",1,20,3662.91717824226
"F6",1,21,7022.41786798281
"F6",1,22,5426.03532663413
"F6",1,23,6857.91560187215
"F6",1,24,6037.55499078477
"F6",1,25,4726.73311935743
"F6",1,26,5264.25185596032
"F6",1,27,3727.40698186523
"F6",1,28,4436.98055032991
"F6",1,29,5722.963751619
"F6",1,30,5515.87727242089
"F6",1,31,5203.097670349
"F6",1,32,4060.32844245022
"F6",1,33,5060.75206250813
"F6",1,34,3878.66931269805
"F6",1,35,3955.41559545491
"F6",1,36,4404.60693064901
"F6",1,37,4754.25009883598
"F6",1,38,4173.65346394516
"F6",1,39,4151.73034422153
"F6",1,40,3525.15939989575
"F6",1,41,5907.43196574502
"F6",1,42,6497.24151607959
"F6",1,43,2652.00304649299
"F6",1,44,4879.59791604614
"F6",1,45,5709.93128521028
"F6",1,46,6408.52592730547
"F6",1,47,2675.24950080101
"F6",1,48,4780.547011535
"F6",1,49,3351.61004359802
"F6",1,50,3393.54375032027
"F6",1,51,4529.21041375893
"F6",1,52,3710.46708089009
"F6",1,53,5687.19961838192
"F6",1,54,4094.13174510982
"F6",1,55,6075.35376479187
"F6",1,56,5975.4454898373
"F6",1,57,6580.35414011742
"F6",1,58,5050.8610405203
"F6",1,59,3623.04999588606
"F6",1,60,4544.92228884578
"F6",1,61,5712.13287868648
"F6",1,62,3815.80397466044
"F6",1,63,3911.41732485396
"F6",1,64,4503.37329460361
"F6",1,65,6797.5960419406
"F6",1,66,5658.75714373079
"F6",1,67,5926.94200003285
"F6",1,68,5997.80052631957
"F6",1,69,6223.31336046093
"F6",1,70,6055.06466248947
"F6",1,71,4036.71618359932
"F6",1,72,3319.2074256069
"F6",1,73,3621.10629937237
"F6",1,74,7467.49639240487
"F6",1,75,7595.00426847705
"F6",1,76,4484.73187600207
"F6",1,77,5333.48596949641
"F6",1,78,3023.23833529852
"F6",1,79,4443.48034143704
"F6",1,80,5726.26861173143
"F6",1,81,5465.86678856892
"F6",1,82,3441.64745644162
"F6",1,83,3696.51430483761
"F6",1,84,5005.64135833921
"F6",1,85,6611.64883981833
"F6",1,86,5302.46527146543
"F6",1,87,5401.42793778216
"F6",1,88,4018.61871080545
"F6",1,89,2976.55133548326
"F6",1,90,5115.17617041356
"F6",1,91,4080.22936519222
"F6",1,92,6162.45169039306
"F6",1,93,5238.21063557218
"F6",1,94,3164.42922274361
"F6",1,95,5167.59266062477
"F6",1,96,2075.58477506057
"F6",1,97,5156.07728809441
"F6",1,98,4164.9131080137
"F6",1,99,2275.39032935885
"F6",1,100,2297.30193966535
"F6",1,101,4203.91928600927
"F6",1,102,5235.30856547858
"F6",1,103,4840.36771150308
"F6",1,104,5990.41106922802
"F6",1,105,5469.16309219428
"F6",1,106,6168.38879901731
"F6",1,107,4752.43872384521
"F6",1,108,5142.11567387245
"F6",1,109,6755.71879113515
"F6",1,110,5113.375501323
"F6",1,111,3386.95960252945
"F6",1,112,5110.88852633492
"F6",1,113,4843.35353051097
"F6",1,114,4431.90476945806
"F6",1,115,5233.87524797316
"F6",1,116,2271.178776419
"F6",1,117,5223.17139957842
"F6",1,118,5884.30287017412
"F6",1,119,5119.72378185294
"F6",1,120,5141.29357507044
"F6",1,121,4567.10281895654
"F6",1,122,5752.92330561485
"F6",1,123,3543.88163429528
"F6",1,124,5700.6862928309
"F6",1,125,4219.52211401921
"F6",1,126,4382.41284272308
"F6",1,127,5013.51942924193
"F6",1,128,3654.12392702492
"F6",1,129,7134.95228082183
"F6",1,130,5954.25974321809
"F6",1,131,3008.72621056563
"F6",1,132,5902.18202878201
"F6",1,133,2703.56261623482
"F6",1,134,3667.65365620593
"F6",1,135,5661.53234897941
"F6",1,136,3679.7708007316
"F6",1,137,4673.26751593964
"F6",1,138,4686.50741693053
"F6",1,139,5395.08230994258
"F6",1,140,4376.03120087198
"F6",1,141,5270.51831269746
"F6",1,142,4603.66583054449
"F6",1,143,4610.87754725145
"F6",1,144,7755.33478389803
"F6",1,145,3177.75275126458
"F6",1,146,1724.5113629507
"F6",1,147,5902.70036561475
"F6",1,148,4973.17739787288
"F6",1,149,7706.0020741005
"F6",1,150,6169.24027943173
"F6",1,151,3766.51412368417
"F6",1,152,4177.9666027631
"F6",1,153,5470.65530517776
"F6",1,154,5561.17463524252
"F6",1,155,4967.27989333428
"F6",1,156,4168.32407369946
"F6",1,157,4827.35695840487
"F6",1,158,4152.54877519773
"F6",1,159,4976.02841506547
"F6",1,160,5269.01018889881
"F6",1,161,291.680161387955
"F6",1,162,231.986036733432
"F6",1,163,303.918076450227
"F6",1,164,414.573234638113
"F6",1,165,323.2417782027
"F6",1,166,40
"F6",1,167,497.739478669012
"F6",1,168,96.2337096943218
"F6",1,169,353.594964206959
"F6",1,170,386.105050539956
"F6",1,171,387.844528080966
"F6",1,172,423.426528182003
"F6",1,173,421.987593513208
"F6",1,174,246.467861274717
"F6",1,175,327.348799528974
"F6",1,176,418.823366072007
"F6",1,177,295.521710157949
"F6",1,178,227.643307625887
"F6",1,179,417.11791036917
"F6",1,180,502.056572218539
"F6",1,181,287.283557993179
"F6",1,182,477.775863454285
"F6",1,183,40
"F6",1,184,378.289483312692
"F6",1,185,508.582946163529
"F6",1,186,510.88811892334
"F6",1,187,394.64580453968
"F6",1,188,174.18722444082
"F6",1,189,236.448188093616
"F6",1,190,338.358861214893
"F6",1,191,356.279281137714
"F6",1,192,248.76054958288
"F6",1,193,123.770593031971
"F6",1,194,331.994000565684
"F6",1,195,301.269480286984
"F6",1,196,237.720622440965
"F6",1,197,192.422947000403
"F6",1,198,320.803145469586
"F6",1,199,326.137444515137
"F6",1,200,478.674061917342
"F6",1,201,408.502441759483
"F6",1,202,532.308252251125
"F6",1,203,120.548944434007
"F6",1,204,500.22793593452
"F6",1,205,302.649909016922
"F6",1,206,316.030621540505
"F6",1,207,217.970045370122
"F6",1,208,246.988126826142
"F6",1,209,236.393960692393
"F6",1,210,312.307147823234
"F6",1,211,403.002686875008
"F6",1,212,276.395215318253
"F6",1,213,517.160984305795
"F6",1,214,369.906626995234
"F6",1,215,248.257664644485
"F6",1,216,424.827862884844
"F6",1,217,412.312652783591
"F6",1,218,485.309736243131
"F6",1,219,139.514191097005
"F6",1,220,331.015353945188
"F6",1,221,315.353763157924
"F6",1,222,181.206495244394
"F6",1,223,229.197188441403
"F6",1,224,350.098877621559
"F6",1,225,288.520784546121
"F6",1,226,184.78335274246
"F6",1,227,172.91474967278
"F6",1,228,314.846632761376
"F6",1,229,269.15242698933
"F6",1,230,285.803966706401
"F6",1,231,79.8506992919957
"F6",1,232,403.704638246603
"F6",1,233,395.121760296425
"F6",1,234,69.1727282561604
"F6",1,235,242.292156608906
"F6",1,236,283.358637546383
"F6",1,237,238.277033494387
"F6",1,238,448.368913427359
"F6",1,239,312.117961422756
"F6",1,240,195.668235846875
"F6",1,241,255.93614443407
"F6",1,242,172.746707008843
"F6",1,243,377.570680694431
"F6",1,244,384.928046657889
"F6",1,245,335.274933490429
"F6",1,246,163.4139106628
"F6",1,247,251.552219011643
"F6",1,248,233.233855739644
"F6",1,249,276.521779265125
"F6",1,250,418.678218562015
"F6",1,251,261.14536736627
"F6",1,252,370.473891520945
"F6",1,253,278.214383549604
"F6",1,254,419.63304218965
"F6",1,255,322.972672315123
"F6",1,256,317.23352858839
"F6",1,257,343.521318013736
"F6",1,258,466.739948721112
"F6",1,259,327.46374583535
"F6",1,260,187.717945853618
"F6",1,261,294.092657037836
"F6",1,262,314.716348809611
"F6",1,263,40
"F6",1,264,330.340233241019
"F6",1,265,324.298492230043
"F6",1,266,492.674062509067
"F6",1,267,290.574454499404
"F6",1,268,330.544346670679
"F6",1,269,422.67647273908
"F6",1,270,328.780168844369
"F6",1,271,305.201990314849
"F6",1,272,192.773618189137
"F6",1,273,191.182797757329
"F6",1,274,341.827407577825
"F6",1,275,290.094443350894
"F6",1,276,399.785237610575
"F6",1,277,98.4643788734835
"F6",1,278,136.07739526449
"F6",1,279,487.392627541895
"F6",1,280,342.21825366718
"F6",1,281,40
"F6",1,282,330.962777872294
"F6",1,283,408.71999946689
"F6",1,284,350.360291473239
"F6",1,285,466.998219471863
"F6",1,286,194.488021449122
"F6",1,287,247.278876645626
"F6",1,288,338.360808779555
"F6",1,289,320.530819731858
"F6",1,290,437.33819437441
"F6",1,291,346.251878500074
"F6",1,292,314.296574767215
"F6",1,293,327.155322609832
"F6",1,294,143.825297111316
"F6",1,295,200.837414247958
"F6",1,296,481.888154885115
"F6",1,297,260.720375837977
"F6",1,298,214.010021354793
"F6",1,299,128.495219060023
"F6",1,300,499.381313998728
"F6",1,301,427.338995250747
"F6",1,302,417.056066840968
"F6",1,303,421.806278584173
"F6",1,304,515.611628657474
"F6",1,305,296.899754586476
"F6",1,306,456.097179866472
"F6",1,307,123.059429330907
"F6",1,308,238.232273612368
"F6",1,309,196.155670951755
"F6",1,310,264.6964764834
"F6",1,311,612.237484004187
"F6",1,312,454.292461646401
"F6",1,313,422.245426934609
"F6",1,314,225.925621462425
"F6",1,315,247.101955649647
"F6",1,316,149.193627384559
"F6",1,317,575.258220345704
"F6",1,318,533.540146831362
"F6",1,319,353.332570453121
"F6",1,320,390.811793819131
"F6",1,321,423.987485787973
"F6",1,322,410.964407274189
"F6",1,323,205.996919627701
"F6",1,324,260.465107821197
"F6",1,325,404.881504409715
"F6",1,326,331.43043050088
"F6",1,327,207.456734106745
"F6",1,328,315.889502495271
"F6",1,329,474.247844778475
"F6",1,330,377.633184799039
"F6",1,331,461.403529446737
"F6",1,332,272.276506432529
"F6",1,333,425.751753777901
"F6",1,334,40
"F6",1,335,115.689938785353
"F6",1,336,300.341090578095
"F6",1,337,459.801036609592
"F6",1,338,350.162590547802
"F6",1,339,257.035413960514
"F6",1,340,152.302956664566
"F6",1,341,318.190670137493
"F6",1,342,567.025285903397
"F6",1,343,412.857209625869
"F6",1,344,335.739230899945
"F6",1,345,338.565182671011
"F6",1,346,436.732963807604
"F6",1,347,356.52764341647
"F6",1,348,168.759269365463
"F6",1,349,457.404684736925
"F6",1,350,363.650684044239
"F6",1,351,327.79836936547
"F6",1,352,352.3584989002
"F6",1,353,322.974314952496
"F6",1,354,476.187904646323
"F6",1,355,267.421562429035
"F6",1,356,200.662798200567
"F6",1,357,170.758295771918
"F6",1,358,272.432812872066
"F6",1,359,613.722423112128
"F6",1,360,464.895714724154
"F6",1,361,56.6033859330944
"F6",1,362,241.940666883811
"F6",1,363,336.137171604964
"F6",1,364,626.982539832748
"F6",1,365,401.025266627641
"F6",1,366,497.765382397163
"F6",1,367,167.758687631483
"F6",1,368,132.231966669546
"F6",1,369,170.60641876279
"F6",1,370,523.582852039039
"F6",1,371,485.727033654947
"F6",1,372,167.252255963375
"F6",1,373,338.269740082927
"F6",1,374,472.067199684083
"F6",1,375,429.362463267658
"F6",1,376,159.664000584061
"F6",1,377,337.018357028991
"F6",1,378,361.654218376166
"F6",1,379,386.922193062982
"F6",1,380,291.473457171137
"F6",1,381,40
"F6",1,382,341.278636499778
"F6",1,383,300.809761359916
"F6",1,384,182.167503041001
"F6",1,385,263.694969454252
"F6",1,386,234.460995836204
"F6",1,387,378.265183734267
"F6",1,388,172.342690673203
"F6",1,389,508.947257419225
"F6",1,390,245.480260236847
"F6",1,391,110.315335127958
"F6",1,392,537.399793481509
"F7",1,1,6119.63570705481
"F7",1,2,6008.62382731778
"F7",1,3,4639.16684742485
"F7",1,4,4157.30045911244
"F7",1,5,5117.67219094659
"F7",1,6,2532.23320144278
"F7",1,7,5613.86207617297
"F7",1,8,3525.31135690221
"F7",1,9,7497.74874132917
"F7",1,10,4117.36971694156
"F7",1,11,8647.21842634902
"F7",1,12,3856.66449669221
"F7",1,13,3426.40903704502
"F7",1,14,2032.59454123945
"F7",1,15,4565.59181007974
"F7",1,16,2489.94291596572
"F7",1,17,5749.82971709132
"F7",1,18,5071.94599363544
"F7",1,19,5598.96782926738
"F7",1,20,4202.6958431569
"F7",1,21,5266.5805580022
"F7",1,22,6153.72261847581
"F7",1,23,3835.7602966632
"F7",1,24,2981.05603967173
"F7",1,25,5163.70610826017
"F7",1,26,6809.03178480161
"F7",1,27,3537.14637566707
"F7",1,28,4076.30632431869
"F7",1,29,6306.28320428158
"F7",1,30,5530.98452438274
"F7",1,31,5744.87063701087
"F7",1,32,4310.11616389534
"F7",1,33,4545.2364074892
"F7",1,34,5576.45041153156
"F7",1,35,2793.9932075234
"F7",1,36,4323.5470654909
"F7",1,37,6718.85604680351
"F7",1,38,4810.02450720978
"F7",1,39,3722.30872294464
"F7",1,40,2931.42464815117
"F7",1,41,5052.97085749457
"F7",1,42,4459.26685058121
"F7",1,43,5374.58443082965
"F7",1,44,4407.00370116957
"F7",1,45,5109.82861590661
"F7",1,46,4392.57418166765
"F7",1,47,2133.01914063863
"F7",1,48,4480.14321797541
"F7",1,49,3770.08733909608
"F7",1,50,6123.05283740105
"F7",1,51,6775.60770245424
"F7",1,52,5261.64372117774
"F7",1,53,3800.61405084844
"F7",1,54,5596.77595243942
"F7",1,55,3225.79401670761
"F7",1,56,5100.65631091242
"F7",1,57,4237.66570706253
"F7",1,58,6832.74440300504
"F7",1,59,4040.73104177592
"F7",1,60,6333.98210220914
"F7",1,61,5037.72667722603
"F7",1,62,5928.04641662467
"F7",1,63,6662.20678985943
"F7",1,64,2057.91617475077
"F7",1,65,5949.88570607813
"F7",1,66,6553.9615192549
"F7",1,67,6533.24397178921
"F7",1,68,2494.56678250422
"F7",1,69,6202.33297675077
"F7",1,70,4517.41422722958
"F7",1,71,4189.21985825398
"F7",1,72,4084.26637798516
"F7",1,73,4230.63822056711
"F7",1,74,4868.44098315689
"F7",1,75,7218.39621673926
"F7",1,76,4980.54300126168
"F7",1,77,4859.76325503862
"F7",1,78,5101.9709150704
"F7",1,79,5376.52194194068
"F7",1,80,4154.30465141422
"F7",1,81,4982.29940800313
"F7",1,82,5659.34782340818
"F7",1,83,6939.86773630145
"F7",1,84,3685.70638527677
"F7",1,85,7044.38890254545
"F7",1,86,2498.2078023009
"F7",1,87,7701.01599614293
"F7",1,88,6305.28594263297
"F7",1,89,4756.87810806431
"F7",1,90,2597.43229482408
"F7",1,91,5555.39211569233
"F7",1,92,4780.7607395367
"F7",1,93,6104.93732547604
"F7",1,94,4751.65617784515
"F7",1,95,4298.53073353828
"F7",1,96,3963.56940140005
"F7",1,97,6817.37492685408
"F7",1,98,1800.62250377742
"F7",1,99,4324.17414605495
"F7",1,100,3481.65386745126
"F7",1,101,4040.99630276715
"F7",1,102,2291.35651695875
"F7",1,103,4161.45495865198
"F7",1,104,4119.00264670717
"F7",1,105,5136.45995231705
"F7",1,106,6519.87193851376
"F7",1,107,3124.40507836084
"F7",1,108,4196.64437419144
"F7",1,109,5606.38973649649
"F7",1,110,5132.89695076525
"F7",1,111,5131.9361099041
"F7",1,112,3924.11967194507
"F7",1,113,4676.017148093
"F7",1,114,3378.59208948193
"F7",1,115,7104.46363853571
"F7",1,116,6835.17050163603
"F7",1,117,3002.19569756436
"F7",1,118,5651.50910960907
"F7",1,119,4387.97739629362
"F7",1,120,8010.22991920161
"F7",1,121,3665.71317305935
"F7",1,122,3140.92166041202
"F7",1,123,4725.06773052372
"F7",1,124,5031.17949843385
"F7",1,125,5445.43063419139
"F7",1,126,2943.61339149313
"F7",1,127,6030.67418776277
"F7",1,128,240.939133784341
"F7",1,129,392.634108407821
"F7",1,130,352.47269600208
"F7",1,131,241.06345705148
"F7",1,132,126.26333974685
"F7",1,133,128.627347022609
"F7",1,134,363.935896144549
"F7",1,135,199.508436132671
"F7",1,136,471.617325304878
"F7",1,137,256.700675188407
"F7",1,138,303.333599887741
"F7",1,139,347.900288326734
"F7",1,140,223.43987034514
"F7",1,141,395.880430014235
"F7",1,142,117.156399534521
"F7",1,143,182.075398395256
"F7",1,144,130.255186824778
"F7",1,145,478.413592719054
"F7",1,146,97.0254801471916
"F7",1,147,244.434663999245
"F7",1,148,450.49835632049
"F7",1,149,129.870845652983
"F7",1,150,178.448547865208
"F7",1,151,227.357986507967
"F7",1,152,430.242546697808
"F7",1,153,573.309242633896
"F7",1,154,319.47947847706
"F7",1,155,192.68069530241
"F7",1,156,359.099532624631
"F7",1,157,315.292398974339
"F7",1,158,295.005040441495
"F7",1,159,374.333195806233
"F7",1,160,501.109989532639
"F7",1,161,147.800886796027
"F7",1,162,248.686698763459
"F7",1,163,396.240304257557
"F7",1,164,217.414546165373
"F7",1,165,201.566352869274
"F7",1,166,585.555239376368
"F7",1,167,290.102075693501
"F7",1,168,393.036150306583
"F7",1,169,186.134454843834
"F7",1,170,248.971670123817
"F7",1,171,298.021877760562
"F7",1,172,368.364272040495
"F7",1,173,517.840821668966
"F7",1,174,264.746630148484
"F7",1,175,157.927723980528
"F7",1,176,599.455682677009
"F7",1,177,438.055899248296
"F7",1,178,157.236556966598
"F7",1,179,346.952966288491
"F7",1,180,243.141646038245
"F7",1,181,229.343431715476
"F7",1,182,312.729225009301
"F7",1,183,568.34383971808
"F7",1,184,82.416088009949
"F7",1,185,335.965241634564
"F7",1,186,385.062085175109
"F7",1,187,368.879177005804
"F7",1,188,234.144810533759
"F7",1,189,341.075967311508
"F7",1,190,299.03191172871
"F7",1,191,182.106207270053
"F7",1,192,453.051461616032
"F7",1,193,342.04554019636
"F7",1,194,190.615581962467
"F7",1,195,144.046892226834
"F7",1,196,406.777474585233
"F7",1,197,196.938560500436
"F7",1,198,318.360338732372
"F7",1,199,301.378153462151
"F7",1,200,641.622730047249
"F7",1,201,452.345868792558
"F7",1,202,362.460322113865
"F7",1,203,361.095625393801
"F7",1,204,344.567486115111
"F7",1,205,337.143293455579
"F7",1,206,186.08687917044
"F7",1,207,83.9212292028087
"F7",1,208,406.450686289528
"F7",1,209,560.048719937018
"F7",1,210,403.967007798715
"F7",1,211,250.44294952359
"F7",1,212,463.271027630662
"F7",1,213,257.08105535753
"F7",1,214,294.884738983585
"F7",1,215,148.507067492219
"F7",1,216,275.825065050563
"F7",1,217,373.797959534288
"F7",1,218,394.586349612194
"F7",1,219,232.429887391793
"F7",1,220,235.96334279055
"F7",1,221,382.749934008362
"F7",1,222,298.107945058812
"F7",1,223,400.472146898698
"F7",1,224,346.990454734273
"F7",1,225,403.599434157936
"F7",1,226,380.303661947812
"F7",1,227,238.243095060601
"F7",1,228,341.462299642966
"F7",1,229,577.114761560038
"F7",1,230,224.892585837361
"F7",1,231,370.063048301449
"F7",1,232,262.306485611664
"F7",1,233,224.444439983118
"F7",1,234,327.749086380408
"F7",1,235,405.614652096477
"F7",1,236,363.668439865466
"F7",1,237,259.531245432644
"F7",1,238,315.404064398856
"F7",1,239,221.571706407075
"F7",1,240,384.972062409526
"F7",1,241,267.474832987144
"F7",1,242,276.014810489171
"F7",1,243,351.997323741577
"F7",1,244,398.561810738719
"F7",1,245,144.610378140102
"F7",1,246,439.296893399928
"F7",1,247,306.426754887677
"F7",1,248,428.841855663082
"F7",1,249,154.7987277413
"F7",1,250,139.410602183616
"F7",1,251,118.882564011147
"F7",1,252,256.840592412932
"F7",1,253,386.926489600875
"F7",1,254,389.870528185436
"F7",1,255,416.717961434345
"F7",1,256,237.059409193392
"F7",1,257,350.226531632115
"F7",1,258,370.718893229408
"F7",1,259,342.32104994395
"F7",1,260,297.598173989746
"F7",1,261,364.233260384736
"F7",1,262,73.6037299500574
"F7",1,263,432.206028137228
"F7",1,264,466.525468405232
"F7",1,265,275.014286275707
"F7",1,266,332.901455819223
"F7",1,267,236.03909976638
"F7",1,268,187.925661280952
"F7",1,269,378.521207259484
"F7",1,270,284.64311152628
"F7",1,271,426.244531780668
"F7",1,272,238.454481209078
"F7",1,273,325.826577753945
"F7",1,274,218.604661578291
"F7",1,275,138.550801450853
"F7",1,276,561.482455076332
"F7",1,277,249.939585343852
"F7",1,278,615.776186297489
"F7",1,279,330.514690393673
"F7",1,280,376.042085360448
"F7",1,281,316.789110130448
"F7",1,282,225.114264028448
"F7",1,283,73.0714813492734
"F7",1,284,295.201655643584
"F7",1,285,226.997513948469
"F7",1,286,422.370273056225
"F7",1,287,176.704993351463
"F7",1,288,267.853171072707
"F7",1,289,276.039799120469
"F7",1,290,502.901736304074
"F7",1,291,418.922757997802
"F7",1,292,263.863397636092
"F7",1,293,197.626371823194
"F7",1,294,451.803363386284
"F7",1,295,172.033135633724
"F7",1,296,268.966789123501
"F7",1,297,300.294680469425
"F7",1,298,482.095663651779
"F7",1,299,378.805398162566
"F7",1,300,323.272168890491
"F7",1,301,423.90226206474
"F7",1,302,338.738316646208
"F7",1,303,350.777578410343
"F7",1,304,353.502996387546
"F7",1,305,334.750587413376
"F7",1,306,432.795200458354
"F7",1,307,465.572324793569
"F7",1,308,361.263454049432
"F7",1,309,536.686706581535
"F7",1,310,294.814871203147
"F7",1,311,489.569418818484
"F7",1,312,272.738767589914
"F7",1,313,512.048261081587
"F7",1,314,310.877693164983
"F7",1,315,172.723920959713
"F7",1,316,280.415877026051
"F7",1,317,527.964339476256
"F7",1,318,73.2536502248
"F7",1,319,284.200163276516
"F7",1,320,510.227825123161
"F7",1,321,240.015811490735
"F7",1,322,490.764311118686
"F7",1,323,314.679185693497
"F7",1,324,225.78029390201
"F7",1,325,285.824937896441
"F7",1,326,40
"F7",1,327,371.767151985403
"F7",1,328,326.213685540838
"F7",1,329,466.160723510821
"F7",1,330,259.575899908454
"F7",1,331,304.595937207347
"F7",1,332,172.839217403918
"F7",1,333,268.951481258068
"F7",1,334,391.046970153697
"F7",1,335,160.633963609328
"F7",1,336,284.434071690011
"F7",1,337,259.682231685647
"F7",1,338,540.144225244024
"F7",1,339,592.872599365805
"F7",1,340,192.894514034481
"F7",1,341,431.879841830127
"F7",1,342,310.229125805986
"F7",1,343,241.212305230853
"F7",1,344,391.766499494236
"F7",1,345,318.252171329074
"F7",1,346,421.765542182753
"F7",1,347,102.68864401448
"F7",1,348,386.089553737649
"F7",1,349,285.355883717649
"F7",1,350,414.636017332048
"F7",1,351,234.343016248753
"F7",1,352,223.439047832957
"F7",1,353,440.683183117284
"F7",1,354,190.23661458114
"F7",1,355,271.339116008087
"F7",1,356,223.537399034961
"F7",1,357,389.420434221366
"F7",1,358,396.368068348424
"F7",1,359,443.061724861475
"F7",1,360,275.295688642832
"F7",1,361,275.399791371785
"F7",1,362,568.881078645653
"F7",1,363,227.018485509357
"F7",1,364,352.734016497531
"F7",1,365,477.887505853157
"F7",1,366,309.685429979607
"F7",1,367,571.815129593993
"F7",1,368,214.657253111715
"F7",1,369,337.960916473299
"F7",1,370,400.20358044472
"F7",1,371,392.689176156596
"F7",1,372,204.65105559578
"F7",1,373,385.745248916673
"F7",1,374,187.095998385921
"F7",1,375,407.102277288139
"F7",1,376,465.766856496158
"F7",1,377,243.451062957774
"F7",1,378,92.2205718490823
"F7",1,379,40
"F7",1,380,149.272223574912
"F7",1,381,322.779905696655
"F7",1,382,143.257708041148
"F7",1,383,236.806239921517
"F7",1,384,67.557581250442
"F7",1,385,522.242318302905
"F7",1,386,160.776748501317
"F7",1,387,362.45382644138
"F7",1,388,272.489771642372
"F7",1,389,204.138220734598
"F7",1,390,458.108801801234
"F7",1,391,167.952276386051
"F7",1,392,415.807538578046
"F7",1,393,406.453432900289
"F8",1,1,3962.78520595092
"F8",1,2,5331.85790145969
"F8",1,3,6409.63917659801
"F8",1,4,4167.49384740242
"F8",1,5,1267.35886100972
"F8",1,6,4360.58607029335
"F8",1,7,5975.09170296184
"F8",1,8,2423.1969916155
"F8",1,9,5799.46589037341
"F8",1,10,4178.17338233724
"F8",1,11,4455.9566186999
"F8",1,12,2132.59882525587
"F8",1,13,4431.24637740623
"F8",1,14,6329.66005918835
"F8",1,15,2641.79492426581
"F8",1,16,3589.43589397133
"F8",1,17,4357.85958120333
"F8",1,18,3819.77371970245
"F8",1,19,8170.96428188578
"F8",1,20,1624.77389801369
"F8",1,21,5947.24969022896
"F8",1,22,4414.97489899471
"F8",1,23,3848.82500168806
"F8",1,24,2916.5391127559
"F8",1,25,4582.86360484302
"F8",1,26,2817.604658756
"F8",1,27,5503.50761516206
"F8",1,28,5483.99422275302
"F8",1,29,4857.65800398789
"F8",1,30,5025.05081158637
"F8",1,31,1838.51838885652
"F8",1,32,5056.5245061161
"F8",1,33,5685.73553609045
"F8",1,34,4473.18417479859
"F8",1,35,4520.38010927391
"F8",1,36,4570.0966064402
"F8",1,37,4004.35737695651
"F8",1,38,3508.05305252636
"F8",1,39,5996.48292762888
"F8",1,40,2665.32752734691
"F8",1,41,5338.33981622028
"F8",1,42,6029.9831584181
"F8",1,43,3589.49608988817
"F8",1,44,5343.96432226555
"F8",1,45,4801.33486993476
"F8",1,46,4200.13726454005
"F8",1,47,4466.48227026761
"F8",1,48,6236.35298166981
"F8",1,49,3717.70358955285
"F8",1,50,6813.70336927485
"F8",1,51,5143.06750410899
"F8",1,52,3807.36917038807
"F8",1,53,4703.19560695723
"F8",1,54,5643.08137514311
"F8",1,55,5821.95525049381
"F8",1,56,5986.20183275439
"F8",1,57,4777.98039414464
"F8",1,58,2633.28842096262
"F8",1,59,6517.2792248499
"F8",1,60,6438.79437515793
"F8",1,61,5783.25129781246
"F8",1,62,2113.68317138791
"F8",1,63,6542.5732022316
"F8",1,64,7255.06973859228
"F8",1,65,4000.11605756663
"F8",1,66,3920.12548021392
"F8",1,67,2928.09664322227
"F8",1,68,5856.45496559817
"F8",1,69,5059.42492391269
"F8",1,70,4983.82445577649
"F8",1,71,4990.12023609695
"F8",1,72,1999.12141237173
"F8",1,73,4220.26078309775
"F8",1,74,2873.36663137199
"F8",1,75,5409.89103930155
"F8",1,76,4995.17064364791
"F8",1,77,4214.54242782423
"F8",1,78,4081.6233918969
"F8",1,79,5392.62997590141
"F8",1,80,5676.88539832133
"F8",1,81,3776.25106102262
"F8",1,82,7220.2330818823
"F8",1,83,7289.58344069901
"F8",1,84,4401.84839783015
"F8",1,85,5187.70418184024
"F8",1,86,3902.72659135826
"F8",1,87,4390.70244208232
"F8",1,88,6857.50430703226
"F8",1,89,2156.47558035408
"F8",1,90,5699.80835514092
"F8",1,91,4228.74904155778
"F8",1,92,60.2180552324118
"F8",1,93,457.181248427544
"F8",1,94,520.356290121164
"F8",1,95,217.621432929592
"F8",1,96,372.609689231908
"F8",1,97,216.917944525229
"F8",1,98,330.069998493843
"F8",1,99,295.184361889639
"F8",1,100,372.33735890021
"F8",1,101,358.408830461504
"F8",1,102,137.175726465253
"F8",1,103,340.028964624205
"F8",1,104,467.676962252438
"F8",1,105,49.5480193406482
"F8",1,106,545.483334949428
"F8",1,107,165.822531846017
"F8",1,108,350.936507954068
"F8",1,109,421.782829124043
"F8",1,110,243.417257294698
"F8",1,111,389.808250272693
"F8",1,112,291.306655066175
"F8",1,113,475.796646741237
"F8",1,114,125.187669984842
"F8",1,115,301.379772353187
"F8",1,116,369.381387338481
"F8",1,117,103.113783508621
"F8",1,118,368.85451875396
"F8",1,119,526.81171386798
"F8",1,120,264.019150975108
"F8",1,121,520.872336456565
"F8",1,122,300.062383668594
"F8",1,123,287.89101509424
"F8",1,124,267.136031204307
"F8",1,125,192.037941645128
"F8",1,126,278.878524864725
"F8",1,127,110.871525950427
"F8",1,128,215.278173573102
"F8",1,129,442.664214294664
"F8",1,130,222.346959398719
"F8",1,131,234.199523560466
"F8",1,132,207.356531961119
"F8",1,133,297.340115694847
"F8",1,134,309.364452623372
"F8",1,135,251.095000500529
"F8",1,136,141.071490170505
"F8",1,137,332.73818240484
"F8",1,138,289.432880882656
"F8",1,139,406.593952701516
"F8",1,140,185.350021191119
"F8",1,141,219.027286196015
"F8",1,142,103.527610843433
"F8",1,143,243.385127192877
"F8",1,144,251.497034431452
"F8",1,145,379.208116385733
"F8",1,146,459.339550260548
"F8",1,147,133.9038150719
"F8",1,148,454.247419802068
"F8",1,149,243.287049427317
"F8",1,150,402.763957591844
"F8",1,151,279.056303908164
"F8",1,152,367.430861620396
"F8",1,153,190.580670742655
"F8",1,154,366.365127837249
"F8",1,155,311.505437090581
"F8",1,156,408.860547449697
"F8",1,157,577.562614944183
"F8",1,158,333.177368473786
"F8",1,159,323.784344279575
"F8",1,160,332.375021192778
"F8",1,161,262.553570698732
"F8",1,162,459.600761264307
"F8",1,163,295.461133672741
"F8",1,164,162.927289533068
"F8",1,165,479.68326184995
"F8",1,166,221.835424014825
"F8",1,167,260.123743705333
"F8",1,168,317.714021425593
"F8",1,169,333.549477816325
"F8",1,170,209.466586721224
"F8",1,171,412.421238968584
"F8",1,172,334.056151210999
"F8",1,173,190.39850850363
"F8",1,174,285.229899356379
"F8",1,175,400.524688136675
"F8",1,176,388.565108743172
"F8",1,177,495.234361152953
"F8",1,178,487.411597668694
"F8",1,179,304.716556587345
"F8",1,180,196.051143852713
"F8",1,181,380.095708182862
"F8",1,182,462.162820943478
"F8",1,183,423.284409877749
"F8",1,184,352.482960085918
"F8",1,185,297.443765104421
"F8",1,186,268.874573887544
"F8",1,187,340.200037244183
"F8",1,188,252.9888661433
"F8",1,189,490.917884253024
"F8",1,190,219.210330587151
"F8",1,191,270.094551694545
"F8",1,192,159.351281102448
"F8",1,193,317.398896335195
"F8",1,194,396.071414686266
"F8",1,195,393.911259713694
"F8",1,196,487.671884087258
"F8",1,197,168.605426291192
"F8",1,198,378.031813990584
"F8",1,199,294.32794634422
"F8",1,200,475.726236713572
"F8",1,201,179.21859192037
"F8",1,202,366.986061692088
"F8",1,203,618.037823817524
"F8",1,204,409.515590400189
"F8",1,205,116.071930889357
"F8",1,206,313.88794874144
"F8",1,207,162.216725698367
"F8",1,208,128.502235009328
"F8",1,209,207.162721811272
"F8",1,210,520.517294267121
"F8",1,211,125.746601991822
"F8",1,212,381.83214902265
"F8",1,213,292.042850483205
"F8",1,214,302.143807184902
"F8",1,215,429.136541943074
"F8",1,216,410.290439280871
"F8",1,217,378.119226909077
"F8",1,218,260.619210181927
"F8",1,219,285.972598175721
"F8",1,220,406.771072096218
"F8",1,221,379.954687550291
"F8",1,222,294.563291517826
"F8",1,223,201.396275592053
"F8",1,224,265.34298376646
"F8",1,225,336.044731313854
"F8",1,226,405.916731142365
"F8",1,227,479.844647761467
"F8",1,228,359.52468111026
"F8",1,229,396.020363353031
"F8",1,230,409.926128486481
"F8",1,231,169.118690881097
"F8",1,232,341.797562791812
"F8",1,233,499.174717625756
"F8",1,234,480.616505827993
"F8",1,235,452.325000343135
"F8",1,236,307.836448837197
"F8",1,237,283.037906738065
"F8",1,238,401.028829140381
"F8",1,239,415.633635464711
"F8",1,240,318.613911469672
"F8",1,241,328.979623676824
"F8",1,242,243.868230215416
"F8",1,243,335.760646088755
"F8",1,244,363.81857640856
"F8",1,245,457.725985327748
"F8",1,246,340.308783200378
"F8",1,247,519.225418244763
"F8",1,248,458.719054036032
"F8",1,249,323.705661787031
"F8",1,250,299.611336816027
"F8",1,251,291.571506681937
"F8",1,252,189.361305599569
"F8",1,253,351.884488435634
"F8",1,254,157.756843105465
"F8",1,255,197.46758995362
"F8",1,256,189.728145118824
"F8",1,257,411.830322808244
"F8",1,258,332.149742127359
"F8",1,259,296.175545436967
"F8",1,260,213.985525114171
"F8",1,261,422.479479560548
"F8",1,262,406.761189715699
"F8",1,263,334.125811770001
"F8",1,264,363.021996625722
"F8",1,265,236.446557897796
"F8",1,266,411.967669551146
"F8",1,267,335.887841538583
"F8",1,268,261.28449686374
"F8",1,269,146.59270435595
"F8",1,270,457.670756768362
"F8",1,271,355.126171169314
"F8",1,272,331.863529300434
"F8",1,273,361.183502769522
"F8",1,274,163.681154330776
"F8",1,275,482.633982183491
"F8",1,276,240.847190733372
"F8",1,277,241.300330615926
"F8",1,278,411.047130831651
"F8",1,279,348.808374285773
"F8",1,280,263.99721079349
"F8",1,281,133.800084796286
"F8",1,282,220.709697245415
"F8",1,283,363.682757663089
"F8",1,284,300.332940702591
"F8",1,285,384.227085555856
"F8",1,286,289.516065643751
"F8",1,287,232.352377632673
"F8",1,288,219.038985485066
"F8",1,289,309.345749937969
"F8",1,290,274.102082336956
"F8",1,291,105.974872293147
"F8",1,292,403.564589918085
"F8",1,293,134.710416523526
"F8",1,294,304.440171983276
"F8",1,295,210.944009864183
"F8",1,296,323.347958700105
"F8",1,297,572.781358410627
"F8",1,298,472.634124514126
"F8",1,299,142.47866976651
"F8",1,300,230.852133233585
"F8",1,301,151.921444359226
"F8",1,302,391.65839969004
"F8",1,303,381.495718641922
"F8",1,304,329.735777695352
"F8",1,305,213.742930853575
"F8",1,306,385.432533437717
"F8",1,307,202.178307152953
"F8",1,308,390.963493508076
"F8",1,309,333.499763397536
"F8",1,310,69.462689946738
"F8",1,311,417.181196905942
"F8",1,312,227.015525506074
"F8",1,313,237.143688223311
"F8",1,314,271.595503556746
"F8",1,315,236.134594901945
"F8",1,316,356.917288283451
"F8",1,317,263.635844492763
"F8",1,318,206.585329465442
"F8",1,319,363.23535081319
"F8",1,320,373.065541479757
"F8",1,321,471.202095821609
"F8",1,322,326.132904432504
"F8",1,323,402.864512455958
"F8",1,324,159.861545146812
"F8",1,325,315.397825360367
"F8",1,326,400.888280965472
"F8",1,327,318.431331539334
"F8",1,328,410.987785836776
"F8",1,329,270.025130033995
"F8",1,330,354.350879730975
"F8",1,331,457.659535907348
"F8",1,332,361.986594107322
"F8",1,333,281.8182575739
"F8",1,334,405.027630138048
"F8",1,335,341.366987323028
"F8",1,336,220.071530247729
"F8",1,337,323.133879752609
"F8",1,338,149.212759554784
"F8",1,339,406.893504497113
"F8",1,340,478.848573831426
"F8",1,341,119.496968999935
"F8",1,342,173.145675282284
"F8",1,343,505.255192416181
"F8",1,344,151.555276604437
"F8",1,345,128.171451978568
"F8",1,346,195.837269220981
"F8",1,347,73.1976949064369
"F8",1,348,187.182990312204
"F8",1,349,112.914943665857
"F8",1,350,194.567247142456
"F8",1,351,398.141897065363
"F8",1,352,349.001042473923
"F8",1,353,403.205374922802
"F8",1,354,324.871019097337
"F8",1,355,374.303316726183
"F8",1,356,419.735715706923
"F8",1,357,241.827175295844
"F8",1,358,390.662777060122
"F8",1,359,80.6285707322808
"F8",1,360,329.968878850372
"F8",1,361,394.500563475071
"F8",1,362,586.797556246424
"F8",1,363,465.374222921593
"F8",1,364,251.845766958999
"F9",1,1,4268.62858200896
"F9",1,2,4007.90502623556
"F9",1,3,3795.36480374998
"F9",1,4,7757.28655208842
"F9",1,5,6799.73911111007
"F9",1,6,3834.93630124868
"F9",1,7,3031.45578024866
"F9",1,8,5654.32959551954
"F9",1,9,3532.35005981975
"F9",1,10,4626.22618217204
"F9",1,11,5515.48660772338
"F9",1,12,3902.16012189917
"F9",1,13,2549.5475835627
"F9",1,14,4324.37993725563
"F9",1,15,3524.5644767309
"F9",1,16,4986.2409375276
"F9",1,17,4172.14624066551
"F9",1,18,5531.34956119901
"F9",1,19,4117.66713201219
"F9",1,20,5745.79185891298
"F9",1,21,4648.6444218038
"F9",1,22,2462.38195327224
"F9",1,23,4471.65924376588
"F9",1,24,5384.20841372936
"F9",1,25,7074.59806401314
"F9",1,26,3997.43195223101
"F9",1,27,6125.32397072593
"F9",1,28,3063.79472898967
"F9",1,29,4166.754119212
"F9",1,30,6085.90564114428
"F9",1,31,5104.24330891384
"F9",1,32,4405.38933709021
"F9",1,33,6296.95764360398
"F9",1,34,3939.53462590449
"F9",1,35,3914.37576308365
"F9",1,36,4564.33284551453
"F9",1,37,3590.8219655595
"F9",1,38,5809.45012185985
"F9",1,39,3706.94220524949
"F9",1,40,5307.35281078847
"F9",1,41,4675.77325836578
"F9",1,42,5317.60095033987
"F9",1,43,4810.32838942374
"F9",1,44,2276.11370968262
"F9",1,45,3825.93135444701
"F9",1,46,3161.52634648932
"F9",1,47,4297.98663489731
"F9",1,48,4134.97397334844
"F9",1,49,3519.81026720621
"F9",1,50,2623.07867199858
"F9",1,51,4372.55716271478
"F9",1,52,4132.32873521334
"F9",1,53,2100.86647674461
"F9",1,54,3456.59818964141
"F9",1,55,3702.95590129793
"F9",1,56,5159.14889717751
"F9",1,57,7008.54529056822
"F9",1,58,6628.84469535764
"F9",1,59,5820.1944145527
"F9",1,60,3248.76081585641
"F9",1,61,6256.1004649871
"F9",1,62,5388.84771746012
"F9",1,63,3675.52890924249
"F9",1,64,6345.58455265094
"F9",1,65,6401.07766829286
"F9",1,66,6250.36275483997
"F9",1,67,4235.9313946317
"F9",1,68,5240.48298197611
"F9",1,69,384.128684894173
"F9",1,70,564.998513142282
"F9",1,71,246.960777940143
"F9",1,72,355.032688552527
"F9",1,73,415.735898854976
"F9",1,74,372.281642091082
"F9",1,75,206.251298492769
"F9",1,76,222.047431814107
"F9",1,77,442.2906591747
"F9",1,78,388.425494146215
"F9",1,79,342.242342566276
"F9",1,80,237.030633596219
"F9",1,81,439.880614469881
"F9",1,82,100.722334912518
"F9",1,83,183.533955635505
"F9",1,84,436.141616833326
"F9",1,85,289.382469355711
"F9",1,86,119.897420456521
"F9",1,87,331.740693895793
"F9",1,88,550.035633486015
"F9",1,89,361.752636217467
"F9",1,90,132.323501327146
"F9",1,91,318.615859125602
"F9",1,92,298.92616806356
"F9",1,93,400.483528389989
"F9",1,94,369.338917516928
"F9",1,95,245.266388596624
"F9",1,96,92.8109997277001
"F9",1,97,333.195698227838
"F9",1,98,366.077864329442
"F9",1,99,503.188482725182
"F9",1,100,542.912532512385
"F9",1,101,439.652782809933
"F9",1,102,438.888287633612
"F9",1,103,163.186465330986
"F9",1,104,466.41413860245
"F9",1,105,426.238273039588
"F9",1,106,369.328742352092
"F9",1,107,221.295106632014
"F9",1,108,251.687448316161
"F9",1,109,725.272312466796
"F9",1,110,344.764732515441
"F9",1,111,390.122903221476
"F9",1,112,188.591562770348
"F9",1,113,214.759562307407
"F9",1,114,453.415863984712
"F9",1,115,256.420586635751
"F9",1,116,123.316688494677
"F9",1,117,299.072778880713
"F9",1,118,373.475306206957
"F9",1,119,257.246485379889
"F9",1,120,376.568814344882
"F9",1,121,211.118695825402
"F9",1,122,304.834014767175
"F9",1,123,442.481526920205
"F9",1,124,238.403189554467
"F9",1,125,341.811791751694
"F9",1,126,383.927106337083
"F9",1,127,437.533104644269
"F9",1,128,469.889634917422
"F9",1,129,292.866029346766
"F9",1,130,227.987690229597
"F9",1,131,493.269627017682
"F9",1,132,356.114331038791
"F9",1,133,300.355660869056
"F9",1,134,250.113692493606
"F9",1,135,382.551473036969
"F9",1,136,323.647552786783
"F9",1,137,183.222636548132
"F9",1,138,350.37119126973
"F9",1,139,40
"F9",1,140,614.842474239316
"F9",1,141,511.126719437402
"F9",1,142,238.931092437176
"F9",1,143,331.009899358295
"F9",1,144,362.908206275451
"F9",1,145,242.803106018302
"F9",1,146,246.559228037986
"F9",1,147,406.911707523028
"F9",1,148,460.165739000114
"F9",1,149,407.500786255848
"F9",1,150,232.734038858636
"F9",1,151,420.006343308433
"F9",1,152,520.600564380817
"F9",1,153,289.025342761854
"F9",1,154,418.475091498773
"F9",1,155,697.443167067866
"F9",1,156,98.7072377720656
"F9",1,157,299.069378728852
"F9",1,158,338.983529909922
"F9",1,159,117.084518599507
"F9",1,160,274.079798057959
"F9",1,161,276.160521074047
"F9",1,162,51.5215233522492
"F9",1,163,366.341099871882
"F9",1,164,118.072550858386
"F9",1,165,330.059970525314
"F9",1,166,356.465214120071
"F9",1,167,132.076145178929
"F9",1,168,132.941608863431
"F9",1,169,228.269405228039
"F9",1,170,175.784054261586
"F9",1,171,545.922356104385
"F9",1,172,147.513408823067
"F9",1,173,410.404025318018
"F9",1,174,308.720009817824
"F9",1,175,243.662971651942
"F9",1,176,302.560633774684
"F9",1,177,373.907952253151
"F9",1,178,353.29757210219
"F9",1,179,203.041583741121
"F9",1,180,242.928424114463
"F9",1,181,339.614806849875
"F9",1,182,441.800749379068
"F9",1,183,267.086618264753
"F9",1,184,373.336334832762
"F9",1,185,307.603094778366
"F9",1,186,228.999980801028
"F9",1,187,235.54972186967
"F9",1,188,264.157414241614
"F9",1,189,328.485816117633
"F9",1,190,305.042823777925
"F9",1,191,238.407675001959
"F9",1,192,337.272905476772
"F9",1,193,143.105846875449
"F9",1,194,297.822004988104
"F9",1,195,210.787940285212
"F9",1,196,329.863609361346
"F9",1,197,378.57569819017
"F9",1,198,332.209417440542
"F9",1,199,246.517099309146
"F9",1,200,244.211588371461
"F9",1,201,552.036430137335
"F9",1,202,120.245610215944
"F9",1,203,476.929068196019
"F9",1,204,502.360502264543
"F9",1,205,344.050766983336
"F9",1,206,380.467378752557
"F9",1,207,418.231330363377
"F9",1,208,445.450389357367
"F9",1,209,203.264418283526
"F9",1,210,370.05628368214
"F9",1,211,280.753463789024
"F9",1,212,281.934210486557
"F9",1,213,55.2862149639373
"F9",1,214,215.560246334063
"F9",1,215,391.640893352651
"F9",1,216,386.912151437824
"F9",1,217,294.243652829049
"F9",1,218,370.59223026827
"F9",1,219,344.787505731868
"F9",1,220,349.919398797488
"F9",1,221,305.798106187647
"F9",1,222,348.800043431417
"F9",1,223,274.627098152576
"F9",1,224,493.883115674176
"F9",1,225,530.208210969046
"F9",1,226,275.324205060576
"F9",1,227,388.591243356917
"F9",1,228,361.154750536054
"F9",1,229,237.452244330137
"F9",1,230,195.933506531322
"F9",1,231,397.289809359981
"F9",1,232,301.212001610807
"F9",1,233,163.124945181716
"F9",1,234,299.163750559838
"F9",1,235,510.203331900188
"F9",1,236,206.300313213771
"F9",1,237,245.349442796917
"F9",1,238,491.164996041941
"F9",1,239,157.631908017684
"F9",1,240,417.94183740272
"F9",1,241,433.480909278639
"F9",1,242,405.972292838209
"F9",1,243,308.487063301839
"F9",1,244,288.526188839348
"F9",1,245,391.713455109414
"F9",1,246,276.652129942885
"F9",1,247,244.355286016171
"F9",1,248,361.453017588078
"F9",1,249,310.293418343914
"F9",1,250,466.377193628679
"F9",1,251,199.884751207616
"F9",1,252,330.70950574116
"F9",1,253,40
"F9",1,254,313.441768125399
"F9",1,255,253.524548316391
"F9",1,256,371.072852313776
"F9",1,257,315.347746778413
"F9",1,258,281.99880931184
"F9",1,259,160.768687221269
"F9",1,260,184.224880966977
"F9",1,261,117.995305430493
"F9",1,262,40
"F9",1,263,137.271871805038
"F9",1,264,193.722215617419
"F9",1,265,294.232435279749
"F9",1,266,308.212516577229
"F9",1,267,228.789647313267
"F9",1,268,244.76402827321
"F9",1,269,439.25909521193
"F9",1,270,256.066498925451
"F9",1,271,282.377925303707
"F9",1,272,393.000217470974
"F9",1,273,325.686532879958
"F9",1,274,216.529548357424
"F9",1,275,407.819353185353
"F9",1,276,364.243357890305
"F9",1,277,316.016076435752
"F9",1,278,100.175325034143
"F9",1,279,170.550020930105
"F9",1,280,169.378271177402
"F9",1,281,40
"F9",1,282,209.608539528655
"F9",1,283,429.561915043889
"F9",1,284,562.687702671024
"F9",1,285,477.578514147108
"F9",1,286,458.122389426207
"F9",1,287,375.958105242862
"F9",1,288,371.986750066513
"F9",1,289,462.850420067375
"F9",1,290,240.61758130548
"F9",1,291,357.095034295604
"F9",1,292,341.893916408562
"F9",1,293,322.889852145198
"F9",1,294,352.030798940598
"F9",1,295,501.553688857485
"F9",1,296,317.72094419257
"F9",1,297,550.817772574236
"F9",1,298,411.149563125483
"F9",1,299,388.683696274641
"F9",1,300,417.78512962181
"F9",1,301,40
"F9",1,302,75.5422453555524
"F9",1,303,289.172868874617
"F9",1,304,493.931666604733
"F9",1,305,459.652701243098
"F9",1,306,181.161105722107
"F9",1,307,238.7105474584
"F9",1,308,283.285610424869
"F9",1,309,301.70751385988
"F9",1,310,133.868994343431
"F9",1,311,408.220360103873
"F9",1,312,330.754539594233
"F9",1,313,399.656706736465
"F9",1,314,244.467899618158
"F9",1,315,280.607404567677
"F9",1,316,430.604073684671
"F9",1,317,185.650932756989
"F9",1,318,502.967283606917
"F9",1,319,429.462916857882
"F9",1,320,494.630212523017
"F9",1,321,350.076528284368
"F9",1,322,202.351932588965
"F9",1,323,308.183066134037
"F9",1,324,365.460164501694
"F9",1,325,370.692504723979
"F9",1,326,376.477145283572
"F9",1,327,496.984155530626
"F9",1,328,311.525864875329
"F9",1,329,388.808189551533
"F9",1,330,508.035602700649
"F9",1,331,99.000254991761
"F9",1,332,481.88853648999
"F9",1,333,252.889004725187
"F9",1,334,399.713682509253
"F9",1,335,361.631610304165
"F9",1,336,298.393930936003
"F9",1,337,108.85092152763
"F9",1,338,457.892518259381
"F9",1,339,169.324699694747
"F9",1,340,244.67206397824
"F9",1,341,210.899095548498
"F9",1,342,303.135758161652
"F9",1,343,222.439677551095
"F9",1,344,164.671622709826
"F9",1,345,328.780844202665
"F9",1,346,468.735575932976
"F9",1,347,149.901272386282
"F9",1,348,398.799897138899
"F9",1,349,293.491448427713
"F9",1,350,612.383613907533
"F9",1,351,312.276131682287
"F9",1,352,340.536398245937
"F9",1,353,332.244555550584
"F9",1,354,263.112131219492
"F9",1,355,332.103542886932
"F9",1,356,296.43507475617
"F9",1,357,420.274990758538
"F9",1,358,180.718979393856
"F9",1,359,500.356699918383
"F9",1,360,375.208059362216
"F9",1,361,470.008486261179
"F9",1,362,281.53746798157
"F9",1,363,121.041664887305
"F9",1,364,157.398926474672
"F9",1,365,415.219700075576
"F9",1,366,230.875470281121
"F9",1,367,155.624638059778
"F9",1,368,472.671311422831
"F9",1,369,420.107859395628
"F9",1,370,342.514070853652
"F9",1,371,413.805855876517
"F9",1,372,295.442906485588
"F9",1,373,259.795749916623
"F9",1,374,114.086001276887
"F9",1,375,159.336234515688
"F9",1,376,381.636843949135
"F9",1,377,157.389518637307
"F9",1,378,324.419177304617
"F9",1,379,439.84286491508
"F9",1,380,273.455415848068
"F10",1,1,4849.41826736754
"F10",1,2,5096.19599787
"F10",1,3,5579.22677010854
"F10",1,4,3861.02481787222
"F10",1,5,5407.67612761606
"F10",1,6,5033.72655301595
"F10",1,7,4102.34992555109
"F10",1,8,6207.12551061596
"F10",1,9,4147.83710728865
"F10",1,10,4297.84323280448
"F10",1,11,3880.40710737906
"F10",1,12,5247.34155507362
"F10",1,13,4712.38590181273
"F10",1,14,5993.01224373622
"F10",1,15,7419.60299451189
"F10",1,16,4679.66560563732
"F10",1,17,5650.2069228659
"F10",1,18,2908.11551890817
"F10",1,19,3574.31324248249
"F10",1,20,6038.48906024292
"F10",1,21,5525.396644997
"F10",1,22,3134.71826336019
"F10",1,23,3669.6044790828
"F10",1,24,3299.42821558271
"F10",1,25,1942.53319508253
"F10",1,26,5195.05091562665
"F10",1,27,5652.00558601875
"F10",1,28,4954.20887470211
"F10",1,29,4404.75684283245
"F10",1,30,5336.40048540694
"F10",1,31,5734.06782231491
"F10",1,32,4154.34212170015
"F10",1,33,6364.74821288212
"F10",1,34,5113.24857997178
"F10",1,35,8082.66658040889
"F10",1,36,5042.58032301656
"F10",1,37,6311.0903424715
"F10",1,38,4408.58876397248
"F10",1,39,5945.01465096989
"F10",1,40,2683.13637190828
"F10",1,41,4849.05491738695
"F10",1,42,4269.81668646799
"F10",1,43,5232.35646888107
"F10",1,44,3970.8199595834
"F10",1,45,5497.23910749169
"F10",1,46,3314.58747648123
"F10",1,47,7636.85469427579
"F10",1,48,4887.10359345978
"F10",1,49,4243.5233621693
"F10",1,50,3880.29630081418
"F10",1,51,7605.97761118734
"F10",1,52,5222.40892086885
"F10",1,53,6574.25106804815
"F10",1,54,4051.83130375996
"F10",1,55,6620.26165313541
"F10",1,56,4046.25369151041
"F10",1,57,4107.80562867931
"F10",1,58,4530.56616334857
"F10",1,59,230.849035825466
"F10",1,60,361.271840851156
"F10",1,61,354.370762785944
"F10",1,62,199.792988511569
"F10",1,63,233.708466433775
"F10",1,64,351.54017387895
"F10",1,65,572.686561299043
"F10",1,66,221.646759536602
"F10",1,67,284.346049723206
"F10",1,68,435.698260023683
"F10",1,69,456.122707679107
"F10",1,70,443.717525007091
"F10",1,71,226.639702939362
"F10",1,72,293.908711862121
"F10",1,73,441.809830142852
"F10",1,74,534.279051457753
"F10",1,75,419.84541842413
"F10",1,76,372.057143312536
"F10",1,77,339.672779784174
"F10",1,78,429.542995688621
"F10",1,79,343.74284321006
"F10",1,80,113.538587484899
"F10",1,81,353.241815307403
"F10",1,82,364.371079188852
"F10",1,83,249.480516441113
"F10",1,84,327.067754386593
"F10",1,85,182.959154819523
"F10",1,86,365.896267885052
"F10",1,87,462.543002006549
"F10",1,88,312.767676266705
"F10",1,89,468.379171627764
"F10",1,90,253.351097213966
"F10",1,91,326.337894317187
"F10",1,92,299.127986761648
"F10",1,93,200.70734918402
"F10",1,94,249.361522948104
"F10",1,95,309.970679571201
"F10",1,96,222.764917199557
"F10",1,97,162.579889791951
"F10",1,98,251.607810175943
"F10",1,99,195.985793765111
"F10",1,100,377.849253705543
"F10",1,101,376.479750104179
"F10",1,102,254.963569071808
"F10",1,103,313.23108935706
"F10",1,104,132.318495030584
"F10",1,105,358.859243516233
"F10",1,106,246.706283850897
"F10",1,107,315.088598062783
"F10",1,108,327.675733286071
"F10",1,109,430.400615195576
"F10",1,110,357.020102430684
"F10",1,111,380.824499530146
"F10",1,112,289.370345850008
"F10",1,113,456.121186292993
"F10",1,114,324.309222272721
"F10",1,115,176.68147557298
"F10",1,116,349.311083803051
"F10",1,117,399.193331256415
"F10",1,118,318.966942622375
"F10",1,119,571.670219871595
"F10",1,120,649.937212353587
"F10",1,121,378.083310788135
"F10",1,122,301.342175942349
"F10",1,123,564.358801541201
"F10",1,124,188.211619960215
"F10",1,125,390.867770360075
"F10",1,126,504.134339118323
"F10",1,127,349.874428559965
"F10",1,128,314.258321076192
"F10",1,129,169.183137946883
"F10",1,130,403.431336977564
"F10",1,131,241.776711469752
"F10",1,132,385.334412013278
"F10",1,133,569.712619368089
"F10",1,134,467.94745878508
"F10",1,135,356.138927545737
"F10",1,136,462.849169376391
"F10",1,137,324.013289284646
"F10",1,138,487.218784856529
"F10",1,139,358.164484904863
"F10",1,140,412.979624111088
"F10",1,141,335.596623899922
"F10",1,142,265.206295879092
"F10",1,143,413.812353387905
"F10",1,144,243.961203900545
"F10",1,145,576.263966582404
"F10",1,146,437.799942146796
"F10",1,147,409.009603129403
"F10",1,148,179.181260167423
"F10",1,149,351.79122749864
"F10",1,150,290.313125102624
"F10",1,151,275.512511606753
"F10",1,152,341.366756731963
"F10",1,153,199.910226828918
"F10",1,154,282.601337461885
"F10",1,155,127.75057380607
"F10",1,156,336.180041195171
"F10",1,157,380.591725267099
"F10",1,158,144.086518453955
"F10",1,159,165.56845632057
"F10",1,160,360.891857187655
"F10",1,161,252.092462735367
"F10",1,162,232.330863240123
"F10",1,163,254.660188920608
"F10",1,164,327.405809269366
"F10",1,165,421.426090294205
"F10",1,166,414.446435135193
"F10",1,167,418.341848973307
"F10",1,168,236.568509316453
"F10",1,169,193.384885369758
"F10",1,170,290.499099862781
"F10",1,171,187.717126387147
"F10",1,172,214.428274763427
"F10",1,173,369.514181415618
"F10",1,174,385.619075485776
"F10",1,175,396.803462657741
"F10",1,176,195.51392509918
"F10",1,177,292.278628902846
"F10",1,178,248.924659366764
"F10",1,179,194.506844783278
"F10",1,180,378.391785759869
"F10",1,181,122.73170310461
"F10",1,182,360.475986058959
"F10",1,183,400.077359269315
"F10",1,184,357.612653241634
"F10",1,185,382.680470596212
"F10",1,186,319.972661882806
"F10",1,187,420.238479668051
"F10",1,188,198.832871453098
"F10",1,189,378.573803777737
"F10",1,190,424.113732964114
"F10",1,191,468.225956844808
"F10",1,192,425.348091507195
"F10",1,193,253.243724776127
"F10",1,194,324.812223539175
"F10",1,195,230.146394022948
"F10",1,196,85.2304151597484
"F10",1,197,539.756712386385
"F10",1,198,377.037857801978
"F10",1,199,245.49869180408
"F10",1,200,318.609765883539
"F10",1,201,273.135236074544
"F10",1,202,428.813520226431
"F10",1,203,326.584378297758
"F10",1,204,173.547875022639
"F10",1,205,332.120628739574
"F10",1,206,224.621909215966
"F10",1,207,450.082356722071
"F10",1,208,104.16562942999
"F10",1,209,472.319558905858
"F10",1,210,102.027948515812
"F10",1,211,45.8736176827688
"F10",1,212,369.96389332192
"F10",1,213,335.342522334813
"F10",1,214,381.643226238038
"F10",1,215,608.324201541492
"F10",1,216,350.600203910205
"F10",1,217,151.082477237376
"F10",1,218,127.082488214714
"F10",1,219,371.784037811282
"F10",1,220,223.817858492868
"F10",1,221,374.187241879923
"F10",1,222,111.205223181639
"F10",1,223,446.291487862224
"F10",1,224,310.225311625506
"F10",1,225,430.613145074742
"F10",1,226,192.858854266749
"F10",1,227,98.3542087462432
"F10",1,228,226.543189646467
"F10",1,229,349.981911084702
"F10",1,230,380.843483475913
"F10",1,231,381.786821637303
"F10",1,232,331.417711427812
"F10",1,233,285.698952691956
"F10",1,234,379.875415154904
"F10",1,235,341.610835860254
"F10",1,236,313.531903618038
"F10",1,237,318.961094603841
"F10",1,238,384.878822543915
"F10",1,239,45.0208585535219
"F10",1,240,375.359696720624
"F10",1,241,424.55765931146
"F10",1,242,460.04768435964
"F10",1,243,340.065599098516
"F10",1,244,497.963949681061
"F10",1,245,265.481370219635
"F10",1,246,243.933244371227
"F10",1,247,336.122180370642
"F10",1,248,300.490924839205
"F10",1,249,244.071986501569
"F10",1,250,248.453511627393
"F10",1,251,363.959512132636
"F10",1,252,255.040503043178
"F10",1,253,434.502747165262
"F10",1,254,568.460201615431
"F10",1,255,229.48203925947
"F10",1,256,370.790862271525
"F10",1,257,389.276958293079
"F10",1,258,296.279371801167
"F10",1,259,555.798198189332
"F10",1,260,353.241766789209
"F10",1,261,207.712127671916
"F10",1,262,308.084864563309
"F10",1,263,302.785391288522
"F10",1,264,239.286347462181
"F10",1,265,442.99893852083
"F10",1,266,370.173987482073
"F10",1,267,215.000287684239
"F10",1,268,615.352500164883
"F10",1,269,335.70448561031
"F10",1,270,285.074458990634
"F10",1,271,230.287636144215
"F10",1,272,247.518491508103
"F10",1,273,256.674337384342
"F10",1,274,356.956310654266
"F10",1,275,330.903965282626
"F10",1,276,494.344923939061
"F10",1,277,53.6449137756365
"F10",1,278,298.295450584047
"F10",1,279,376.98853435808
"F10",1,280,374.906709327879
"F10",1,281,98.4423334520296
"F10",1,282,340.865938325117
"F10",1,283,338.189232743652
"F10",1,284,133.845006740778
"F10",1,285,339.660905874283
"F10",1,286,351.65242542921
"F10",1,287,271.395098143375
"F10",1,288,467.442157272478
"F10",1,289,528.285849482658
"F10",1,290,302.096868445364
"F10",1,291,366.07793478952
"F10",1,292,230.01637074546
"F10",1,293,314.174362986016
"F10",1,294,228.855118818254
"F10",1,295,260.422506478207
"F10",1,296,364.611102186246
"F10",1,297,391.092518861653
"F10",1,298,153.528496429381
"F10",1,299,61.8671354318009
"F10",1,300,222.421889287057
"F10",1,301,274.696031854582
"F10",1,302,316.875818673042
"F10",1,303,390.492832950227
"F10",1,304,154.091956990514
"F10",1,305,268.842980471579
"F10",1,306,418.772632343091
"F10",1,307,491.195047835839
"F10",1,308,408.792068312582
"F10",1,309,40
"F10",1,310,411.025232148688
"F10",1,311,334.734583265995
"F10",1,312,157.678267591084
"F10",1,313,306.239832974518
"F10",1,314,413.180218487396
"F10",1,315,315.897622142608
"F10",1,316,395.520975234548
"F10",1,317,376.361825113939
"F10",1,318,325.988970431917
"F10",1,319,427.364501248671
"F10",1,320,268.030592514139
"F10",1,321,418.303471504968
"F10",1,322,357.592226049281
"F10",1,323,469.873678485577
"F10",1,324,279.837572789502
"F10",1,325,467.692186891114
"F10",1,326,232.407279505078
"F10",1,327,156.84974036124
"F10",1,328,270.525801032845
"F10",1,329,180.867657230591
"F10",1,330,261.956666482278
"F10",1,331,411.922702063851
"F10",1,332,512.926579162619
"F10",1,333,240.768040978489
"F10",1,334,450.23921614239
"F10",1,335,260.979643004886
"F10",1,336,262.949250962477
"F10",1,337,145.929713535595
"F10",1,338,248.776285180881
"F10",1,339,172.116271634176
"F10",1,340,416.809415237129
"F10",1,341,501.669778987123
"F10",1,342,267.892900016032
"F10",1,343,291.813452968969
"F10",1,344,408.423789370808
"F10",1,345,174.913165553693
"F10",1,346,370.573344958568
"F10",1,347,380.423870965315
"F10",1,348,410.484456507502
"F11",1,1,5222.92661359056
"F11",1,2,4884.75478300518
"F11",1,3,5063.94410382739
"F11",1,4,5370.79683273172
"F11",1,5,3734.44175938545
"F11",1,6,3900.1684901571
"F11",1,7,5362.36791088942
"F11",1,8,3299.20980745412
"F11",1,9,5726.83362424449
"F11",1,10,6815.33335802878
"F11",1,11,4883.41518225098
"F11",1,12,5228.01286059126
"F11",1,13,4515.88023182552
"F11",1,14,3744.18774201204
"F11",1,15,4904.12414064277
"F11",1,16,4568.45236636376
"F11",1,17,4774.5876314941
"F11",1,18,3779.6244682292
"F11",1,19,4102.8578099381
"F11",1,20,6566.47623932155
"F11",1,21,5221.83741975169
"F11",1,22,4767.41231233431
"F11",1,23,4908.53765707061
"F11",1,24,4747.36880844942
"F11",1,25,4020.13283789291
"F11",1,26,6026.3020355338
"F11",1,27,5063.23639085459
"F11",1,28,3248.43450294292
"F11",1,29,5898.88205233267
"F11",1,30,3207.55331753935
"F11",1,31,4557.19301307411
"F11",1,32,5055.59402488796
"F11",1,33,5810.56644087018
"F11",1,34,1860.90254457442
"F11",1,35,3546.78071219576
"F11",1,36,3607.77587926675
"F11",1,37,6404.20075782395
"F11",1,38,2142.46381199562
"F11",1,39,5101.99676761736
"F11",1,40,2970.22492426949
"F11",1,41,6378.81091995563
"F11",1,42,6222.08503228719
"F11",1,43,4803.78467393592
"F11",1,44,4361.0443328927
"F11",1,45,4101.26021011852
"F11",1,46,5421.58408984028
"F11",1,47,5189.85216005129
"F11",1,48,6131.69230584
"F11",1,49,6818.72891270574
"F11",1,50,3416.60277881984
"F11",1,51,599.234432895095
"F11",1,52,5787.15427591466
"F11",1,53,4640.30638675399
"F11",1,54,4116.67322994039
"F11",1,55,4972.2205960338
"F11",1,56,365.363632942419
"F11",1,57,180.149030490502
"F11",1,58,213.196193055712
"F11",1,59,535.871214488753
"F11",1,60,483.159158668583
"F11",1,61,123.190701322159
"F11",1,62,318.78523829612
"F11",1,63,218.784712886479
"F11",1,64,340.106660914603
"F11",1,65,328.072056091687
"F11",1,66,297.112939464201
"F11",1,67,264.606798012791
"F11",1,68,435.022374488077
"F11",1,69,338.140423819163
"F11",1,70,113.945092387167
"F11",1,71,439.666527590257
"F11",1,72,191.802242016302
"F11",1,73,174.786739282503
"F11",1,74,243.564566137483
"F11",1,75,318.512385064098
"F11",1,76,306.88404282499
"F11",1,77,453.825387959973
"F11",1,78,201.307064706499
"F11",1,79,291.769153444367
"F11",1,80,333.902044751263
"F11",1,81,349.157445160759
"F11",1,82,124.950426056638
"F11",1,83,360.739323530348
"F11",1,84,353.130135517773
"F11",1,85,115.336607852269
"F11",1,86,493.508553989469
"F11",1,87,417.425844557552
"F11",1,88,266.747851256741
"F11",1,89,271.103747591982
"F11",1,90,300.899651501871
"F11",1,91,126.2007978806
"F11",1,92,232.975638591373
"F11",1,93,406.030910069927
"F11",1,94,307.142591046216
"F11",1,95,464.408683248416
"F11",1,96,409.203882425499
"F11",1,97,433.953235749544
"F11",1,98,79.2234277170662
"F11",1,99,322.779141125291
"F11",1,100,350.660926017395
"F11",1,101,91.4573362513743
"F11",1,102,531.851613065032
"F11",1,103,111.431718908031
"F11",1,104,342.648862482618
"F11",1,105,336.509823479522
"F11",1,106,232.247005537639
"F11",1,107,308.31517436931
"F11",1,108,116.991152213342
"F11",1,109,301.752715172796
"F11",1,110,155.933464084788
"F11",1,111,189.373381837541
"F11",1,112,482.320477436451
"F11",1,113,236.880974060148
"F11",1,114,260.782752124939
"F11",1,115,371.198916764466
"F11",1,116,350.232317255352
"F11",1,117,216.153021904763
"F11",1,118,232.871392944315
"F11",1,119,248.578489010057
"F11",1,120,315.495459858685
"F11",1,121,224.942333451303
"F11",1,122,473.78350068315
"F11",1,123,283.932589200216
"F11",1,124,483.208358734052
"F11",1,125,340.243867568375
"F11",1,126,314.914324490838
"F11",1,127,290.312296890104
"F11",1,128,333.694769955478
"F11",1,129,458.776344690018
"F11",1,130,356.315473439512
"F11",1,131,265.317395580798
"F11",1,132,262.256641825654
"F11",1,133,571.906001474458
"F11",1,134,398.553302415779
"F11",1,135,236.146682049057
"F11",1,136,396.060752037074
"F11",1,137,236.929379074517
"F11",1,138,330.084012134474
"F11",1,139,192.849132949477
"F11",1,140,202.077487094885
"F11",1,141,231.9546061841
"F11",1,142,374.413256232163
"F11",1,143,270.746906101681
"F11",1,144,260.362108447053
"F11",1,145,442.456717795365
"F11",1,146,395.894442128322
"F11",1,147,180.570625905236
"F11",1,148,280.420025539692
"F11",1,149,230.317106866716
"F11",1,150,446.529409986247
"F11",1,151,257.63483824388
"F11",1,152,379.841943240639
"F11",1,153,453.796230846776
"F11",1,154,189.328529329025
"F11",1,155,231.873737526951
"F11",1,156,204.42867766854
"F11",1,157,154.047532497048
"F11",1,158,323.550249514611
"F11",1,159,158.300011698881
"F11",1,160,106.998570934155
"F11",1,161,358.265643643603
"F11",1,162,473.474578327399
"F11",1,163,293.102782808658
"F11",1,164,447.380860432969
"F11",1,165,391.985910849755
"F11",1,166,437.494839563128
"F11",1,167,359.533698679917
"F11",1,168,347.200104039078
"F11",1,169,481.190184847329
"F11",1,170,182.572811736032
"F11",1,171,351.495269303819
"F11",1,172,400.453471087985
"F11",1,173,486.079705809687
"F11",1,174,211.019323238086
"F11",1,175,304.94136348759
"F11",1,176,77.081321382636
"F11",1,177,215.073783678604
"F11",1,178,142.764281443798
"F11",1,179,373.290037457775
"F11",1,180,340.237837151825
"F11",1,181,311.658551346656
"F11",1,182,43.6135778133539
"F11",1,183,352.34761065927
"F11",1,184,93.6798754491364
"F11",1,185,75.5999842603734
"F11",1,186,338.361146928182
"F11",1,187,334.587903652932
"F11",1,188,204.256490788343
"F11",1,189,378.99976579889
"F11",1,190,189.480065149195
"F11",1,191,321.849501938428
"F11",1,192,316.155724672721
"F11",1,193,161.210042063723
"F11",1,194,336.878455800465
"F11",1,195,227.102774539575
"F11",1,196,400.049469555732
"F11",1,197,470.453032329753
"F11",1,198,99.6974810785797
"F11",1,199,301.858227377044
"F11",1,200,240.363933621371
"F11",1,201,307.748564907132
"F11",1,202,349.611109857555
"F11",1,203,272.365242306621
"F11",1,204,296.244181421028
"F11",1,205,176.020910388752
"F11",1,206,188.334706156115
"F11",1,207,524.613778376325
"F11",1,208,148.430496728928
"F11",1,209,269.28748424368
"F11",1,210,377.273978209369
"F11",1,211,616.308312729254
"F11",1,212,40
"F11",1,213,483.838671772949
"F11",1,214,183.868285404494
"F11",1,215,363.482483682821
"F11",1,216,461.13158172397
"F11",1,217,392.038570383038
"F11",1,218,397.562701138522
"F11",1,219,275.80279315282
"F11",1,220,274.610792858912
"F11",1,221,206.540154319563
"F11",1,222,446.943036733123
"F11",1,223,498.580567404836
"F11",1,224,523.59642651919
"F11",1,225,310.660738267334
"F11",1,226,276.469801984594
"F11",1,227,288.89962533954
"F11",1,228,387.455764548049
"F11",1,229,307.210931965659
"F11",1,230,286.410808272477
"F11",1,231,286.118375595709
"F11",1,232,392.93923305592
"F11",1,233,321.317621735595
"F11",1,234,503.958130198227
"F11",1,235,294.227916966089
"F11",1,236,354.756612995678
"F11",1,237,345.857367242031
"F11",1,238,342.301045863743
"F11",1,239,478.413041487843
"F11",1,240,291.141420896072
"F11",1,241,231.663238990198
"F11",1,242,189.935564204909
"F11",1,243,157.776043935336
"F11",1,244,534.105670268259
"F11",1,245,267.904741141966
"F11",1,246,420.609154563452
"F11",1,247,358.569863387122
"F11",1,248,177.530667164056
"F11",1,249,573.041216017544
"F11",1,250,320.961937898796
"F11",1,251,82.1963421909404
"F11",1,252,309.298159902798
"F11",1,253,220.590568161048
"F11",1,254,165.009357423474
"F11",1,255,407.03790258152
"F11",1,256,258.200203786563
"F11",1,257,400.324687326745
"F11",1,258,527.92962382781
"F11",1,259,127.103055319187
"F11",1,260,245.128291218499
"F11",1,261,198.047267232641
"F11",1,262,207.290625545697
"F11",1,263,434.6581102577
"F11",1,264,421.272336961694
"F11",1,265,360.480902902499
"F11",1,266,193.167937444367
"F11",1,267,313.619213505247
"F11",1,268,153.356676379946
"F11",1,269,311.598902865372
"F11",1,270,265.815162467301
"F11",1,271,523.613649475657
"F11",1,272,531.945645354792
"F11",1,273,671.16353648963
"F11",1,274,350.863469344205
"F11",1,275,216.403384843175
"F12",1,1,4600.04348644171
"F12",1,2,4308.12685484092
"F12",1,3,5381.23086490431
"F12",1,4,4283.06481054362
"F12",1,5,2390.70220746891
"F12",1,6,4059.06931144552
"F12",1,7,5978.43093367199
"F12",1,8,5006.90868943372
"F12",1,9,5557.97811494944
"F12",1,10,5567.80893291101
"F12",1,11,6424.93423405151
"F12",1,12,6842.30714216193
"F12",1,13,4258.58647497478
"F12",1,14,4847.11454705838
"F12",1,15,4462.75890625668
"F12",1,16,5418.82912399492
"F12",1,17,5288.59366965922
"F12",1,18,3770.15991253864
"F12",1,19,5354.24788890577
"F12",1,20,8452.76209503629
"F12",1,21,5460.36125780122
"F12",1,22,6458.92928589769
"F12",1,23,256.22097505833
"F12",1,24,272.952315337452
"F12",1,25,385.631350397609
"F12",1,26,150.690371108312
"F12",1,27,225.65931890332
"F12",1,28,237.134585404547
"F12",1,29,328.527711484221
"F12",1,30,448.485338728927
"F12",1,31,164.229189803724
"F12",1,32,367.944048486786
"F12",1,33,263.297003846175
"F12",1,34,204.565730368474
"F12",1,35,335.479682234829
"F12",1,36,221.737913243255
"F12",1,37,43.3039102883653
"F12",1,38,428.931982280348
"F12",1,39,159.876384793089
"F12",1,40,369.691213552216
"F12",1,41,150.957142616344
"F12",1,42,423.920772563258
"F12",1,43,443.865890675883
"F12",1,44,340.03657527885
"F12",1,45,324.009047377519
"F12",1,46,456.938981186395
"F12",1,47,216.961407169201
"F12",1,48,365.203778517699
"F12",1,49,228.108825207126
"F12",1,50,325.830528666183
"F12",1,51,220.912854857959
"F12",1,52,315.427556841613
"F12",1,53,356.727059955089
"F12",1,54,222.719961791528
"F12",1,55,367.340800136581
"F12",1,56,159.714438936115
"F12",1,57,405.766547314451
"F12",1,58,338.613335356139
"F12",1,59,182.390957544475
"F12",1,60,341.271673550846
"F12",1,61,327.649531242967
"F12",1,62,301.481564733608
"F12",1,63,543.192192964244
"F12",1,64,303.019176774939
"F12",1,65,333.354817565315
"F12",1,66,377.203091959724
"F12",1,67,376.489424738457
"F12",1,68,229.930480501332
"F12",1,69,123.083720975574
"F12",1,70,290.648962075347
"F12",1,71,687.56365613083
"F12",1,72,165.796383415688
"F12",1,73,211.418432988978
"F12",1,74,167.117575654968
"F12",1,75,242.786909161582
"F12",1,76,263.762341208337
"F12",1,77,450.621708887252
"F12",1,78,374.229776253069
"F12",1,79,436.407472640807
"F12",1,80,355.799034171518
"F12",1,81,274.789007633475
"F12",1,82,390.291890234882
"F12",1,83,368.067707079497
"F12",1,84,150.726581867147
"F12",1,85,449.836857648275
"F12",1,86,281.424474317601
"F12",1,87,372.996585585953
"F12",1,88,285.557743236701
"F12",1,89,236.216474276584
"F12",1,90,502.185491081676
"F12",1,91,640.335927942831
"F12",1,92,274.053828924424
"F12",1,93,311.807130095257
"F12",1,94,311.21322533795
"F12",1,95,505.089265380121
"F12",1,96,220.29976432964
"F12",1,97,439.580992587963
"F12",1,98,184.765437042431
"F12",1,99,426.904356804037
"F12",1,100,629.77524863744
"F12",1,101,326.182998254359
"F12",1,102,312.61492479686
"F12",1,103,245.83351569472
"F12",1,104,192.668922926262
"F12",1,105,272.430166158941
"F12",1,106,224.239057912224
"F12",1,107,262.938459746316
"F12",1,108,388.244367699678
"F12",1,109,453.835548643298
"F12",1,110,388.242807981868
"F12",1,111,307.12052775436
"F12",1,112,424.285609626085
"F12",1,113,304.600572376891
"F12",1,114,212.230894087421
"F12",1,115,293.482622339644
"F12",1,116,330.223285638763
"F12",1,117,260.622621387256
"F12",1,118,384.409664508936
"F12",1,119,181.79119533032
"F12",1,120,226.238340371913
"F12",1,121,547.457947726043
"F12",1,122,252.749694360639
"F12",1,123,158.580585307089
"F12",1,124,306.521289009375
"F12",1,125,129.951697189766
"F12",1,126,342.338762826988
"F12",1,127,239.050260947055
"F12",1,128,291.524938355796
"F12",1,129,291.021319914763
"F12",1,130,207.949026186367
"F12",1,131,191.321870306183
"F12",1,132,308.000897669843
"F12",1,133,469.748037148531
"F12",1,134,449.970551030558
"F12",1,135,347.476974720319
"D1",1,1,309.655286975624
"D1",1,2,378.160480408465
"D1",1,3,83.7735749383719
"D1",1,4,436.06749213266
"D1",1,5,423.27481151691
"D1",1,6,358.466598207743
"D1",1,7,369.886962725072
"D1",1,8,288.506466718435
"D1",1,9,341.503198663178
"D1",1,10,393.41004078863
"D1",1,11,170.590861196792
"D1",1,12,181.278426772758
"D1",1,13,567.877603612908
"D1",1,14,282.71950331906
"D1",1,15,207.585887297332
"D1",1,16,511.476557080393
"D1",1,17,239.489198548598
"D1",1,18,299.38819826335
"D1",1,19,373.826567180128
"D1",1,20,292.449855746071
"D1",1,21,204.109767225876
"D1",1,22,274.510797902982
"D1",1,23,531.97806669813
"D1",1,24,317.973722413794
"D1",1,25,286.263080767306
"D1",1,26,367.21724098274
"D1",1,27,371.470260757352
"D1",1,28,454.962121003894
"D1",1,29,224.451004900817
"D1",1,30,328.742108380698
"D1",1,31,258.965658438889
"D1",1,32,463.546665909561
"D1",1,33,40
"D1",1,34,358.353163161441
"D1",1,35,120.455256632375
"D1",1,36,304.568362527224
"D1",1,37,150.908293691842
"D1",1,38,338.197101337701
"D1",1,39,298.309974084324
"D1",1,40,318.777192288878
"D1",1,41,338.952750928515
"D1",1,42,300.531221052733
"D1",1,43,444.375945712306
"D1",1,44,179.979546281208
"D1",1,45,510.885511306355
"D1",1,46,483.061272928417
"D1",1,47,211.755407939995
"D1",1,48,233.150349641069
"D1",1,49,343.090515029108
"D1",1,50,396.557079322425
"D1",1,51,284.258333779248
"D1",1,52,480.851427416473
"D1",1,53,274.865715053673
"D1",1,54,489.271921316829
"D1",1,55,372.008994020257
"D1",1,56,284.98122692836
"D1",1,57,298.523487806142
"D1",1,58,166.820629851988
"D1",1,59,224.194689899957
"D1",1,60,443.984431545287
"D1",1,61,418.081879045569
"D1",1,62,110.52606331157
"D1",1,63,286.515623045938
"D1",1,64,392.033812138226
"D1",1,65,196.6207463058
"D1",1,66,58.5428023858605
"D1",1,67,378.44109842405
"D1",1,68,314.877437414723
"D1",1,69,432.98318746016
"D1",1,70,214.832513423907
"D1",1,71,354.264604994549
"D1",1,72,409.618888030833
"D1",1,73,160.230910307743
"D1",1,74,40
"D1",1,75,148.306742396571
"D1",1,76,424.203581301917
"D1",1,77,469.182842212887
"D1",1,78,425.298764658134
"D1",1,79,265.795502552343
"D1",1,80,438.598083176697
"D1",1,81,398.479273725954
"D1",1,82,308.593089599725
"D1",1,83,374.744942068037
"D1",1,84,204.616148987009
"D1",1,85,253.157739144462
"D1",1,86,297.50271713178
"D1",1,87,205.587289701821
"D1",1,88,410.145989862709
"D1",1,89,199.430067883793
"D1",1,90,384.492295192663
"D1",1,91,309.698010226576
"D1",1,92,396.898590611586
"D1",1,93,307.089517972529
"D1",1,94,429.832879950982
"D1",1,95,536.86870379344
"D1",1,96,140.982386887246
"D1",1,97,315.706775387309
"D1",1,98,565.318541324821
"D1",1,99,382.085227033815
"D1",1,100,378.887501742922
"D1",1,101,216.68787488941
"D1",1,102,157.640526630704
"D1",1,103,281.194226558092
"D1",1,104,457.139384489573
"D1",1,105,318.459260539416
"D1",1,106,455.959458526089
"D1",1,107,511.382440902875
"D1",1,108,393.279012070459
"D1",1,109,154.466262137463
"D1",1,110,590.649010065636
"D1",1,111,293.69541913746
"D1",1,112,263.263187906277
"D1",1,113,170.896031336945
"D1",1,114,121.999045520525
"D1",1,115,239.584510221451
"D1",1,116,297.481468914197
"D1",1,117,159.422590575166
"D1",1,118,363.15190514531
"D1",1,119,525.169522709555
"D1",1,120,325.15670264927
"D1",1,121,265.625516047011
"D1",1,122,320.2772856616
"D1",1,123,262.747601384243
"D1",1,124,236.856451092231
"D1",1,125,377.791259434892
"D1",1,126,235.666832365737
"D1",1,127,409.825536803997
"D1",1,128,287.68919878476
"D1",1,129,472.772891811335
"D1",1,130,413.38462026887
"D1",1,131,192.405455826996
"D1",1,132,306.836458028489
"D1",1,133,81.3970626732527
"D1",1,134,397.132210077905
"D1",1,135,320.411992451059
"D1",1,136,288.451959611738
"D1",1,137,270.081963669714
"D1",1,138,188.338488445932
"D1",1,139,201.979761786327
"D1",1,140,349.951358666882
"D1",1,141,635.853514552342
"D1",1,142,291.809911111188
"D1",1,143,276.711959046333
"D1",1,144,339.167182829328
"D1",1,145,209.695948603073
"D1",1,146,349.489581012235
"D1",1,147,364.782440271109
"D1",1,148,454.374951531114
"D1",1,149,522.935820307163
"D1",1,150,635.791215382372
"D1",1,151,389.015121860154
"D1",1,152,404.088131820491
"D1",1,153,337.30449566503
"D1",1,154,191.524043206625
"D1",1,155,220.707793229972
"D1",1,156,274.414599342655
"D1",1,157,393.964728641046
"D1",1,158,206.047599115445
"D1",1,159,199.879073323818
"D1",1,160,402.382288711852
"D1",1,161,356.622891336784
"D1",1,162,379.617779026405
"D1",1,163,214.618413470943
"D1",1,164,535.04407856113
"D1",1,165,143.368321323107
"D1",1,166,300.567605597396
"D1",1,167,251.429272540959
"D1",1,168,339.52265537015
"D1",1,169,345.26583403899
"D1",1,170,420.045183404101
"D1",1,171,274.019553991568
"D1",1,172,437.874693301875
"D1",1,173,337.098516605689
"D1",1,174,568.646485913639
"D1",1,175,335.254346965253
"D1",1,176,377.424413266988
"D1",1,177,134.93522085828
"D1",1,178,360.056174162412
"D1",1,179,246.24812655685
"D1",1,180,311.555389767286
"D1",1,181,279.330359452119
"D1",1,182,326.876181306374
"D1",1,183,440.232001508107
"D1",1,184,85.1398814433601
"D1",1,185,221.807582172103
"D1",1,186,293.844227713919
"D1",1,187,355.509342059381
"D1",1,188,261.925210719173
"D1",1,189,204.235074720666
"D1",1,190,522.158740065737
"D1",1,191,238.900425618124
"D1",1,192,379.425337746823
"D1",1,193,63.9056595828742
"D1",1,194,331.093680025907
"D1",1,195,422.639415784042
"D1",1,196,93.3267224370766
"D1",1,197,245.646370453855
"D1",1,198,372.667900914357
"D1",1,199,348.814013862997
"D1",1,200,371.870133364438
"D1",1,201,246.169631454374
"D1",1,202,357.508710069074
"D1",1,203,178.53137495446
"D1",1,204,358.680619101677
"D1",1,205,217.757632134012
"D1",1,206,349.971446625211
"D1",1,207,370.254923577174
"D1",1,208,337.851167299219
"D1",1,209,353.620509441122
"D1",1,210,441.390494175151
"D1",1,211,241.106616951913
"D1",1,212,339.512656172383
"D1",1,213,337.011099209495
"D1",1,214,497.708393943263
"D1",1,215,325.939284660004
"D1",1,216,422.708566679139
"D1",1,217,467.429428200514
"D1",1,218,237.847249848723
"D1",1,219,232.352465720487
"D1",1,220,233.459320106358
"D1",1,221,299.037453623675
"D1",1,222,179.787768720442
"D1",1,223,214.806354922769
"D1",1,224,457.67372351121
"D1",1,225,458.270348395552
"D1",1,226,162.510141136681
"D1",1,227,40
"D1",1,228,284.647391395777
"D1",1,229,405.783575972442
"D1",1,230,347.779079710392
"D1",1,231,242.382794924054
"D1",1,232,349.557993110018
"D1",1,233,335.269861934672
"D1",1,234,139.419675472791
"D1",1,235,318.474188291253
"D1",1,236,369.185210927263
"D1",1,237,372.292813486061
"D1",1,238,346.928098444518
"D1",1,239,379.998698534551
"D1",1,240,579.303038372729
"D1",1,241,271.342294318847
"D1",1,242,274.402321358271
"D1",1,243,389.515459877717
"D1",1,244,261.361482562846
"D1",1,245,189.610045638198
"D1",1,246,158.188977519347
"D1",1,247,261.752195641958
"D1",1,248,354.337190383606
"D1",1,249,243.515363448187
"D1",1,250,104.637103265246
"D1",1,251,350.27360491792
"D1",1,252,277.505774720521
"D1",1,253,206.746638416304
"D1",1,254,268.003704031916
"D1",1,255,363.048206607722
"D1",1,256,295.081367748033
"D1",1,257,534.595637039467
"D1",1,258,461.994824106978
"D1",1,259,346.732650447569
"D1",1,260,419.87014643693
"D1",1,261,299.507869103632
"D1",1,262,253.002193341061
"D1",1,263,384.365628614669
"D1",1,264,448.822255720999
"D1",1,265,525.85137971865
"D1",1,266,417.851337333329
"D1",1,267,419.733023251806
"D1",1,268,534.556143443613
"D1",1,269,416.009499452668
"D1",1,270,384.854646965902
"D1",1,271,146.851835763866
"D1",1,272,105.438859671413
"D1",1,273,245.773013891573
"D1",1,274,177.88163296373
"D1",1,275,485.35607951086
"D1",1,276,258.354153940113
"D1",1,277,194.65946442694
"D1",1,278,389.485201319884
"D1",1,279,478.789315237325
"D1",1,280,212.804671226821
"D1",1,281,480.816905199353
"D1",1,282,446.084469951253
"D1",1,283,150.756970846103
"D1",1,284,40
"D1",1,285,251.054347400357
"D1",1,286,191.226210562155
"D1",1,287,379.603167529845
"D1",1,288,207.802275916167
"D1",1,289,403.179329590214
"D1",1,290,368.900387181097
"D1",1,291,393.111321438619
"D1",1,292,400.441532608539
"D1",1,293,357.152950134291
"D1",1,294,117.132474552509
"D1",1,295,507.717998277963
"D1",1,296,170.885587640472
"D1",1,297,513.409352403839
"D1",1,298,354.89658031137
"D1",1,299,397.737432808607
"D1",1,300,492.491190264229
"D1",1,301,444.234596903923
"D1",1,302,335.006456939149
"D1",1,303,233.709784846001
"D1",1,304,411.371509859715
"D1",1,305,223.961190106694
"D1",1,306,248.219033739403
"D1",1,307,403.037768875318
"D1",1,308,314.945075754974
"D1",1,309,492.952384112111
"D1",1,310,331.158658920274
"D1",1,311,327.172762074048
"D1",1,312,315.825389305009
"D1",1,313,244.842004857136
"D1",1,314,63.3066082014802
"D1",1,315,177.901231050097
"D1",1,316,369.324942371325
"D1",1,317,227.032055488459
"D1",1,318,396.940686763485
"D1",1,319,327.739900419615
"D1",1,320,282.384299884221
"D1",1,321,180.128866051543
"D1",1,322,251.195886685999
"D1",1,323,297.52602173249
"D1",1,324,411.038883247736
"D1",1,325,40.0992212819242
"D1",1,326,173.553308828709
"D1",1,327,365.228691653216
"D1",1,328,519.760835034895
"D1",1,329,360.615622027892
"D1",1,330,166.334039034912
"D1",1,331,207.694827120885
"D1",1,332,204.151661717785
"D1",1,333,235.779686895924
"D1",1,334,401.374985450433
"D1",1,335,313.978792543953
"D1",1,336,268.515800620936
"D1",1,337,250.507447035568
"D1",1,338,394.882191085381
"D1",1,339,338.625407476049
"D1",1,340,192.743521405871
"D1",1,341,469.209482117147
"D1",1,342,531.79395871105
"D1",1,343,179.646520614706
"D1",1,344,356.585521690443
"D1",1,345,197.484982487518
"D1",1,346,364.869004272534
"D1",1,347,461.118998571899
"D1",1,348,388.991708273366
"D1",1,349,201.224619781468
"D1",1,350,191.670499353182
"D1",1,351,467.160548374417
"D1",1,352,253.298540577073
"D1",1,353,426.533185514317
"D1",1,354,292.844006379447
"D1",1,355,292.282340659002
"D1",1,356,390.845292939188
"D1",1,357,449.52611491995
"D1",1,358,320.131584245215
"D1",1,359,230.11463556889
"D1",1,360,332.093478623754
"D1",1,361,299.786677332816
"D1",1,362,301.791728017543
"D1",1,363,295.89422373109
"D1",1,364,197.397191302421
"D1",1,365,304.308271067554
"D1",1,366,380.851124881812
"D1",1,367,314.300460038311
"D1",1,368,277.656679756077
"D1",1,369,420.350079252787
"D1",1,370,478.763743877314
"D1",1,371,277.401511593025
"D1",1,372,401.573540126616
"D1",1,373,362.357605390772
"D1",1,374,359.634214243346
"D1",1,375,155.367876016656
"D1",1,376,308.482587546529
"D1",1,377,174.181728370481
"D1",1,378,253.430686509484
"D1",1,379,157.985173052547
"D1",1,380,204.675886620814
"D1",1,381,454.748100281644
"D1",1,382,394.31293818301
"D1",1,383,389.186982995852
"D1",1,384,464.668252124706
"D1",1,385,167.289643436873
"D1",1,386,42.4675042992845
"D1",1,387,383.21454155568
"D1",1,388,498.788728573534
"D1",1,389,107.085006354744
"D1",1,390,374.963925025842
"D1",1,391,455.792561190092
"D1",1,392,382.874979496733
"D1",1,393,454.655324702968
"D1",1,394,347.046559473267
"D1",1,395,225.824666054696
"D1",1,396,319.322345011437
"D1",1,397,519.417947301433
"D1",1,398,138.163224015615
"D1",1,399,379.569100861464
"D1",1,400,503.553546059747
"D1",1,401,104.709029942205
"D1",1,402,409.741410672568
"D1",1,403,463.191218365197
"D1",1,404,300.14800357774
"D1",1,405,433.557390847408
"D1",1,406,285.296604745796
"D1",1,407,324.798833546229
"D1",1,408,149.108867987048
"D1",1,409,299.921571288304
"D1",1,410,181.719177131687
"D1",1,411,319.149879671365
"D1",1,412,467.330105167824
"D1",1,413,215.076909210397
"D1",1,414,280.286896728045
"D1",1,415,491.522892379251
"D1",1,416,267.40912406048
"D2",1,1,396.966968692808
"D2",1,2,649.930005564273
"D2",1,3,264.029023580126
"D2",1,4,446.704637633831
"D2",1,5,413.490378356768
"D2",1,6,379.22396458818
"D2",1,7,278.095699133546
"D2",1,8,172.389238684612
"D2",1,9,566.031783230759
"D2",1,10,367.638949553165
"D2",1,11,470.087966105512
"D2",1,12,296.949586256136
"D2",1,13,336.753768562358
"D2",1,14,203.009993843665
"D2",1,15,108.450856313489
"D2",1,16,480.134323146627
"D2",1,17,349.746106628339
"D2",1,18,268.168796397728
"D2",1,19,381.025889450386
"D2",1,20,180.243339319063
"D2",1,21,517.517997328788
"D2",1,22,182.591800691605
"D2",1,23,230.77628448638
"D2",1,24,360.960416321842
"D2",1,25,380.408060748218
"D2",1,26,139.147143049152
"D2",1,27,143.825324624522
"D2",1,28,283.566278679528
"D2",1,29,456.133416697157
"D2",1,30,516.70447832597
"D2",1,31,256.531890149942
"D2",1,32,245.624259682098
"D2",1,33,205.24736699871
"D2",1,34,320.077234420174
"D2",1,35,441.350828218231
"D2",1,36,221.55900635033
"D2",1,37,271.617705746535
"D2",1,38,377.581090598893
"D2",1,39,245.371114666671
"D2",1,40,219.252873513649
"D2",1,41,339.612549038528
"D2",1,42,362.249784000848
"D2",1,43,308.105556139588
"D2",1,44,385.26310268202
"D2",1,45,460.784822980621
"D2",1,46,507.47293223035
"D2",1,47,242.813800666566
"D2",1,48,441.746325231886
"D2",1,49,348.45014563234
"D2",1,50,178.610853027712
"D2",1,51,371.905169607658
"D2",1,52,409.746593500615
"D2",1,53,144.973963746958
"D2",1,54,479.908484301939
"D2",1,55,199.58091466116
"D2",1,56,97.0103588696523
"D2",1,57,301.366250368348
"D2",1,58,139.189637519283
"D2",1,59,506.689653296152
"D2",1,60,303.903902538737
"D2",1,61,204.586947805087
"D2",1,62,310.196828603598
"D2",1,63,317.25148585037
"D2",1,64,383.701746955855
"D2",1,65,465.399875528106
"D2",1,66,181.0702303078
"D2",1,67,316.444335067989
"D2",1,68,95.3145402471275
"D2",1,69,324.104491379802
"D2",1,70,411.65521139073
"D2",1,71,351.564920226896
"D2",1,72,245.851623997845
"D2",1,73,223.098037768178
"D2",1,74,451.999742665462
"D2",1,75,202.499808131154
"D2",1,76,425.259486034136
"D2",1,77,396.673428100113
"D2",1,78,199.56725160902
"D2",1,79,450.561363317571
"D2",1,80,238.930189948351
"D2",1,81,385.06830404259
"D2",1,82,221.677216085145
"D2",1,83,410.554859552259
"D2",1,84,488.854753612186
"D2",1,85,92.3347373584416
"D2",1,86,405.203710050522
"D2",1,87,308.616567237873
"D2",1,88,127.878799891294
"D2",1,89,583.691439932529
"D2",1,90,93.2413890077635
"D2",1,91,271.218933199623
"D2",1,92,233.14809615626
"D2",1,93,283.843625792153
"D2",1,94,268.68613144921
"D2",1,95,351.013994910218
"D2",1,96,192.895386562945
"D2",1,97,313.820842355833
"D2",1,98,338.48068998382
"D2",1,99,294.804821674639
"D2",1,100,307.492200000134
"D2",1,101,328.824198438731
"D2",1,102,261.272922657514
"D2",1,103,350.86198857633
"D2",1,104,141.351493056866
"D2",1,105,194.754296237463
"D2",1,106,284.532114443102
"D2",1,107,556.441894416643
"D2",1,108,458.782814720362
"D2",1,109,214.761518645152
"D2",1,110,279.102953476774
"D2",1,111,178.165260927349
"D2",1,112,82.1552743759547
"D2",1,113,214.439973697439
"D2",1,114,262.392681471731
"D2",1,115,225.314970111915
"D2",1,116,328.672744503329
"D2",1,117,294.566207698878
"D2",1,118,344.84958870226
"D2",1,119,224.845991495456
"D2",1,120,379.697840125855
"D2",1,121,369.71206348603
"D2",1,122,342.93854016311
"D2",1,123,387.018970365339
"D2",1,124,330.636059402513
"D2",1,125,251.483088953376
"D2",1,126,263.351197157587
"D2",1,127,137.056771784982
"D2",1,128,61.3959616801337
"D2",1,129,267.678503370332
"D2",1,130,469.345237214876
"D2",1,131,456.971729067527
"D2",1,132,334.599281555335
"D2",1,133,431.978922610979
"D2",1,134,239.782908667218
"D2",1,135,161.683250629412
"D2",1,136,367.4885096372
"D2",1,137,309.353111580909
"D2",1,138,348.281546638945
"D2",1,139,293.571145571377
"D2",1,140,284.989581659091
"D2",1,141,333.60404095242
"D2",1,142,305.983868298872
"D2",1,143,314.649650843779
"D2",1,144,271.006631017066
"D2",1,145,263.615211669064
"D2",1,146,430.570891249478
"D2",1,147,446.609095291853
"D2",1,148,367.335615669849
"D2",1,149,436.448495678718
"D2",1,150,486.646328505636
"D2",1,151,175.11275348119
"D2",1,152,390.910323513295
"D2",1,153,491.91297810888
"D2",1,154,416.989448242083
"D2",1,155,281.711607718385
"D2",1,156,144.444402747193
"D2",1,157,402.833884444199
"D2",1,158,411.441447041368
"D2",1,159,350.135573844013
"D2",1,160,369.837339238801
"D2",1,161,452.929898888872
"D2",1,162,465.436305410923
"D2",1,163,191.843727879635
"D2",1,164,190.064173010252
"D2",1,165,293.116878638187
"D2",1,166,382.541073351938
"D2",1,167,201.991395003251
"D2",1,168,281.447979853317
"D2",1,169,478.163566871539
"D2",1,170,390.469439249727
"D2",1,171,419.30615118001
"D2",1,172,89.1165837085015
"D2",1,173,238.370192681061
"D2",1,174,276.679978549845
"D2",1,175,302.055670979089
"D2",1,176,278.810911128948
"D2",1,177,381.844868042623
"D2",1,178,385.108910995734
"D2",1,179,265.581887670554
"D2",1,180,196.755278885145
"D2",1,181,321.072824797272
"D2",1,182,353.527003748597
"D2",1,183,365.455444378989
"D2",1,184,329.750146619352
"D2",1,185,309.667905966589
"D2",1,186,315.773131983304
"D2",1,187,405.18661196179
"D2",1,188,433.673892609798
"D2",1,189,200.211632545623
"D2",1,190,527.689195364069
"D2",1,191,131.087559474473
"D2",1,192,712.778937416535
"D2",1,193,387.447056185435
"D2",1,194,435.626862382758
"D2",1,195,394.409360651528
"D2",1,196,293.131977204792
"D2",1,197,377.358797296712
"D2",1,198,65.4177934944233
"D2",1,199,212.998223611861
"D2",1,200,177.045285453228
"D2",1,201,404.979135842561
"D2",1,202,311.126498462736
"D2",1,203,280.530225460284
"D2",1,204,426.891773897903
"D2",1,205,426.217742495757
"D2",1,206,457.717970484731
"D2",1,207,375.089293792008
"D2",1,208,387.748647835932
"D2",1,209,400.982052396415
"D2",1,210,364.808018728335
"D2",1,211,540.954005933573
"D2",1,212,278.003789224242
"D2",1,213,396.187766223134
"D2",1,214,367.677028975491
"D2",1,215,519.777772491736
"D2",1,216,500.854519027234
"D2",1,217,354.887651401995
"D2",1,218,451.431651611539
"D2",1,219,158.547155729114
"D2",1,220,420.608199684088
"D2",1,221,272.239241188244
"D2",1,222,282.27668788705
"D2",1,223,175.499048144183
"D2",1,224,204.280712572694
"D2",1,225,248.373372656619
"D2",1,226,281.603870290584
"D2",1,227,357.888107602918
"D2",1,228,201.074217134208
"D2",1,229,205.596120367517
"D2",1,230,265.418031128137
"D2",1,231,129.445515800083
"D2",1,232,40
"D2",1,233,438.060539614042
"D2",1,234,512.406519417088
"D2",1,235,340.06655360892
"D2",1,236,446.530733462792
"D2",1,237,319.741154995528
"D2",1,238,383.074658718158
"D2",1,239,317.641725631032
"D2",1,240,515.090076879996
"D2",1,241,283.14726403785
"D2",1,242,428.432687367962
"D2",1,243,206.576552563173
"D2",1,244,212.184806950698
"D2",1,245,343.651622591465
"D2",1,246,444.224510207205
"D2",1,247,385.220077627927
"D2",1,248,315.345846466091
"D2",1,249,398.583939990067
"D2",1,250,156.329556180079
"D2",1,251,396.163434317106
"D2",1,252,286.95037744053
"D2",1,253,304.078632696358
"D2",1,254,551.54665765214
"D2",1,255,358.50676184663
"D2",1,256,380.366370665254
"D2",1,257,329.785717016026
"D2",1,258,278.892390287687
"D2",1,259,300.904267079512
"D2",1,260,247.864727079394
"D2",1,261,226.363824005357
"D2",1,262,332.800318601624
"D2",1,263,273.706502553765
"D2",1,264,370.812895994462
"D2",1,265,276.709208730452
"D2",1,266,395.719457851511
"D2",1,267,488.521046029664
"D2",1,268,297.189804449144
"D2",1,269,189.90327699407
"D2",1,270,241.051162071078
"D2",1,271,356.331641251805
"D2",1,272,328.95196392717
"D2",1,273,248.658403564429
"D2",1,274,140.458116096595
"D2",1,275,333.011365422823
"D2",1,276,76.2519571233201
"D2",1,277,204.486699073013
"D2",1,278,124.154028467918
"D2",1,279,40
"D2",1,280,255.321236513562
"D2",1,281,436.347919803166
"D2",1,282,317.617494713853
"D2",1,283,387.170386505015
"D2",1,284,216.252592706327
"D2",1,285,268.557572986474
"D2",1,286,272.930191681997
"D2",1,287,169.682765554595
"D2",1,288,133.870545823305
"D2",1,289,263.908849509566
"D2",1,290,273.033415181032
"D2",1,291,415.968392611216
"D2",1,292,150.735922366172
"D2",1,293,162.750226778164
"D2",1,294,169.043313480369
"D2",1,295,234.097073100363
"D2",1,296,528.907944090967
"D2",1,297,235.006640084473
"D2",1,298,405.178127866439
"D2",1,299,281.815965200357
"D2",1,300,46.3931198171001
"D2",1,301,380.214397346304
"D2",1,302,320.989424244289
"D2",1,303,305.529249590503
"D2",1,304,345.557995922089
"D2",1,305,183.062911323593
"D2",1,306,386.510252240519
"D2",1,307,291.028690302214
"D2",1,308,368.236459367489
"D2",1,309,376.90696981203
"D2",1,310,290.61178027963
"D2",1,311,321.323318530327
"D2",1,312,434.955123830532
"D2",1,313,448.707240802513
"D2",1,314,291.429231659525
"D2",1,315,427.582355663152
"D2",1,316,186.342653506765
"D2",1,317,207.367839235788
"D2",1,318,379.731409772641
"D2",1,319,445.379453656687
"D2",1,320,115.317820002119
"D2",1,321,244.616640306018
"D2",1,322,170.436174002885
"D2",1,323,375.811742626843
"D2",1,324,265.65675167546
"D2",1,325,396.653024333484
"D2",1,326,203.478866737006
"D2",1,327,264.210904048352
"D2",1,328,355.40251603883
"D2",1,329,239.530517763987
"D2",1,330,372.74117797626
"D2",1,331,246.332441845724
"D2",1,332,539.547068471098
"D2",1,333,252.458362004423
"D2",1,334,185.305027775176
"D2",1,335,489.017532835166
"D2",1,336,365.904311764398
"D2",1,337,150.394684014381
"D2",1,338,138.830778639105
"D2",1,339,389.064212431308
"D2",1,340,375.541726834354
"D2",1,341,256.922805043814
"D2",1,342,274.758145391369
"D2",1,343,247.596452473094
"D2",1,344,394.636114155277
"D2",1,345,375.581699276526
"D2",1,346,304.609068960475
"D2",1,347,405.291988775188
"D2",1,348,268.240192537544
"D2",1,349,322.492669493783
"D2",1,350,92.5471402993277
"D2",1,351,420.111051499923
"D2",1,352,237.695703094647
"D2",1,353,162.236558303645
"D2",1,354,341.731904410275
"D2",1,355,172.604896192983
"D2",1,356,193.392013285318
"D2",1,357,208.12066551298
"D2",1,358,351.762390717854
"D2",1,359,321.237217815265
"D2",1,360,419.760133062776
"D2",1,361,295.864767559558
"D2",1,362,267.391902699743
"D2",1,363,226.202242616582
"D2",1,364,221.679879187864
"D2",1,365,190.807115239295
"D2",1,366,350.907113827572
"D2",1,367,329.655229233594
"D2",1,368,168.094703106482
"D2",1,369,254.399463767979
"D2",1,370,457.021333140156
"D2",1,371,555.076310129839
"D2",1,372,235.033523306101
"D2",1,373,392.216339836496
"D2",1,374,342.255312417969
"D2",1,375,308.289036053787
"D2",1,376,208.950095948019
"D2",1,377,358.154941127248
"D2",1,378,190.508605999733
"D2",1,379,461.584953136215
"D2",1,380,264.827062833224
"D2",1,381,221.143747487277
"D2",1,382,478.745266798447
"D2",1,383,394.644080387622
"D2",1,384,311.20142671553
"D2",1,385,285.577051411011
"D2",1,386,355.348573842955
"D2",1,387,289.739454648941
"D2",1,388,347.356901344907
"D2",1,389,410.234981782016
"D2",1,390,438.662307731286
"D2",1,391,518.635988018834
"D2",1,392,240.867156097268
"D2",1,393,369.884980829787
"D2",1,394,287.734643807391
"D2",1,395,467.215606378851
"D2",1,396,474.438716361263
"D2",1,397,367.880577914853
"D2",1,398,425.449726126234
"D2",1,399,406.762686494222
"D2",1,400,370.046396422985
"D2",1,401,359.55847706433
"D2",1,402,156.741233665778
"D2",1,403,368.115043698074
"D2",1,404,302.634993593715
"D2",1,405,156.655449298088
"D3",1,1,213.511901786161
"D3",1,2,236.691466655163
"D3",1,3,261.819644726585
"D3",1,4,352.473174130506
"D3",1,5,307.637683056064
"D3",1,6,354.83950160855
"D3",1,7,350.336334002219
"D3",1,8,231.659810815076
"D3",1,9,525.342051278677
"D3",1,10,491.010991211651
"D3",1,11,253.876971938578
"D3",1,12,256.981226425744
"D3",1,13,325.739906120173
"D3",1,14,206.104134247661
"D3",1,15,334.054302370106
"D3",1,16,369.515331726142
"D3",1,17,335.118317546698
"D3",1,18,326.20939207661
"D3",1,19,578.94851775114
"D3",1,20,240.177432127748
"D3",1,21,321.367664263494
"D3",1,22,420.308021639831
"D3",1,23,259.181628632076
"D3",1,24,511.602423747758
"D3",1,25,479.915266808342
"D3",1,26,296.81214623246
"D3",1,27,182.010417265717
"D3",1,28,215.365616850601
"D3",1,29,475.660861136972
"D3",1,30,271.751459063942
"D3",1,31,347.635263783206
"D3",1,32,434.950771948148
"D3",1,33,410.391492738626
"D3",1,34,275.047529132562
"D3",1,35,267.296122343013
"D3",1,36,341.588234036677
"D3",1,37,130.789645106139
"D3",1,38,208.238212345088
"D3",1,39,265.36102473745
"D3",1,40,301.780239443183
"D3",1,41,101.888485487236
"D3",1,42,109.773431873736
"D3",1,43,236.670977881896
"D3",1,44,396.214911555475
"D3",1,45,218.753409225085
"D3",1,46,235.063642782325
"D3",1,47,355.61513686597
"D3",1,48,75.6694928978234
"D3",1,49,323.515793746719
"D3",1,50,379.541651419274
"D3",1,51,335.279273988354
"D3",1,52,384.953317075061
"D3",1,53,518.463654878427
"D3",1,54,372.587445891187
"D3",1,55,167.271877232003
"D3",1,56,263.403516634336
"D3",1,57,408.882259586889
"D3",1,58,215.944990027256
"D3",1,59,354.255228502941
"D3",1,60,521.199247147241
"D3",1,61,233.648942853279
"D3",1,62,362.96052597172
"D3",1,63,170.381652683652
"D3",1,64,374.386733889325
"D3",1,65,341.211211902903
"D3",1,66,230.282905714661
"D3",1,67,386.935983685977
"D3",1,68,335.472587239906
"D3",1,69,229.901675362055
"D3",1,70,246.218952098748
"D3",1,71,387.140431232127
"D3",1,72,382.582394353639
"D3",1,73,373.343204984479
"D3",1,74,246.220730246221
"D3",1,75,378.997318398992
"D3",1,76,273.258417285057
"D3",1,77,572.058397018095
"D3",1,78,251.548422659379
"D3",1,79,416.237150859051
"D3",1,80,628.408252225932
"D3",1,81,246.563006437749
"D3",1,82,262.860295618867
"D3",1,83,89.4121690081198
"D3",1,84,378.330177746796
"D3",1,85,276.294558852264
"D3",1,86,305.079163272587
"D3",1,87,303.319317029093
"D3",1,88,442.627619192236
"D3",1,89,398.098390521209
"D3",1,90,412.092602893954
"D3",1,91,440.171631849895
"D3",1,92,311.349509251962
"D3",1,93,396.068232782766
"D3",1,94,319.410350161849
"D3",1,95,339.345384538115
"D3",1,96,444.664642708677
"D3",1,97,286.875827859168
"D3",1,98,394.24727496616
"D3",1,99,260.045393486195
"D3",1,100,146.896300002222
"D3",1,101,567.015131030728
"D3",1,102,514.529296082087
"D3",1,103,300.569817596995
"D3",1,104,374.113135581828
"D3",1,105,518.792140204991
"D3",1,106,318.077089834923
"D3",1,107,223.325508988021
"D3",1,108,161.112461064096
"D3",1,109,376.245877004039
"D3",1,110,260.597696058756
"D3",1,111,225.802259941193
"D3",1,112,322.432275465674
"D3",1,113,441.513307939354
"D3",1,114,298.820521442527
"D3",1,115,410.269178922394
"D3",1,116,321.187653452228
"D3",1,117,410.407391652423
"D3",1,118,493.691106336364
"D3",1,119,459.370296608622
"D3",1,120,416.719339744609
"D3",1,121,40
"D3",1,122,274.274222791607
"D3",1,123,297.879090579383
"D3",1,124,441.827696631737
"D3",1,125,407.50667632381
"D3",1,126,350.55868436442
"D3",1,127,65.5477750590522
"D3",1,128,290.239480558707
"D3",1,129,223.491937915673
"D3",1,130,366.14166116654
"D3",1,131,144.886834834706
"D3",1,132,244.051940184278
"D3",1,133,510.959428932626
"D3",1,134,141.972765781944
"D3",1,135,456.275139735395
"D3",1,136,234.930885427415
"D3",1,137,536.879612503765
"D3",1,138,275.621266566897
"D3",1,139,146.805787249093
"D3",1,140,234.460388289739
"D3",1,141,261.702559567773
"D3",1,142,631.490235815536
"D3",1,143,158.734662342281
"D3",1,144,183.763305288983
"D3",1,145,227.028589401813
"D3",1,146,40
"D3",1,147,199.86015095484
"D3",1,148,420.349545353726
"D3",1,149,447.282270061551
"D3",1,150,467.466805046432
"D3",1,151,432.819644410655
"D3",1,152,313.419821093015
"D3",1,153,320.079700703189
"D3",1,154,82.0820787553117
"D3",1,155,283.055226305407
"D3",1,156,139.697400083519
"D3",1,157,493.644540891475
"D3",1,158,323.4337827424
"D3",1,159,300.12131751597
"D3",1,160,276.240888479317
"D3",1,161,389.634403808081
"D3",1,162,193.91051706983
"D3",1,163,226.899323246802
"D3",1,164,380.168039980807
"D3",1,165,168.030508597917
"D3",1,166,507.794559181053
"D3",1,167,350.251712988055
"D3",1,168,431.03609409886
"D3",1,169,292.546474870816
"D3",1,170,320.835633702115
"D3",1,171,403.887673104261
"D3",1,172,343.528376205229
"D3",1,173,392.321518210739
"D3",1,174,300.970949185744
"D3",1,175,185.675482787492
"D3",1,176,240.574413519043
"D3",1,177,382.056783937784
"D3",1,178,399.027374361662
"D3",1,179,235.022206645071
"D3",1,180,332.891223383024
"D3",1,181,313.855193551642
"D3",1,182,145.979830814536
"D3",1,183,360.425733843501
"D3",1,184,389.738300860383
"D3",1,185,290.053383001407
"D3",1,186,179.404178921609
"D3",1,187,383.474912345432
"D3",1,188,450.019399359965
"D3",1,189,136.130928905005
"D3",1,190,308.760248600476
"D3",1,191,465.869861828784
"D3",1,192,351.364999506659
"D3",1,193,144.265688290279
"D3",1,194,431.288363675186
"D3",1,195,331.259328116345
"D3",1,196,267.047096042295
"D3",1,197,357.836884255531
"D3",1,198,523.764776948759
"D3",1,199,163.479623172165
"D3",1,200,40
"D3",1,201,317.898082648091
"D3",1,202,172.996294668618
"D3",1,203,223.74886363564
"D3",1,204,196.294864754526
"D3",1,205,279.456121288402
"D3",1,206,349.071689272106
"D3",1,207,398.903118365956
"D3",1,208,651.944733625024
"D3",1,209,430.829557134505
"D3",1,210,141.026068904961
"D3",1,211,277.035611292932
"D3",1,212,297.706134406271
"D3",1,213,219.451492934292
"D3",1,214,251.800809615685
"D3",1,215,265.005918949056
"D3",1,216,405.778654300377
"D3",1,217,448.421341364819
"D3",1,218,337.310860933901
"D3",1,219,242.326403470945
"D3",1,220,298.720392577791
"D3",1,221,202.474427108227
"D3",1,222,362.686999716998
"D3",1,223,270.591745232453
"D3",1,224,267.918889687797
"D3",1,225,211.279190229563
"D3",1,226,453.499728153696
"D3",1,227,389.174029447951
"D3",1,228,112.527917498966
"D3",1,229,319.481003004019
"D3",1,230,333.5290683023
"D3",1,231,269.821214099319
"D3",1,232,335.490580886188
"D3",1,233,311.572657861269
"D3",1,234,431.669335402465
"D3",1,235,450.454622471898
"D3",1,236,215.540329424938
"D3",1,237,392.238396879822
"D3",1,238,518.670266825838
"D3",1,239,339.767286731567
"D3",1,240,359.381607440674
"D3",1,241,410.556786497952
"D3",1,242,184.491149206372
"D3",1,243,269.211268050305
"D3",1,244,333.716505071455
"D3",1,245,233.856602832825
"D3",1,246,268.669510589261
"D3",1,247,275.949280901738
"D3",1,248,300.322278814139
"D3",1,249,369.440089491716
"D3",1,250,256.504821640332
"D3",1,251,331.029356455021
"D3",1,252,370.821336028397
"D3",1,253,386.246972677775
"D3",1,254,207.396227564996
"D3",1,255,350.646984411245
"D3",1,256,496.970515255113
"D3",1,257,258.499943016373
"D3",1,258,40
"D3",1,259,525.278107092927
"D3",1,260,349.294587653079
"D3",1,261,231.540454526512
"D3",1,262,329.267386873542
"D3",1,263,234.046533475613
"D3",1,264,447.329163806991
"D3",1,265,172.161165852376
"D3",1,266,368.502700599704
"D3",1,267,400.922902969913
"D3",1,268,245.079127022191
"D3",1,269,304.348888031238
"D3",1,270,445.214795463191
"D3",1,271,501.816622487008
"D3",1,272,289.713621903974
"D3",1,273,414.272829413909
"D3",1,274,253.568897448218
"D3",1,275,295.778385552078
"D3",1,276,461.469548747275
"D3",1,277,479.310701217779
"D3",1,278,273.227819903442
"D3",1,279,349.25278138223
"D3",1,280,410.37907650607
"D3",1,281,279.082091359389
"D3",1,282,336.130084058795
"D3",1,283,162.375708006694
"D3",1,284,300.648765323409
"D3",1,285,358.539182348285
"D3",1,286,183.44203487026
"D3",1,287,129.969474217554
"D3",1,288,332.086739350654
"D3",1,289,389.978068451666
"D3",1,290,217.535358396758
"D3",1,291,172.166713355889
"D3",1,292,235.347819577303
"D3",1,293,209.255439820974
"D3",1,294,330.01972463625
"D3",1,295,117.594723168864
"D3",1,296,335.306980356159
"D3",1,297,484.418444817077
"D3",1,298,368.538724894006
"D3",1,299,273.948567317085
"D3",1,300,219.850610740134
"D3",1,301,277.818509950151
"D3",1,302,280.600129148778
"D3",1,303,317.379375888862
"D3",1,304,203.9889208235
"D3",1,305,342.227177072902
"D3",1,306,313.664362450472
"D3",1,307,327.582222310118
"D3",1,308,185.74708964429
"D3",1,309,239.091810315609
"D3",1,310,365.800067009095
"D3",1,311,318.754979489497
"D3",1,312,293.013253338792
"D3",1,313,386.306436927444
"D3",1,314,210.350326461878
"D3",1,315,376.771549727679
"D3",1,316,201.505526292651
"D3",1,317,74.8530316093534
"D3",1,318,162.035456750368
"D3",1,319,366.201997902148
"D3",1,320,193.200789150742
"D3",1,321,256.413378198189
"D3",1,322,198.390483659851
"D3",1,323,354.758046368004
"D3",1,324,432.371515551762
"D3",1,325,222.770013268027
"D3",1,326,251.211819074244
"D3",1,327,209.361497885542
"D3",1,328,300.967787477175
"D3",1,329,295.267989099304
"D3",1,330,244.594807453365
"D3",1,331,219.13629586952
"D3",1,332,445.523311181205
"D3",1,333,206.643054765214
"D3",1,334,407.248520566432
"D3",1,335,434.733394717127
"D3",1,336,325.510578642108
"D3",1,337,636.001250502322
"D3",1,338,167.084599402776
"D3",1,339,444.259829079669
"D3",1,340,273.66785738152
"D3",1,341,151.841351555647
"D3",1,342,391.489584627079
"D3",1,343,350.208581983481
"D3",1,344,485.77597587013
"D3",1,345,551.18892232444
"D3",1,346,349.701554959402
"D3",1,347,284.793462708289
"D3",1,348,267.921174782687
"D3",1,349,293.665721009593
"D3",1,350,300.79044040054
"D3",1,351,227.523032662428
"D3",1,352,345.162679183185
"D3",1,353,342.37486664431
"D3",1,354,297.873293187896
"D3",1,355,408.989835431888
"D3",1,356,110.00682634603
"D3",1,357,228.370968635975
"D3",1,358,304.890906959282
"D3",1,359,254.095426044621
"D3",1,360,284.752100108662
"D3",1,361,549.330837092297
"D3",1,362,323.750394025716
"D3",1,363,476.297797831003
"D3",1,364,426.20215356666
"D3",1,365,303.804834394462
"D3",1,366,377.275169074692
"D3",1,367,508.6780487794
"D3",1,368,167.507211667906
"D3",1,369,139.387191798582
"D3",1,370,149.561673120859
"D3",1,371,513.293588249984
"D3",1,372,415.626533010115
"D3",1,373,257.844738813278
"D3",1,374,328.640654157491
"D3",1,375,496.551961064242
"D3",1,376,156.434819244333
"D3",1,377,242.983066140372
"D3",1,378,367.44061713586
"D3",1,379,194.132571734333
"D3",1,380,210.301111164199
"D3",1,381,430.792748604509
"D3",1,382,451.610641685288
"D3",1,383,370.409298465314
"D3",1,384,468.908843062271
"D3",1,385,348.614531946655
"D3",1,386,182.471452389936
"D3",1,387,368.158179043055
"D3",1,388,259.446466024564
"D3",1,389,343.028554052381
"D3",1,390,70.0329316321548
"D3",1,391,369.614787334096
"D3",1,392,279.065465864956
"D3",1,393,275.142305013712
"D3",1,394,95.2775109415613
"D3",1,395,368.114310297941
"D3",1,396,308.69833843009
"D3",1,397,242.560459826933
"D3",1,398,218.967767012425
"D3",1,399,461.031865357158
"D3",1,400,432.61609427448
"D3",1,401,422.551763418023
"D3",1,402,353.44368426213
"D3",1,403,279.178533580836
"D3",1,404,315.097228748899
"D3",1,405,254.887165387831
"D3",1,406,345.74365595546
"D3",1,407,330.645706294958
"D3",1,408,282.859729509265
"D3",1,409,267.835063129568
"D3",1,410,176.396672274846
"D3",1,411,385.873341849195
"D3",1,412,268.312128411788
"D3",1,413,427.398019138621
"D3",1,414,329.685856067028
"D3",1,415,85.1030113200518
"D3",1,416,276.019742873354
"D3",1,417,419.242443385855
"D3",1,418,500.739684736859
"D3",1,419,407.586669923542
"D3",1,420,413.136678406572
"D3",1,421,302.618273305556
"D3",1,422,353.115922456555
"D3",1,423,386.653605290027
"D3",1,424,324.308720505913
"D3",1,425,405.853845509359
"D3",1,426,466.098564879555
"D3",1,427,202.319671488899
"D3",1,428,318.753708498211
"D3",1,429,322.233610364088
"D3",1,430,303.665085410175
"D3",1,431,425.094376187693
"D3",1,432,477.383724932147
"D3",1,433,206.327521374387
"D4",1,1,241.179088412698
"D4",1,2,269.44371195187
"D4",1,3,350.82499086173
"D4",1,4,321.256608231277
"D4",1,5,289.222938250592
"D4",1,6,358.742897323598
"D4",1,7,490.280064744262
"D4",1,8,503.664111288871
"D4",1,9,118.405225219661
"D4",1,10,296.695383781487
"D4",1,11,191.323747241289
"D4",1,12,388.366259022871
"D4",1,13,255.715935895076
"D4",1,14,350.605036163949
"D4",1,15,343.746187765564
"D4",1,16,455.904824200311
"D4",1,17,158.21801124841
"D4",1,18,51.3899075208993
"D4",1,19,230.398626067596
"D4",1,20,434.266894179969
"D4",1,21,464.063792368778
"D4",1,22,323.133412945585
"D4",1,23,555.933549945887
"D4",1,24,364.230666376668
"D4",1,25,157.358558396393
"D4",1,26,315.803659381191
"D4",1,27,485.859712602539
"D4",1,28,392.040436900199
"D4",1,29,481.894055898861
"D4",1,30,508.279426483228
"D4",1,31,374.340598319042
"D4",1,32,380.571957995161
"D4",1,33,243.914672558771
"D4",1,34,371.940730317871
"D4",1,35,431.499319406169
"D4",1,36,221.680535651719
"D4",1,37,194.928373138
"D4",1,38,326.22511699231
"D4",1,39,246.102681179252
"D4",1,40,145.050360179369
"D4",1,41,294.720476916781
"D4",1,42,261.812460319484
"D4",1,43,249.628376140428
"D4",1,44,361.48426568736
"D4",1,45,165.979866571088
"D4",1,46,395.411811984338
"D4",1,47,289.528435425393
"D4",1,48,250.181574128272
"D4",1,49,274.325596213603
"D4",1,50,298.882245019492
"D4",1,51,325.67167925377
"D4",1,52,265.743161576025
"D4",1,53,311.217467878395
"D4",1,54,355.642883693524
"D4",1,55,130.110999773899
"D4",1,56,505.327940368828
"D4",1,57,97.3847897168181
"D4",1,58,344.539289278771
"D4",1,59,475.398106062668
"D4",1,60,394.4292611839
"D4",1,61,312.255914698363
"D4",1,62,527.081509199367
"D4",1,63,289.238311027265
"D4",1,64,370.647390194749
"D4",1,65,309.68011531599
"D4",1,66,98.4017591622674
"D4",1,67,361.720840168668
"D4",1,68,276.722950390096
"D4",1,69,287.758655399446
"D4",1,70,353.597393516709
"D4",1,71,440.882234961298
"D4",1,72,430.346744759726
"D4",1,73,146.045709623504
"D4",1,74,305.479856491487
"D4",1,75,69.2961412103954
"D4",1,76,115.486886074663
"D4",1,77,301.914840389661
"D4",1,78,212.57791278557
"D4",1,79,134.351523981684
"D4",1,80,327.486511273268
"D4",1,81,307.750810102058
"D4",1,82,384.659896203693
"D4",1,83,369.975128120186
"D4",1,84,258.740674971839
"D4",1,85,331.083341991064
"D4",1,86,192.820531755397
"D4",1,87,590.854462935673
"D4",1,88,438.594981318212
"D4",1,89,377.728767683511
"D4",1,90,316.734344233854
"D4",1,91,176.473440697323
"D4",1,92,82.1682065293162
"D4",1,93,484.717390281098
"D4",1,94,284.537346088617
"D4",1,95,276.969138641029
"D4",1,96,277.132437938832
"D4",1,97,396.258083238602
"D4",1,98,348.403559561088
"D4",1,99,115.919850683289
"D4",1,100,148.845934945038
"D4",1,101,324.209674660555
"D4",1,102,524.903354861792
"D4",1,103,358.607062290754
"D4",1,104,240.190723550291
"D4",1,105,375.640241777461
"D4",1,106,323.850247199474
"D4",1,107,512.134971451809
"D4",1,108,274.084535346004
"D4",1,109,63.6384768657092
"D4",1,110,394.630204135974
"D4",1,111,390.871542924202
"D4",1,112,193.261658684559
"D4",1,113,409.913712743724
"D4",1,114,282.764435188348
"D4",1,115,238.60435258695
"D4",1,116,254.042171127188
"D4",1,117,260.286725765972
"D4",1,118,117.744967984571
"D4",1,119,272.447414070963
"D4",1,120,458.327346570292
"D4",1,121,429.909891550193
"D4",1,122,285.676061141197
"D4",1,123,389.993641690027
"D4",1,124,372.106316971615
"D4",1,125,206.097505996506
"D4",1,126,153.479082882072
"D4",1,127,681.643214700215
"D4",1,128,310.269661345091
"D4",1,129,270.741308821203
"D4",1,130,226.712366106463
"D4",1,131,406.015214878604
"D4",1,132,430.528922483405
"D4",1,133,427.395896940998
"D4",1,134,512.760500619112
"D4",1,135,165.78678660722
"D4",1,136,451.398761191328
"D4",1,137,312.72048494047
"D4",1,138,212.242117215794
"D4",1,139,249.703174143725
"D4",1,140,364.648440133346
"D4",1,141,525.874837105834
"D4",1,142,326.213839255235
"D4",1,143,244.26690876373
"D4",1,144,413.182765995561
"D4",1,145,354.627286053934
"D4",1,146,230.041679238793
"D4",1,147,312.67480143116
"D4",1,148,198.113082794582
"D4",1,149,302.409636140472
"D4",1,150,285.651298711074
"D4",1,151,343.552087313864
"D4",1,152,253.579567307558
"D4",1,153,420.97323645799
"D4",1,154,442.656702397635
"D4",1,155,360.580089144636
"D4",1,156,40
"D4",1,157,459.480298626174
"D4",1,158,304.939955523558
"D4",1,159,259.537490355241
"D4",1,160,296.445841521322
"D4",1,161,410.364690049767
"D4",1,162,176.135542056222
"D4",1,163,303.703524189018
"D4",1,164,558.452746342918
"D4",1,165,450.519826418012
"D4",1,166,359.805262044011
"D4",1,167,388.755417676818
"D4",1,168,563.898127611336
"D4",1,169,235.823135273725
"D4",1,170,430.350438755867
"D4",1,171,283.019220969918
"D4",1,172,297.396971054712
"D4",1,173,301.062482818891
"D4",1,174,309.718989471456
"D4",1,175,479.604515752629
"D4",1,176,327.661645546087
"D4",1,177,158.890309692707
"D4",1,178,436.029423853358
"D4",1,179,218.759362758874
"D4",1,180,304.919319490796
"D4",1,181,227.175176876233
"D4",1,182,154.000874409232
"D4",1,183,465.857107505301
"D4",1,184,428.069167678049
"D4",1,185,458.770256288991
"D4",1,186,380.368890695688
"D4",1,187,40
"D4",1,188,407.860154218468
"D4",1,189,383.145894378238
"D4",1,190,171.08585053311
"D4",1,191,304.208994017626
"D4",1,192,417.385318137973
"D4",1,193,336.43969333147
"D4",1,194,269.300128467908
"D4",1,195,337.711501759656
"D4",1,196,386.629588807238
"D4",1,197,79.5572501693187
"D4",1,198,250.207777924306
"D4",1,199,356.966734226642
"D4",1,200,292.874267825083
"D4",1,201,483.712891733311
"D4",1,202,458.164015567914
"D4",1,203,283.367377198769
"D4",1,204,433.526629223337
"D4",1,205,258.463454643505
"D4",1,206,144.564166031713
"D4",1,207,220.704807860858
"D4",1,208,377.727830803544
"D4",1,209,497.976403309459
"D4",1,210,359.598239161749
"D4",1,211,196.459134454778
"D4",1,212,272.956467407987
"D4",1,213,434.136085402895
"D4",1,214,95.1082092668067
"D4",1,215,368.96979037387
"D4",1,216,305.553265227024
"D4",1,217,248.880708690754
"D4",1,218,365.635366313815
"D4",1,219,500.863714221145
"D4",1,220,261.899029716597
"D4",1,221,322.060904471547
"D4",1,222,194.86752937278
"D4",1,223,274.843949837476
"D4",1,224,188.28198108194
"D4",1,225,198.171268263972
"D4",1,226,321.185378819089
"D4",1,227,342.075972938024
"D4",1,228,246.996247393811
"D4",1,229,349.10787696906
"D4",1,230,581.368123871759
"D4",1,231,187.043700007001
"D4",1,232,191.265505227137
"D4",1,233,399.804594703739
"D4",1,234,489.167223151503
"D4",1,235,411.928206112782
"D4",1,236,338.757991570369
"D4",1,237,170.072324965403
"D4",1,238,456.00282126433
"D4",1,239,439.678691687369
"D4",1,240,278.94021037704
"D4",1,241,191.286042452393
"D4",1,242,330.265583827435
"D4",1,243,240.618972264886
"D4",1,244,385.497726804209
"D4",1,245,375.087361241156
"D4",1,246,330.437363805328
"D4",1,247,258.490784377999
"D4",1,248,195.076300795589
"D4",1,249,279.159859625921
"D4",1,250,263.577657239379
"D4",1,251,244.462494375701
"D4",1,252,411.252081888387
"D4",1,253,357.529183789696
"D4",1,254,402.966727343534
"D4",1,255,434.799859982742
"D4",1,256,279.425763373321
"D4",1,257,262.597751155226
"D4",1,258,342.791367763552
"D4",1,259,451.148617370925
"D4",1,260,133.008801378674
"D4",1,261,186.41184256467
"D4",1,262,462.138530320349
"D4",1,263,621.472421906238
"D4",1,264,323.133081476668
"D4",1,265,230.598816961496
"D4",1,266,366.595714698529
"D4",1,267,447.442293393263
"D4",1,268,40
"D4",1,269,545.666289818552
"D4",1,270,323.016582003109
"D4",1,271,100.309935165697
"D4",1,272,348.559800758229
"D4",1,273,219.486113582547
"D4",1,274,257.497382416252
"D4",1,275,396.288266285528
"D4",1,276,79.9148083498271
"D4",1,277,137.953971404816
"D4",1,278,229.654918805488
"D4",1,279,434.228867484828
"D4",1,280,240.459122019722
"D4",1,281,104.919975502338
"D4",1,282,40
"D4",1,283,219.685550814647
"D4",1,284,304.206109301795
"D4",1,285,371.503289648478
"D4",1,286,305.850575931372
"D4",1,287,435.732301360336
"D4",1,288,245.631662614382
"D4",1,289,238.332311123773
"D4",1,290,388.080523513309
"D4",1,291,160.940231557216
"D4",1,292,349.991379145126
"D4",1,293,230.046909640893
"D4",1,294,302.989716584028
"D4",1,295,305.316910392688
"D4",1,296,302.576129322581
"D4",1,297,313.240004602707
"D4",1,298,250.853522794725
"D4",1,299,465.101936595348
"D4",1,300,157.610590984389
"D4",1,301,315.985759880515
"D4",1,302,345.368423691829
"D4",1,303,314.579645574519
"D4",1,304,335.282969380771
"D4",1,305,435.289732101475
"D4",1,306,462.669038685603
"D4",1,307,233.344450911306
"D4",1,308,259.558298063587
"D4",1,309,311.759793692476
"D4",1,310,391.669479315419
"D4",1,311,314.458850639984
"D4",1,312,325.778938233618
"D4",1,313,314.496208908609
"D4",1,314,471.671215585533
"D4",1,315,358.765851940472
"D4",1,316,138.90383923616
"D4",1,317,347.837247918289
"D4",1,318,351.274891357171
"D4",1,319,198.5893209774
"D4",1,320,445.54241427759
"D4",1,321,254.577773263627
"D4",1,322,398.325284658088
"D4",1,323,318.124483159731
"D4",1,324,407.410894256996
"D4",1,325,91.1876416268152
"D4",1,326,331.209105613545
"D4",1,327,544.187198258624
"D4",1,328,140.396039835425
"D4",1,329,430.201961105841
"D4",1,330,216.472925347415
"D4",1,331,572.661742963302
"D4",1,332,361.85421298206
"D4",1,333,229.407121684141
"D4",1,334,582.048848329181
"D4",1,335,331.687796916244
"D4",1,336,362.701475979352
"D4",1,337,194.361819685173
"D4",1,338,242.022804331184
"D4",1,339,341.663275779033
"D4",1,340,364.992915588658
"D4",1,341,288.501822962099
"D4",1,342,417.809624880905
"D4",1,343,418.957377140057
"D4",1,344,296.559935877162
"D4",1,345,309.387082864693
"D4",1,346,195.680561543639
"D4",1,347,503.462598248628
"D4",1,348,271.73661733574
"D4",1,349,216.866744165372
"D4",1,350,309.75066077505
"D4",1,351,294.605809235983
"D4",1,352,554.787042498052
"D4",1,353,114.990119259745
"D4",1,354,61.3060678693655
"D4",1,355,298.398790138964
"D4",1,356,233.940689740799
"D4",1,357,261.200265160663
"D4",1,358,301.917543192533
"D4",1,359,238.921128419964
"D4",1,360,441.814249407626
"D4",1,361,361.076744461603
"D4",1,362,352.453515061172
"D4",1,363,471.119269230208
"D4",1,364,453.172485437919
"D4",1,365,290.17895475461
"D4",1,366,271.051030825357
"D4",1,367,333.045689576784
"D4",1,368,573.938016375624
"D4",1,369,184.936427542018
"D4",1,370,318.557892588732
"D4",1,371,332.869896654668
"D4",1,372,200.079217141387
"D4",1,373,197.067436520909
"D4",1,374,228.109918593044
"D4",1,375,516.09345101237
"D4",1,376,287.518700423123
"D4",1,377,335.587312001898
"D4",1,378,229.523088819729
"D4",1,379,207.489143826979
"D4",1,380,247.284035759465
"D4",1,381,186.680178179272
"D4",1,382,124.809940312967
"D4",1,383,366.337217039697
"D4",1,384,453.743232169065
"D4",1,385,449.377421627304
"D4",1,386,279.8171118135
"D4",1,387,378.366390634545
"D4",1,388,352.559806230083
"D4",1,389,276.840195962355
"D4",1,390,265.445186458203
"D4",1,391,313.844310738489
"D4",1,392,511.883822861932
"D4",1,393,326.128935772214
"D4",1,394,348.686783065198
"D4",1,395,305.659043768992
"D4",1,396,176.354877710672
"D4",1,397,244.047988700387
"D4",1,398,295.702454268126
"D4",1,399,281.300400774487
"D4",1,400,282.80605109004
"D4",1,401,431.423793023986
"D4",1,402,40
"D4",1,403,306.284125606383
"D4",1,404,381.973209962582
"D4",1,405,345.638627425766
"D4",1,406,467.527075110912
"D4",1,407,401.551925940015
"D4",1,408,354.217817499011
"D4",1,409,142.500547722457
"D4",1,410,370.889347350308
"D4",1,411,491.331588551219
"D4",1,412,249.264221762218
"D4",1,413,228.894010400529
"D4",1,414,395.348796926737
"D4",1,415,542.169175928686
"D4",1,416,256.066253679639
"D4",1,417,246.990277430622
"D4",1,418,219.804237509738
"D4",1,419,366.049177597649
"D4",1,420,373.185888537045
"D4",1,421,331.04171522109
"D4",1,422,336.782059774648
"D4",1,423,298.341046456016
"D4",1,424,554.346765132655
"D5",1,1,333.479624215325
"D5",1,2,269.788589386829
"D5",1,3,155.485019370988
"D5",1,4,312.915518493558
"D5",1,5,517.732935810153
"D5",1,6,414.865529241457
"D5",1,7,243.898269955485
"D5",1,8,345.861486862401
"D5",1,9,327.968961029253
"D5",1,10,356.860587980119
"D5",1,11,212.313426527407
"D5",1,12,359.718487909315
"D5",1,13,82.224933545525
"D5",1,14,374.602586380749
"D5",1,15,408.755383127589
"D5",1,16,365.675289146911
"D5",1,17,354.023893820389
"D5",1,18,278.237260965544
"D5",1,19,326.962028500816
"D5",1,20,403.128234377981
"D5",1,21,469.947612033596
"D5",1,22,376.823749203964
"D5",1,23,211.953641730761
"D5",1,24,322.739152650591
"D5",1,25,374.623243097824
"D5",1,26,248.753277496934
"D5",1,27,223.902569169822
"D5",1,28,263.227273567003
"D5",1,29,355.530520152437
"D5",1,30,396.182632171195
"D5",1,31,220.750875596594
"D5",1,32,215.078009848243
"D5",1,33,233.509121085377
"D5",1,34,207.965627174556
"D5",1,35,275.135758084431
"D5",1,36,393.697136516204
"D5",1,37,466.766861403839
"D5",1,38,460.732149624277
"D5",1,39,476.14495796618
"D5",1,40,391.482597488293
"D5",1,41,493.160274818347
"D5",1,42,257.530752689983
"D5",1,43,308.910793508244
"D5",1,44,325.732102288751
"D5",1,45,194.690879521922
"D5",1,46,310.659519817054
"D5",1,47,322.135874324345
"D5",1,48,74.7062004146642
"D5",1,49,310.758551966402
"D5",1,50,508.02680597363
"D5",1,51,354.631644815906
"D5",1,52,446.816046815989
"D5",1,53,287.857660444805
"D5",1,54,530.469452701344
"D5",1,55,343.529281613274
"D5",1,56,212.518363515398
"D5",1,57,332.058345471525
"D5",1,58,263.776270112307
"D5",1,59,203.433723634226
"D5",1,60,351.409223750835
"D5",1,61,225.058760939863
"D5",1,62,322.82422922035
"D5",1,63,130.658398982742
"D5",1,64,311.578785169848
"D5",1,65,335.925376621849
"D5",1,66,416.150818783858
"D5",1,67,305.555927962718
"D5",1,68,203.141832961008
"D5",1,69,299.859516561753
"D5",1,70,294.012360417093
"D5",1,71,241.420793596484
"D5",1,72,500.635628387172
"D5",1,73,319.192932010678
"D5",1,74,238.920319102577
"D5",1,75,314.78276290973
"D5",1,76,129.053845498719
"D5",1,77,162.507519184415
"D5",1,78,297.909855236938
"D5",1,79,296.334959681026
"D5",1,80,222.978492602798
"D5",1,81,343.295439433942
"D5",1,82,347.964131347015
"D5",1,83,365.997141039829
"D5",1,84,229.136945509405
"D5",1,85,501.141342505026
"D5",1,86,294.960166647003
"D5",1,87,334.680529258376
"D5",1,88,323.857333161139
"D5",1,89,502.594103210949
"D5",1,90,276.119940082439
"D5",1,91,44.743936420203
"D5",1,92,305.95842003477
"D5",1,93,368.19818352005
"D5",1,94,238.941597484628
"D5",1,95,464.599599333373
"D5",1,96,315.016017781017
"D5",1,97,440.469418802496
"D5",1,98,338.580453529815
"D5",1,99,251.319719753753
"D5",1,100,224.784428874797
"D5",1,101,263.235503448317
"D5",1,102,268.128413127332
"D5",1,103,166.931373039285
"D5",1,104,347.338572668714
"D5",1,105,293.584424992686
"D5",1,106,333.607156414365
"D5",1,107,305.212589224797
"D5",1,108,610.256231595353
"D5",1,109,449.892175752021
"D5",1,110,202.995073370515
"D5",1,111,336.24889484356
"D5",1,112,334.8564533224
"D5",1,113,56.6133773592755
"D5",1,114,146.188602659687
"D5",1,115,522.094747667465
"D5",1,116,415.653656036092
"D5",1,117,204.799927755986
"D5",1,118,197.788002967222
"D5",1,119,415.970468825534
"D5",1,120,510.302860048879
"D5",1,121,427.852884357824
"D5",1,122,132.132172936988
"D5",1,123,328.921150516482
"D5",1,124,426.817097279174
"D5",1,125,196.829705591317
"D5",1,126,384.555973708766
"D5",1,127,321.115876875558
"D5",1,128,398.380923763305
"D5",1,129,164.451770556117
"D5",1,130,281.269685579517
"D5",1,131,241.003670350573
"D5",1,132,265.593334684509
"D5",1,133,400.022888378451
"D5",1,134,350.565367842471
"D5",1,135,467.662991235323
"D5",1,136,388.756487096712
"D5",1,137,189.269953219269
"D5",1,138,249.602040025194
"D5",1,139,274.743145540593
"D5",1,140,186.671084283766
"D5",1,141,222.328181373438
"D5",1,142,156.324398049221
"D5",1,143,85.030709838008
"D5",1,144,305.626589404582
"D5",1,145,405.598252877627
"D5",1,146,493.24577187444
"D5",1,147,353.756946194715
"D5",1,148,190.807680367604
"D5",1,149,292.705559395053
"D5",1,150,110.34698198004
"D5",1,151,347.703952099134
"D5",1,152,143.555774176699
"D5",1,153,267.58580750252
"D5",1,154,156.721403666248
"D5",1,155,124.256537690678
"D5",1,156,329.239327022476
"D5",1,157,357.497010505734
"D5",1,158,164.407283830499
"D5",1,159,462.320915892214
"D5",1,160,183.220087608771
"D5",1,161,447.689235837996
"D5",1,162,211.978626696448
"D5",1,163,327.576213337846
"D5",1,164,415.302939176666
"D5",1,165,358.315562395601
"D5",1,166,318.211058020886
"D5",1,167,206.232797346364
"D5",1,168,289.464494767884
"D5",1,169,268.950907369317
"D5",1,170,412.780395180755
"D5",1,171,238.929335500098
"D5",1,172,289.374360176505
"D5",1,173,162.85883100008
"D5",1,174,195.549288858636
"D5",1,175,560.101590201453
"D5",1,176,470.849137054969
"D5",1,177,426.624080698641
"D5",1,178,462.665857035173
"D5",1,179,293.44996743463
"D5",1,180,40
"D5",1,181,383.483098896631
"D5",1,182,313.601029982322
"D5",1,183,358.790855646427
"D5",1,184,306.731076254711
"D5",1,185,114.805824490843
"D5",1,186,450.513918954551
"D5",1,187,498.1845813401
"D5",1,188,152.087567237113
"D5",1,189,167.168460827386
"D5",1,190,411.919313867358
"D5",1,191,306.085033358849
"D5",1,192,388.348638675758
"D5",1,193,560.419394278081
"D5",1,194,333.518601701337
"D5",1,195,333.774395791141
"D5",1,196,293.947382744828
"D5",1,197,115.671186152721
"D5",1,198,515.678212762064
"D5",1,199,231.992846398552
"D5",1,200,428.919878781259
"D5",1,201,244.577485588542
"D5",1,202,246.822640644196
"D5",1,203,60.2360972153515
"D5",1,204,217.763740145518
"D5",1,205,413.634836221612
"D5",1,206,481.068230012158
"D5",1,207,487.657168708292
"D5",1,208,168.751835809824
"D5",1,209,577.261511350139
"D5",1,210,264.716522367102
"D5",1,211,150.271158457329
"D5",1,212,258.73245032438
"D5",1,213,406.624720796998
"D5",1,214,304.721482212467
"D5",1,215,214.340442314137
"D5",1,216,276.075474301499
"D5",1,217,372.62542081623
"D5",1,218,249.74700056221
"D5",1,219,433.014335741876
"D5",1,220,162.651930663248
"D5",1,221,260.865067748495
"D5",1,222,211.96524081573
"D5",1,223,313.895418060668
"D5",1,224,521.098097046345
"D5",1,225,259.994015756712
"D5",1,226,159.027884391993
"D5",1,227,513.349188272005
"D5",1,228,361.376757001782
"D5",1,229,219.459844056948
"D5",1,230,519.843608375074
"D5",1,231,153.639070745858
"D5",1,232,216.888005890127
"D5",1,233,318.216216446828
"D5",1,234,455.64079055498
"D5",1,235,277.310833189657
"D5",1,236,263.260986473366
"D5",1,237,672.401627110316
"D5",1,238,315.680538054107
"D5",1,239,341.224693011548
"D5",1,240,105.896316818991
"D5",1,241,406.478618427476
"D5",1,242,440.44500615571
"D5",1,243,434.366700681482
"D5",1,244,566.495728614275
"D5",1,245,404.301558030499
"D5",1,246,302.438146473243
"D5",1,247,236.132999888668
"D5",1,248,213.392761794472
"D5",1,249,245.243934272764
"D5",1,250,393.315362686807
"D5",1,251,320.087000503268
"D5",1,252,215.628060494879
"D5",1,253,438.161832292454
"D5",1,254,252.537714090154
"D5",1,255,259.315255486145
"D5",1,256,214.557967534665
"D5",1,257,447.250264781217
"D5",1,258,568.228757832008
"D5",1,259,274.270512436156
"D5",1,260,417.416628847104
"D5",1,261,391.968757171945
"D5",1,262,115.505373663713
"D5",1,263,556.030783117123
"D5",1,264,403.541043346092
"D5",1,265,253.447858421312
"D5",1,266,319.484964049307
"D5",1,267,228.632291707038
"D5",1,268,238.793877322834
"D5",1,269,124.037274976765
"D5",1,270,501.930950687224
"D5",1,271,360.566417718501
"D5",1,272,275.64541011219
"D5",1,273,447.439269976434
"D5",1,274,96.3333403805611
"D5",1,275,329.315415534027
"D5",1,276,384.149694654927
"D5",1,277,109.919016734621
"D5",1,278,611.357021052238
"D5",1,279,339.005600095719
"D5",1,280,221.925070881248
"D5",1,281,228.954235847487
"D5",1,282,223.564397540782
"D5",1,283,357.551696033767
"D5",1,284,181.492667943849
"D5",1,285,344.611721942398
"D5",1,286,277.284375073031
"D5",1,287,339.530785016511
"D5",1,288,388.422601459137
"D5",1,289,390.934897069576
"D5",1,290,374.704273799115
"D5",1,291,235.000071422946
"D5",1,292,251.515513685991
"D5",1,293,521.825394801798
"D5",1,294,298.423179664537
"D5",1,295,376.766842078432
"D5",1,296,405.189737381911
"D5",1,297,313.188205176983
"D5",1,298,463.212201769443
"D5",1,299,222.340191817743
"D5",1,300,351.009926450545
"D5",1,301,507.913848599653
"D5",1,302,258.032440490677
"D5",1,303,369.32219353881
"D5",1,304,477.324779460494
"D5",1,305,401.839871686458
"D5",1,306,307.095539724869
"D5",1,307,445.339821986507
"D5",1,308,394.968109513847
"D5",1,309,289.66338580922
"D5",1,310,167.008107498667
"D5",1,311,301.109228402105
"D5",1,312,483.867037893846
"D5",1,313,298.003024455744
"D5",1,314,100.866022237956
"D5",1,315,302.940721919892
"D5",1,316,245.415948245967
"D5",1,317,264.987922608945
"D5",1,318,536.714542243735
"D5",1,319,435.703249244463
"D5",1,320,225.296600979797
"D5",1,321,366.310913915848
"D5",1,322,258.090303100663
"D5",1,323,303.274645421419
"D5",1,324,95.36986044902
"D5",1,325,272.703324860799
"D5",1,326,182.65554312234
"D5",1,327,306.061791065231
"D5",1,328,371.128916729968
"D5",1,329,404.014616572032
"D5",1,330,400.868100962103
"D5",1,331,320.834744030735
"D5",1,332,406.705204231375
"D5",1,333,117.071949695895
"D5",1,334,444.452752794804
"D5",1,335,341.605350254826
"D5",1,336,396.230560469814
"D5",1,337,426.828245491206
"D5",1,338,510.874311676766
"D5",1,339,250.525648543256
"D5",1,340,457.538586850752
"D5",1,341,177.657339094477
"D5",1,342,186.582274323737
"D5",1,343,271.179072026916
"D5",1,344,378.039356421591
"D5",1,345,422.012070408958
"D5",1,346,325.537854341779
"D5",1,347,160.801460410192
"D5",1,348,465.179681465198
"D5",1,349,411.452637700848
"D5",1,350,293.848275404842
"D5",1,351,303.742034051793
"D5",1,352,272.514666160017
"D5",1,353,412.901894991561
"D5",1,354,318.141681705777
"D5",1,355,378.03226722168
"D5",1,356,197.360074634938
"D5",1,357,336.164280363042
"D5",1,358,287.349578636783
"D5",1,359,366.405853969312
"D5",1,360,56.9135744058202
"D5",1,361,121.55662813305
"D5",1,362,185.429988440808
"D5",1,363,287.61217040612
"D5",1,364,355.32243713779
"D5",1,365,96.0884434544496
"D5",1,366,219.925790995275
"D5",1,367,444.303921996328
"D5",1,368,322.691944698664
"D5",1,369,182.942011277084
"D5",1,370,269.072890565631
"D5",1,371,241.074854217169
"D5",1,372,395.265895124422
"D5",1,373,427.635639331945
"D5",1,374,281.912788194406
"D5",1,375,473.124253225804
"D5",1,376,336.14101450664
"D5",1,377,428.128876756858
"D5",1,378,546.056394361482
"D5",1,379,168.333484070524
"D5",1,380,406.817104318641
"D5",1,381,359.444045189743
"D5",1,382,457.408478618842
"D5",1,383,347.323430278843
"D5",1,384,548.637898359168
"D5",1,385,138.364312334104
"D5",1,386,346.916781151802
"D5",1,387,380.421198352883
"D5",1,388,272.831003466861
"D5",1,389,428.981553381257
"D5",1,390,225.786542740235
"D5",1,391,66.3508438890599
"D5",1,392,329.006239208193
"D5",1,393,283.256698819114
"D5",1,394,252.037583591157
"D6",1,1,326.729635288251
"D6",1,2,279.452091778161
"D6",1,3,299.04406268898
"D6",1,4,270.545980994295
"D6",1,5,368.063016892423
"D6",1,6,174.753023101586
"D6",1,7,230.00842769068
"D6",1,8,138.226252112584
"D6",1,9,389.18790534113
"D6",1,10,207.461568593051
"D6",1,11,286.862413413327
"D6",1,12,337.761740080227
"D6",1,13,426.111234277069
"D6",1,14,174.298838745156
"D6",1,15,451.901425717222
"D6",1,16,291.846249062273
"D6",1,17,434.60518848077
"D6",1,18,168.577799869266
"D6",1,19,334.73027964274
"D6",1,20,230.114945001459
"D6",1,21,309.156788545442
"D6",1,22,499.969391464764
"D6",1,23,40
"D6",1,24,520.51456309563
"D6",1,25,309.914940902809
"D6",1,26,460.142846189236
"D6",1,27,212.623819311376
"D6",1,28,390.191393155452
"D6",1,29,181.381729631506
"D6",1,30,500.029607691438
"D6",1,31,144.994027547467
"D6",1,32,480.354928524467
"D6",1,33,386.529909742821
"D6",1,34,263.786606203924
"D6",1,35,365.724198263198
"D6",1,36,230.060526056529
"D6",1,37,422.415683692068
"D6",1,38,341.132693915206
"D6",1,39,433.793990349343
"D6",1,40,366.613636768693
"D6",1,41,344.285292395413
"D6",1,42,494.127250846849
"D6",1,43,419.526744680106
"D6",1,44,335.733830209414
"D6",1,45,261.952931102296
"D6",1,46,410.951314152063
"D6",1,47,277.244663472617
"D6",1,48,358.460063362882
"D6",1,49,512.40630714395
"D6",1,50,531.151961358457
"D6",1,51,262.215414950419
"D6",1,52,250.77717443366
"D6",1,53,277.179830780249
"D6",1,54,264.250067291226
"D6",1,55,385.07465775969
"D6",1,56,302.526039842716
"D6",1,57,177.147450361024
"D6",1,58,324.736314204355
"D6",1,59,301.85759145537
"D6",1,60,40
"D6",1,61,497.050165466387
"D6",1,62,320.901154280301
"D6",1,63,210.638539893068
"D6",1,64,350.495428383346
"D6",1,65,315.735817281982
"D6",1,66,440.699582377306
"D6",1,67,133.804386763773
"D6",1,68,199.940986489269
"D6",1,69,453.138328580157
"D6",1,70,501.560326343982
"D6",1,71,305.462269126807
"D6",1,72,405.061982592482
"D6",1,73,290.064673777963
"D6",1,74,349.352835658991
"D6",1,75,340.551466945966
"D6",1,76,410.533270158089
"D6",1,77,276.074275174064
"D6",1,78,211.411368117558
"D6",1,79,432.644054632539
"D6",1,80,285.900785440223
"D6",1,81,515.07162278334
"D6",1,82,202.601291940575
"D6",1,83,355.825189822791
"D6",1,84,274.144424366783
"D6",1,85,361.016627691886
"D6",1,86,303.415728125148
"D6",1,87,195.974069671278
"D6",1,88,397.959307666837
"D6",1,89,389.370918173155
"D6",1,90,519.656550230145
"D6",1,91,70.2766891177145
"D6",1,92,400.776241481741
"D6",1,93,185.78166158438
"D6",1,94,557.3672811633
"D6",1,95,372.370902866654
"D6",1,96,494.117872503886
"D6",1,97,274.350968890945
"D6",1,98,265.990915049642
"D6",1,99,276.807684221175
"D6",1,100,431.720043176903
"D6",1,101,389.170723009689
"D6",1,102,445.570033827383
"D6",1,103,411.612853603439
"D6",1,104,231.202126069712
"D6",1,105,374.494705952556
"D6",1,106,409.49779054295
"D6",1,107,262.284492273462
"D6",1,108,442.473008079439
"D6",1,109,255.226815876894
"D6",1,110,486.084479656783
"D6",1,111,481.132839792013
"D6",1,112,438.718877299545
"D6",1,113,383.79903762756
"D6",1,114,125.506803798205
"D6",1,115,333.457635594774
"D6",1,116,148.319249119947
"D6",1,117,274.431180165377
"D6",1,118,240.296849763356
"D6",1,119,326.443221474186
"D6",1,120,424.452903099902
"D6",1,121,399.824096113029
"D6",1,122,480.708907464207
"D6",1,123,164.843014121729
"D6",1,124,529.343439136917
"D6",1,125,464.496309602854
"D6",1,126,308.025225358956
"D6",1,127,415.062920157664
"D6",1,128,386.058313744857
"D6",1,129,148.784946489692
"D6",1,130,478.193595771425
"D6",1,131,383.945637380698
"D6",1,132,262.309873936165
"D6",1,133,464.683979097346
"D6",1,134,409.376969540424
"D6",1,135,217.98383846304
"D6",1,136,258.954873841613
"D6",1,137,297.700874556525
"D6",1,138,366.980063586828
"D6",1,139,320.745947487751
"D6",1,140,634.297712969763
"D6",1,141,248.03193788159
"D6",1,142,366.883494679773
"D6",1,143,447.635109864366
"D6",1,144,467.49844799353
"D6",1,145,241.104852878468
"D6",1,146,287.167586822792
"D6",1,147,311.227231539452
"D6",1,148,332.647205154774
"D6",1,149,269.151634762947
"D6",1,150,634.837204170676
"D6",1,151,455.840599103909
"D6",1,152,440.063005221464
"D6",1,153,303.600937476272
"D6",1,154,150.084376921872
"D6",1,155,494.892367253608
"D6",1,156,545.218573518133
"D6",1,157,307.82171672574
"D6",1,158,365.829456332095
"D6",1,159,144.804774495976
"D6",1,160,569.809305719736
"D6",1,161,223.584166674459
"D6",1,162,315.388479909993
"D6",1,163,418.579701774158
"D6",1,164,315.508812711678
"D6",1,165,270.501189485739
"D6",1,166,477.368522176985
"D6",1,167,209.198484159512
"D6",1,168,318.666612626028
"D6",1,169,46.6525942362564
"D6",1,170,306.648327570929
"D6",1,171,91.4229564315788
"D6",1,172,188.749757664976
"D6",1,173,62.7716826261097
"D6",1,174,408.641527877646
"D6",1,175,107.515078924839
"D6",1,176,202.087249747144
"D6",1,177,404.69972573237
"D6",1,178,279.890960404755
"D6",1,179,352.081018231439
"D6",1,180,196.653441777243
"D6",1,181,348.554370630212
"D6",1,182,440.554194836996
"D6",1,183,249.063455151657
"D6",1,184,347.18493049879
"D6",1,185,216.03894677758
"D6",1,186,386.28020152004
"D6",1,187,365.227467559858
"D6",1,188,234.675079364502
"D6",1,189,434.012359971007
"D6",1,190,577.155365583548
"D6",1,191,439.894377541864
"D6",1,192,516.397786385745
"D6",1,193,555.430681283019
"D6",1,194,413.569880404554
"D6",1,195,594.688778001874
"D6",1,196,176.412055347038
"D6",1,197,351.610524956038
"D6",1,198,443.368364508815
"D6",1,199,282.260203088911
"D6",1,200,283.466893365674
"D6",1,201,349.028739423803
"D6",1,202,280.429518946735
"D6",1,203,426.665788340271
"D6",1,204,253.438574293199
"D6",1,205,315.499058321779
"D6",1,206,342.412095365643
"D6",1,207,511.383275665514
"D6",1,208,515.97763087406
"D6",1,209,223.490665026116
"D6",1,210,357.332697800402
"D6",1,211,297.597366269837
"D6",1,212,298.104202019937
"D6",1,213,343.771129871447
"D6",1,214,236.510725240937
"D6",1,215,354.451403379355
"D6",1,216,354.426657734258
"D6",1,217,189.350590206922
"D6",1,218,449.969792716536
"D6",1,219,424.407273919532
"D6",1,220,446.507531394267
"D6",1,221,154.79078479366
"D6",1,222,415.034590065747
"D6",1,223,545.321761744492
"D6",1,224,221.324444646165
"D6",1,225,231.019040944376
"D6",1,226,232.206202967696
"D6",1,227,383.326598058434
"D6",1,228,179.598883188959
"D6",1,229,514.845617563136
"D6",1,230,461.260541721677
"D6",1,231,292.037896035474
"D6",1,232,232.271018546807
"D6",1,233,480.097064790248
"D6",1,234,218.738890653459
"D6",1,235,436.216951742872
"D6",1,236,350.99477307209
"D6",1,237,236.746496591347
"D6",1,238,440.025963245798
"D6",1,239,488.705212237535
"D6",1,240,479.534082238934
"D6",1,241,318.943209577537
"D6",1,242,385.09707592913
"D6",1,243,195.061049288813
"D6",1,244,332.082146335536
"D6",1,245,217.953695373474
"D6",1,246,338.191940667793
"D6",1,247,463.064941163459
"D6",1,248,348.831464070037
"D6",1,249,124.275440205387
"D6",1,250,215.897052462534
"D6",1,251,223.775560758398
"D6",1,252,439.497811645384
"D6",1,253,333.380440546986
"D6",1,254,422.778381542691
"D6",1,255,412.793179845975
"D6",1,256,127.272294731004
"D6",1,257,319.420287840249
"D6",1,258,283.303518528316
"D6",1,259,268.880224697949
"D6",1,260,135.302197072489
"D6",1,261,440.742239766984
"D6",1,262,204.975334921442
"D6",1,263,498.638362997412
"D6",1,264,408.050916937251
"D6",1,265,467.020408565993
"D6",1,266,347.366206381842
"D6",1,267,363.315043132653
"D6",1,268,182.864687094792
"D6",1,269,144.837941630775
"D6",1,270,559.826055248176
"D6",1,271,545.275452463269
"D6",1,272,413.214711001766
"D6",1,273,191.666992312803
"D6",1,274,363.518084966301
"D6",1,275,416.388272694251
"D6",1,276,532.977097874051
"D6",1,277,265.349676933936
"D6",1,278,310.348491447918
"D6",1,279,317.494704302691
"D6",1,280,304.430349986309
"D6",1,281,370.894371500412
"D6",1,282,306.115869262873
"D6",1,283,217.04644754027
"D6",1,284,394.121997833313
"D6",1,285,200.182323525471
"D6",1,286,401.999126943548
"D6",1,287,348.710084204671
"D6",1,288,392.484505530412
"D6",1,289,386.403441727061
"D6",1,290,444.455901013281
"D6",1,291,330.333336481298
"D6",1,292,466.830043866793
"D6",1,293,385.436338959023
"D6",1,294,58.5491102696112
"D6",1,295,197.286612326098
"D6",1,296,310.365802046332
"D6",1,297,326.02489883756
"D6",1,298,254.444425801739
"D6",1,299,396.603118844154
"D6",1,300,197.309635185716
"D6",1,301,180.730361801552
"D6",1,302,218.673616069101
"D6",1,303,329.874593606554
"D6",1,304,260.90532807184
"D6",1,305,321.449946734741
"D6",1,306,276.671423256459
"D6",1,307,417.039741387771
"D6",1,308,292.526905233819
"D6",1,309,393.837488720473
"D6",1,310,230.798046605953
"D6",1,311,345.412256949144
"D6",1,312,132.210283681652
"D6",1,313,251.230245610391
"D6",1,314,137.290288363954
"D6",1,315,40
"D6",1,316,323.662176565662
"D6",1,317,331.439090003635
"D6",1,318,237.580651266749
"D6",1,319,356.1895839472
"D6",1,320,252.85989893739
"D6",1,321,334.894968578605
"D6",1,322,218.690177903697
"D6",1,323,247.73200472497
"D6",1,324,441.683253974155
"D6",1,325,232.721392293919
"D6",1,326,274.123070183054
"D6",1,327,40
"D6",1,328,365.257574502522
"D6",1,329,461.676842528709
"D6",1,330,304.635785016557
"D6",1,331,279.246151168776
"D6",1,332,248.46223522049
"D6",1,333,498.14526145154
"D6",1,334,312.887045294989
"D6",1,335,447.375181352022
"D6",1,336,360.293899900953
"D6",1,337,318.574677981163
"D6",1,338,438.835379040334
"D6",1,339,279.245041441495
"D6",1,340,392.967700827125
"D6",1,341,358.760087912891
"D6",1,342,333.828885604334
"D6",1,343,267.837232799276
"D6",1,344,234.302258420265
"D6",1,345,254.835349512434
"D6",1,346,364.583197115104
"D6",1,347,430.61163989721
"D6",1,348,395.426838941552
"D6",1,349,215.598047375393
"D6",1,350,421.947049742529
"D6",1,351,348.501647559165
"D6",1,352,352.683427844625
"D6",1,353,312.394418031079
"D6",1,354,245.792115811653
"D6",1,355,422.792551555364
"D6",1,356,294.818805640166
"D6",1,357,271.383728608009
"D6",1,358,157.330709682137
"D6",1,359,303.58112846188
"D6",1,360,110.66071939731
"D6",1,361,200.222853894405
"D6",1,362,390.192974150857
"D6",1,363,270.739387163265
"D6",1,364,466.296097904907
"D6",1,365,459.186940126873
"D6",1,366,471.086331033627
"D6",1,367,361.402229577386
"D6",1,368,428.644769458467
"D6",1,369,413.183959045526
"D6",1,370,195.996369258766
"D6",1,371,179.953998739775
"D6",1,372,224.202643717999
"D6",1,373,366.981966489894
"D6",1,374,245.941731976839
"D6",1,375,368.654638059017
"D6",1,376,488.52020776399
"D6",1,377,297.857250773712
"D6",1,378,196.785740758519
"D6",1,379,275.436624574669
"D6",1,380,316.840863649871
"D6",1,381,311.465566798159
"D6",1,382,376.959010713152
"D6",1,383,258.942613285641
"D6",1,384,182.959596768882
"D6",1,385,236.323656329314
"D6",1,386,351.299694275021
"D6",1,387,181.999586154501
"D6",1,388,430.474183695456
"D6",1,389,477.967387274661
"D6",1,390,430.333909438247
"D6",1,391,304.237666393512
"D6",1,392,419.895549786318
"D6",1,393,226.519939212219
"D6",1,394,317.382886289638
"D6",1,395,324.250730851521
"D6",1,396,405.606248615305
"D6",1,397,195.521478001852
"D6",1,398,178.448826536222
"D6",1,399,229.216641292154
"D6",1,400,345.936183078304
"D6",1,401,355.896987810293
"D6",1,402,299.625307137671
"D7",1,1,445.001122089474
"D7",1,2,286.190814133627
"D7",1,3,302.877574124663
"D7",1,4,397.765597238392
"D7",1,5,305.530465200267
"D7",1,6,370.131908829611
"D7",1,7,222.237075399534
"D7",1,8,330.614856189595
"D7",1,9,97.9296386856502
"D7",1,10,311.032351518585
"D7",1,11,353.625662207079
"D7",1,12,449.494046845305
"D7",1,13,442.983537673975
"D7",1,14,289.083238184591
"D7",1,15,422.300702440952
"D7",1,16,273.126490299165
"D7",1,17,479.695645558597
"D7",1,18,440.194454895958
"D7",1,19,189.662071312576
"D7",1,20,385.968566327278
"D7",1,21,274.014692725414
"D7",1,22,345.739188513766
"D7",1,23,280.444396887758
"D7",1,24,263.945658043522
"D7",1,25,285.513018121509
"D7",1,26,386.671516461255
"D7",1,27,187.105845148997
"D7",1,28,221.699884526903
"D7",1,29,392.034946218211
"D7",1,30,311.502842505218
"D7",1,31,427.675789685172
"D7",1,32,338.517308729939
"D7",1,33,341.314613795297
"D7",1,34,396.557246300244
"D7",1,35,403.697507810755
"D7",1,36,434.437767464813
"D7",1,37,411.252993318501
"D7",1,38,78.0573585324561
"D7",1,39,52.747980312776
"D7",1,40,335.515268201251
"D7",1,41,315.097942695114
"D7",1,42,262.105939306593
"D7",1,43,542.510256961516
"D7",1,44,272.427279989707
"D7",1,45,339.822404371929
"D7",1,46,224.596930030723
"D7",1,47,444.158217774333
"D7",1,48,40
"D7",1,49,250.676491916784
"D7",1,50,301.815483385647
"D7",1,51,233.751939039843
"D7",1,52,253.2132402976
"D7",1,53,229.515746767529
"D7",1,54,204.682344851871
"D7",1,55,221.619844397196
"D7",1,56,313.443953970112
"D7",1,57,403.370396881503
"D7",1,58,327.604145203413
"D7",1,59,288.305164865571
"D7",1,60,544.607239419847
"D7",1,61,304.137830033928
"D7",1,62,349.476082145504
"D7",1,63,79.7494553996904
"D7",1,64,461.207614834558
"D7",1,65,529.966787998485
"D7",1,66,308.456794946071
"D7",1,67,391.177040239547
"D7",1,68,417.345023652288
"D7",1,69,430.734389049638
"D7",1,70,443.079367563658
"D7",1,71,150.076092652049
"D7",1,72,320.472805501111
"D7",1,73,227.825941887253
"D7",1,74,590.972732525085
"D7",1,75,329.463767471866
"D7",1,76,475.248706473556
"D7",1,77,167.966468749814
"D7",1,78,506.030851318855
"D7",1,79,507.173191418743
"D7",1,80,352.581429317119
"D7",1,81,483.356540929519
"D7",1,82,336.302862145621
"D7",1,83,253.209816802403
"D7",1,84,227.315061723746
"D7",1,85,315.27012439251
"D7",1,86,329.68609499978
"D7",1,87,310.448311151909
"D7",1,88,449.707068920295
"D7",1,89,381.955847474854
"D7",1,90,254.097317927043
"D7",1,91,460.360461845728
"D7",1,92,304.277501330599
"D7",1,93,74.9650513880306
"D7",1,94,427.247728235983
"D7",1,95,299.324141930805
"D7",1,96,414.351805095119
"D7",1,97,468.138360759271
"D7",1,98,372.887464226461
"D7",1,99,380.135249104854
"D7",1,100,338.645702419006
"D7",1,101,476.899422582615
"D7",1,102,348.610208757015
"D7",1,103,87.2658766053304
"D7",1,104,141.623424550253
"D7",1,105,79.611598500165
"D7",1,106,589.5738974198
"D7",1,107,604.369494122376
"D7",1,108,111.260480626646
"D7",1,109,219.287468890254
"D7",1,110,346.73643076795
"D7",1,111,374.294055851763
"D7",1,112,461.383787493754
"D7",1,113,265.42446420853
"D7",1,114,236.610384644224
"D7",1,115,269.361082879431
"D7",1,116,447.281799571863
"D7",1,117,349.813588428139
"D7",1,118,441.762198880223
"D7",1,119,238.391661053891
"D7",1,120,186.899164639983
"D7",1,121,231.22439883775
"D7",1,122,40
"D7",1,123,81.1785510102748
"D7",1,124,179.536579741553
"D7",1,125,595.833932001507
"D7",1,126,350.160366218822
"D7",1,127,325.131462685898
"D7",1,128,227.788800994992
"D7",1,129,364.502790369983
"D7",1,130,349.353918310049
"D7",1,131,297.080802831979
"D7",1,132,453.880665294561
"D7",1,133,212.908983665229
"D7",1,134,263.543348648734
"D7",1,135,67.0751312508707
"D7",1,136,450.762953846069
"D7",1,137,540.137524470922
"D7",1,138,265.571041986376
"D7",1,139,291.034251697081
"D7",1,140,374.76371279591
"D7",1,141,368.060546212836
"D7",1,142,299.902967776451
"D7",1,143,352.40864644825
"D7",1,144,294.937783440581
"D7",1,145,372.938641809334
"D7",1,146,126.314957342836
"D7",1,147,418.516401824975
"D7",1,148,376.188210997749
"D7",1,149,286.43044798125
"D7",1,150,293.803289444139
"D7",1,151,326.041425475664
"D7",1,152,114.404805668344
"D7",1,153,464.908472927124
"D7",1,154,314.103213489575
"D7",1,155,271.72097199825
"D7",1,156,305.297312441494
"D7",1,157,92.7432632098436
"D7",1,158,480.846116361534
"D7",1,159,127.313260767685
"D7",1,160,416.684876585215
"D7",1,161,338.46991303686
"D7",1,162,401.951828079659
"D7",1,163,372.809310700556
"D7",1,164,259.537821642789
"D7",1,165,331.580763479229
"D7",1,166,286.277539135771
"D7",1,167,507.236614622163
"D7",1,168,373.334181383953
"D7",1,169,164.555527441879
"D7",1,170,259.995078186486
"D7",1,171,433.105012932008
"D7",1,172,230.133452894659
"D7",1,173,363.08822463205
"D7",1,174,268.700416042545
"D7",1,175,68.7086784676181
"D7",1,176,168.8773022048
"D7",1,177,373.641365993175
"D7",1,178,306.618885034393
"D7",1,179,228.149184333135
"D7",1,180,262.43730693226
"D7",1,181,240.195010454799
"D7",1,182,423.431229104073
"D7",1,183,76.1443664820009
"D7",1,184,459.683236779888
"D7",1,185,260.590566483671
"D7",1,186,252.364092838853
"D7",1,187,176.306673159655
"D7",1,188,629.872206319467
"D7",1,189,259.982538017281
"D7",1,190,470.313869634203
"D7",1,191,329.683294546104
"D7",1,192,466.915770414965
"D7",1,193,408.310919676393
"D7",1,194,56.6341598138557
"D7",1,195,378.471224203333
"D7",1,196,279.012999674536
"D7",1,197,177.518444765859
"D7",1,198,269.887012145031
"D7",1,199,276.9976612328
"D7",1,200,375.880353543115
"D7",1,201,175.863723586079
"D7",1,202,367.269117184474
"D7",1,203,208.214447806415
"D7",1,204,283.992881160007
"D7",1,205,494.454364814463
"D7",1,206,514.428920916303
"D7",1,207,259.246319388953
"D7",1,208,506.309122932832
"D7",1,209,405.558888371393
"D7",1,210,182.456352844862
"D7",1,211,351.155565936227
"D7",1,212,316.426437616803
"D7",1,213,364.099087667963
"D7",1,214,167.649554802399
"D7",1,215,665.956076118205
"D7",1,216,366.900672749156
"D7",1,217,493.532551012
"D7",1,218,266.493742372017
"D7",1,219,241.040546637436
"D7",1,220,254.882356898313
"D7",1,221,223.787136789078
"D7",1,222,215.338866969911
"D7",1,223,524.892338435012
"D7",1,224,400.039543800218
"D7",1,225,373.573206720741
"D7",1,226,371.955732967456
"D7",1,227,241.540274885136
"D7",1,228,242.621904945399
"D7",1,229,304.751513560203
"D7",1,230,252.133455303828
"D7",1,231,345.84380496814
"D7",1,232,413.052409678516
"D7",1,233,562.597211957445
"D7",1,234,279.611661402689
"D7",1,235,243.126481379624
"D7",1,236,234.056153602917
"D7",1,237,468.960727332884
"D7",1,238,261.520478602169
"D7",1,239,430.686907603644
"D7",1,240,475.743782852675
"D7",1,241,257.481396977116
"D7",1,242,334.046401989693
"D7",1,243,461.853543985082
"D7",1,244,462.332045035056
"D7",1,245,336.626126885153
"D7",1,246,235.820761002455
"D7",1,247,181.91200259705
"D7",1,248,436.244620320405
"D7",1,249,134.492245178152
"D7",1,250,252.381230929591
"D7",1,251,318.27598734354
"D7",1,252,40
"D7",1,253,143.560511380039
"D7",1,254,276.459760050113
"D7",1,255,346.294970291544
"D7",1,256,289.654065178083
"D7",1,257,473.837151311019
"D7",1,258,375.366175181539
"D7",1,259,457.661555694521
"D7",1,260,356.355311855373
"D7",1,261,200.436630688669
"D7",1,262,489.862568633927
"D7",1,263,360.601600377975
"D7",1,264,215.879501809782
"D7",1,265,207.257667270695
"D7",1,266,314.276037959536
"D7",1,267,403.524890272695
"D7",1,268,172.584193890817
"D7",1,269,224.818963144761
"D7",1,270,439.415700022234
"D7",1,271,350.035962443448
"D7",1,272,333.769067214024
"D7",1,273,324.13830254366
"D7",1,274,181.512671913135
"D7",1,275,48.811395433264
"D7",1,276,212.472253683429
"D7",1,277,252.64869958947
"D7",1,278,348.000229354926
"D7",1,279,188.667201036619
"D7",1,280,348.592721958254
"D7",1,281,502.62532551585
"D7",1,282,166.754149886717
"D7",1,283,301.647919311333
"D7",1,284,388.43271031481
"D7",1,285,324.920496023236
"D7",1,286,262.371638686465
"D7",1,287,262.330149115494
"D7",1,288,126.651700307985
"D7",1,289,412.645043033163
"D7",1,290,297.896674595026
"D7",1,291,386.874390432889
"D7",1,292,308.86047725444
"D7",1,293,202.998789477167
"D7",1,294,489.288916400262
"D7",1,295,452.303262308831
"D7",1,296,205.092277961964
"D7",1,297,370.794409264149
"D7",1,298,389.958983659045
"D7",1,299,85.0534280761708
"D7",1,300,322.661797406133
"D7",1,301,365.205397947862
"D7",1,302,330.0255479829
"D7",1,303,170.462588042255
"D7",1,304,516.827813568427
"D7",1,305,301.868794299024
"D7",1,306,358.514495340637
"D7",1,307,321.957777154785
"D7",1,308,354.884985523026
"D7",1,309,208.809104273811
"D7",1,310,343.473332365164
"D7",1,311,59.6512315885794
"D7",1,312,305.981971186073
"D7",1,313,392.735852964473
"D7",1,314,349.048375644214
"D7",1,315,509.4792973632
"D7",1,316,530.857949169928
"D7",1,317,235.528410923527
"D7",1,318,327.103904005276
"D7",1,319,370.871990315814
"D7",1,320,440.679334197529
"D7",1,321,219.789838312535
"D7",1,322,290.147514796668
"D7",1,323,283.100523716397
"D7",1,324,506.893882582442
"D7",1,325,40
"D7",1,326,339.83872468413
"D7",1,327,350.146476196251
"D7",1,328,558.780031139838
"D7",1,329,417.17013379609
"D7",1,330,318.471092197577
"D7",1,331,294.915629955601
"D7",1,332,213.934168352875
"D7",1,333,520.88915001257
"D7",1,334,365.598184100148
"D7",1,335,388.794061824713
"D7",1,336,438.827249127864
"D7",1,337,197.329316203249
"D7",1,338,323.073204868148
"D7",1,339,341.856757439833
"D7",1,340,467.878935249782
"D7",1,341,112.63427168534
"D7",1,342,353.868646745573
"D7",1,343,309.417334603
"D7",1,344,357.95510261157
"D7",1,345,61.9414415767244
"D7",1,346,252.825771954568
"D7",1,347,195.142734358247
"D7",1,348,413.526461294321
"D7",1,349,160.986163134366
"D7",1,350,445.246105874018
"D7",1,351,156.082095469847
"D7",1,352,438.170412696669
"D7",1,353,311.63864809955
"D7",1,354,258.595603481526
"D7",1,355,351.537247981482
"D7",1,356,494.163088038802
"D7",1,357,282.722975567482
"D7",1,358,292.500350791977
"D7",1,359,196.626799026846
"D7",1,360,161.478793158902
"D7",1,361,281.246694074533
"D7",1,362,405.091966300294
"D7",1,363,242.727816183765
"D7",1,364,314.081290124403
"D7",1,365,413.765779674883
"D7",1,366,289.355255440465
"D7",1,367,172.816207415773
"D7",1,368,141.878454053919
"D7",1,369,390.114439383118
"D7",1,370,333.177879770696
"D7",1,371,253.398131494807
"D7",1,372,301.22982859343
"D7",1,373,380.690857358101
"D7",1,374,313.416980882421
"D7",1,375,494.317394648222
"D7",1,376,365.416034301199
"D7",1,377,333.495761148845
"D7",1,378,374.061434608493
"D7",1,379,224.70702907708
"D7",1,380,349.313707488621
"D7",1,381,366.399396151988
"D7",1,382,355.28574875605
"D7",1,383,126.46643398145
"D7",1,384,324.627220620275
"D7",1,385,292.119156968244
"D7",1,386,144.677758429457
"D7",1,387,450.238219303032
"D7",1,388,291.387015445349
"D7",1,389,251.601663709633
"D7",1,390,275.037894418201
"D7",1,391,199.655128985481
"D7",1,392,232.377377217855
"D7",1,393,424.248569957051
"D7",1,394,271.451694501161
"D7",1,395,236.673047351876
"D7",1,396,387.430878886198
"D7",1,397,135.748588411048
"D7",1,398,96.4119125063591
"D7",1,399,290.887917890012
"D8",1,1,419.795165996851
"D8",1,2,190.914772847651
"D8",1,3,313.503587600156
"D8",1,4,317.008256888716
"D8",1,5,401.593171329455
"D8",1,6,224.256619332437
"D8",1,7,170.776109546102
"D8",1,8,441.156371144079
"D8",1,9,502.395990784022
"D8",1,10,226.760117542069
"D8",1,11,270.182128238303
"D8",1,12,404.857157632352
"D8",1,13,389.645640212022
"D8",1,14,166.126268188318
"D8",1,15,395.272600013776
"D8",1,16,277.915880839619
"D8",1,17,334.326673703035
"D8",1,18,467.513799729389
"D8",1,19,373.937038165969
"D8",1,20,343.042515169645
"D8",1,21,440.732594551258
"D8",1,22,135.836628246207
"D8",1,23,286.12677757132
"D8",1,24,484.341895348595
"D8",1,25,468.393879854656
"D8",1,26,280.959684930899
"D8",1,27,342.486196504876
"D8",1,28,143.597113071727
"D8",1,29,363.905607402294
"D8",1,30,164.718575824552
"D8",1,31,258.501814915854
"D8",1,32,569.130653841815
"D8",1,33,197.579429510881
"D8",1,34,141.179448788277
"D8",1,35,496.594483340791
"D8",1,36,388.551189515615
"D8",1,37,557.349358338247
"D8",1,38,363.045827211409
"D8",1,39,372.08572665941
"D8",1,40,202.466172941918
"D8",1,41,218.457151734352
"D8",1,42,362.631006365564
"D8",1,43,450.219242990076
"D8",1,44,389.486222307882
"D8",1,45,324.929446137964
"D8",1,46,343.422997301508
"D8",1,47,215.677053072694
"D8",1,48,278.183134520278
"D8",1,49,298.901075689815
"D8",1,50,230.128466619746
"D8",1,51,365.509418251166
"D8",1,52,225.851870002576
"D8",1,53,265.697318601175
"D8",1,54,497.079976091118
"D8",1,55,355.149762901556
"D8",1,56,594.944167498315
"D8",1,57,541.740775066232
"D8",1,58,160.789721280558
"D8",1,59,423.575403515997
"D8",1,60,530.055958231337
"D8",1,61,551.183712060504
"D8",1,62,85.783022120161
"D8",1,63,514.168023756639
"D8",1,64,390.509812661874
"D8",1,65,219.869570216066
"D8",1,66,369.585274696928
"D8",1,67,433.584654528118
"D8",1,68,337.972438219063
"D8",1,69,419.220872515451
"D8",1,70,615.975701907707
"D8",1,71,239.812129673248
"D8",1,72,228.682627323351
"D8",1,73,168.276980623842
"D8",1,74,376.06052980388
"D8",1,75,615.737884514101
"D8",1,76,346.885220336964
"D8",1,77,292.14967119628
"D8",1,78,91.3087766573975
"D8",1,79,313.914645384611
"D8",1,80,283.376206671478
"D8",1,81,609.185003566986
"D8",1,82,219.482838424583
"D8",1,83,188.810897823136
"D8",1,84,334.248232450959
"D8",1,85,70.7482377810784
"D8",1,86,459.21531612332
"D8",1,87,259.873831337654
"D8",1,88,333.952783054013
"D8",1,89,247.614094395167
"D8",1,90,275.538208888262
"D8",1,91,342.305664230608
"D8",1,92,420.845420628405
"D8",1,93,261.272859636493
"D8",1,94,430.544753778125
"D8",1,95,187.13513427244
"D8",1,96,254.217385948787
"D8",1,97,286.589585831654
"D8",1,98,468.994777239843
"D8",1,99,279.445258956394
"D8",1,100,410.826345285615
"D8",1,101,330.656017724869
"D8",1,102,477.351336904938
"D8",1,103,421.016507544064
"D8",1,104,443.765708440206
"D8",1,105,357.246908440833
"D8",1,106,417.0984074865
"D8",1,107,218.566438424414
"D8",1,108,498.96119519764
"D8",1,109,329.651349999248
"D8",1,110,148.276247767428
"D8",1,111,257.78252446267
"D8",1,112,272.582146928024
"D8",1,113,140.151112786409
"D8",1,114,519.351906711894
"D8",1,115,437.656220029158
"D8",1,116,456.95057762207
"D8",1,117,129.484638014704
"D8",1,118,407.210930748312
"D8",1,119,300.265377034592
"D8",1,120,331.337560870113
"D8",1,121,197.161651673806
"D8",1,122,307.906332525003
"D8",1,123,442.612636698357
"D8",1,124,285.180472654949
"D8",1,125,169.96846038725
"D8",1,126,352.771113516716
"D8",1,127,434.817588159597
"D8",1,128,195.195891244214
"D8",1,129,131.164794652486
"D8",1,130,220.985298366832
"D8",1,131,271.874713540872
"D8",1,132,510.170165151154
"D8",1,133,345.035620960011
"D8",1,134,309.208101144011
"D8",1,135,393.207466921889
"D8",1,136,215.849833998989
"D8",1,137,325.544902305135
"D8",1,138,353.226092132075
"D8",1,139,309.033266584407
"D8",1,140,416.535566438073
"D8",1,141,311.255519239911
"D8",1,142,451.907934647769
"D8",1,143,410.917115388935
"D8",1,144,601.508795256842
"D8",1,145,143.365312316984
"D8",1,146,308.396105946584
"D8",1,147,193.460445365604
"D8",1,148,344.901354465471
"D8",1,149,86.2840640100311
"D8",1,150,153.201279354965
"D8",1,151,369.213535014556
"D8",1,152,269.035259078203
"D8",1,153,168.572291974573
"D8",1,154,280.36970826812
"D8",1,155,255.159488171158
"D8",1,156,336.643543473168
"D8",1,157,396.841922964738
"D8",1,158,584.229552336235
"D8",1,159,349.77295768223
"D8",1,160,395.07178916436
"D8",1,161,396.354435360075
"D8",1,162,287.969864951565
"D8",1,163,460.931037398997
"D8",1,164,457.002022981115
"D8",1,165,218.738785205725
"D8",1,166,431.614477844196
"D8",1,167,279.485396018489
"D8",1,168,123.471129556564
"D8",1,169,342.854743515243
"D8",1,170,555.621251176098
"D8",1,171,211.009878733073
"D8",1,172,265.664840265347
"D8",1,173,210.021076241422
"D8",1,174,292.237520845301
"D8",1,175,330.171186588308
"D8",1,176,479.03528019093
"D8",1,177,449.167565335127
"D8",1,178,396.835027229194
"D8",1,179,415.358338313128
"D8",1,180,179.804745445123
"D8",1,181,351.326214064052
"D8",1,182,329.107254373414
"D8",1,183,445.922164081075
"D8",1,184,256.345614616067
"D8",1,185,540.32529796001
"D8",1,186,468.057542483562
"D8",1,187,371.869213725915
"D8",1,188,155.910272828251
"D8",1,189,198.289506230223
"D8",1,190,421.73694797426
"D8",1,191,443.958936108198
"D8",1,192,361.155894265047
"D8",1,193,257.580053841257
"D8",1,194,387.385209714779
"D8",1,195,458.122535659907
"D8",1,196,527.915697019014
"D8",1,197,40
"D8",1,198,306.717198711898
"D8",1,199,194.743842738217
"D8",1,200,468.381784217098
"D8",1,201,390.487378991494
"D8",1,202,396.228000337003
"D8",1,203,358.236802909366
"D8",1,204,299.407757701154
"D8",1,205,266.065032944099
"D8",1,206,304.463420986109
"D8",1,207,339.746502794461
"D8",1,208,183.891115228534
"D8",1,209,270.733778562207
"D8",1,210,303.508425358632
"D8",1,211,282.965103877579
"D8",1,212,404.669796274392
"D8",1,213,445.059864958569
"D8",1,214,497.030028778741
"D8",1,215,401.755068498793
"D8",1,216,440.483078284109
"D8",1,217,165.251637535331
"D8",1,218,326.535366440105
"D8",1,219,457.597897995922
"D8",1,220,183.116192240525
"D8",1,221,191.986540272947
"D8",1,222,337.093228141542
"D8",1,223,303.952351749033
"D8",1,224,537.628591108683
"D8",1,225,236.488554702387
"D8",1,226,330.687530448462
"D8",1,227,254.566893047276
"D8",1,228,310.748412407023
"D8",1,229,181.65089598092
"D8",1,230,425.936443258619
"D8",1,231,360.624821200907
"D8",1,232,495.719216745707
"D8",1,233,348.217636400768
"D8",1,234,203.32900078854
"D8",1,235,133.60837440849
"D8",1,236,344.074274041878
"D8",1,237,446.345028180122
"D8",1,238,40
"D8",1,239,388.109093082455
"D8",1,240,241.398418757332
"D8",1,241,587.104452774787
"D8",1,242,223.935602371692
"D8",1,243,401.025577914082
"D8",1,244,382.886918282401
"D8",1,245,404.606876057643
"D8",1,246,192.868077361378
"D8",1,247,230.595395573849
"D8",1,248,406.297535539791
"D8",1,249,309.292087774206
"D8",1,250,194.588938516275
"D8",1,251,351.980531282043
"D8",1,252,355.849703606239
"D8",1,253,393.637626268357
"D8",1,254,292.981828106078
"D8",1,255,570.327530883906
"D8",1,256,385.224787508312
"D8",1,257,282.507568382419
"D8",1,258,453.194580279402
"D8",1,259,474.013715866505
"D8",1,260,450.522533617581
"D8",1,261,321.271637711107
"D8",1,262,314.730945734078
"D8",1,263,212.790818301061
"D8",1,264,297.734489162336
"D8",1,265,480.325986899227
"D8",1,266,417.445946015674
"D8",1,267,331.300933565176
"D8",1,268,343.620133942794
"D8",1,269,516.703812688605
"D8",1,270,440.094289343131
"D8",1,271,195.80543851569
"D8",1,272,425.5929883293
"D8",1,273,374.756363433455
"D8",1,274,274.657628392241
"D8",1,275,307.781318485247
"D8",1,276,366.141318355102
"D8",1,277,332.749463536116
"D8",1,278,304.988837122516
"D8",1,279,175.566403071138
"D8",1,280,304.008950467638
"D8",1,281,263.829236624243
"D8",1,282,277.678897485516
"D8",1,283,327.540607599769
"D8",1,284,242.100513992417
"D8",1,285,94.3267934448643
"D8",1,286,295.763375823678
"D8",1,287,91.1262452337136
"D8",1,288,452.020298614093
"D8",1,289,460.116324257147
"D8",1,290,188.999186483311
"D8",1,291,325.045339284868
"D8",1,292,344.83779265984
"D8",1,293,341.220438698252
"D8",1,294,425.645438319986
"D8",1,295,464.314542353595
"D8",1,296,226.855887436221
"D8",1,297,304.055609486532
"D8",1,298,385.778883708964
"D8",1,299,339.40798745484
"D8",1,300,338.109560039838
"D8",1,301,459.03380004747
"D8",1,302,478.577858763912
"D8",1,303,229.898989128677
"D8",1,304,220.218059191658
"D8",1,305,343.135866006298
"D8",1,306,428.480405921314
"D8",1,307,243.907704087153
"D8",1,308,217.957293564361
"D8",1,309,398.821337211848
"D8",1,310,255.89182819777
"D8",1,311,246.41653439049
"D8",1,312,317.554356915483
"D8",1,313,376.086133385314
"D8",1,314,384.309636249193
"D8",1,315,80.475896671851
"D8",1,316,330.684142857958
"D8",1,317,248.179973859938
"D8",1,318,62.1781155463925
"D8",1,319,159.430697679142
"D8",1,320,414.600465320032
"D8",1,321,272.228568702263
"D8",1,322,263.069008154854
"D8",1,323,440.037651198951
"D8",1,324,89.0216551459045
"D8",1,325,430.421901449904
"D8",1,326,374.865189113872
"D8",1,327,405.101144545542
"D8",1,328,90.816869559452
"D8",1,329,197.374649431829
"D8",1,330,385.818991963244
"D8",1,331,249.865494715253
"D8",1,332,332.688324778494
"D8",1,333,227.524401716398
"D8",1,334,295.781164143921
"D8",1,335,177.662117137627
"D8",1,336,306.461365958149
"D8",1,337,311.522303788872
"D8",1,338,279.718741589928
"D8",1,339,226.05754208745
"D8",1,340,429.059182163491
"D8",1,341,294.262143493413
"D8",1,342,196.807952917853
"D8",1,343,262.410668957691
"D8",1,344,563.84204492062
"D8",1,345,204.378118922184
"D8",1,346,434.504040834691
"D8",1,347,221.065141684975
"D8",1,348,325.74294800022
"D8",1,349,170.959989359835
"D8",1,350,536.565545765699
"D8",1,351,133.813724319557
"D8",1,352,441.276576179375
"D8",1,353,490.376740643134
"D8",1,354,352.452758165843
"D8",1,355,481.210208610548
"D8",1,356,247.548315793943
"D8",1,357,162.887906719173
"D8",1,358,289.812706010437
"D8",1,359,378.284228378264
"D8",1,360,261.38415848008
"D8",1,361,466.967031860147
"D8",1,362,291.652068758861
"D8",1,363,485.793107285991
"D8",1,364,421.335810181831
"D8",1,365,270.042794680126
"D8",1,366,452.380926425758
"D8",1,367,382.654835134971
"D8",1,368,445.38946869081
"D8",1,369,266.283583255384
"D8",1,370,351.19109723789
"D8",1,371,269.103986232163
"D8",1,372,326.58690963019
"D8",1,373,108.374499005494
"D8",1,374,292.573100946427
"D8",1,375,349.072912120248
"D8",1,376,281.984010954722
"D8",1,377,213.867921808387
"D8",1,378,226.5037283583
"D8",1,379,392.854245338618
"D9",1,1,448.532362821953
"D9",1,2,444.289516592891
"D9",1,3,332.777543337147
"D9",1,4,200.578427814891
"D9",1,5,205.944274035745
"D9",1,6,290.413101551186
"D9",1,7,255.147246873595
"D9",1,8,519.043660864849
"D9",1,9,330.363031868633
"D9",1,10,198.926629003559
"D9",1,11,347.984649785314
"D9",1,12,514.847490004034
"D9",1,13,241.100269722351
"D9",1,14,322.643856146966
"D9",1,15,347.545663047436
"D9",1,16,40
"D9",1,17,462.882968237912
"D9",1,18,325.085114690363
"D9",1,19,280.665743202234
"D9",1,20,429.820136230618
"D9",1,21,133.903295827793
"D9",1,22,495.61889834809
"D9",1,23,344.444414784901
"D9",1,24,391.301258416357
"D9",1,25,293.593388847159
"D9",1,26,421.869373584715
"D9",1,27,276.778245310456
"D9",1,28,226.620416210197
"D9",1,29,455.31750937298
"D9",1,30,181.728981704013
"D9",1,31,149.712817168621
"D9",1,32,462.607637314513
"D9",1,33,346.997659298692
"D9",1,34,361.110399023706
"D9",1,35,224.49729420502
"D9",1,36,257.041212710821
"D9",1,37,420.26651462032
"D9",1,38,230.974594208038
"D9",1,39,451.262251934051
"D9",1,40,238.211857143878
"D9",1,41,357.140787650092
"D9",1,42,198.930577665691
"D9",1,43,377.238727577953
"D9",1,44,307.522421153863
"D9",1,45,361.924406662854
"D9",1,46,348.395661862113
"D9",1,47,278.490031519075
"D9",1,48,539.556185418293
"D9",1,49,154.212225468429
"D9",1,50,364.235145406262
"D9",1,51,283.165127859538
"D9",1,52,412.909163788042
"D9",1,53,236.43825581919
"D9",1,54,290.8027499029
"D9",1,55,323.321772837825
"D9",1,56,312.299943359868
"D9",1,57,188.567516255959
"D9",1,58,229.918350017345
"D9",1,59,268.356285234858
"D9",1,60,279.467624642283
"D9",1,61,168.584152877218
"D9",1,62,400.806644238873
"D9",1,63,227.786191228145
"D9",1,64,338.40647401729
"D9",1,65,375.67761432765
"D9",1,66,490.604238055373
"D9",1,67,303.952404958208
"D9",1,68,279.922530578154
"D9",1,69,188.386692264026
"D9",1,70,265.055226655385
"D9",1,71,321.791804001687
"D9",1,72,282.206760739859
"D9",1,73,326.635965864455
"D9",1,74,128.508988393619
"D9",1,75,549.504582908598
"D9",1,76,374.064206988957
"D9",1,77,350.04159701046
"D9",1,78,152.624806542578
"D9",1,79,438.432108130666
"D9",1,80,441.147964028178
"D9",1,81,272.711206693311
"D9",1,82,168.881481972598
"D9",1,83,543.750649611421
"D9",1,84,95.0322239520835
"D9",1,85,495.904515259118
"D9",1,86,310.914123075735
"D9",1,87,358.668709853695
"D9",1,88,354.785275385033
"D9",1,89,490.637521066894
"D9",1,90,443.120923540462
"D9",1,91,292.124093185275
"D9",1,92,40
"D9",1,93,410.380068093575
"D9",1,94,238.066584201127
"D9",1,95,336.84687054982
"D9",1,96,461.870643107854
"D9",1,97,40
"D9",1,98,327.900087628768
"D9",1,99,256.959294447439
"D9",1,100,551.445226497174
"D9",1,101,237.473291332972
"D9",1,102,404.93597627356
"D9",1,103,486.105418001232
"D9",1,104,262.919651367474
"D9",1,105,257.247091352777
"D9",1,106,384.623951969461
"D9",1,107,111.477626291452
"D9",1,108,170.369929774931
"D9",1,109,301.12620856909
"D9",1,110,208.293165633143
"D9",1,111,300.082446208233
"D9",1,112,389.332553958495
"D9",1,113,250.339276815442
"D9",1,114,511.310918110898
"D9",1,115,358.049551888088
"D9",1,116,198.096817688162
"D9",1,117,485.446186614911
"D9",1,118,332.790233045894
"D9",1,119,227.070611582375
"D9",1,120,252.149561720124
"D9",1,121,228.36192302663
"D9",1,122,410.690937544383
"D9",1,123,205.362630795155
"D9",1,124,452.876832536348
"D9",1,125,290.843666260973
"D9",1,126,368.442748764334
"D9",1,127,290.498487896107
"D9",1,128,363.076142994856
"D9",1,129,641.948532387252
"D9",1,130,255.085738306051
"D9",1,131,196.781574941304
"D9",1,132,389.764645017603
"D9",1,133,372.787323807197
"D9",1,134,143.788468908307
"D9",1,135,254.504004577166
"D9",1,136,468.200457870401
"D9",1,137,100.876204475759
"D9",1,138,305.878925815336
"D9",1,139,427.755307782661
"D9",1,140,168.298320164564
"D9",1,141,356.827906566471
"D9",1,142,335.267252810352
"D9",1,143,341.774379702288
"D9",1,144,564.640814142402
"D9",1,145,376.461130208291
"D9",1,146,429.329485024715
"D9",1,147,418.13919120313
"D9",1,148,419.389842365215
"D9",1,149,493.138577621643
"D9",1,150,525.465121430931
"D9",1,151,238.409061893771
"D9",1,152,537.682644063111
"D9",1,153,512.344054139824
"D9",1,154,109.566742589605
"D9",1,155,346.20631427474
"D9",1,156,293.239929186573
"D9",1,157,485.679571183109
"D9",1,158,488.41313946601
"D9",1,159,395.33126070377
"D9",1,160,427.441457948633
"D9",1,161,40
"D9",1,162,265.435155657513
"D9",1,163,300.56196152001
"D9",1,164,502.076126007738
"D9",1,165,321.429064839181
"D9",1,166,256.763379690278
"D9",1,167,337.539637708378
"D9",1,168,506.535829763493
"D9",1,169,328.721019677976
"D9",1,170,222.918549415465
"D9",1,171,208.921126777661
"D9",1,172,195.806213121064
"D9",1,173,247.504999060827
"D9",1,174,447.73107748838
"D9",1,175,207.888846151149
"D9",1,176,339.9262842031
"D9",1,177,274.122818025627
"D9",1,178,336.155118191339
"D9",1,179,182.359642618009
"D9",1,180,415.461834343849
"D9",1,181,201.964243787956
"D9",1,182,316.990624056755
"D9",1,183,528.772861466643
"D9",1,184,205.499118848737
"D9",1,185,378.658133779977
"D9",1,186,209.950874530941
"D9",1,187,354.101395509464
"D9",1,188,267.894808465346
"D9",1,189,338.466280756475
"D9",1,190,297.324083823878
"D9",1,191,279.182573365002
"D9",1,192,230.614034375578
"D9",1,193,366.630576561601
"D9",1,194,304.721559726841
"D9",1,195,409.738179476699
"D9",1,196,193.826301375105
"D9",1,197,251.515533335499
"D9",1,198,368.679616925737
"D9",1,199,235.571231569515
"D9",1,200,356.355384848275
"D9",1,201,327.184979520032
"D9",1,202,305.238566811835
"D9",1,203,323.071392084053
"D9",1,204,448.209204515613
"D9",1,205,226.428975853053
"D9",1,206,390.104584766157
"D9",1,207,345.296520399928
"D9",1,208,210.832193948301
"D9",1,209,362.140547061902
"D9",1,210,444.512352846208
"D9",1,211,288.477985488594
"D9",1,212,395.735680021824
"D9",1,213,296.810990381985
"D9",1,214,343.107279327225
"D9",1,215,403.78126752061
"D9",1,216,288.82374676791
"D9",1,217,323.08599414693
"D9",1,218,221.31962017659
"D9",1,219,146.245835725075
"D9",1,220,214.526377035611
"D9",1,221,288.027352777386
"D9",1,222,325.976332622208
"D9",1,223,224.405757887864
"D9",1,224,309.596083121998
"D9",1,225,411.808793798814
"D9",1,226,416.007551201667
"D9",1,227,334.445366883534
"D9",1,228,331.935741106666
"D9",1,229,254.272685671982
"D9",1,230,497.448443501759
"D9",1,231,349.257503592402
"D9",1,232,339.587678226015
"D9",1,233,584.980814124159
"D9",1,234,195.900747404959
"D9",1,235,455.295022644958
"D9",1,236,382.541360495482
"D9",1,237,307.38847257693
"D9",1,238,301.157728158265
"D9",1,239,326.591009014603
"D9",1,240,322.854503120281
"D9",1,241,286.60545804946
"D9",1,242,328.497941246444
"D9",1,243,284.363185830763
"D9",1,244,451.013355374583
"D9",1,245,394.21325916272
"D9",1,246,355.395786643124
"D9",1,247,183.893028226599
"D9",1,248,264.684228938617
"D9",1,249,315.38348063289
"D9",1,250,426.79029214242
"D9",1,251,378.895690315426
"D9",1,252,309.527315713471
"D9",1,253,408.139705290433
"D9",1,254,295.169521514824
"D9",1,255,213.056061497751
"D9",1,256,287.84538254343
"D9",1,257,456.363411453478
"D9",1,258,231.505684266479
"D9",1,259,210.375973645044
"D9",1,260,411.771492334832
"D9",1,261,338.051012774859
"D9",1,262,424.285579528917
"D9",1,263,206.252752676584
"D9",1,264,288.606023479907
"D9",1,265,432.426883336118
"D9",1,266,387.758074164842
"D9",1,267,351.691211262728
"D9",1,268,318.115331274472
"D9",1,269,303.440560682391
"D9",1,270,421.614658047528
"D9",1,271,153.229222002414
"D9",1,272,261.199714121455
"D9",1,273,277.262143235211
"D9",1,274,244.690949556143
"D9",1,275,400.275926391764
"D9",1,276,230.42177959447
"D9",1,277,442.51707282542
"D9",1,278,259.363468001502
"D9",1,279,457.601390609638
"D9",1,280,297.567040425944
"D9",1,281,513.712791851509
"D9",1,282,401.18654441568
"D9",1,283,305.684734905627
"D9",1,284,319.133148254863
"D9",1,285,401.067599299468
"D9",1,286,205.533027093839
"D9",1,287,284.713434428709
"D9",1,288,145.113195877285
"D9",1,289,356.952843474597
"D9",1,290,200.295043712616
"D9",1,291,205.654070192819
"D9",1,292,406.351189616465
"D9",1,293,255.425056317006
"D9",1,294,203.438752977295
"D9",1,295,386.891163405693
"D9",1,296,369.988328989266
"D9",1,297,329.52068438293
"D9",1,298,322.186415211174
"D9",1,299,365.941243461255
"D9",1,300,350.32866407411
"D9",1,301,496.825502877518
"D9",1,302,286.301521763836
"D9",1,303,380.741943404849
"D9",1,304,323.086975411439
"D9",1,305,281.611083135203
"D9",1,306,337.306665381949
"D9",1,307,181.1995178738
"D9",1,308,153.121312851375
"D9",1,309,241.891474035975
"D9",1,310,350.527787790676
"D9",1,311,299.911484923737
"D9",1,312,468.114029368541
"D9",1,313,406.2362314861
"D9",1,314,305.687942964291
"D9",1,315,483.450616170042
"D9",1,316,236.304604581715
"D9",1,317,404.708083539715
"D9",1,318,143.743534730116
"D9",1,319,368.047795119846
"D9",1,320,412.867087281174
"D9",1,321,384.556418531112
"D9",1,322,298.403054338935
"D9",1,323,501.541364272717
"D9",1,324,521.839095946083
"D9",1,325,488.514906691464
"D9",1,326,335.973090066348
"D9",1,327,589.336284611889
"D9",1,328,499.623224178576
"D9",1,329,173.579392550736
"D9",1,330,239.754905678453
"D9",1,331,317.129445784038
"D9",1,332,275.596101480485
"D9",1,333,267.786351182006
"D9",1,334,365.765919442305
"D9",1,335,80.2578212035168
"D9",1,336,358.332469141066
"D9",1,337,533.128017127537
"D9",1,338,318.712621434798
"D9",1,339,129.240286344138
"D9",1,340,248.187896395719
"D9",1,341,478.097264676312
"D9",1,342,64.9462943592003
"D9",1,343,160.408929056727
"D9",1,344,288.659091241114
"D9",1,345,354.989844405705
"D9",1,346,254.293982553038
"D9",1,347,246.678345486992
"D9",1,348,701.054106456527
"D9",1,349,209.373942081202
"D9",1,350,406.204678688973
"D9",1,351,108.893555271814
"D9",1,352,253.405626530014
"D9",1,353,319.443296224459
"D9",1,354,212.2361637247
"D9",1,355,305.836317853847
"D9",1,356,284.268307256456
"D9",1,357,160.273759707902
"D9",1,358,287.519660145303
"D9",1,359,337.673134407927
"D9",1,360,317.517638655481
"D9",1,361,336.533526980379
"D9",1,362,229.752698834163
"D9",1,363,274.951174477406
"D9",1,364,396.727494329982
"D9",1,365,292.72222174867
"D9",1,366,237.850182191207
"D9",1,367,163.417767140441
"D9",1,368,310.137606094617
"D9",1,369,354.448245636466
"D9",1,370,385.444598868699
"D9",1,371,474.496528801288
"D9",1,372,554.035529523394
"D9",1,373,482.914646711675
"D9",1,374,357.613697051802
"D9",1,375,60.6145199732828
"D9",1,376,255.210555898985
"D10",1,1,622.304297777514
"D10",1,2,376.880153296372
"D10",1,3,673.667717702741
"D10",1,4,301.813182767097
"D10",1,5,280.34682636361
"D10",1,6,455.493406114867
"D10",1,7,110.849732356368
"D10",1,8,528.346017085622
"D10",1,9,332.618930851765
"D10",1,10,446.063965672637
"D10",1,11,390.157127236485
"D10",1,12,381.167730022479
"D10",1,13,305.959110061117
"D10",1,14,359.330934965464
"D10",1,15,506.81658857805
"D10",1,16,291.888226925053
"D10",1,17,431.62851845407
"D10",1,18,253.557112396879
"D10",1,19,218.502928629653
"D10",1,20,332.293070007911
"D10",1,21,342.908180363758
"D10",1,22,395.481191434389
"D10",1,23,389.44079439466
"D10",1,24,185.034750039539
"D10",1,25,246.718248006852
"D10",1,26,137.686104180297
"D10",1,27,357.32092479971
"D10",1,28,209.793316797168
"D10",1,29,443.445359959982
"D10",1,30,241.411438190743
"D10",1,31,90.281008551173
"D10",1,32,159.255017308111
"D10",1,33,350.750956316318
"D10",1,34,315.106391024057
"D10",1,35,430.593034266116
"D10",1,36,374.77429359777
"D10",1,37,395.946128333299
"D10",1,38,349.94905743571
"D10",1,39,240.991056502998
"D10",1,40,518.26447657187
"D10",1,41,317.933285033168
"D10",1,42,186.901624407987
"D10",1,43,369.151191365615
"D10",1,44,317.443650861686
"D10",1,45,310.340078474184
"D10",1,46,217.330058810347
"D10",1,47,313.457705167491
"D10",1,48,333.589092626566
"D10",1,49,263.617743970136
"D10",1,50,382.140483563178
"D10",1,51,149.949921681961
"D10",1,52,346.257060576988
"D10",1,53,319.231571554239
"D10",1,54,254.205042572286
"D10",1,55,437.187684080882
"D10",1,56,421.149583294248
"D10",1,57,267.853231374849
"D10",1,58,227.564527145139
"D10",1,59,327.899351753962
"D10",1,60,553.889559277578
"D10",1,61,144.489280617168
"D10",1,62,455.600340573265
"D10",1,63,154.080741225804
"D10",1,64,94.3354847731718
"D10",1,65,105.558726543631
"D10",1,66,375.972211742448
"D10",1,67,429.778545510003
"D10",1,68,270.485738950718
"D10",1,69,531.537866397746
"D10",1,70,233.825443028788
"D10",1,71,184.730647543473
"D10",1,72,431.588700953847
"D10",1,73,291.464936189053
"D10",1,74,346.739218727641
"D10",1,75,93.2534179645586
"D10",1,76,394.089108176787
"D10",1,77,258.688611974738
"D10",1,78,106.502077370565
"D10",1,79,273.277222556026
"D10",1,80,416.210048222217
"D10",1,81,97.579996861261
"D10",1,82,432.188869244237
"D10",1,83,94.5630431799662
"D10",1,84,320.003176067877
"D10",1,85,290.732731809893
"D10",1,86,324.098807652085
"D10",1,87,534.995223672759
"D10",1,88,393.140405566921
"D10",1,89,145.487018758648
"D10",1,90,287.793248407272
"D10",1,91,195.46682228776
"D10",1,92,277.908610738496
"D10",1,93,334.004383886448
"D10",1,94,402.195939659876
"D10",1,95,233.423517263158
"D10",1,96,269.559284086794
"D10",1,97,157.323940462628
"D10",1,98,202.308098581458
"D10",1,99,368.690798750093
"D10",1,100,508.356067302519
"D10",1,101,351.498876593309
"D10",1,102,192.386536231343
"D10",1,103,448.995403949466
"D10",1,104,157.963233587483
"D10",1,105,458.777190098603
"D10",1,106,301.272595090095
"D10",1,107,336.6291920019
"D10",1,108,185.878771706668
"D10",1,109,296.136660603613
"D10",1,110,473.009996489369
"D10",1,111,199.753618971015
"D10",1,112,450.841794839079
"D10",1,113,99.1120058935903
"D10",1,114,270.831943733877
"D10",1,115,353.958582286898
"D10",1,116,88.5554005243625
"D10",1,117,306.418980559429
"D10",1,118,160.08660947853
"D10",1,119,409.212351779758
"D10",1,120,306.341198969538
"D10",1,121,416.326048062646
"D10",1,122,275.014789010883
"D10",1,123,327.174875331923
"D10",1,124,457.480722396797
"D10",1,125,418.266133196682
"D10",1,126,522.035103659041
"D10",1,127,303.708823035502
"D10",1,128,221.421605182259
"D10",1,129,447.665366098509
"D10",1,130,232.103662001802
"D10",1,131,341.695179932485
"D10",1,132,491.605395976745
"D10",1,133,309.994417815556
"D10",1,134,407.364870685341
"D10",1,135,364.393914378862
"D10",1,136,40
"D10",1,137,215.360677115506
"D10",1,138,285.959872813253
"D10",1,139,652.790376088407
"D10",1,140,627.005136175948
"D10",1,141,175.704748361001
"D10",1,142,303.183053494981
"D10",1,143,523.063818774084
"D10",1,144,350.218865526967
"D10",1,145,366.492127588599
"D10",1,146,262.22086525475
"D10",1,147,260.820721843021
"D10",1,148,285.25906054676
"D10",1,149,473.401310027825
"D10",1,150,566.246594599534
"D10",1,151,362.635825261639
"D10",1,152,188.708067988838
"D10",1,153,326.689201588963
"D10",1,154,283.170630511303
"D10",1,155,207.189089219007
"D10",1,156,445.489855137508
"D10",1,157,481.397361248165
"D10",1,158,262.80587503125
"D10",1,159,283.432819913908
"D10",1,160,463.313327397917
"D10",1,161,494.027396364671
"D10",1,162,256.108586848643
"D10",1,163,316.021438960403
"D10",1,164,293.559924897952
"D10",1,165,336.402391416294
"D10",1,166,235.79353742259
"D10",1,167,458.320289244142
"D10",1,168,222.228497838863
"D10",1,169,235.28798343192
"D10",1,170,332.912146365084
"D10",1,171,496.153583656831
"D10",1,172,241.065039771826
"D10",1,173,237.604601826126
"D10",1,174,452.516596924401
"D10",1,175,143.955745322198
"D10",1,176,329.902886276366
"D10",1,177,303.220873055297
"D10",1,178,466.15290338311
"D10",1,179,550.326820310843
"D10",1,180,264.797323023289
"D10",1,181,718.534608809682
"D10",1,182,481.149275384613
"D10",1,183,307.759102714013
"D10",1,184,306.801527924751
"D10",1,185,474.802741406237
"D10",1,186,207.440333775328
"D10",1,187,370.825645357751
"D10",1,188,231.22500423594
"D10",1,189,390.124657725578
"D10",1,190,403.744007703625
"D10",1,191,401.669125293891
"D10",1,192,386.54092487406
"D10",1,193,409.673279437799
"D10",1,194,446.165685000447
"D10",1,195,300.692651623201
"D10",1,196,126.255605782869
"D10",1,197,443.606845677263
"D10",1,198,383.631548400799
"D10",1,199,343.087866437274
"D10",1,200,230.318822530044
"D10",1,201,262.820276170456
"D10",1,202,258.250134662524
"D10",1,203,145.185793287297
"D10",1,204,417.058312178006
"D10",1,205,358.179096641368
"D10",1,206,491.69630702838
"D10",1,207,351.626741442128
"D10",1,208,368.37622678474
"D10",1,209,40
"D10",1,210,434.977032233993
"D10",1,211,487.644538756642
"D10",1,212,435.668726351254
"D10",1,213,156.761822264271
"D10",1,214,477.551333399357
"D10",1,215,156.945784173884
"D10",1,216,310.360146640293
"D10",1,217,89.421677664369
"D10",1,218,429.371281840981
"D10",1,219,415.090793585254
"D10",1,220,284.743972249247
"D10",1,221,140.308222786423
"D10",1,222,400.350204939064
"D10",1,223,275.644472393882
"D10",1,224,322.16242491213
"D10",1,225,321.537167743426
"D10",1,226,129.293051894171
"D10",1,227,408.796615071523
"D10",1,228,238.638720155929
"D10",1,229,343.976027368191
"D10",1,230,281.887298487769
"D10",1,231,243.255108892507
"D10",1,232,323.745520462358
"D10",1,233,290.654786492097
"D10",1,234,220.476102878492
"D10",1,235,326.181868688072
"D10",1,236,343.398934801536
"D10",1,237,198.87763933684
"D10",1,238,194.961911373009
"D10",1,239,350.154597201969
"D10",1,240,265.097805800782
"D10",1,241,203.635698647224
"D10",1,242,277.376280899487
"D10",1,243,40
"D10",1,244,188.147668864026
"D10",1,245,269.675467342622
"D10",1,246,215.091842376669
"D10",1,247,436.457994262651
"D10",1,248,119.684723735798
"D10",1,249,153.488636818891
"D10",1,250,438.303443439985
"D10",1,251,254.101723453232
"D10",1,252,483.938590367017
"D10",1,253,715.404214347658
"D10",1,254,599.316832130116
"D10",1,255,298.434215875572
"D10",1,256,391.469717490503
"D10",1,257,578.43446316896
"D10",1,258,255.494337633333
"D10",1,259,192.221045666674
"D10",1,260,548.418806462711
"D10",1,261,491.589226554551
"D10",1,262,247.185140924159
"D10",1,263,254.872143571692
"D10",1,264,278.20711596652
"D10",1,265,377.286098833054
"D10",1,266,261.635265651527
"D10",1,267,273.010497729669
"D10",1,268,435.355292158273
"D10",1,269,431.399019786437
"D10",1,270,288.622866524345
"D10",1,271,637.391710741956
"D10",1,272,361.204282981064
"D10",1,273,259.667569300527
"D10",1,274,194.365461766928
"D10",1,275,360.46027252352
"D10",1,276,366.720077919831
"D10",1,277,356.575609365143
"D10",1,278,351.139236293148
"D10",1,279,251.479794795514
"D10",1,280,375.732621873547
"D10",1,281,323.210620899167
"D10",1,282,461.382770214458
"D10",1,283,433.150910384726
"D10",1,284,430.786585527997
"D10",1,285,219.330758820581
"D10",1,286,295.495951328022
"D10",1,287,406.373591969259
"D10",1,288,148.545214212551
"D10",1,289,153.548502714245
"D10",1,290,342.047853888523
"D10",1,291,223.58649592057
"D10",1,292,174.459074562573
"D10",1,293,567.1922273131
"D10",1,294,231.898055647223
"D10",1,295,409.296131101789
"D10",1,296,499.264752120342
"D10",1,297,228.071902800021
"D10",1,298,352.695771659835
"D10",1,299,385.370406469772
"D10",1,300,293.055395923646
"D10",1,301,666.95507494973
"D10",1,302,162.542000325436
"D10",1,303,531.02101533949
"D10",1,304,285.315108038781
"D10",1,305,296.243788680035
"D10",1,306,254.111673750485
"D10",1,307,373.247378544222
"D10",1,308,370.045381646013
"D10",1,309,337.682910085776
"D10",1,310,502.486528344492
"D10",1,311,404.582765953814
"D10",1,312,423.463397523015
"D10",1,313,311.095891885656
"D10",1,314,140.495432537431
"D10",1,315,88.4938917221822
"D10",1,316,540.815977190607
"D10",1,317,215.456520887963
"D10",1,318,93.3379026130254
"D10",1,319,478.138119331288
"D10",1,320,478.685237167764
"D10",1,321,385.942964315132
"D10",1,322,274.98470767657
"D10",1,323,637.567498362465
"D10",1,324,408.709072601273
"D10",1,325,311.196577450386
"D10",1,326,293.454470922303
"D10",1,327,217.320771717643
"D10",1,328,294.313497173888
"D10",1,329,247.475474617496
"D10",1,330,216.634708754328
"D10",1,331,364.742025649034
"D10",1,332,40
"D10",1,333,130.987394053287
"D10",1,334,385.674112909552
"D10",1,335,174.555101455152
"D10",1,336,358.188201235549
"D10",1,337,188.265885409509
"D10",1,338,171.364209829679
"D10",1,339,456.709982790836
"D10",1,340,112.662627009208
"D10",1,341,440.691450876587
"D10",1,342,40
"D10",1,343,309.676947096438
"D10",1,344,313.682487050938
"D10",1,345,503.957691498244
"D10",1,346,169.013605286238
"D10",1,347,180.548132306563
"D10",1,348,182.862418680634
"D10",1,349,322.944576892341
"D10",1,350,462.583859109926
"D10",1,351,293.222722188215
"D10",1,352,358.260754279894
"D10",1,353,416.414507999667
"D10",1,354,301.06439409471
"D10",1,355,146.180361029494
"D10",1,356,391.612821032839
"D10",1,357,351.929889200498
"D10",1,358,273.050380560285
"D11",1,1,279.473365103901
"D11",1,2,393.267979795052
"D11",1,3,327.411706814051
"D11",1,4,292.453629070156
"D11",1,5,231.169612805149
"D11",1,6,348.223750156532
"D11",1,7,464.334497508252
"D11",1,8,225.970511193769
"D11",1,9,471.524360426216
"D11",1,10,202.507365649078
"D11",1,11,173.332453553371
"D11",1,12,277.732419567165
"D11",1,13,417.412339399532
"D11",1,14,382.995149483633
"D11",1,15,291.334554401148
"D11",1,16,323.653546475545
"D11",1,17,230.234897212457
"D11",1,18,468.705523089613
"D11",1,19,345.510470052887
"D11",1,20,266.217265710091
"D11",1,21,222.67190387423
"D11",1,22,205.269860628181
"D11",1,23,362.524485761363
"D11",1,24,462.316892903933
"D11",1,25,212.481733013254
"D11",1,26,439.136088260556
"D11",1,27,188.90420717262
"D11",1,28,369.019052034426
"D11",1,29,384.652138204648
"D11",1,30,437.126628414206
"D11",1,31,236.035247510342
"D11",1,32,406.536100865489
"D11",1,33,366.807119859192
"D11",1,34,407.713357339317
"D11",1,35,228.762326915807
"D11",1,36,448.047470614186
"D11",1,37,225.201669314527
"D11",1,38,68.2714988919534
"D11",1,39,248.075956722284
"D11",1,40,306.681145885607
"D11",1,41,320.151981469223
"D11",1,42,363.037627094305
"D11",1,43,566.754596722807
"D11",1,44,40
"D11",1,45,189.199846278421
"D11",1,46,64.6009379174581
"D11",1,47,328.539598858695
"D11",1,48,450.097019319598
"D11",1,49,277.272465198774
"D11",1,50,422.640020519426
"D11",1,51,133.665851006448
"D11",1,52,363.559603398269
"D11",1,53,372.185092105115
"D11",1,54,345.329850877367
"D11",1,55,373.954995256157
"D11",1,56,204.883403905284
"D11",1,57,597.881209506774
"D11",1,58,514.125357267311
"D11",1,59,470.118822527567
"D11",1,60,411.572406244665
"D11",1,61,198.311876207609
"D11",1,62,352.967633263424
"D11",1,63,196.523351305448
"D11",1,64,277.894318908208
"D11",1,65,388.996728264553
"D11",1,66,308.623181441297
"D11",1,67,271.035076279656
"D11",1,68,233.781194879271
"D11",1,69,447.836860975207
"D11",1,70,483.159272414399
"D11",1,71,196.182659834135
"D11",1,72,401.749107442196
"D11",1,73,426.260493999748
"D11",1,74,267.257372098705
"D11",1,75,396.186252514992
"D11",1,76,347.189885668517
"D11",1,77,539.939142525677
"D11",1,78,329.00939868186
"D11",1,79,418.850633009719
"D11",1,80,106.727788864611
"D11",1,81,421.087058217754
"D11",1,82,364.668656081017
"D11",1,83,324.653839299005
"D11",1,84,295.841549991459
"D11",1,85,460.234622872167
"D11",1,86,504.054629657779
"D11",1,87,174.399084986497
"D11",1,88,205.321070008104
"D11",1,89,240.764011399809
"D11",1,90,380.289057112338
"D11",1,91,517.606388951443
"D11",1,92,110.984542575483
"D11",1,93,492.503605922544
"D11",1,94,381.263794727443
"D11",1,95,258.68440924266
"D11",1,96,417.668273904278
"D11",1,97,320.53458741335
"D11",1,98,459.991275472869
"D11",1,99,299.40893415478
"D11",1,100,337.614090006353
"D11",1,101,106.786959797601
"D11",1,102,206.129499967788
"D11",1,103,352.830689047056
"D11",1,104,81.3943629904998
"D11",1,105,466.493550920863
"D11",1,106,449.181714962504
"D11",1,107,319.121214899711
"D11",1,108,413.212710848979
"D11",1,109,281.248509328718
"D11",1,110,410.259567790185
"D11",1,111,281.517142889032
"D11",1,112,491.588945418935
"D11",1,113,379.406680170638
"D11",1,114,386.217931669875
"D11",1,115,414.951878976632
"D11",1,116,355.405777980318
"D11",1,117,268.598058920134
"D11",1,118,396.342215872079
"D11",1,119,452.02884241754
"D11",1,120,299.571651215417
"D11",1,121,189.852015255126
"D11",1,122,187.281717818099
"D11",1,123,229.251786031093
"D11",1,124,213.958421146951
"D11",1,125,271.852129972826
"D11",1,126,251.422107674651
"D11",1,127,265.477099217981
"D11",1,128,512.047164005961
"D11",1,129,294.326355010745
"D11",1,130,337.482911357024
"D11",1,131,316.527647193354
"D11",1,132,498.204256919201
"D11",1,133,208.443864199906
"D11",1,134,439.889181124513
"D11",1,135,349.001458928663
"D11",1,136,199.304370550885
"D11",1,137,193.800865497171
"D11",1,138,261.72538182376
"D11",1,139,291.871123948943
"D11",1,140,190.969249802053
"D11",1,141,358.583688431892
"D11",1,142,155.456903831599
"D11",1,143,451.516140260688
"D11",1,144,218.239393710034
"D11",1,145,321.492079209317
"D11",1,146,248.612196732582
"D11",1,147,349.955315959414
"D11",1,148,268.343281469944
"D11",1,149,207.884165733427
"D11",1,150,295.945690921516
"D11",1,151,402.223223426616
"D11",1,152,516.876049420987
"D11",1,153,210.130462200173
"D11",1,154,393.153269110479
"D11",1,155,239.894819340283
"D11",1,156,148.243557101056
"D11",1,157,278.908730956553
"D11",1,158,204.83762331508
"D11",1,159,409.96893831388
"D11",1,160,491.378478623042
"D11",1,161,277.339052539474
"D11",1,162,249.111870933008
"D11",1,163,376.007563170934
"D11",1,164,400.433222790194
"D11",1,165,442.642070036676
"D11",1,166,533.22793243449
"D11",1,167,292.481921081231
"D11",1,168,315.041803335942
"D11",1,169,428.096197561828
"D11",1,170,345.191004430477
"D11",1,171,279.244889146854
"D11",1,172,456.793646768236
"D11",1,173,384.844219300603
"D11",1,174,454.960670294348
"D11",1,175,230.878957623317
"D11",1,176,286.729659869024
"D11",1,177,432.978720756491
"D11",1,178,271.014138264643
"D11",1,179,301.334345437785
"D11",1,180,481.899710951264
"D11",1,181,407.984696883778
"D11",1,182,326.890625982673
"D11",1,183,480.046554772797
"D11",1,184,394.365188413393
"D11",1,185,310.409928207579
"D11",1,186,154.159813008877
"D11",1,187,91.9668593325702
"D11",1,188,515.817953182871
"D11",1,189,293.063042772127
"D11",1,190,284.440946011941
"D11",1,191,465.760100330469
"D11",1,192,424.124533421591
"D11",1,193,451.315659428976
"D11",1,194,308.904112106136
"D11",1,195,235.250009493015
"D11",1,196,243.854959382484
"D11",1,197,197.676294892939
"D11",1,198,509.568056707397
"D11",1,199,334.920738916666
"D11",1,200,383.217303677545
"D11",1,201,331.693844180472
"D11",1,202,338.806843214349
"D11",1,203,205.634128346316
"D11",1,204,65.02283731411
"D11",1,205,362.560909322805
"D11",1,206,494.889835288326
"D11",1,207,474.752699964678
"D11",1,208,222.437636167732
"D11",1,209,310.831975743469
"D11",1,210,168.537099382949
"D11",1,211,195.027247372488
"D11",1,212,252.925338355544
"D11",1,213,342.15565853275
"D11",1,214,47.5536390165847
"D11",1,215,373.596538340787
"D11",1,216,288.428607176944
"D11",1,217,159.412452718793
"D11",1,218,255.953564600193
"D11",1,219,282.323532841891
"D11",1,220,175.148726671364
"D11",1,221,369.920625064007
"D11",1,222,403.807859113527
"D11",1,223,409.95457026805
"D11",1,224,327.791888836291
"D11",1,225,410.8320010033
"D11",1,226,318.873675453312
"D11",1,227,313.543471259683
"D11",1,228,141.039397073062
"D11",1,229,80.1756885366019
"D11",1,230,358.597785664792
"D11",1,231,329.879604541612
"D11",1,232,639.679960616203
"D11",1,233,161.944923051658
"D11",1,234,285.642470769244
"D11",1,235,167.397871859104
"D11",1,236,277.136744179102
"D11",1,237,177.132553188874
"D11",1,238,284.398988556619
"D11",1,239,309.95574901331
"D11",1,240,379.666108701228
"D11",1,241,279.963239070773
"D11",1,242,351.261448189964
"D11",1,243,288.920948823602
"D11",1,244,375.019260381324
"D11",1,245,171.30016864398
"D11",1,246,407.524153952572
"D11",1,247,139.116186483428
"D11",1,248,383.028426716952
"D11",1,249,206.957177443417
"D11",1,250,384.605608909425
"D11",1,251,197.223278553078
"D11",1,252,336.032480167406
"D11",1,253,207.662071982547
"D11",1,254,514.808932456666
"D11",1,255,133.7065183052
"D12",1,1,65.0895136631457
"D12",1,2,327.674548553577
"D12",1,3,178.492621076337
"D12",1,4,257.066017885741
"D12",1,5,306.065262333332
"D12",1,6,534.866077789219
"D12",1,7,266.180452663874
"D12",1,8,265.482850954537
"D12",1,9,442.261015737137
"D12",1,10,317.598111444661
"D12",1,11,133.010928312778
"D12",1,12,356.304867946909
"D12",1,13,371.676351113828
"D12",1,14,409.407771815179
"D12",1,15,549.014159987679
"D12",1,16,328.424042389063
"D12",1,17,230.409445836385
"D12",1,18,285.02659477927
"D12",1,19,343.848165728054
"D12",1,20,527.154828041766
"D12",1,21,210.6411096232
"D12",1,22,336.773340651184
"D12",1,23,371.397736022639
"D12",1,24,493.312450838872
"D12",1,25,388.431754701435
"D12",1,26,370.063174172887
"D12",1,27,449.570613461927
"D12",1,28,309.07037766278
"D12",1,29,426.396948819631
"D12",1,30,143.934227421713
"D12",1,31,308.82892632929
"D12",1,32,478.490854853024
"D12",1,33,487.918776587371
"D12",1,34,474.590506276114
"D12",1,35,378.884674874715
"D12",1,36,262.341390231816
"D12",1,37,241.061334103795
"D12",1,38,377.889110842442
"D12",1,39,272.881160741639
"D12",1,40,289.110754663923
"D12",1,41,306.791401538537
"D12",1,42,135.890701340597
"D12",1,43,131.158841266669
"D12",1,44,406.69889447303
"D12",1,45,320.070405318407
"D12",1,46,564.15994220151
"D12",1,47,381.642044071727
"D12",1,48,414.039738978389
"D12",1,49,358.949872153126
"D12",1,50,483.470713805114
"D12",1,51,352.828339199861
"D12",1,52,419.581364408208
"D12",1,53,366.905679267061
"D12",1,54,234.504442123671
"D12",1,55,251.154021191599
"D12",1,56,565.413491638251
"D12",1,57,285.766029249847
"D12",1,58,426.236907833159
"D12",1,59,381.514210423921
"D12",1,60,497.148369724223
"D12",1,61,300.62625173192
"D12",1,62,266.856233410345
"D12",1,63,90.7393102453276
"D12",1,64,373.493046676385
"D12",1,65,262.97843299128
"D12",1,66,205.877173756072
"D12",1,67,414.449766030863
"D12",1,68,314.929924885583
"D12",1,69,245.452435911887
"D12",1,70,236.836276678835
"D12",1,71,251.950128236362
"D12",1,72,245.287191706805
"D12",1,73,312.588186375906
"D12",1,74,516.424070971628
"D12",1,75,371.112077702178
"D12",1,76,408.230884883501
"D12",1,77,319.382215629827
"D12",1,78,556.435984996038
"D12",1,79,483.784293153161
"D12",1,80,402.128636914526
"D12",1,81,172.272106511801
"D12",1,82,442.965526206711
"D12",1,83,363.38601801493
"D12",1,84,114.213374944969
"D12",1,85,406.494499050513
"D12",1,86,306.451805825653
"D12",1,87,398.161456481256
"D12",1,88,421.918578124744
"D12",1,89,467.755585697529
"D12",1,90,329.117675077596
"D12",1,91,318.86720699672
"D12",1,92,191.715146078269
"D12",1,93,310.019193815686
"D12",1,94,352.461394945257
"D12",1,95,266.289122977623
"D12",1,96,426.530653813173
"D12",1,97,279.287334224784
"D12",1,98,403.442057126744
"D12",1,99,382.729201649122
"D12",1,100,157.079842985757
"D12",1,101,259.428816360206
"D12",1,102,554.386323576903
"D12",1,103,244.349279420769
"D12",1,104,186.379511005294
"D12",1,105,102.817163043447
"D12",1,106,285.028223808788
"D12",1,107,314.749451188696
"D12",1,108,410.901256992712
"D12",1,109,269.627673034659
"D12",1,110,211.675149218049
"D12",1,111,511.237837276576
"D12",1,112,309.265487245973
"D12",1,113,333.481094513592
"D12",1,114,359.699989145709
"D12",1,115,212.393948989175
"D12",1,116,203.104269015119
"D12",1,117,191.462904216759
"D12",1,118,382.573675233638
"D12",1,119,378.613837213765
"D12",1,120,460.938583654173
"D12",1,121,232.412124361123
"D12",1,122,383.5366506795
"D12",1,123,135.644606357355
"D12",1,124,292.53417763208
"D12",1,125,531.925678475835
"D12",1,126,514.315777049161
"D12",1,127,256.360968943801
"D12",1,128,559.446450876789
"D12",1,129,385.370356861678
"D12",1,130,189.004435510405
"D12",1,131,669.891062267262
"D12",1,132,327.603938565909
"D12",1,133,241.130264462874
"D12",1,134,406.714977816044
"D12",1,135,353.024223179591
"D12",1,136,296.12844672903
"D12",1,137,206.135688646568
"D12",1,138,481.253771325892
"D12",1,139,240.8783327073
"D12",1,140,446.242925891107
"D12",1,141,226.890115175268
